CPU Utilization [%],Sampling Rate [µs],Threshold [%],Modeled Arrival Rate [jobs/s],Measured Arrival Rate [jobs/s],Measured Mean Service Time [ms],Measured Mean Service Rate [jobs/s],Modeled MRT (k/λ) [ms],Modeled MRT (W+S) [ms],Measured MRT [ms],Measured Mean Interarrival Time [ms],Modeled Utilization [%],Modeled Busy Probability (1-π₀),Measured Utilization [%],Highest State,Measured Mean CPU Time [ms],Measured Mean CORE Frequency [KHz],Modeled CORE Power [W],Measured CORE Power [W]
10,10000,75,0.89,0.838333333333333,113.087876,8.84268089003635,132.801599943085,119.92439848509,120.361023,1.19079818555268,9.48053360466667,10.5367793240557,9.56,2,113.070328,1274232,0.788797413482365,None
10,10000,75,0.89,0.923333333333333,113.629122,8.80056082805955,103.611411591445,120.167731463899,120.33343,1.08263265460469,10.491755598,8.84476534296029,10.57,2,113.607936,1328683,0.809598989239469,None
10,10000,75,0.89,0.925,113.840326,8.7842334534425,87.6552227903579,119.05974661982,119.229611,1.07838197351712,10.530230155,7.92792792792793,10.63,2,113.825383,1343212,0.815148803052621,None
10,10000,75,0.89,0.928333333333333,113.275139,8.82806244007346,139.242995142611,120.127404044883,120.301431,1.07623678662478,10.5157087371667,12.5673249551167,10.61,2,113.260216,1317516,0.805333664130671,None
10,10000,75,0.89,0.891666666666667,114.088938,8.76509166909766,106.908900340641,120.194484001869,120.364153,1.12080274850841,10.172930305,8.97196261682242,10.27,2,114.071982,1330419,0.810261161851615,None
10,10000,75,0.89,0.858333333333333,114.044093,8.76853832315541,144.782731642945,121.875016986408,122.050369,1.16379465611845,9.78878464916667,11.6504854368932,9.87,2,114.02622,1287916,0.794025170392863,None
10,10000,75,0.89,0.895,114.032184,8.7694540692126,111.315710079794,120.609126426443,120.787361,1.11717704307635,10.205880468,9.40409683426444,10.32,2,114.015263,1350692,0.818004960955543,None
20,10000,75,1.78,1.75166666666667,111.649323,8.95661498995386,123.030850053549,125.18870363844,125.273483,0.570792036943863,19.5572397455,18.9819219790676,19.61,3,111.628233,1677203,1.0227454318504,None
20,10000,75,1.78,1.74166666666667,111.995763,8.92890921239583,124.722419358531,125.942254500479,126.036509,0.573857070352153,19.5059287225,19.2344497607655,19.56,3,111.977335,1676635,1.02227187830019,None
20,10000,75,1.78,1.81,112.292166,8.90534073409894,135.832239553127,128.647784813076,128.7411,0.551865683708103,20.324882046,21.6390423572744,20.39,4,112.267641,1667814,1.01492385476422,None
20,10000,75,1.78,1.895,112.014525,8.9274136546131,131.345971322023,128.140127396658,128.21723,0.527332413406332,21.2267524875,21.2840809146878,21.27,3,111.999235,1691279,1.03448258199104,None
20,10000,75,1.78,1.80166666666667,112.887828,8.85835096410926,134.718841777211,128.612045973173,128.61924,0.554960245583719,20.338623678,20.5732778548313,20.37,3,112.86611,1678565,1.02388345189641,None
20,10000,75,1.78,1.79,111.828025,8.94230225384022,113.656460992687,124.237400945996,124.320817,0.557728690946928,20.017216475,18.1564245810056,20.07,3,111.80203,1658684,1.00731385899213,None
20,10000,75,1.78,1.735,112.355772,8.90029930994555,122.855391732994,126.193273471662,126.200462,0.575036771290106,19.493726442,19.5871339414306,19.54,2,112.335246,1645106,0.995996205320019,None
20,10000,75,1.78,1.795,111.511444,8.9676894507796,120.007345277168,125.00927694429,125.099306,0.556856831456825,20.016304198,19.6843082636954,20.06,2,111.489274,1713902,1.05333138900177,None
20,10000,75,1.78,1.79833333333333,111.816258,8.94324329830462,123.170374518678,125.434131223355,125.516805,0.555756023993513,20.108290397,20.2965708989805,20.17,3,111.791132,1648981,0.999227956463264,None
30,10000,75,2.67,2.605,111.218081,8.99134377260115,127.427083902387,133.162039071017,133.168939,0.383573863274472,28.9723101005,27.6942756635753,29,4,111.197904,1850515,1.16722027152872,None
30,10000,75,2.67,2.70833333333333,111.213511,8.99171324606414,124.515976331361,132.902915306462,132.959437,0.368941646140923,30.1203258958333,29.0461538461538,30.15,3,111.192331,1884422,1.19548340997916,None
30,10000,75,2.67,2.655,111.558118,8.96393752357852,126.258596046971,133.37846123666,133.431864,0.376622217558067,29.618680329,27.9033270558694,29.64,4,111.528507,1802800,1.12745723833713,None
30,10000,75,2.67,2.63166666666667,111.250936,8.9886884187653,136.689553877864,133.901221493984,133.960713,0.379877143393287,29.2775379906667,30.3989867004433,29.29,4,111.221714,1822516,1.14388711428519,None
30,10000,75,2.67,2.66833333333333,111.442816,8.97321187576595,131.08609118052,134.198203953779,134.2607,0.374282475930044,29.7366580693333,28.6071205496565,29.74,3,111.413878,1836394,1.15545497304876,None
30,10000,75,2.67,2.66333333333333,111.40472,8.9762803586778,119.125753249133,131.812580072591,131.870353,0.3751457136796,29.6707904266667,27.6595744680851,29.7,3,111.376463,1829174,1.14943763882362,None
30,10000,75,2.67,2.565,111.855325,8.94011974843397,123.621449841483,131.732263320988,131.793446,0.389791745156595,28.6908908625,27.3879142300195,28.71,4,111.826245,1803079,1.12768586920331,None
30,10000,75,2.67,2.705,111.595772,8.96091296362016,125.164712889915,133.304560968577,133.363812,0.369645659662354,30.186656326,29.0511398644485,30.2,3,111.567194,1821470,1.14301922007338,None
40,10000,75,3.56,3.65333333333333,110.468286,9.05237182733151,143.979101177474,146.389807267792,146.433347,0.273644487499544,40.357747152,39.9178832116788,40.34,5,110.439142,1972445,1.2688886698623,None
40,10000,75,3.56,3.69,110.514709,9.04856927234908,145.171280077751,147.040374954381,147.079317,0.270962935829268,40.779927621,40.7407407407408,40.74,4,110.490421,2006988,1.29767959588061,None
40,10000,75,3.56,3.64166666666667,110.793618,9.02579063714663,148.861857160063,149.339901527689,149.38138,0.274554527223341,40.347342555,39.4736842105263,40.32,4,110.768265,2001916,1.2934505004158,None
40,10000,75,3.56,3.58333333333333,110.595447,9.04196354484647,147.063277447269,147.739150379535,147.780489,0.279038530293954,39.630035175,39.6511627906977,39.6,4,110.565612,1977391,1.27300740615211,None
40,10000,75,3.56,3.50666666666667,110.743152,9.02990371810981,144.618615275629,144.943896031369,144.987291,0.285028800804183,38.833931968,39.2585551330799,38.81,5,110.715436,1957975,1.25682203657,None
40,10000,75,3.56,3.53,110.708791,9.03270635481874,144.853100498359,146.487008961756,146.529627,0.282915537955619,39.080203223,38.4324834749764,39.06,5,110.681709,1999182,1.29116607048651,None
40,10000,75,3.56,3.565,110.655491,9.03705718498868,148.120754806056,147.667156991585,147.707527,0.280470747223001,39.4486825415,39.2940626460963,39.42,5,110.620463,1980432,1.27554102545664,None
40,10000,75,3.56,3.7,110.548361,9.04581479955185,147.492086681276,146.830533307658,146.872361,0.270262521372973,40.90289357,41.8693693693694,40.86,4,110.521229,2002018,1.29353801678191,None
40,10000,75,3.56,3.70833333333333,110.373953,9.06010859283077,148.587299583386,147.840962758202,147.880882,0.26929615387191,40.9303409041667,41.752808988764,40.89,6,110.349944,1985277,1.27958573540743,None
50,10000,75,4.45,4.26333333333333,110.312299,9.06517232498255,157.671191760079,157.991193560985,158.029304,0.234517673325645,47.0298101403333,46.7357310398749,46.97,8,110.287387,2069960,1.35019211426337,None
50,10000,75,4.45,4.23,110.013472,9.08979583882236,160.165950367651,158.439012384949,158.475167,0.236379040978329,46.535698656,47.1828211189913,46.49,5,109.989656,2065078,1.34612095073161,None
50,10000,75,4.45,4.39166666666667,110.30188,9.06602861166102,162.158074957963,162.588530612903,162.622231,0.227694750228843,48.4409089666667,48.4060721062619,48.38,7,110.276482,2082437,1.36059778172456,None
50,10000,75,4.45,4.32833333333333,109.98354,9.09226962507299,159.109567643362,159.281305485945,159.316464,0.231033848051213,47.60454223,46.8425105891413,47.55,7,109.961557,2090538,1.36734550040038,None
50,10000,75,4.45,4.45166666666667,109.941686,9.09573098597014,161.180425500064,161.875644490453,161.909961,0.224566276087233,48.9423738843333,48.7270685136653,48.88,5,109.917174,2094775,1.37088326119221,None
50,10000,75,4.45,4.62,110.194502,9.07486291829696,163.118507274351,165.674343963204,165.706605,0.216386916473665,50.909859924,49.7655122655123,50.83,7,110.170657,2114115,1.38701167921537,None
50,10000,75,4.45,4.605,110.013459,9.08979691293953,172.710350006661,168.515637350344,168.54721,0.217132828032211,50.6611978695,51.5924719507781,50.59,5,109.99258,2100851,1.37595561337836,None
50,10000,75,4.45,4.46166666666667,110.145555,9.07889564858064,162.342532697006,162.918662695555,162.951581,0.224107612027269,49.1432751225,49.626447515876,49.07,5,110.121331,2082424,1.36059027875143,None
50,10000,75,4.45,4.51333333333333,109.957678,9.09440812309623,163.392453892291,163.898339878508,163.931474,0.221520145588996,49.6275653373333,49.2245199409158,49.57,6,109.932155,2119137,1.39119107967678,None
50,10000,75,4.45,4.35166666666667,110.357759,9.06143808157612,154.943562141199,158.448119169284,158.482239,0.229770915710839,48.0240181248333,47.0892378399081,47.95,5,110.33362,2103215,1.3779130155921,None
60,10000,75,5.34,5.10166666666667,109.669088,9.11833970936277,178.756656681666,179.342346868017,179.371182,0.195949291374387,55.9495130613333,56.1417837308069,55.84,7,109.644437,2168052,1.43199072313202,None
60,10000,75,5.34,5.36333333333333,109.429887,9.13827133898073,181.294543858911,183.625995222499,183.653653,0.186291609910193,58.690896061,59.136109384711,58.59,9,109.407116,2194757,1.45426234290907,None
60,10000,75,5.34,5.185,109.556153,9.1277392699249,177.336973255806,178.187458735133,178.190036,0.19261368865188,56.8048653305,58.0427446569179,56.7,7,109.536532,2167890,1.43186002529091,None
60,10000,75,5.34,5.35666666666667,109.280517,9.15076197891707,185.695825938867,185.702696134723,185.735067,0.186612460457374,58.537930273,58.3229620410703,58.43,7,109.260564,2173847,1.43683369559501,None
60,10000,75,5.34,5.30166666666667,109.367541,9.14348069689159,186.663169532317,185.302671027979,185.332373,0.188551200988683,57.9830246535,58.5822068531908,57.88,6,109.346701,2183484,1.44486304993741,None
60,10000,75,5.34,5.47166666666667,109.381639,9.14230221033715,175.133087136319,182.506709693268,182.533503,0.182683200851051,59.8499868061667,58.5135546756016,59.74,7,109.357514,2210107,1.46706198851553,None
60,10000,75,5.34,5.42333333333333,109.404449,9.14039610948546,176.99364103525,183.024531705286,183.0554,0.184373479888445,59.3336795076667,58.159188690842,59.23,6,109.382209,2201470,1.45986068864384,None
60,10000,75,5.34,5.285,109.480757,9.13402526071317,175.609913278061,178.691679794387,178.721767,0.188853508784611,57.8605800745,58.7827183853674,57.75,6,109.462333,2185460,1.44650932301364,None
60,10000,75,5.34,5.235,109.387455,9.14181612507577,185.458220899287,184.187486054123,184.189987,0.190980988156956,57.2643326925,57.9022759828108,57.15,7,109.368248,2165009,1.42946107227478,None
70,10000,75,6.23,6.33333333333333,108.761744,9.19440938718305,225.934903047091,227.362022854737,227.385975,0.157886014053158,68.8824378666667,67.5921052631579,68.72,12,108.74472,2267771,1.51517053113253,None
70,10000,75,6.23,6.285,108.915886,9.18139710124564,220.520587230734,223.193735953328,223.218588,0.159075314888889,68.453634351,68.3770883054893,68.3,8,108.896106,2263352,1.51148512270585,None
70,10000,75,6.23,6.26833333333333,109.107592,9.16526505323296,222.882504858036,224.046975275459,224.070672,0.159421514316671,68.3922755853333,68.4259505450678,68.24,8,109.089091,2252472,1.50241641954862,None
70,10000,75,6.23,6.30333333333333,109.05542,9.1696497065437,212.583836260605,218.493914327604,218.496032,0.158622997519302,68.7412664066667,67.270323859881,68.58,8,109.037105,2268208,1.51553403110165,None
70,10000,75,6.23,6.21166666666667,108.962651,9.17745659473722,211.287849440435,214.464295674806,214.488685,0.160934945201503,67.6839667128333,67.5610410517843,67.53,10,108.941507,2245896,1.49693168147158,None
70,10000,75,6.23,6.33,108.79299,9.19176869759715,201.486273227699,210.165527723012,210.188229,0.15795927559347,68.86596267,67.9173249078462,68.7,7,108.77344,2266615,1.51420690847658,None
70,10000,75,6.23,6.15,108.965304,9.17723314937019,233.304690770485,228.286672566396,228.310299,0.162579294526016,67.01366196,68.4688346883469,66.87,12,108.948859,2240511,1.49243990934812,None
70,10000,75,6.23,6.29,108.843198,9.18752865015965,236.609951180638,232.928275385003,232.930416,0.158974167328299,68.462371542,69.8503112995099,68.3,9,108.8261,2251909,1.50194747709919,None
70,10000,75,6.23,6.18166666666667,108.952009,9.17835301228819,224.66174798994,223.129027159881,223.153,0.161764548465085,67.3505002301667,68.2528983553519,67.2,9,108.931272,2246641,1.49755091232543,None
80,10000,75,7.12,7.03,108.641047,9.20462410492049,289.45243813852,288.536189230441,288.557566,0.14223495731982,76.374656041,76.4935988620199,76.18,14,108.620392,2299690,1.54181456461376,None
80,10000,75,7.12,7.13,108.536075,9.21352647034638,297.323400915477,296.610629364423,296.633266,0.140217084998364,77.386221475,76.7297802711547,77.19,20,108.515349,2300328,1.54235173131879,None
80,10000,75,7.12,7.16666666666667,108.637436,9.20493005744355,303.371971350005,302.711079486744,302.7131,0.139505681749302,77.8568291333333,77.9793047320079,77.66,15,108.618304,2315401,1.55491778594586,None
80,10000,75,7.12,7.13833333333333,108.61319,9.20698489750646,285.950422503947,288.215220959141,288.236331,0.139994363697408,77.5317154616667,76.8970347886995,77.35,14,108.59445,2318470,1.55747417202462,None
80,10000,75,7.12,7.09833333333333,108.556433,9.21179862274951,289.116080357103,289.056477401268,289.077585,0.14082015227753,77.0569746911667,77.0016435783048,76.86,15,108.540729,2300103,1.54216243099925,None
80,10000,75,7.12,6.95666666666667,108.663098,9.20275621076071,284.273994970577,282.36254974461,282.383544,0.143710978489698,75.5932951753333,75.0119789171059,75.41,14,108.645107,2302432,1.54409593804215,None
80,10000,75,7.12,7.16,108.598877,9.20819834997005,282.401844511719,286.930982128724,286.953215,0.139642596630819,77.756795932,77.2695530726257,77.56,13,108.577277,2308384,1.54906848707121,None
80,10000,75,7.12,7.17,108.792652,9.19179725483666,292.864335423114,294.068120357043,294.089647,0.139376761657834,78.004331484,77.928870292887,77.81,14,108.775514,2293086,1.5363187317544,None
80,10000,75,7.12,7.04,108.575004,9.21022300860334,291.959904442149,289.762968460227,289.786877,0.141881016777225,76.436802816,76.8702651515152,76.25,12,108.556748,2312526,1.55251387406963,None
90,10000,75,8.01,7.945,108.453053,9.22057952577877,459.195885072576,457.064549568492,457.082827,0.125834474794,86.1659506085,86.8470736312146,85.94,20,108.432997,2336672,1.57269231301391,None
90,10000,75,8.01,7.91166666666667,108.262177,9.23683624060137,404.335509052118,408.443570402781,408.462904,0.126394631622077,85.6534257031667,84.8641247103434,85.42,20,108.245595,2343798,1.57862924030519,None
90,10000,75,8.01,8.01833333333333,108.279442,9.23536344045807,463.057512876786,463.811472152151,463.83063,0.124671714155685,86.8220659103333,87.3726875909374,86.59,17,108.261545,2343947,1.57875979560054,None
90,10000,75,8.01,7.875,108.292683,9.23423422799489,384.701436130008,389.764848873651,389.783311,0.126960718589841,85.2804878625,85.005291005291,85.05,16,108.272385,2339154,1.57475631356941,None
90,10000,75,8.01,7.90166666666667,108.246828,9.23814598982984,429.664332303648,429.544032924489,429.56321,0.126498770481544,85.533035258,84.8344231174858,85.31,20,108.225948,2341934,1.57707494041386,None
90,10000,75,8.01,7.84166666666667,108.430265,9.22251734790098,455.115355383119,449.175179312646,449.193909,0.127516374883953,85.0273994708333,85.2178533475027,84.8,21,108.413584,2343017,1.57797488382684,None
90,10000,75,8.01,7.88333333333333,108.438357,9.22182913560743,457.893254785924,452.946584244398,452.966945,0.126833352699789,85.485571435,85.6553911205074,85.26,19,108.417531,2338901,1.57454656926363,None
90,10000,75,8.01,7.88833333333333,108.431932,9.22237556368543,407.949738963682,410.583557332136,410.603086,0.126753599079654,85.5347223593333,85.2841749418973,85.31,17,108.414067,2349166,1.58310303769118,None
90,10000,75,8.01,7.81833333333333,108.496378,9.21689754472725,363.482170646486,370.884740489235,370.905505,0.12788795437007,84.8260848663334,84.3636751225752,84.6,13,108.475806,2343448,1.57833304844587,None
100,10000,75,8.9,8.93666666666667,108.211135,9.24119315447528,1229.29796914505,1245.60568525345,1245.624142,0.111888939532264,96.7046843116667,96.3912719134651,96.42,34,108.190454,2374270,1.60408916928546,None
100,10000,75,8.9,8.92666666666667,108.219954,9.24044007632825,1499.74190162311,1506.62242898114,1506.639671,0.11199224270351,96.604345604,96.7139656460045,96.31,43,108.201394,2375133,1.60480792308031,None
100,10000,75,8.9,8.935,108.079356,9.25246075670547,1406.80057122535,1416.79075806864,1416.808486,0.111899459498228,96.568904586,96.1108002238388,95.96,45,108.059296,2372313,1.60245536798704,None
100,10000,75,8.9,8.97333333333333,108.129158,9.24819926924799,1575.97134429458,1583.98398671452,1584.001213,0.11143355094688,97.0278977786667,96.9817979197623,96.58,58,108.111579,2373863,1.60375079234408,None
100,10000,75,8.9,9.03166666666667,108.08896,9.25163865023773,1417.12940542835,1440.12386666562,1440.141725,0.110712080616719,97.6223457066667,96.9090238051301,96.53,52,108.067856,2370971,1.60133986979157,None
100,10000,75,8.9,8.93166666666667,108.044651,9.25543273771137,1149.0253114903,1165.36789297668,1165.36945,0.111938789275611,96.5018807848333,96.0630655844762,96.05,35,108.023913,2371441,1.6017290021905,None
10,10000,80,0.89,0.881666666666667,115.074124,8.69005094490226,102.915584206746,121.029874034027,121.204301,1.13207090282798,10.1457019326667,8.88468809073724,10.22,2,115.031823,1267105,0.78607707662424,None
10,10000,80,0.89,0.89,114.609438,8.72528491065457,105.205571687077,120.749630700375,120.912906,1.12216317973408,10.200239982,9.17602996254682,10.29,2,114.567212,1237694,0.774843212480569,None
10,10000,80,0.89,0.911666666666667,114.41914,8.73979650607407,100.264363705637,119.769042859232,119.936831,1.0952545545192,10.4312115966667,8.95795246800731,10.5,2,114.376908,1257313,0.782337660899898,None
10,10000,80,0.89,0.865,114.564956,8.72867266670971,158.152071012507,123.521830757225,123.699318,1.15522368611175,9.909868694,12.9094412331407,10,2,114.518798,1213762,0.765701130811726,None
10,10000,80,0.89,0.908333333333333,114.270807,8.75114148795676,132.312094941503,121.992907183486,122.162169,1.1007615085156,10.3795983025,11.2844036697248,10.47,2,114.227596,1255042,0.781470122467942,None
10,10000,80,0.89,0.848333333333333,114.10999,8.76347460901539,143.584438843451,121.612306017682,121.791796,1.1729675950609,9.68033081833333,11.0019646365422,9.77,2,114.063432,1206499,0.762926256442774,None
10,10000,80,0.89,0.876666666666667,114.378103,8.74293220267869,123.610287845711,121.643884743346,121.822494,1.13982901448479,10.0271470296667,10.4562737642586,10.11,2,114.332956,1226336,0.770504304620882,None
10,10000,80,0.89,0.878333333333333,114.554296,8.72948492477314,138.264279207429,123.301737920304,123.471275,1.13803210639469,10.0616856653333,11.7647058823529,10.14,2,114.511334,1211872,0.76497960539868,None
10,10000,80,0.89,0.875,114.540146,8.73056334326656,121.904761904762,121.453769573333,121.63712,1.14165659334857,10.022262775,10.0952380952381,10.1,2,114.499631,1225338,0.77012307225603,None
20,10000,80,1.78,1.71833333333333,112.730084,8.87074651696348,115.150038430385,125.575913921436,125.665815,0.581562797627546,19.3707861006667,18.2347235693501,19.43,3,112.694571,1551913,0.918330753630974,None
20,10000,80,1.78,1.85833333333333,112.520273,8.88728736020753,125.42385827104,128.110756163229,128.117431,0.537915096343498,20.9100173991667,20.2599731062304,20.95,3,112.484809,1601849,0.959951982630028,None
20,10000,80,1.78,1.73333333333333,112.81994,8.86368136696403,118.713017751479,125.929608759615,126.014195,0.576673405355769,19.5554562666667,18.9423076923077,19.6,3,112.784983,1560850,0.92577927156148,None
20,10000,80,1.78,1.73666666666667,112.8647,8.86016619899756,125.441624515088,127.078947243762,127.167511,0.575445315404031,19.6008362333333,19.1938579654511,19.65,4,112.825078,1568979,0.932553989586018,None
20,10000,80,1.78,1.78666666666667,112.904371,8.8570530187888,124.262085096904,127.23944206903,127.322804,0.55931333964459,20.1722476186667,20.0559701492537,20.22,2,112.869934,1598397,0.957072442625464,None
20,10000,80,1.78,1.70166666666667,113.398681,8.81844472247433,107.631990683406,124.823157887365,124.914595,0.58715245562096,19.2966755501667,17.335945151812,19.34,2,113.364338,1556059,0.921785615689033,None
20,10000,80,1.78,1.86333333333333,112.99751,8.84975252994513,109.397728717624,125.602310398032,125.608562,0.53661120043381,21.0552026966667,19.2668752793921,21.1,2,112.960594,1627086,0.980984607880299,None
20,10000,80,1.78,1.64833333333333,113.009299,8.84882933394711,117.470128951326,125.267186112235,125.355914,0.606669997773509,18.6276994518333,17.8463094034378,18.67,2,112.967999,1544437,0.912097695063729,None
20,10000,80,1.78,1.87333333333333,112.890311,8.85815612643675,134.876711287851,128.847421774911,128.932179,0.533006934043594,21.1481182606667,22.4199288256228,21.19,3,112.857718,1607236,0.964442305436615,None
30,10000,80,2.67,2.665,111.586209,8.96168091883111,136.34224955325,134.940746978111,135.001301,0.375218332390244,29.7377246985,30.5190744215135,29.75,3,111.558018,1810193,1.13361904150755,None
30,10000,80,2.67,2.66833333333333,111.784352,8.94579591962925,143.960617992893,137.63085661649,137.690016,0.374536220321049,29.8277912586667,31.0430980637102,29.85,5,111.749648,1811740,1.13490873499896,None
30,10000,80,2.67,2.59833333333333,111.492029,8.96925106636996,138.737969973845,133.803880035921,133.863588,0.384398125851187,28.9693455351667,29.8268120590122,28.99,3,111.456505,1790915,1.11754955552222,None
30,10000,80,2.67,2.69833333333333,111.483177,8.96996324387132,126.546046189307,133.872456953058,133.879066,0.370435520769611,30.0818772605,29.4535350416795,30.09,3,111.449725,1804310,1.12871755817603,None
30,10000,80,2.67,2.75166666666667,111.582833,8.9619520594176,127.338716215894,133.375962366445,133.431558,0.363415606491218,30.7038762138333,29.5881284070261,30.72,4,111.552019,1823446,1.14466822378128,None
30,10000,80,2.67,2.695,111.693974,8.95303447614819,126.554247943063,133.047223850959,133.101487,0.371014093016079,30.101525993,28.6641929499072,30.11,5,111.657559,1834469,1.15385224752499,None
30,10000,80,2.67,2.61666666666667,111.393896,8.97715257216607,129.984989249057,132.902044550955,132.957227,0.382059090451592,29.1480694533333,28.343949044586,29.17,4,111.364586,1806746,1.13074387381994,None
30,10000,80,2.67,2.69666666666667,111.502849,8.9683807092678,131.325431907114,134.062228447466,134.117882,0.370402177771323,30.0686016136667,30.0370828182942,30.08,3,111.474244,1832651,1.15233699310751,None
40,10000,80,3.56,3.66,110.687854,9.03441492324894,151.480087989091,148.959639325592,149.001242,0.273184865732696,40.511754564,41.4389799635701,40.49,5,110.661487,1976292,1.27209555043893,None
40,10000,80,3.56,3.47333333333333,110.858382,9.0205177268418,144.368389447431,145.598961573896,145.646118,0.287781054238964,38.504811348,38.2437619961612,38.49,6,110.832577,1950410,1.25051574187463,None
40,10000,80,3.56,3.49,110.811004,9.02437451067585,148.12412596503,146.182552718243,146.225158,0.28652546845702,38.673040396,38.8013371537727,38.65,5,110.786474,1952207,1.252014126542,None
40,10000,80,3.56,3.64833333333333,110.859995,9.02038647936075,150.384381728402,149.306568667885,149.350549,0.273881627376428,40.4454215091667,40.2923709456373,40.41,6,110.834062,1998468,1.29057726177934,None
40,10000,80,3.56,3.63833333333333,110.710295,9.0325836454505,144.00260312398,146.628161321118,146.631601,0.27480507766514,40.2800956641667,40.2335699564919,40.24,5,110.675326,1962485,1.26058728313959,None
40,10000,80,3.56,3.47833333333333,110.756822,9.02878921534964,138.581204889648,143.167407620029,143.216344,0.28734339240345,38.5249145856667,37.8054623862003,38.52,5,110.729219,1951229,1.25119845070608,None
40,10000,80,3.56,3.645,110.870399,9.01954001265928,136.735153416215,144.880998915409,144.925375,0.274324199274806,40.4122604355,38.7059899405578,40.39,4,110.844389,1973793,1.27001235812948,None
40,10000,80,3.56,3.62666666666667,110.525743,9.04766593607066,143.253102022059,146.062047845129,146.109776,0.275560143284007,40.0840027946667,40.234375,40.06,4,110.496384,1988018,1.28186633581823,None
40,10000,80,3.56,3.49333333333333,110.745171,9.02973909354477,149.61704591807,146.274015881679,146.316902,0.286195928010019,38.686979736,38.8597328244275,38.66,4,110.716547,1951073,1.25106907015259,None
40,10000,80,3.56,3.48,110.998703,9.00911427766863,153.724622363148,149.153804216475,149.200977,0.287008018204981,38.627548644,38.3141762452107,38.61,6,110.972011,1966248,1.26371603587858,None
50,10000,80,4.45,4.39666666666667,110.19057,9.0751867423864,163.643167078697,162.551339116755,162.588601,0.227407745654663,48.44712061,48.9764973464746,48.38,6,110.163557,2086786,1.36422243627724,None
50,10000,80,4.45,4.39,109.891355,9.09989689361825,166.475544093967,163.363756740699,163.39899,0.227556021,48.242304845,48.8990129081245,48.19,6,109.869927,2085754,1.36336140157947,None
50,10000,80,4.45,4.45,110.340061,9.06289149142305,152.001009973488,158.759515939326,158.795328,0.224633327455431,49.101327145,47.0411985018727,49.04,5,110.314194,2100677,1.37580304284292,None
50,10000,80,4.45,4.31666666666667,110.326033,9.06404384176489,146.777776121406,154.876965327027,154.91291,0.231585395625869,47.6240709116667,46.5250965250965,47.58,5,110.300176,2088461,1.36561458334097,None
50,10000,80,4.45,4.36666666666667,109.965196,9.09378636491495,160.130528523979,160.401237788931,160.434884,0.228745297584351,48.0181355866667,47.824427480916,47.96,5,109.941483,2083009,1.36107248392696,None
50,10000,80,4.45,4.46333333333333,110.055871,9.08629399698268,156.281286236259,159.393722049291,159.428636,0.223945207912621,49.1216037563333,48.9544436146378,49.05,6,110.033116,2088949,1.36602842431149,None
50,10000,80,4.45,4.50833333333333,109.837907,9.1043249758938,158.343042425029,162.147945220333,162.183686,0.221609690949723,49.5185897391667,48.3918669131239,49.44,5,109.816101,2092058,1.36862150316757,None
50,10000,80,4.45,4.31333333333333,109.983014,9.09231310936796,162.068046188124,160.081227406105,160.08436,0.231834403328439,47.4393400386667,48.0394050608461,47.38,6,109.958868,2079507,1.35815096440159,None
60,10000,80,5.34,5.44666666666667,109.529116,9.12999243050588,199.020133665124,196.13687127295,196.165807,0.183505571720318,59.6568585146667,59.2411260709914,59.54,8,109.507808,2185603,1.44663758050292,None
60,10000,80,5.34,5.52333333333333,109.694446,9.11623182818208,188.971714884168,190.923210560954,190.950265,0.181049424916415,60.5878990073333,60.5310802655401,60.47,9,109.671894,2193787,1.45346344126096,None
60,10000,80,5.34,5.34333333333333,109.561444,9.12729846824582,179.268519062628,182.626855780412,182.655034,0.186992752564255,58.5423315773333,58.5152838427948,58.42,7,109.541544,2181483,1.4431980129261,None
60,10000,80,5.34,5.39833333333333,109.495377,9.13280567087321,205.316476666316,196.977670600185,197.004727,0.185177739222908,59.1092543505,60.3890089533807,59.01,10,109.472401,2179706,1.44171992090983,None
60,10000,80,5.34,5.41833333333333,109.556936,9.1276740342574,186.062996871701,188.321399868348,188.349794,0.184548302821901,59.3615998226667,59.0126115041526,59.27,9,109.533075,2180943,1.44275223836852,None
60,10000,80,5.34,5.34,109.585577,9.12528844922722,174.202892451851,178.974562535268,179.003033,0.187254422674782,58.518698118,57.0224719101124,58.4,8,109.563366,2180007,1.44196771188093,None
60,10000,80,5.34,5.33333333333333,109.425841,9.13860922485394,173.205358537729,179.598168510313,179.600908,0.187489264457813,58.3604485333333,57.2254335260116,58.26,7,109.400974,2186243,1.44716451328925,None
60,10000,80,5.34,5.375,109.461521,9.13563041025165,185.556156480981,185.49711743783,185.525652,0.186023779848992,58.8355675375,59.4263565891473,58.73,6,109.437437,2173036,1.43615926403146,None
70,10000,80,6.23,6.315,108.967935,9.17701156766897,224.344045468955,225.541612010821,225.565628,0.158346797537609,68.8132509525,69.7149643705463,68.66,8,108.94908,2251553,1.50165263357494,None
70,10000,80,6.23,6.16,109.060173,9.16925007995357,215.659610951819,217.044072446699,217.069475,0.162300476395833,67.181066568,67.6136363636364,67.03,10,109.039362,2240877,1.4927457974823,None
70,10000,80,6.23,6.14666666666667,109.28138,9.15068971493589,215.758089788774,216.949706380965,216.973796,0.162564257190076,67.1716215733333,66.8112798264642,67.01,11,109.258445,2232158,1.48547850544418,None
70,10000,80,6.23,6.15166666666667,109.070615,9.16837225131627,219.745599527757,219.819728666757,219.843189,0.162532821802222,67.0966066608333,67.3394743971823,66.94,10,109.046759,2245792,1.49684192607102,None
70,10000,80,6.23,6.19666666666667,109.135688,9.16290553828735,223.792428037887,223.045731758203,223.072092,0.161341417160301,67.6277479973333,67.9128563743948,67.48,8,109.11535,2245787,1.49684057069367,None
70,10000,80,6.23,6.12666666666667,109.028945,9.17187633063862,226.160395755902,222.931178910773,222.955107,0.163199368299238,66.7984003033333,67.6414581066377,66.65,11,109.01086,2238804,1.49101600256996,None
70,10000,80,6.23,6.305,108.998866,9.17440737410974,222.540716503126,224.320818817076,224.34455,0.158565331929685,68.723785013,69.045730901401,68.57,8,108.978154,2256622,1.50587713633195,None
70,10000,80,6.23,6.12333333333333,109.15156,9.16157313738805,210.071271323834,213.809055574034,213.833112,0.163226174068318,66.8371385733333,66.3854109961894,66.7,10,109.130508,2236076,1.48874250688036,None
70,10000,80,6.23,6.165,108.990872,9.17508027644737,239.757046193191,232.68214886618,232.707824,0.162178479566369,67.192872588,67.6534198432009,67.05,12,108.972865,2230341,1.48396426331561,None
80,10000,80,7.12,7.20333333333333,108.715242,9.19834221589646,318.731301878554,316.102363798473,316.12346,0.138780519531698,78.311212654,77.3831559463212,78.11,16,108.693695,2307304,1.54817123543324,None
80,10000,80,7.12,7.06666666666667,108.854,9.18661693644699,287.174038803845,287.457261705896,287.478525,0.141472901982311,76.9234933333333,77.9834905660377,76.73,15,108.832505,2291704,1.53516107661843,None
80,10000,80,7.12,7.10666666666667,108.819129,9.18956078025583,277.23486301828,281.399020015948,281.420839,0.140678383802064,77.334127676,76.9934333958724,77.14,14,108.797301,2305710,1.54683742730881,None
80,10000,80,7.12,7.145,108.663341,9.20273563096132,295.437899242472,295.141371862141,295.143177,0.139933861638442,77.6399571445,78.0058309037901,77.43,14,108.639198,2297049,1.5396199227516,None
80,10000,80,7.12,7.09166666666667,108.649509,9.20390721692079,282.551391119316,284.059178938895,284.080945,0.140955052842773,77.0506101325,77.2972972972973,76.87,11,108.632096,2299103,1.5413289727546,None
80,10000,80,7.12,7.215,108.59272,9.20872043724478,305.791158182011,305.214244089397,305.234801,0.138539390571726,78.34964748,78.4130284130284,78.16,13,108.570714,2310391,1.55074456242157,None
80,10000,80,7.12,7.03333333333333,108.703441,9.19934080099636,287.12293075178,286.379977080569,286.401814,0.142157218267299,76.4547535033333,76.5995260663507,76.27,10,108.682605,2287670,1.53179625207913,None
80,10000,80,7.12,7.16166666666667,108.872201,9.18508113930755,304.594689109076,303.811912074471,303.833618,0.139585124117757,77.9706412828333,77.5890155922737,77.77,16,108.854306,2300482,1.54248318614235,None
80,10000,80,7.12,7.17333333333333,108.656094,9.20334942281286,314.374283108304,310.975169440288,310.999524,0.139402292519284,77.942638096,78.9033457249071,77.75,19,108.637565,2296848,1.53945409096034,None
90,10000,80,8.01,7.84666666666667,108.215785,9.24079606316214,487.289481415606,475.056211237681,475.07607,0.127377546253823,84.9133192966667,85.3865760407817,84.69,25,108.195798,2336919,1.57289142201213,None
90,10000,80,8.01,7.95666666666667,108.481523,9.21815966761455,453.33533177635,452.655072431713,452.674084,0.125635991863846,86.3151318003333,86.5416841223293,86.07,19,108.463326,2337952,1.57375993951717,None
90,10000,80,8.01,7.87333333333333,108.385918,9.22629081759496,386.235527090305,390.950413013125,390.970079,0.127008935592506,85.3358461053333,85.5101608806097,85.1,18,108.364554,2335145,1.57141496034234,None
90,10000,80,8.01,8.00333333333333,108.216383,9.24074499884181,468.086409227309,466.443484488546,466.461829,0.124922388367972,86.6091785276667,86.0162432319867,86.38,21,108.195656,2345741,1.58025401355509,None
90,10000,80,8.01,8.035,108.313011,9.23250116276428,458.531159118083,460.894074264883,460.912122,0.124396647379797,87.0295043385,86.8803152872848,86.79,24,108.293743,2341302,1.5765561836598,None
90,10000,80,8.01,8.08333333333333,108.354137,9.22899695098859,468.865979381443,470.961321924536,470.981357,0.123695896515258,87.5862607416667,87.8453608247423,87.2,19,108.332293,2340385,1.57579405746994,None
90,10000,80,8.01,8.17333333333333,108.112732,9.24960438517084,477.620559439443,483.33491910053,483.353056,0.122265805608687,88.3641396213333,87.8058727569331,88.12,17,108.090904,2346643,1.58101532891484,None
90,10000,80,8.01,8.10666666666667,108.203765,9.24182259277207,393.194901315789,406.383160562294,406.401391,0.123340504231702,87.7171854933333,87.4074835526316,87.33,13,108.18492,2347213,1.58148614563951,None
90,10000,80,8.01,7.87666666666667,108.312184,9.23257165601979,420.81368414705,420.790701020736,420.792694,0.126934836426788,85.3138969306667,85.105257590183,84.93,17,108.293875,2331113,1.56805324579361,None
90,10000,80,8.01,7.91,108.151803,9.2462628662788,414.122105886759,416.503526932575,416.522894,0.126397761468394,85.548076173,84.3131057732828,85.32,20,108.134007,2337722,1.57356416141682,None
100,10000,80,8.9,8.92,108.000644,9.25920404696846,1309.36760575653,1316.34815625561,1316.367201,0.112072314676943,96.336574448,96.2724215246637,96.06,39,107.979672,2370512,1.60095468358376,None
100,10000,80,8.9,8.83333333333333,108.070389,9.2532284676055,942.570309718761,956.347333442076,956.36519,0.11320056656283,95.46217695,95.9433962264151,95.18,26,108.050403,2366959,1.59798822895979,None
100,10000,80,8.9,8.92333333333333,108.181027,9.24376508276262,1601.44754727281,1602.66525538644,1602.68362,0.11205956024393,96.5335364263333,96.5726559581621,96.25,49,108.165092,2370628,1.60105242052056,None
100,10000,80,8.9,9.00333333333333,108.102808,9.25045351273392,1535.67295341271,1551.24328481174,1551.260133,0.111056844124769,97.3285614693333,97.17697149204,97.04,39,108.084272,2375009,1.60470858228778,None
100,10000,80,8.9,8.95166666666667,108.27385,9.23584041760776,1194.14963601357,1214.84959234388,1214.86766,0.111680842331968,96.9231413916667,96.5090299757959,96.48,47,108.253979,2373484,1.60343432377062,None
100,10000,80,8.9,8.93333333333333,108.219083,9.2405144479001,940.60133103141,966.956582063433,966.973144,0.111932135549627,96.6757141466667,95.9981343283582,95.91,34,108.199608,2370446,1.60089884439451,None
100,10000,80,8.9,8.93333333333333,108.065609,9.25363776000189,1399.49390175986,1406.69357203843,1406.710658,0.111931658273694,96.5386107066667,96.2033582089552,96.26,38,108.043055,2370377,1.60084325279889,None
10,10000,85,0.89,0.853333333333333,114.450978,8.7373652674248,121.307373046875,121.561875578125,121.736129,1.17123617828906,9.766483456,9.765625,9.84,2,114.405827,1209471,0.764061658977736,None
10,10000,85,0.89,0.921666666666667,113.898069,8.7797801032079,94.091356826769,119.829504822785,119.842769,1.08463789613924,10.4976053595,8.67208672086721,10.57,1,113.846756,1264500,0.785083075855295,None
10,10000,85,0.89,0.893333333333333,114.577386,8.72772573114908,121.129427489419,122.07991768097,122.251736,1.11732334378172,10.235579816,10.2611940298508,10.32,2,114.533402,1238649,0.775208078377075,None
10,10000,85,0.89,0.906666666666667,114.690755,8.7190985881992,103.400735294118,121.311023009191,121.477769,1.0992360145239,10.3986284533333,9.00735294117648,10.49,2,114.647977,1250916,0.779894177532312,None
10,10000,85,0.89,0.88,114.222485,8.7548436719793,129.132231404959,121.231316399621,121.398933,1.13506201236742,10.05157868,11.1742424242424,10.13,2,114.178537,1230301,0.772018864351241,None
10,10000,85,0.89,0.888333333333333,114.790695,8.71150749631754,116.160780600446,121.716894414634,121.875572,1.11836268495685,10.1972400725,9.19324577861164,10.29,3,114.74751,1232930,0.773023515476094,None
10,10000,85,0.89,0.956666666666667,114.334183,8.7462906871867,115.63816484357,121.581026698606,121.736299,1.04527572073171,10.9379701736667,10.5400696864111,11.02,2,114.292894,1271957,0.787932745582043,None
10,10000,85,0.89,0.926666666666667,114.190672,8.75728273146514,114.409819853013,120.740937708633,120.757928,1.07632907566547,10.5816689386667,10.2425876010782,10.66,2,114.148186,1257567,0.782435147540232,None
10,10000,85,0.89,0.911666666666667,113.946174,8.77607351695723,106.280225527975,119.894951146252,120.059985,1.09452378187751,10.388092863,9.14076782449726,10.48,2,113.903346,1251735,0.780206980928614,None
20,10000,85,1.78,1.74666666666667,112.843627,8.86182079205944,135.481615290484,127.450333194657,127.538338,0.571456455676527,19.7100201826667,21.2786259541985,19.75,2,112.809214,1567982,0.931723474408481,None
20,10000,85,1.78,1.78333333333333,112.74046,8.8699301031768,131.539872477946,127.47499694486,127.55835,0.560052593691589,20.1053820333333,21.3084112149533,20.15,3,112.706283,1548537,0.915519853531554,None
20,10000,85,1.78,1.84833333333333,112.850547,8.8612773848584,123.426575416646,126.160909983769,126.244816,0.54084164713165,20.8585427705,20.5590622182146,20.91,3,112.814862,1599015,0.957590029979161,None
20,10000,85,1.78,1.82833333333333,112.65157,8.87692910094373,123.648734553257,126.987522519599,127.068469,0.546710285504102,20.5964620483333,19.690063810392,20.65,3,112.615528,1590702,0.95066116789961,None
20,10000,85,1.78,1.77833333333333,112.994615,8.84997926671107,123.584856770685,127.732032038426,127.812463,0.562253656690722,20.0942090341667,19.4470477975633,20.14,3,112.958864,1580148,0.94186379387711,None
20,10000,85,1.78,1.79,112.771171,8.86751455298801,120.678713731365,127.044187011173,127.129831,0.558419601739292,20.186039609,19.1806331471136,20.24,3,112.733041,1560720,0.92567324847723,None
20,10000,85,1.78,1.82833333333333,112.492473,8.88948365460861,111.682727983587,125.0051538268,125.087653,0.545919647701914,20.5673738135,18.6873290793072,20.63,2,112.453839,1604123,0.961845902813909,None
20,10000,85,1.78,1.71,112.996136,8.84986014035029,136.794227283609,128.137700167641,128.22649,0.584296536605263,19.322339256,20.6627680311891,19.38,4,112.961606,1533704,0.903155588753657,None
20,10000,85,1.78,1.76,113.05286,8.84541974435676,116.75705922865,125.808094488636,125.893968,0.567793180462121,19.89730336,18.5606060606061,19.94,3,113.015235,1573732,0.936516097745698,None
20,10000,85,1.78,1.71166666666667,113.047705,8.84582309742599,115.479900524211,125.247664378773,125.338408,0.583305847597858,19.3499988391667,18.0136319376826,19.41,3,113.01051,1552898,0.919151559325592,None
30,10000,85,2.67,2.71666666666667,111.681488,8.95403542617556,142.948549060936,137.369928721472,137.421869,0.367894888644172,30.3401375733333,31.6564417177914,30.36,3,111.652161,1788912,1.1158859371443,None
30,10000,85,2.67,2.8,111.703557,8.95226639918011,137.755102040816,136.584115920833,136.637849,0.356621272751786,31.27699596,31.4880952380952,31.29,4,111.674678,1842802,1.16080203823678,None
30,10000,85,2.67,2.73,111.76251,8.94754421675032,143.121022241901,137.810139417582,137.865324,0.365840970057998,30.51116523,32.1123321123321,30.52,3,111.727287,1796176,1.12194044824942,None
30,10000,85,2.67,2.70166666666667,111.900509,8.93650984197042,123.608900525652,134.19722455768,134.203669,0.370109372794571,30.2317875148333,27.9062596361394,30.23,3,111.863196,1825179,1.14611044010626,None
30,10000,85,2.67,2.77,111.47363,8.97073146357574,128.048065268673,134.671876016246,134.724517,0.360947023758123,30.87819551,29.632972322503,30.88,3,111.439538,1817268,1.13952012458802,None
30,10000,85,2.67,2.66,111.554012,8.96426746175655,142.272975672263,136.977609688597,137.036064,0.375917797017544,29.673367192,30.2944862155389,29.69,4,111.517083,1815436,1.13798831728087,None
30,10000,85,2.67,2.66666666666667,111.825759,8.94248345767991,126.6796875,133.74705693125,133.803162,0.3749775940375,29.8202024,28.46875,29.83,4,111.795943,1802676,1.12735469068959,None
30,10000,85,2.67,2.75,111.613065,8.9595245861226,137.410468319559,135.98940590303,136.043369,0.363606364718182,30.693592875,31.6666666666667,30.72,4,111.581859,1810959,1.13426150095518,None
30,10000,85,2.67,2.66166666666667,111.624961,8.95856975932113,133.155113552375,134.603788227301,134.66205,0.375580620116468,29.7108437861667,30.3068252974327,29.73,4,111.592532,1787973,1.11510075909143,None
30,10000,85,2.67,2.65,111.749108,8.94861729008164,135.991456034176,136.263050316352,136.323036,0.377289530662264,29.61351362,29.748427672956,29.63,4,111.718171,1782799,1.11078832234486,None
40,10000,85,3.56,3.525,110.876568,9.01903817946457,139.563737571886,143.70713432435,143.750505,0.283655100134279,39.08399022,38.4633569739953,39.07,4,110.848984,1949242,1.24954492583882,None
40,10000,85,3.56,3.57,110.593042,9.04216017495929,146.006114864246,146.320784464519,146.363747,0.279999321396825,39.481715994,38.0952380952381,39.46,5,110.563985,1951659,1.25156107642164,None
40,10000,85,3.56,3.52166666666667,111.099944,9.00090462691862,149.369429863001,147.488729660199,147.530431,0.283928454779461,39.1256969453333,39.2096545196403,39.09,4,111.072627,1949799,1.250009233391,None
40,10000,85,3.56,3.53833333333333,111.015336,9.00776447679265,138.647018978157,144.219694157325,144.262741,0.282617866285445,39.280926388,38.7894488930758,39.25,5,110.989053,1951587,1.2515001195127,None
40,10000,85,3.56,3.57,110.90166,9.01699758146091,151.825436056776,150.090175310458,150.132146,0.280052038126517,39.59189262,39.3090569561158,39.56,8,110.872271,1936123,1.23861343716197,None
40,10000,85,3.56,3.49333333333333,110.816853,9.02389819714516,150.400613162978,147.279026976145,147.282659,0.286229051936546,38.712020648,38.9935606963988,38.69,4,110.79233,1944679,1.2457402989102,None
40,10000,85,3.56,3.48833333333333,110.642275,9.03813664352075,146.348178089594,146.787542437172,146.830253,0.28660540765743,38.5957135958333,38.9632107023411,38.58,4,110.614849,1929824,1.23335930730101,None
40,10000,85,3.56,3.57166666666667,110.899186,9.01719873759939,145.477935628681,145.487987203453,145.528236,0.279958762464302,39.6094925996667,40.2473168455436,39.58,4,110.874533,1970186,1.26700248652106,None
50,10000,85,4.45,4.405,110.237845,9.07129488969963,151.858527633657,156.093562499054,156.127966,0.226961802653046,48.5597707225,48.7325009458948,48.49,5,110.204843,2072719,1.35249888687608,None
50,10000,85,4.45,4.37166666666667,110.345724,9.0624263791137,150.433225888643,156.9538776565,156.991356,0.228710104442242,48.239472342,47.3313000381243,48.18,5,110.320898,2072473,1.35229236946525,None
50,10000,85,4.45,4.32,110.267641,9.06884368733344,159.45608996342,159.769667774691,159.803858,0.231407809687886,47.635620912,47.5115740740741,47.59,6,110.25344,2092795,1.36922677669887,None
50,10000,85,4.45,4.315,110.348186,9.06222418554302,164.570043418384,161.413297305137,161.449129,0.231709743377366,47.615242259,47.6825028968714,47.56,5,110.331738,2069805,1.35006576239742,None
50,10000,85,4.45,4.35166666666667,110.096951,9.08290366733226,160.312239954668,160.383015003447,160.42116,0.22978439719303,47.9105231768333,48.8127154346994,47.85,5,110.081816,2081873,1.36012515990725,None
50,10000,85,4.45,4.48666666666667,110.030746,9.08836880920538,159.184129598894,161.884619666048,161.888031,0.222743712795691,49.3671280386667,49.6564531104921,49.31,6,110.017379,2084686,1.36247669628189,None
50,10000,85,4.45,4.345,110.147515,9.07873409581687,157.052602027912,159.321652166091,159.354987,0.229967295571155,47.8590952675,47.2573839662447,47.8,6,110.124953,2079972,1.35854054116417,None
50,10000,85,4.45,4.38333333333333,110.306642,9.06563722608834,155.575474562304,159.939097450951,159.972585,0.228078493368821,48.3510780766667,46.1406844106464,48.3,6,110.286379,2089593,1.36656153021528,None
60,10000,85,5.34,5.38833333333333,109.279765,9.15082494915687,190.666369825786,188.676312245283,188.703698,0.185585584868853,58.8835800408333,59.1091865140736,58.78,9,109.260235,2179050,1.44117200234201,None
60,10000,85,5.34,5.5,109.523726,9.13044174556297,185.39890650177,188.339333923939,188.341924,0.181791009385758,60.2380493,59.7333737312528,60.13,7,109.510483,2177662,1.44002196339884,None
60,10000,85,5.34,5.27833333333333,109.82429,9.10545381172052,176.293077620301,181.344762002842,181.372846,0.189378480466056,57.9689210716667,56.0783075465741,57.86,7,109.806585,2178586,1.4407806248659,None
60,10000,85,5.34,5.54333333333333,109.364032,9.14377407007086,192.19194899755,191.675818616356,191.67938,0.180179329732411,60.6241284053333,60.2735607996393,60.51,7,109.347354,2187785,1.44846113592856,None
60,10000,85,5.34,5.355,109.339261,9.14584560801083,186.799483773175,185.95126339807,185.981024,0.186708260004357,58.5511742655,58.5901027077498,58.45,10,109.327469,2170795,1.43429004942681,None
60,10000,85,5.34,5.42,109.525646,9.13028168763323,178.686519337518,183.85453570326,183.881496,0.184469003143296,59.362900132,57.6722017220172,59.26,7,109.509599,2178113,1.44039346558747,None
60,10000,85,5.34,5.42,109.44885,9.13668805108505,179.1687658574,183.339542277983,183.368769,0.184450497868389,59.3212767,58.6562115621156,59.2,7,109.437338,2176834,1.43932715364573,None
60,10000,85,5.34,5.325,109.742253,9.11226052557897,174.952599863511,180.996794335837,180.999263,0.187749760994679,58.4377497225,56.7203880456893,58.33,7,109.730428,2182151,1.44375431468563,None
70,10000,85,6.23,6.325,109.156269,9.16117790724415,233.686344813366,233.454150412385,233.456939,0.158079592808169,69.0413401425,68.2387037280991,68.88,15,109.142567,2251029,1.50121703181331,None
70,10000,85,6.23,6.22333333333333,109.136253,9.16285810178951,229.538550341123,227.471670358597,227.498194,0.160609733366899,67.919128117,67.3004820567756,67.78,10,109.121198,2237785,1.49017254195902,None
70,10000,85,6.23,6.31333333333333,109.025179,9.17219314998786,220.720075289164,223.029213742872,223.05332,0.158366469970961,68.8312296753333,68.4926082365364,68.68,9,109.011175,2251261,1.50140935815709,None
70,10000,85,6.23,6.43333333333333,108.81293,9.19008430340034,236.684206287417,235.724181745078,235.747672,0.155435131174611,70.0029849666667,70.0388601036269,69.85,11,108.800089,2249628,1.50005436798918,None
70,10000,85,6.23,6.24166666666667,109.038896,9.17103929592244,203.742952329853,211.911052138585,211.934895,0.160179411361549,68.0584442533333,66.1815754339119,67.91,8,109.025515,2247387,1.4981763952157,None
70,10000,85,6.23,6.255,109.054203,9.16975203605862,224.770889390273,224.886808841993,224.911003,0.159845121022649,68.2134039765,69.0247801758593,68.06,9,109.035858,2239633,1.49171428651827,None
70,10000,85,6.23,6.24333333333333,108.958303,9.17782282273614,232.75227336281,229.47470926535,229.500496,0.160143652770155,68.0263005063333,68.4063000533903,67.88,10,108.943512,2240668,1.49257601464079,None
70,10000,85,6.23,6.31166666666667,108.901128,9.18264134050108,216.080546528379,219.975380875099,219.977771,0.15839551442197,68.734761956,68.6996699669967,68.57,9,108.88792,2242388,1.49401320645865,None
80,10000,85,7.12,7.24666666666667,108.603897,9.20777271924229,295.237730509179,297.638241948712,297.658246,0.137974162799218,78.701624026,79.0593376264949,78.5,14,108.591073,2297582,1.54006988568044,None
80,10000,85,7.12,7.00333333333333,108.617014,9.20666075390362,289.995856554788,286.809766507377,286.831425,0.142777492692051,76.0681154713333,77.1894336030462,75.87,11,108.600246,2282015,1.52708063535165,None
80,10000,85,7.12,7.2,108.814322,9.18996673985618,275.462962962963,282.591000333333,282.611056,0.138847847528935,78.34631184,78.0787037037037,78.15,12,108.792244,2306330,1.54735960627096,None
80,10000,85,7.12,7.32666666666667,108.451835,9.22068308018947,313.896908513903,313.971891295951,313.993799,0.136462536541401,79.4590444433333,78.605550500455,79.25,14,108.433788,2306490,1.54749885171383,None
80,10000,85,7.12,7.08833333333333,108.605971,9.20759688249553,287.411400558237,287.469972444863,287.490672,0.141057388086292,76.9835324438333,77.5570185751234,76.79,13,108.582341,2298654,1.54095429964613,None
80,10000,85,7.12,7.28166666666667,108.687185,9.20071671743085,326.809900649937,323.397405622568,323.420133,0.137286482196613,79.1423852108333,80.4646372167544,78.93,13,108.667179,2302719,1.54435395008313,None
80,10000,85,7.12,7.15833333333333,108.580826,9.20972916525796,285.818444979611,288.273719871246,288.29404,0.139690336879395,77.7257746116667,77.2526193247963,77.53,13,108.558291,2288452,1.53245474318599,None
80,10000,85,7.12,7.145,108.739116,9.19632269219478,297.790299019462,296.991164220201,297.013999,0.139938574504315,77.694098382,78.0382551901096,77.5,14,108.721099,2291877,1.53530936615505,None
80,10000,85,7.12,7.32333333333333,108.634916,9.20514358385475,318.533424463243,320.150217360719,320.170672,0.13650991152731,79.5569701506667,79.1192535275376,79.36,13,108.614383,2306154,1.54721937819468,None
80,10000,85,7.12,7.215,108.715409,9.19832808613175,327.642531384735,322.266319932086,322.288484,0.138585179257796,78.4381675935,79.0598290598291,78.24,15,108.69686,2292097,1.53549667205889,None
90,10000,85,8.01,7.92166666666667,108.511692,9.21559678564408,390.566884374222,397.115509466232,397.135774,0.126190428021881,85.959345346,85.0305070481801,85.57,23,108.494272,2330747,1.56775163261676,None
90,10000,85,8.01,8.00833333333333,108.42579,9.22289798395751,414.318678189234,421.951398734235,421.970563,0.124756970770864,86.830986825,86.2955254942768,86.44,17,108.404548,2339997,1.57546652193651,None
90,10000,85,8.01,8.07833333333333,108.383568,9.22649086437162,508.622114155776,506.061311818651,506.062989,0.123773689924696,87.555859016,87.6431150077359,87.3,32,108.359581,2340801,1.5761413510362,None
90,10000,85,8.01,7.98666666666667,108.530499,9.2139998361198,436.695483604651,439.77719945096,439.779484,0.125199652358097,86.679691868,86.6666666666667,86.44,20,108.50893,2327251,1.56484230050007,None
90,10000,85,8.01,8.04333333333333,108.368154,9.2278032160629,406.379898632374,414.2753111293,414.294925,0.124322635617074,87.164118534,87.7020306672192,86.92,20,108.347397,2330861,1.56785395171398,None
90,10000,85,8.01,7.93666666666667,108.490534,9.21739402628436,501.727680692081,493.728797854893,493.747364,0.125967551891852,86.1053204846667,86.0877782444351,85.87,28,108.470862,2333534,1.57007630891112,None
90,10000,85,8.01,8.235,108.439956,9.22169315524252,501.792431812571,508.486061675167,508.50487,0.121425614325643,89.300303766,89.6073669297713,88.9,22,108.419751,2349021,1.58300173007216,None
90,10000,85,8.01,7.88833333333333,108.58431,9.20943366495583,442.166519971239,439.418545225227,439.437354,0.126751248755546,85.654923205,86.4145362349461,85.42,16,108.564965,2320646,1.55933132121338,None
100,10000,85,8.9,8.85666666666667,108.238818,9.23882964058237,1193.41981449786,1199.48047835849,1199.499552,0.112868810629469,95.863513142,95.7564922845314,95.58,40,108.218494,2369171,1.59983424794129,None
100,10000,85,8.9,8.88666666666667,107.952875,9.26330123213486,1190.67299645617,1199.11145846118,1199.128164,0.112439197481433,95.9341215833333,96.0333833458365,95.65,40,107.933566,2365597,1.59685550647353,None
100,10000,85,8.9,8.92,108.130026,9.24812503050725,1408.70811464806,1415.1908895327,1415.208101,0.112088658684043,96.451983192,95.8426756352765,95.69,47,108.11037,2369149,1.5998165140259,None
100,10000,85,8.9,8.91666666666667,108.171992,9.24453716263263,1907.57970128396,1899.59012014467,1899.607026,0.112147212565794,96.4533595333333,96.1028037383178,96.01,61,108.15192,2368410,1.59920227411624,None
100,10000,85,8.9,8.765,108.245901,9.23822510378476,1208.89113352201,1204.21928294143,1204.236785,0.114079322722761,94.8775322265,94.542688724092,94.28,39,108.227215,2366307,1.59743981343673,None
100,10000,85,8.9,9.02166666666667,108.108016,9.25000788100672,1519.11725673314,1536.25221922354,1536.268685,0.110811264461112,97.5314484346667,97.3859227784962,96.92,46,108.087669,2371353,1.6016604331188,None
100,10000,85,8.9,8.79,108.099144,9.25076705510267,934.099075650108,945.269775238149,945.27151,0.113760065740994,95.019147576,94.3312162290265,94.57,38,108.080123,2365305,1.5966061849365,None
100,10000,85,8.9,8.64833333333333,108.300457,9.23357137818911,690.822726715471,704.260800437271,704.278166,0.115576631144729,93.6618452288333,93.4573135478898,93.38,27,108.28075,2362049,1.59388561982983,None
10,10000,90,0.89,0.896666666666667,115.036735,8.69287536715989,136.814029656859,122.408354224907,122.572494,1.11410906080297,10.3149605716667,11.3382899628253,10.4,2,114.992254,1231031,0.77229847166159,None
10,10000,90,0.89,0.883333333333333,114.526362,8.73161412391673,121.751512993948,121.720308313208,121.882839,1.13151658198113,10.11649531,10.5660377358491,10.2,2,114.474087,1219307,0.767819706799133,None
10,10000,90,0.89,0.853333333333333,114.50416,8.73330715670068,130.462646484375,121.818018837891,121.990724,1.16986068990039,9.77102165333333,10.7421875,9.85,2,114.453212,1202028,0.761218704523554,None
10,10000,90,0.89,0.923333333333333,114.440112,8.73819487348981,146.619922063366,123.218802077617,123.372373,1.07752801140072,10.566637008,12.6353790613719,10.64,2,114.396519,1233600,0.773280435405005,None
10,10000,90,0.89,0.943333333333333,114.534784,8.73097206871233,129.23123025634,121.696460943463,121.84906,1.05924062616608,10.8044479573333,11.3074204946997,10.88,2,114.486628,1243289,0.776982026079375,None
10,10000,90,0.89,0.941666666666667,115.174425,8.68248311202769,118.411778526118,122.66091280885,122.810895,1.05777793143186,10.8455916875,9.20353982300885,10.93,3,115.129436,1249281,0.779270933201428,None
10,10000,90,0.89,0.841666666666667,114.641369,8.7228546616536,128.222723262425,121.20113359802,121.379223,1.18804734748119,9.64898189083333,10.3960396039604,9.74,2,114.584848,1207836,0.763436862432419,None
10,10000,90,0.89,0.896666666666667,114.460656,8.73662649635697,149.251668716574,121.735919178439,121.899279,1.10977120011896,10.263305488,13.0111524163569,10.35,2,114.418607,1207724,0.763395790411293,None
10,10000,90,0.89,0.875,114.916794,8.7019482983488,108.843537414966,121.075983095238,121.24377,1.14110725660952,10.055219475,9.52380952380952,10.14,1,114.863919,1240327,0.77584850361699,None
10,10000,90,0.89,0.885,114.937801,8.70035785702913,103.205762499069,120.710815035782,120.884292,1.12883051377213,10.1719953885,8.94538606403013,10.25,2,114.895078,1205910,0.762702620027567,None
20,10000,90,1.78,1.78666666666667,113.098212,8.84187276099467,137.314825128091,127.988983646455,128.069945,0.557681936689366,20.206880544,21.6417910447761,20.25,3,113.056418,1569732,0.933183707831767,None
20,10000,90,1.78,1.78,113.121324,8.8400662637223,124.084482604512,127.654485360487,127.662187,0.56168609192603,20.135595672,19.9344875994385,20.18,3,113.083474,1545872,0.913299003216288,None
20,10000,90,1.78,1.78,112.930842,8.85497692472708,141.501493919118,129.023882620787,129.111934,0.560963443088951,20.101689876,22.752808988764,20.15,3,112.896175,1535371,0.90454757169935,None
20,10000,90,1.78,1.72,113.024736,8.84762075445149,131.201081141956,127.462460406008,127.469473,0.580911964216085,19.440254592,19.7578692493947,19.5,3,112.988786,1546418,0.9137515903994,None
20,10000,90,1.78,1.81333333333333,113.319412,8.82461338574542,119.873891652249,127.145436030331,127.228718,0.551365738256434,20.5485867093333,19.7150735294118,20.59,3,113.278138,1585012,0.945919008258094,None
20,10000,90,1.78,1.79166666666667,112.913356,8.85634822509394,133.434288804759,129.556612251163,129.643288,0.557558974257674,20.2303096166667,20.5581395348837,20.28,3,112.876296,1543872,0.911632600955774,None
20,10000,90,1.78,1.74833333333333,113.449702,8.81447886042045,112.867945412627,126.751633270734,126.839189,0.571801361968542,19.8347895663333,17.6358436606292,19.89,3,113.41145,1558762,0.92404022485725,None
20,10000,90,1.78,1.81833333333333,113.469773,8.81291971915728,120.672490912824,128.13116275802,128.138312,0.549895315059578,20.6325870571667,19.7434722858452,20.67,2,113.430923,1585329,0.946183484144369,None
30,10000,90,2.67,2.68,111.966267,8.93126141286822,138.649105220168,136.398892406095,136.457128,0.373128424222015,30.006959556,30.1305970149254,30.03,4,111.93393,1798040,1.12349187054385,None
30,10000,90,2.67,2.74666666666667,111.727835,8.95032110843283,136.087284381186,136.547902000607,136.606967,0.363947768671723,30.6879120133333,30.1577669902913,30.69,5,111.697519,1790970,1.11760245248169,None
30,10000,90,2.67,2.71666666666667,111.867834,8.93912006913444,132.447589295796,135.150961038037,135.206543,0.368068589586503,30.39076157,29.2331288343558,30.4,4,111.829421,1793055,1.11933889511562,None
30,10000,90,2.67,2.77,111.651751,8.95642021771786,142.38423542598,139.401552574609,139.460542,0.360976010327918,30.927535027,31.9795427196149,30.95,3,111.620858,1801314,1.12622427459159,None
30,10000,90,2.67,2.65666666666667,112.176051,8.91455877689971,140.741078920481,137.604411699498,137.659344,0.375918279146801,29.801437549,30.3011292346299,29.81,4,112.144947,1790011,1.11679956497424,None
30,10000,90,2.67,2.68166666666667,111.883335,8.937881588889,120.051867969211,132.809962565569,132.863123,0.372764608351771,30.0033810025,26.9732753262896,30.02,4,111.854149,1786832,1.11415104865817,None
30,10000,90,2.67,2.71,112.074518,8.92263484907426,133.326979026248,135.771079019065,135.828041,0.36893464696925,30.372194378,30.5350553505535,30.38,4,112.043536,1806015,1.1301397249296,None
40,10000,90,3.56,3.44,111.02277,9.00716132375368,147.10936091581,145.368730323643,145.412692,0.290669248870155,38.19183288,38.8323643410853,38.18,5,110.995133,1924581,1.22898788651285,None
40,10000,90,3.56,3.52333333333333,110.899,9.01721386126115,139.15877302195,143.899578210975,143.939899,0.283778947351939,39.0734143333333,38.0085146641438,39.06,5,110.872882,1930092,1.23358481284718,None
40,10000,90,3.56,3.665,110.701032,9.03333945432415,151.005014681732,149.356883507049,149.397495,0.272837895644384,40.571928228,40.6775807185084,40.55,5,110.6757,1951876,1.25174686295919,None
40,10000,90,3.56,3.53666666666667,111.272381,8.98695607133634,151.03653569579,148.249776763902,148.294638,0.282665506164468,39.3533320803333,40.5513666352498,39.32,4,111.245783,1947308,1.24793421281444,None
40,10000,90,3.56,3.52666666666667,110.997644,9.00920023131302,146.065086960095,146.168538681475,146.215225,0.283314651281191,39.1451691173333,38.6105860113422,39.13,5,110.96934,1944776,1.24582312514543,None
40,10000,90,3.56,3.625,110.859744,9.02040690261742,150.360681728102,148.529174896552,148.569958,0.275814134743908,40.1866572,41.1724137931034,40.17,4,110.829244,1939878,1.24174569217525,None
40,10000,90,3.56,3.50833333333333,111.038011,9.00592500706808,146.918602354986,146.524533681235,146.565882,0.284965919090736,38.9558355258333,39.9049881235154,38.94,4,111.008238,1929315,1.23293670562928,None
40,10000,90,3.56,3.56666666666667,111.275171,8.98673074157756,149.620054153201,148.138580128505,148.180545,0.28016263481729,39.6881443233333,40.3271028037383,39.68,4,111.245385,1941168,1.2428186067564,None
40,10000,90,3.56,3.555,111.245639,8.98911641830742,159.571346525004,151.730464978434,151.771286,0.281256618610877,39.5478246645,41.0220346929208,39.52,5,111.219806,1921943,1.22679529147601,None
50,10000,90,4.45,4.45666666666667,110.35951,9.06129430984244,159.266579360014,161.296217293194,161.330814,0.224335004672775,49.1835549566667,49.5138369483919,49.11,5,110.330103,2060254,1.34211294726461,None
50,10000,90,4.45,4.39833333333333,110.418789,9.05642969875353,153.611529393892,159.328627571429,159.362292,0.227289802884047,48.5658640285,47.5179992421372,48.5,4,110.391021,2044412,1.32890658481686,None
50,10000,90,4.45,4.385,110.334009,9.06338860577431,152.466838029338,158.42617827176,158.46333,0.227808740080198,48.3814629465,47.1683770429495,48.31,5,110.307862,2072296,1.35214547437177,None
50,10000,90,4.45,4.42333333333333,110.175457,9.07643160490816,164.328308571005,163.030201380934,163.033223,0.226000150640543,48.7342771463333,49.6326991900546,48.66,5,110.14485,2055254,1.33794356664248,None
50,10000,90,4.45,4.46666666666667,110.350459,9.06203752174696,171.168411672978,167.241214022015,167.273827,0.223847318691418,49.2898716866667,50.2798507462687,49.22,7,110.32325,2049495,1.33314641149742,None
50,10000,90,4.45,4.525,109.975459,9.09293772531561,161.330036730666,161.731237922284,161.766676,0.220924292097974,49.7638951975,50.4972375690608,49.7,6,109.951027,2068300,1.34882169313606,None
50,10000,90,4.45,4.5,110.435483,9.05506068190058,165.020576131687,163.911602113333,163.944695,0.222060473597037,49.69596735,49.8518518518519,49.64,6,110.411636,2068759,1.34920395821103,None
50,10000,90,4.45,4.4,110.186995,9.07548118541576,168.818870523416,164.35238977197,164.384831,0.227101419345833,48.4822778,49.2424242424242,48.42,7,110.159493,2067212,1.34790876546883,None
50,10000,90,4.45,4.51166666666667,110.43533,9.05507322701893,155.50122949939,161.190975610639,161.196315,0.221626404079424,49.8247397183333,48.8827331486611,49.75,6,110.411573,2056440,1.33893723142878,None
50,10000,90,4.45,4.31333333333333,110.229879,9.07195044639394,156.724413474149,157.492937863988,157.527177,0.231823079406105,47.545821142,48.5510046367852,47.48,5,110.20443,2037502,1.32314265532417,None
60,10000,90,5.34,5.29333333333333,109.643358,9.12047950957504,173.302682587923,178.222170549118,178.251995,0.188785050350441,58.037884168,57.9817380352645,57.93,7,109.615789,2153606,1.4199609563044,None
60,10000,90,5.34,5.33166666666667,109.796144,9.10778797477624,182.399137898771,183.782211791185,183.809577,0.18750082908065,58.5396441093333,58.7996248827759,58.42,7,109.774856,2139983,1.40860905782701,None
60,10000,90,5.34,5.305,109.718432,9.11423889105524,178.433791913509,181.536732244424,181.566046,0.188404833640905,58.205628176,58.1841030474395,58.1,8,109.697446,2148094,1.41536772932469,None
60,10000,90,5.34,5.42833333333333,109.446448,9.13688857220839,179.66545969009,183.552694676389,183.582358,0.184200626218299,59.4111801893333,59.4565551120663,59.31,7,109.424505,2163916,1.42856093229991,None
60,10000,90,5.34,5.36166666666667,109.517211,9.130984900629,194.944695132103,190.31329252751,190.340951,0.186503157963942,58.7194779645,59.1700341933478,58.61,10,109.496118,2148153,1.41541944431878,None
60,10000,90,5.34,5.48333333333333,109.609646,9.12328464230238,175.82986114319,182.272567021885,182.29965,0.18234212261307,60.1026225566667,59.5288753799392,59.98,5,109.588698,2174363,1.43727158046804,None
60,10000,90,5.34,5.26833333333333,109.773207,9.10969103781399,173.6302758999,178.725006556786,178.753021,0.189694041851629,57.8321845545,56.2163872192344,57.73,7,109.747833,2163388,1.42811293367543,None
60,10000,90,5.34,5.36833333333333,109.48325,9.13381727341854,191.135459328967,188.68601683204,188.714032,0.186092466606023,58.7742580416667,59.4225395839801,58.67,10,109.459752,2138863,1.40767681267206,None
60,10000,90,5.34,5.42166666666667,109.74061,9.11239695132003,189.774928371352,189.526826810636,189.554815,0.184394586876422,59.4977007216667,59.391331079004,59.38,7,109.713566,2159424,1.42481733169986,None
60,10000,90,5.34,5.28833333333333,109.556415,9.12771744128356,187.158650006372,185.648003558777,185.677003,0.189092189784746,57.9370841325,58.0680743775607,57.84,6,109.535965,2154289,1.42052976513443,None
70,10000,90,6.23,6.23333333333333,109.31248,9.14808629353208,223.912608310218,224.696776378342,224.721264,0.16036960450615,68.1381125333333,67.3395721925134,67.99,10,109.291694,2238467,1.4907420724976,None
70,10000,90,6.23,6.435,108.810034,9.1903288992631,234.840763132878,234.199788610723,234.202238,0.155397067761461,70.019256879,69.8303767965817,69.85,8,108.789673,2236714,1.48929060966638,None
70,10000,90,6.23,6.25833333333333,109.180723,9.15912601164951,232.212354233414,229.672675189081,229.69621,0.159776970358988,68.3289358108333,69.4141145139814,68.17,10,109.160089,2221525,1.47662199539944,None
70,10000,90,6.23,6.38,109.05052,9.17006172918754,238.098747719329,235.823154134796,235.84785,0.156632112310345,69.57423176,69.5924764890282,69.41,11,109.028177,2230486,1.48409732522762,None
70,10000,90,6.23,6.31833333333333,109.203396,9.15722437789389,244.585167177034,239.614717986283,239.637933,0.15825300411923,68.998345706,68.3328936955948,68.85,10,109.182876,2233466,1.48657823796867,None
70,10000,90,6.23,6.385,109.019384,9.17268070419477,245.657003708158,241.448540392587,241.47199,0.156594766290525,69.608876684,70.3080135734795,69.45,10,108.997467,2237969,1.49033457050961,None
70,10000,90,6.23,6.27,109.210103,9.15666199856986,248.455341630864,241.170677498139,241.19699,0.159483543581606,68.474734581,69.6305156831473,68.32,10,109.189142,2226133,1.48046349809087,None
70,10000,90,6.23,6.16,109.522574,9.13053778301449,222.437511088938,222.996617992424,222.999028,0.162304117420725,67.465905584,66.7388069795753,67.31,10,109.503234,2227580,1.48166434369515,None
70,10000,90,6.23,6.13333333333333,109.180328,9.15915914815717,216.291205708109,217.75618566087,217.758374,0.162989036663859,66.9639345066667,66.2274147534302,66.81,8,109.159807,2229403,1.48318121012399,None
80,10000,90,7.12,7.02166666666667,108.858706,9.18621979577821,278.680329424669,280.326955422502,280.349675,0.142413773339663,76.4369547296667,76.2995490149537,76.24,11,108.835077,2271983,1.51872081970978,None
80,10000,90,7.12,7.06333333333333,108.811324,9.19021994438741,275.385448316887,278.380324489146,278.400826,0.141538529003068,76.8570651853333,75.896649362907,76.66,13,108.794888,2281999,1.52707147948604,None
80,10000,90,7.12,7.22,109.787526,9.10850290951998,291.13845140686,296.222257581487,296.224224,0.138500492553324,79.266593772,79.3190998268898,79.06,13,109.766626,2280717,1.52601561072359,None
80,10000,90,7.12,7.12833333333333,108.623348,9.20612389888774,287.015677103181,288.356520157587,288.377229,0.140270863632453,77.4303432326667,77.8700023380875,77.24,12,108.602687,2278256,1.52395471150118,None
80,10000,90,7.12,7.14166666666667,108.951267,9.17841552039959,273.102693311585,279.007859267911,279.02846,0.139987159646208,77.8093631825,77.7712952158693,77.6,13,108.92909,2278075,1.52380574741328,None
80,10000,90,7.12,7,108.794443,9.19164593728376,273.860544217687,276.567036241905,276.588187,0.142849520189762,76.1561101,75.1785714285714,75.97,13,108.774171,2277661,1.52345206417475,None
80,10000,90,7.12,7.04666666666667,108.754934,9.19498512131873,300.923294628145,296.847671651608,296.869588,0.141894508048486,76.6359768253333,77.2587511825923,76.46,14,108.734126,2275837,1.5219343286926,None
80,10000,90,7.12,7.03333333333333,108.733168,9.19682575605633,258.316300172952,264.954739852607,264.975858,0.142120837941706,76.4756614933333,75.4028436018957,76.29,12,108.711049,2278324,1.52400637152037,None
80,10000,90,7.12,7.21166666666667,108.56714,9.21089014595024,294.39304074699,296.281034442108,296.30147,0.138622482988445,78.2950024633333,78.2990524612896,78.09,18,108.548905,2283146,1.52803508735298,None
90,10000,90,8.01,8.02,108.448017,9.22100770178214,449.377906024631,451.517900879052,451.536573,0.124648349048628,86.975309634,86.336242726517,86.73,17,108.428162,2330289,1.56737614310108,None
90,10000,90,8.01,8.105,108.477802,9.21847586845464,433.79847805186,441.834497815135,441.854791,0.123374727904586,87.921258521,88.0217972444993,87.52,22,108.45824,2339554,1.57510312542807,None
90,10000,90,8.01,7.965,108.315332,9.23230332710424,409.759010137392,414.457814781544,414.460351,0.125509973969031,86.273161938,85.9190291871535,86.04,14,108.295303,2327681,1.5651985610516,None
90,10000,90,8.01,8.15166666666667,108.365469,9.22803185579347,394.797549573965,408.132912278266,408.153797,0.122642531828052,88.3359181465,87.9676957677367,88.08,18,108.343385,2329054,1.56635401888505,None
90,10000,90,8.01,7.985,108.512318,9.21554362150848,424.337168404493,428.939180496974,428.957608,0.125227437904613,86.647085923,86.1198079732832,86.41,22,108.496318,2337975,1.57378095401411,None
90,10000,90,8.01,8.00666666666667,108.417978,9.22356253498843,448.905233774644,449.884403090341,449.886355,0.12487078568443,86.806661052,86.9705484441669,86.57,18,108.401613,2329477,1.56669844887934,None
90,10000,90,8.01,7.82166666666667,108.421775,9.22323951992116,428.582150519639,426.152224822502,426.171747,0.127763511895802,84.8038983458333,84.0080971659919,84.58,22,108.402574,2329785,1.56694442679041,None
90,10000,90,8.01,8.02,108.526056,9.21437705245642,466.091110544503,466.920022354946,466.939738,0.124687998928096,87.037896912,86.5648379052369,86.79,17,108.504768,2336780,1.57278694028047,None
100,10000,90,8.9,8.74833333333333,107.990606,9.26006471340665,819.218175841384,830.469488775005,830.486497,0.114286108972376,94.4737818156667,94.6370737283292,94.19,26,107.974085,2364049,1.59555715977642,None
100,10000,90,8.9,9.01,110.21092,9.07351104591088,5132.05371139869,5154.02309468683,5154.024636,0.110931160827784,99.30003892,98.6127809118653,98.01,92,110.191607,2371873,1.60209987820323,None
100,10000,90,8.9,9.02666666666667,108.134296,9.2477598411516,1817.89446009308,1829.05887411281,1829.075839,0.110761979018833,97.6092245226667,97.2950516986706,96.84,50,108.115759,2370169,1.60067306068671,None
100,10000,90,8.9,8.82,108.092206,9.25136082429477,805.905632598214,825.409046986584,825.425892,0.113361287129063,95.337325692,94.7373393801965,94.74,28,108.075558,2366655,1.59773241390191,None
100,10000,90,8.9,9.05666666666667,108.327559,9.23126127119693,2328.58883169791,2341.36532853699,2341.383629,0.110403493833088,98.1086592676667,96.9727640780272,96.69,66,108.310327,2370913,1.60129240310318,None
100,10000,90,8.9,9.16833333333333,108.060381,9.25408545431651,3091.17666001862,3117.08064593892,3117.096668,0.109051064381022,99.0733593135,98.6275222686784,98.28,76,108.04065,2378476,1.60760536794331,None
100,10000,90,8.9,8.85,108.266984,9.23642612968696,2233.7450924064,2196.87303263428,2196.889635,0.112994063745951,95.81628084,95.2636534839925,95.05,63,108.250653,2360547,1.59264276890459,None
100,10000,90,8.9,9.08333333333333,108.105857,9.25019261444826,1612.07642454339,1639.22644560734,1639.244581,0.11005304373633,98.1961534416667,97.8073394495413,97.25,56,108.088503,2372355,1.60249747364099,None
100,10000,90,8.9,9.13833333333333,108.150344,9.24638760279856,3052.82964881188,3073.53381231005,3073.550115,0.109419379206092,98.8313893586667,97.948203538209,97.72,69,108.132283,2375230,1.60489654390602,None
100,10000,90,8.9,8.82,108.158749,9.24566906741867,952.245977756182,965.295164614701,965.313613,0.113368985918934,95.396016618,94.7751322751323,94.8,33,108.139526,2361135,1.59313152975152,None
10,10000,95,0.89,0.913333333333333,115.531507,8.65564750228697,115.882572326709,122.000157720803,122.16719,1.09451167788139,10.5518776393333,10.2189781021898,10.64,2,115.485813,1229412,0.771680748745248,None
10,10000,95,0.89,0.91,114.277784,8.75060720463393,128.808920017711,122.050151313187,122.203831,1.09855574927656,10.399278344,11.5384615384616,10.48,2,114.224991,1210957,0.764631059426347,None
10,10000,95,0.89,0.896666666666667,115.026022,8.69368498199477,146.142258951645,123.973960951673,124.138745,1.11518420843309,10.3139999726667,12.546468401487,10.4,2,114.980542,1211406,0.7648023386725,None
10,10000,95,0.89,0.876666666666667,114.106164,8.76376844987971,147.464904798392,121.135234264259,121.300656,1.13785128111407,10.003307044,12.3574144486692,10.1,2,114.061174,1195497,0.758724769217038,None
10,10000,95,0.89,0.905,115.08047,8.68957174053947,130.23615477753,123.032618154696,123.191099,1.09916479183425,10.414782535,10.865561694291,10.49,2,115.016031,1228820,0.77145419562032,None
10,10000,95,0.89,0.945,114.182789,8.75788732047875,138.107369147934,122.712528853616,122.87133,1.05662404189947,10.7902735605,12.1693121693122,10.88,2,114.139077,1234152,0.773491969177384,None
10,10000,95,0.89,0.825,115.165275,8.68317294427509,83.1727976026664,119.754655729293,119.769495,1.20896284215556,9.5011351875,6.45812310797174,9.58,2,115.116643,1210844,0.764585370024685,None
10,10000,95,0.89,0.908333333333333,114.577243,8.72773662392976,129.163548297581,122.001048038532,122.020271,1.09841945998532,10.4074329058333,10.9990834097159,10.48,2,114.527318,1222191,0.768922096312817,None
10,10000,95,0.89,0.858333333333333,115.276394,8.67480292626086,124.301978473157,122.257769739806,122.270993,1.16193956535146,9.89455715166667,9.8933074684772,9.98,2,115.229594,1224604,0.769842367090366,None
20,10000,95,1.78,1.8,113.142592,8.8384045506046,132.716049382716,127.919836687037,128.000277,0.55518638152037,20.36566656,21.4814814814815,20.42,2,113.095345,1567302,0.931159211553369,None
20,10000,95,1.78,1.78833333333333,113.072542,8.84388006418039,120.903755572908,126.558279188257,126.637339,0.558653351923579,20.2211395943333,19.4780987884436,20.27,2,113.035057,1563383,0.927892648880246,None
20,10000,95,1.78,1.79166666666667,113.076042,8.8436063229026,126.165494862088,127.890656225116,127.975088,0.557899021757209,20.259457525,20.3720930232558,20.31,3,113.040112,1573720,0.936507447372766,None
20,10000,95,1.78,1.83166666666667,113.051669,8.84551293090596,126.428111915788,127.451437178344,127.53265,0.545897520879891,20.7072973718333,21.2465878070974,20.76,2,113.007955,1555926,0.921679899580254,None
20,10000,95,1.78,1.73333333333333,113.353399,8.82196748242194,129.807692307692,128.377029117308,128.459401,0.5760224841875,19.6479224933333,20.1923076923077,19.71,3,113.30828,1546116,0.913500662955082,None
20,10000,95,1.78,1.75666666666667,113.167001,8.83649819438089,138.264279207429,128.836222071158,128.917601,0.569052051476281,19.8796698423333,21.0626185958254,19.93,3,113.127983,1561088,0.925978810261792,None
20,10000,95,1.78,1.74166666666667,113.694735,8.79548204233028,125.271857329274,128.170392992345,128.256399,0.572680362601914,19.8018330125,19.9043062200957,19.86,2,113.656535,1560814,0.925750210920944,None
20,10000,95,1.78,1.81333333333333,112.410495,8.89596651985208,138.374513408305,128.595382371324,128.680119,0.550166733817096,20.38376976,21.7830882352941,20.44,3,112.362634,1550079,0.916805967932908,None
20,10000,95,1.78,1.755,113.21442,8.83279709422174,137.920403701135,128.918365491928,128.929156,0.568741683511871,19.86913071,21.7370669197912,19.91,3,113.172093,1541869,0.90996201724238,None
30,10000,95,2.67,2.64166666666667,111.671768,8.95481479258034,143.657514752859,137.079179249842,137.134986,0.378535488798107,29.4999587133333,30.6940063091483,29.52,4,111.642298,1775886,1.10502656107537,None
30,10000,95,2.67,2.80333333333333,111.592921,8.96114189895612,139.972655846828,137.810272049346,137.864215,0.356403518144471,31.2832155203333,31.9262782401903,31.28,5,111.556337,1808766,1.13243619347235,None
30,10000,95,2.67,2.565,112.060634,8.92374033864559,135.400952746461,134.715257578298,134.780937,0.38918795934178,28.743552621,28.5575048732944,28.78,3,112.026596,1752395,1.08544611280662,None
30,10000,95,2.67,2.70833333333333,111.856598,8.94001800412346,138.788065210704,137.182016058462,137.189355,0.369088680065231,30.2944952916667,29.4678560442941,30.32,5,111.82505,1786255,1.11367141774954,None
30,10000,95,2.67,2.72833333333333,111.956965,8.93200347115519,129.414139800856,134.987928919365,135.040745,0.366220081078192,30.5455919508333,30.0549786194258,30.56,3,111.926175,1814201,1.13696272547809,None
30,10000,95,2.67,2.66833333333333,112.11338,8.91954198508688,124.765868927174,134.298148552155,134.350127,0.374639272226733,29.9155868966667,27.7326670830731,29.93,4,112.082492,1783754,1.11158546214251,None
30,10000,95,2.67,2.60333333333333,111.95618,8.93206609943283,135.254549061333,135.556455705506,135.611572,0.383926842879642,29.1459255266667,29.2573623559539,29.15,3,111.924957,1780035,1.10848281788732,None
30,10000,95,2.67,2.64333333333333,111.985257,8.92974688623521,137.589028487129,136.404393616015,136.410537,0.37782861768348,29.601436267,29.6879924361803,29.61,4,111.954742,1775874,1.10501693086449,None
30,10000,95,2.67,2.62666666666667,112.08563,8.92175027253717,128.835481798819,134.661260188452,134.666681,0.38068111801967,29.4411588133333,28.4490960989534,29.47,3,112.050106,1783120,1.111055182848,None
40,10000,95,3.56,3.49333333333333,111.316719,8.98337652226347,156.923766097547,149.974272839218,150.01661,0.28614917162166,38.886640504,40.5534351145038,38.86,4,111.290002,1929496,1.23308719737677,None
40,10000,95,3.56,3.45,111.149163,8.99691885219145,149.548414198698,146.308720137681,146.351884,0.289664116575362,38.346461235,38.6473429951691,38.32,6,111.1171,1928995,1.23266723683853,None
40,10000,95,3.56,3.67,111.148451,8.9969764850794,145.178101426729,148.57862052861,148.582203,0.272447096262489,40.791481517,39.8410896708286,40.75,6,111.116174,1955005,1.25435556382332,None
40,10000,95,3.56,3.56333333333333,111.125607,8.99882598616537,147.012367415409,146.706698511693,146.751388,0.280419768760524,39.597757961,39.9438727782975,39.57,4,111.095723,1949136,1.24945884272963,None
40,10000,95,3.56,3.61833333333333,110.989161,9.00988881247602,157.280308815102,151.173902065408,151.214316,0.276335675046522,40.1595780885,41.2713035467527,40.13,5,110.957614,1948831,1.24920717868821,None
40,10000,95,3.56,3.43666666666667,110.883233,9.01849606062623,149.441042521786,147.123552401067,147.168909,0.290917542241028,38.1068710743333,38.6032977691562,38.09,7,110.851654,1934352,1.23713084787292,None
40,10000,95,3.56,3.52166666666667,111.040733,9.00570424008278,151.989946176387,148.594391370563,148.635735,0.283885336599148,39.1048448048333,39.4226218646474,39.09,5,111.012822,1952511,1.2522694792117,None
40,10000,95,3.56,3.65666666666667,110.850936,9.02112364662397,149.762050973526,148.95741897949,148.997836,0.273132381853236,40.534492264,42.3655423883318,40.51,5,110.819117,1941290,1.2429240208611,None
40,10000,95,3.56,3.51166666666667,110.977097,9.01086825149157,137.044034068192,142.939453647841,142.986213,0.284706287902231,38.9714572298333,37.8262933080209,38.95,4,110.946966,1930213,1.23368516480441,None
50,10000,95,4.45,4.55666666666667,110.253981,9.06996727855115,170.574129777614,167.964835260059,167.997404,0.219216563139722,50.239064009,51.2435991221653,50.16,5,110.225765,2065838,1.34677194625889,None
50,10000,95,4.45,4.42666666666667,110.305267,9.06575023294219,156.669600087095,160.284469584714,160.31782,0.225774717176581,48.8284648586667,48.7198795180723,48.76,5,110.278273,2056017,1.33857996281622,None
50,10000,95,4.45,4.46166666666667,109.93934,9.09592508013965,177.11997314106,168.824044977587,168.856795,0.224122644968995,49.0512688633333,49.6638027642884,48.98,9,109.913691,2040268,1.32545505630827,None
50,10000,95,4.45,4.415,110.350932,9.06199867890559,171.307619662028,165.932725590412,165.965935,0.2264479958188,48.719936478,49.4337485843715,48.66,6,110.326025,2049870,1.33345629248425,None
50,10000,95,4.45,4.41833333333333,110.447865,9.05404554447476,157.261140433544,161.220892816673,161.255851,0.226309725866466,48.7995483525,47.3972086005281,48.74,5,110.420728,2071091,1.35114323777035,None
50,10000,95,4.45,4.48333333333333,110.138865,9.07944711433153,160.155332292257,161.758580807435,161.791422,0.223033065421933,49.378924475,49.4237918215613,49.31,6,110.112533,2062711,1.3441616836609,None
50,10000,95,4.45,4.49166666666667,110.434212,9.05516489763154,166.376957259544,165.267516244156,165.300101,0.22255716632616,49.60336689,49.165120593692,49.54,7,110.409548,2060773,1.34254756112923,None
50,10000,95,4.45,4.47333333333333,110.137038,9.07959772805947,153.251258770303,159.263877099106,159.295764,0.22336687617921,49.267968332,48.5096870342772,49.2,6,110.11264,2057441,1.33976888963543,None
50,10000,95,4.45,4.47333333333333,110.387787,9.05897316339896,164.994969360853,164.465709863636,164.498736,0.223531525007824,49.380136718,49.198956780924,49.32,7,110.364425,2056314,1.33883016657652,None
50,10000,95,4.45,4.52,110.109104,9.08190116595627,157.812214477772,161.731408808628,161.763077,0.221202893000737,49.769315008,48.9491150442478,49.7,7,110.083564,2050965,1.33437386204265,None
60,10000,95,5.34,5.37166666666667,109.468157,9.13507660497107,173.483540049996,178.782984732858,178.809576,0.186148598807943,58.8026450018333,58.2531802668322,58.69,6,109.447287,2146515,1.41405461989365,None
60,10000,95,5.34,5.20166666666667,109.71006,9.11493440072861,187.687853396917,186.182287006088,186.212073,0.192040478225889,57.06751621,56.6805511054149,56.97,10,109.684982,2114899,1.38769521567168,None
60,10000,95,5.34,5.33666666666667,109.603081,9.12383110836091,170.265617093626,177.881652553716,177.909558,0.187330314078701,58.4915108936667,57.6983135540287,58.39,7,109.581641,2151482,1.41819296586462,None
60,10000,95,5.34,5.31,109.535112,9.1294926507219,186.609732078786,185.898670698368,185.926163,0.18827060045543,58.163144472,58.1920903954802,58.06,8,109.509331,2149436,1.41648604409084,None
60,10000,95,5.34,5.26833333333333,109.718933,9.11419727350065,185.399784485886,184.280235461879,184.310033,0.189781967623221,57.8035912021667,58.1303385004745,57.7,8,109.694863,2133825,1.40347299447553,None
60,10000,95,5.34,5.30333333333333,109.763129,9.11052745225585,190.9606242847,187.887642556568,187.915166,0.188531192170962,58.2110460796667,59.1923318667505,58.11,8,109.736522,2136332,1.40556452759252,None
60,10000,95,5.34,5.115,109.964169,9.09387129547626,180.023678273607,180.172736272076,180.202157,0.195485742489084,56.2466724435,56.3864450961225,56.14,6,109.937701,2128261,1.3988278847605,None
60,10000,95,5.34,5.16333333333333,109.894029,9.099675470084,172.824384085861,177.152378836023,177.18105,0.193659055152356,56.741950307,56.3428018076178,56.66,6,109.872382,2139758,1.40841279481078,None
60,10000,95,5.34,5.27666666666667,109.654571,9.11954687233239,178.379808523043,180.623070549589,180.650845,0.189403638321541,57.8610619643333,57.8963992419457,57.76,6,109.630523,2131584,1.40160549120449,None
70,10000,95,6.23,6.11833333333333,109.174583,9.15964112269611,216.00237039394,216.245266852629,216.269439,0.163427647168074,66.7966490321667,66.8618904930537,66.65,9,109.15264,2210341,1.46729243700498,None
70,10000,95,6.23,6.16,109.195915,9.15785173831823,218.646342834655,219.031679082251,219.055402,0.162323633806277,67.26468364,67.5324675324675,67.12,11,109.176138,2212794,1.46933939435925,None
70,10000,95,6.23,6.16833333333333,109.176195,9.15950587946393,208.002963481904,212.195187214807,212.221525,0.16210201575331,67.3435162825,67.3061334774385,67.2,8,109.153522,2215274,1.47140685794963,None
70,10000,95,6.23,6.16333333333333,109.066865,9.16868748359092,217.634603009874,217.691884892915,217.694676,0.162239745112223,67.2215444616667,67.9870217655806,67.06,9,109.047622,2214080,1.47041095313572,None
70,10000,95,6.23,6.16166666666667,109.193831,9.15802651891571,221.864382213711,221.81746390046,221.842781,0.162245987554774,67.2815988678333,67.2572355964295,67.14,9,109.171523,2206897,1.46442441224357,None
70,10000,95,6.23,6.06333333333333,109.380791,9.14237308815951,206.338566007034,210.099061465915,210.122732,0.164917545336449,66.3212196096667,65.695437053326,66.17,8,109.35559,2213826,1.47019467823089,None
80,10000,95,7.12,7.11833333333333,108.740033,9.19624514000286,284.813025462188,286.318359889487,286.339351,0.140473991289628,77.4047801571667,78.2369468508546,77.22,10,108.717885,2282209,1.52724948032641,None
80,10000,95,7.12,7.17166666666667,108.718148,9.19809634726302,324.528179007618,318.834490772717,318.83622,0.139423336422728,77.9690318073333,78.354827466016,77.77,17,108.700608,2280510,1.52583625119844,None
80,10000,95,7.12,7.045,108.852631,9.18673247319121,267.149419486041,271.830555681334,271.851898,0.141938481238704,76.6866785395,76.5909628578188,76.5,11,108.833029,2283264,1.52812502390917,None
80,10000,95,7.12,7.06333333333333,108.728508,9.19721992322382,280.54704056386,282.116997459415,282.118988,0.141535396269939,76.798569484,76.5601038103103,76.59,15,108.705597,2285850,1.53028095967324,None
80,10000,95,7.12,7.06166666666667,108.924104,9.18070439211508,299.913620465583,296.039546405712,296.062352,0.141543517121076,76.9185714413333,77.5666745338683,76.72,16,108.904324,2280386,1.5257273433593,None
80,10000,95,7.12,7.03166666666667,108.848996,9.18703926309068,267.809575537834,271.116016630007,271.136843,0.142155129352927,76.5389856873333,76.4399146717232,76.34,10,108.830142,2280380,1.52572033294966,None
80,10000,95,7.12,7.10666666666667,108.709546,9.19882417685748,268.852806690861,274.272679625704,274.294173,0.140708075933161,77.2562506906667,77.1224202626642,76.94,11,108.691951,2284398,1.52907255577357,None
90,10000,95,8.01,7.96166666666667,108.432419,9.22233414344468,415.403706152689,420.149204967553,420.17025,0.125507423822901,86.3302775938333,86.5815365292024,86.1,16,108.413785,2323062,1.56134879605355,None
90,10000,95,8.01,8.03,108.428217,9.22269154347526,467.063373288318,467.460722060814,467.480443,0.124531093027605,87.067858251,87.1419676214197,86.82,23,108.406537,2329749,1.56692652070175,None
90,10000,95,8.01,7.91166666666667,108.53869,9.21330449077652,399.489500514533,403.944059851907,403.963696,0.12637150420434,85.8721935716667,86.0648830840531,85.5,19,108.516588,2318978,1.55794142100911,None
90,10000,95,8.01,8.11166666666667,108.251179,9.23777467587674,439.752897014357,446.306525966098,446.308202,0.123255167551469,87.8097480321667,88.0431432973806,87.56,15,108.229935,2329812,1.56698303113536,None
90,10000,95,8.01,7.84333333333333,108.294423,9.23408585869653,393.327395884376,396.995498575436,397.014455,0.127486307231194,84.938925773,84.6260093497663,84.56,16,108.272781,2312308,1.55237672522877,None
90,10000,95,8.01,7.75666666666667,108.416702,9.2236710908251,396.501043688662,396.015796151268,396.034687,0.128907786701762,84.0952218513333,83.8311130210572,83.87,16,108.395707,2313833,1.55364415551416,None
90,10000,95,8.01,7.93,108.359365,9.2285516807892,404.005307050394,409.397731508407,409.415983,0.126100725990752,85.928976445,86.1391340899538,85.7,15,108.343054,2321932,1.56040475014657,None
90,10000,95,8.01,7.78833333333333,108.588658,9.20906490989142,389.944941433843,392.422649906912,392.441466,0.12838518854419,84.5724664723333,84.4746415578857,84.2,21,108.569653,2313352,1.55324499882247,None
90,10000,95,8.01,7.99666666666667,108.26378,9.23669947603899,415.763063705334,421.113995920175,421.13265,0.12502832860421,86.5749360733333,86.2025844101709,86.34,17,108.242655,2327381,1.56495012021735,None
90,10000,95,8.01,8.16833333333333,108.504882,9.21617517633907,459.346020393758,467.23419258886,467.252104,0.122410856974699,88.630404447,88.645174454193,88.38,18,108.483705,2334560,1.57094510077538,None
100,10000,95,8.9,9.075,108.023328,9.25725969116597,1448.3715798396,1476.30764480624,1476.309411,0.110187347655464,98.03117016,97.0985217151777,97.08,40,108.002507,2372968,1.60300750979371,None
100,10000,95,8.9,8.91,108.205693,9.24165792274904,1317.85074421313,1328.43886559428,1328.455589,0.112218597078189,96.411272463,96.4552936775159,96.11,41,108.185531,2368819,1.59954374778588,None
100,10000,95,8.9,8.96833333333333,108.076928,9.25266861767203,1324.07483418932,1339.55394080152,1339.571621,0.111498763475005,96.9269915946667,97.1102025645791,96.63,39,108.057855,2367742,1.59864886273111,None
100,10000,95,8.9,8.895,108.047207,9.25521378817316,1023.30575216891,1040.87274235563,1040.891787,0.11238417406914,96.1079906265,95.7373056023984,95.51,49,108.028173,2363380,1.59500674752975,None
100,10000,95,8.9,8.88833333333333,108.100789,9.25062628358799,1309.69534742743,1314.12836403113,1314.144948,0.112491515059441,96.0835846228333,95.7528595537221,95.63,42,108.083103,2364272,1.59575093628555,None
100,10000,95,8.9,8.66833333333333,108.216511,9.24073406875962,1199.7160411781,1181.70762773774,1181.725001,0.115313211271294,93.8056789518333,93.9819265525861,93.54,39,108.197777,2359611,1.59185430069853,None
100,10000,95,8.9,8.88,108.148284,9.24656372726173,1087.93337256175,1101.73366039152,1101.750564,0.112582704554805,96.035676192,95.5611861861862,95.28,35,108.128003,2365835,1.59705186281221,None
10,20000,75,0.89,0.86,117.231799,8.53010879752856,96.8992248062016,122.771469372093,122.945199,1.15827633773643,10.081934714,8.13953488372093,10.17,2,117.189714,1478321,0.866754688428804,None
10,20000,75,0.89,0.888333333333333,116.655855,8.57222297157738,126.720851564123,123.209244318949,123.369893,1.12550524103002,10.3629284525,10.8818011257036,10.45,2,116.61503,1510345,0.883657431181349,None
10,20000,75,0.89,0.91,116.673848,8.57090099573985,132.712667021908,124.843795745421,124.857448,1.09829146247619,10.617320168,11.5279048490393,10.7,2,116.641158,1495149,0.873184283864401,None
10,20000,75,0.89,0.905,116.28084,8.59986907559319,121.078925144735,124.228582813996,124.396137,1.10483357228361,10.52341602,9.85267034990793,10.61,3,116.246915,1510463,0.883756327767599,None
10,20000,75,0.89,0.883333333333333,117.052358,8.54318543501704,136.703453186187,124.461145349057,124.630168,1.13139997992264,10.3396249566667,11.5094339622642,10.43,2,117.015806,1500564,0.875506291250087,None
10,20000,75,0.89,0.9,116.565833,8.57884316753435,137.860082304527,125.454206225926,125.623422,1.11020278493704,10.49092497,11.2962962962963,10.57,2,116.531457,1514600,0.887203789065847,None
10,20000,75,0.89,0.883333333333333,117.177826,8.53403783067284,98.2556069775721,122.941974120755,123.108083,1.13108285105283,10.3507079633333,8.67924528301887,10.44,1,117.141637,1520310,0.891961804061474,None
20,20000,75,1.78,1.80833333333333,114.114066,8.7631615895625,141.179468665718,130.550715163134,130.628977,0.552170750562212,20.635626935,22.4884792626728,20.68,3,114.08467,1879909,1.19168098016306,None
20,20000,75,1.78,1.8,113.307076,8.82557414154788,133.425883078822,128.512903700926,128.520188,0.55546924047037,20.39527368,21.1476168440537,20.44,5,113.280421,1846804,1.16409086491873,None
20,20000,75,1.78,1.79833333333333,113.465415,8.81325820735772,124.201088949797,127.556016725672,127.642793,0.555352531954588,20.4048637975,20.5746061167748,20.46,3,113.439871,1825039,1.14595241797731,None
20,20000,75,1.78,1.84166666666667,113.711467,8.79418783683443,126.778730984214,127.737382533937,127.815724,0.542283183984615,20.9418618391667,20.9049773755656,20.98,3,113.687104,1847887,1.16499573008324,None
20,20000,75,1.78,1.79333333333333,114.100363,8.7642140104322,115.048161302359,126.986967005576,127.06653,0.556946056214684,20.4619984313333,18.9591078066915,20.51,3,114.073418,1862122,1.17685689318656,None
20,20000,75,1.78,1.815,114.179622,8.7581302379859,132.049268037247,129.315542651056,129.401667,0.550176520182736,20.723601393,20.8448117539027,20.77,4,114.150389,1861684,1.17649299474235,None
20,20000,75,1.78,1.80833333333333,113.676821,8.79686809679521,130.670951609719,128.703293175115,128.711406,0.551908463770507,20.5565584641667,20.9120221096269,20.6,3,113.640259,1817340,1.13953680934965,None
20,20000,75,1.78,1.82666666666667,113.748956,8.79128947785683,124.373967712718,128.151825899635,128.237384,0.547415523085767,20.7781426293333,20.5748175182482,20.84,3,113.722659,1839599,1.15808806302618,None
20,20000,75,1.78,1.86,113.745933,8.79152312197395,126.218830693336,128.369184445341,128.447078,0.536623053545699,21.156743538,21.594982078853,21.2,2,113.718145,1854190,1.17024948260276,None
30,20000,75,2.67,2.55333333333333,112.239169,8.909545650681,136.768946546776,134.41346118342,134.472462,0.391225657462794,28.6584011513333,29.6344647519582,28.67,4,112.214789,1989793,1.2832931147046,None
30,20000,75,2.67,2.70666666666667,112.243214,8.90922457013749,134.679317624791,136.439820772168,136.494073,0.36937293207266,30.3804965893333,29.987684729064,30.38,4,112.21419,2019535,1.30808809970332,None
30,20000,75,2.67,2.64333333333333,112.502513,8.88869033529944,136.916811508009,135.655339733291,135.717259,0.378300397339849,29.7381642696667,29.7919293820933,29.74,4,112.475511,2011584,1.30145872100722,None
30,20000,75,2.67,2.65666666666667,112.325338,8.90271080243711,151.013288539678,139.358872412171,139.416004,0.376393519929109,29.8410981286667,31.6499372647428,29.85,4,112.300402,2009533,1.2997499254687,None
30,20000,75,2.67,2.74,112.056172,8.92409567587228,134.086348056192,135.299044153285,135.35142,0.364802619900243,30.703391128,30.6569343065693,30.71,3,112.028777,2038064,1.32353179784817,None
30,20000,75,2.67,2.64833333333333,112.09718,8.92083101466067,146.380817459239,138.105979434235,138.161262,0.377418207846444,29.6870698366667,31.1516677155444,29.7,4,112.074041,2016505,1.30555970666324,None
30,20000,75,2.67,2.54666666666667,112.0204,8.92694544922175,140.31276554919,135.682281468586,135.740357,0.392174648176702,28.5278618666667,29.7774869109948,28.54,3,111.998304,1988771,1.28244078059259,None
30,20000,75,2.67,2.63833333333333,112.187171,8.91367516522901,135.999639249783,135.918734801642,135.972377,0.378553787875553,29.5987152821667,29.7536323436513,29.62,4,112.16128,1988906,1.28255827034971,None
30,20000,75,2.67,2.59666666666667,112.314273,8.90358788147968,122.972903940241,133.613920274711,133.669307,0.385095668259307,29.164272889,27.1822849807445,29.19,3,112.292742,1996901,1.28921932839175,None
40,20000,75,3.56,3.53666666666667,110.843898,9.02169644015948,135.779646999567,143.445002873704,143.488072,0.282393019404336,39.201791926,37.3232799245994,39.18,5,110.822775,2133472,1.40308716042342,None
40,20000,75,3.56,3.65,111.00101,9.00892703588913,146.55657721899,147.460648127397,147.503127,0.273964919431507,40.51536865,40.5707762557078,40.47,5,110.981361,2127299,1.39794879622089,None
40,20000,75,3.56,3.42666666666667,111.138833,8.99775508709903,151.875880028464,146.39379943823,146.435649,0.291572382001459,38.0835734413333,40.0291828793774,38.06,4,111.116567,2114402,1.38718827001897,None
40,20000,75,3.56,3.625,111.004357,9.00865539899484,146.936187078874,147.849232095632,147.888849,0.275842293566437,40.2390794125,40.2528735632184,40.2,4,110.984372,2142597,1.41069722371802,None
40,20000,75,3.56,3.54666666666667,110.931889,9.0145404447228,136.207530103454,143.001013631109,143.048883,0.281834949791823,39.3438432986667,38.4398496240602,39.32,4,110.907635,2127211,1.39786978216863,None
40,20000,75,3.56,3.45166666666667,111.154489,8.99648776218116,141.290325739484,144.772495252052,144.817716,0.289607047516659,38.3668244531667,37.0352486721391,38.34,5,111.13329,2102977,1.37766779377617,None
40,20000,75,3.56,3.61166666666667,110.942625,9.0136681009666,142.432173064671,146.407091115828,146.410461,0.276769230142132,40.0687780625,38.800461361015,40.04,4,110.922228,2144180,1.4120157424376,None
40,20000,75,3.56,3.50166666666667,110.811499,9.02433419838495,147.206708530038,147.250679227511,147.292245,0.285482451693955,38.8024932331667,37.8391242265588,38.78,6,110.791167,2135817,1.40503955912252,None
50,20000,75,4.45,4.42,110.219442,9.07280949580565,164.393985927124,162.414839642911,162.449984,0.226196775951358,48.716993364,49.000754147813,48.66,6,110.19949,2186708,1.44750339895976,None
50,20000,75,4.45,4.445,110.119719,9.08102571529446,162.887400604733,162.25221875703,162.284218,0.224763687263967,48.9482150955,50.2062242219723,48.87,6,110.093987,2212921,1.46935160088847,None
50,20000,75,4.45,4.6,109.85952,9.10253385414391,169.305293005671,167.526421575725,167.558423,0.21735808945471,50.5353792,51.322463768116,50.45,6,109.838768,2205602,1.46325968550412,None
50,20000,75,4.45,4.37166666666667,110.182836,9.07582375171393,158.630746603734,159.301352413649,159.335714,0.228654851704156,48.168263138,48.0747235989325,48.12,6,110.164678,2205287,1.46298523392628,None
50,20000,75,4.45,4.325,110.596654,9.041864865098,164.478153853008,161.926814341426,161.959945,0.231194809228516,47.833052855,48.6127167630058,47.77,5,110.5747,2201903,1.46016306931787,None
50,20000,75,4.45,4.43,110.348275,9.06221687652118,161.104854886734,161.225979255831,161.258372,0.225526716778405,48.884285825,49.8118886380737,48.82,6,110.330794,2211960,1.46855040220037,None
50,20000,75,4.45,4.635,110.055085,9.08635889018667,157.526007695151,163.186057832434,163.218262,0.215720144425746,51.0105318975,49.3527508090615,50.95,5,110.036826,2233305,1.48635134892145,None
50,20000,75,4.45,4.41333333333333,112.026553,8.92645514139849,171.019678812667,168.412056544184,168.414725,0.226504207176737,49.4410520573333,50.5191617896923,49.37,6,112.007166,2183624,1.44493664598693,None
50,20000,75,4.45,4.66333333333333,109.778495,9.10925222649482,164.546206547003,165.641552637956,165.671868,0.214388566785204,51.1933715016667,50.7147962830593,51.12,6,109.758968,2212841,1.46929647020639,None
60,20000,75,5.34,5.37833333333333,109.469456,9.13496820519506,182.963911657614,184.031261238922,184.059067,0.185924690065696,58.8763224186667,59.3585373411838,58.76,7,109.450351,2252369,1.50228105785945,None
60,20000,75,5.34,5.23333333333333,109.76025,9.1107664204482,171.338695104131,177.84492726242,177.847403,0.190694977428344,57.4411975,55.9465053335456,57.33,6,109.742153,2254586,1.50412138398923,None
60,20000,75,5.34,5.305,109.638898,9.12085052150014,183.526824142039,183.958967838831,183.987315,0.188405656479736,58.163435389,58.0270185359724,58.06,8,109.619703,2263693,1.51171559311658,None
60,20000,75,5.34,5.375,109.540656,9.12903059481404,182.98900306472,185.212197097054,185.239229,0.185875245627907,58.8781026,58.6666666666667,58.77,7,109.524388,2263856,1.51185517548764,None
60,20000,75,5.34,5.32833333333333,109.559396,9.12746908535348,180.427164540251,182.972627050985,182.975186,0.187636960806381,58.3768981686667,57.6231430805317,58.26,6,109.5375,2258990,1.50779684091626,None
60,20000,75,5.34,5.38333333333333,109.515863,9.13109729135769,183.170947571593,184.97550905356,184.978584,0.185682972782353,58.9560395816667,59.0156322550689,58.85,7,109.490674,2266994,1.51447102365741,None
60,20000,75,5.34,5.28166666666667,109.610272,9.12323253791397,186.824854735759,185.274017834017,185.30121,0.189313078107289,57.8924919946667,58.2675923004102,57.79,8,109.590551,2257476,1.50653250944094,None
70,20000,75,6.23,6.07166666666667,109.022795,9.17239371821278,218.996433622282,218.037307081526,218.062986,0.164547660289322,66.1950070308333,65.9346692286577,66.06,11,109.006101,2302857,1.54440025131102,None
70,20000,75,6.23,6.255,108.947784,9.17870894923388,232.523813083826,230.387351970157,230.41352,0.159841941928058,68.146838892,67.9056754596323,68,11,108.931405,2316250,1.5555735557633,None
70,20000,75,6.23,6.20833333333333,108.890778,9.18351414478828,235.816404666457,230.789074724564,230.813208,0.160984561474899,67.603024675,68.3624161073826,67.45,10,108.872508,2302275,1.54392258269323,None
70,20000,75,6.23,6.17,109.176663,9.15946661604779,209.444804901989,213.671689766072,213.694698,0.161904331595624,67.362001071,66.8827660723933,67.23,10,109.157474,2304045,1.54539668415075,None
70,20000,75,6.23,6.24333333333333,108.916152,9.18137467801837,227.642712112354,226.050607485318,226.075033,0.160127669799787,67.999984232,68.4196476241324,67.85,9,108.898708,2306383,1.54734869774545,None
70,20000,75,6.23,6.34166666666667,108.804075,9.19083223675216,250.973458051081,243.904245171879,243.927557,0.157661473340342,68.9999175625,69.2378449408673,68.83,15,108.786191,2307748,1.54849165668118,None
70,20000,75,6.23,6.16166666666667,109.032237,9.17159940504569,203.86588662455,209.25023073492,209.273325,0.162234047675142,67.1820300315,66.675682986205,67.04,8,109.012854,2309747,1.55014822210907,None
70,20000,75,6.23,6.22833333333333,108.858698,9.18622047087133,207.172573421775,212.999120678352,213.0254,0.160543707066363,67.8008257376667,66.7380251538667,67.64,12,108.840228,2308714,1.5492904402597,None
70,20000,75,6.23,6.23833333333333,108.962226,9.1774923908034,224.658711130997,223.842237271974,223.844331,0.160298110340369,67.974268653,68.5187658608254,67.81,9,108.947948,2300998,1.54286013709858,None
80,20000,75,7.12,7.26833333333333,108.594204,9.20859459497489,293.495940046443,297.610771021784,297.630478,0.137533881595735,78.929887274,78.5714285714286,78.73,12,108.577276,2342302,1.57734594174254,None
80,20000,75,7.12,7.145,108.670496,9.2021297114536,306.572362324426,304.923382677164,304.943725,0.13992498526802,77.645069392,77.9332866806625,77.44,14,108.655365,2337191,1.5730788508925,None
80,20000,75,7.12,6.91,108.798191,9.19132929333356,295.805836602224,291.020456810661,291.046346,0.144706626328509,75.179549981,75.2411963338157,74.98,14,108.777554,2332818,1.56942059200944,None
80,20000,75,7.12,7.12666666666667,108.560626,9.21144283011043,279.569612543655,282.941865137512,282.962315,0.140314199396399,77.3675394626667,76.8124415341441,77.17,12,108.545629,2343196,1.57808262884563,None
80,20000,75,7.12,7.08166666666667,108.591115,9.20885654411045,271.286126548902,274.936208326194,274.958913,0.141193148861615,76.9006079391667,76.66509767004,76.7,11,108.57128,2337724,1.57351910194193,None
80,20000,75,7.12,7.06166666666667,108.667395,9.20239230911903,281.447885210974,282.970254021714,282.990743,0.14156853409417,76.7372921025,76.7642199669578,76.53,12,108.650625,2341378,1.57656382885127,None
80,20000,75,7.12,7.11166666666667,108.488111,9.2175998898165,274.110000670611,278.331155916803,278.352143,0.14060014577947,77.1531282728333,76.5526130771034,76.83,12,108.470484,2338353,1.5740440853596,None
80,20000,75,7.12,7.065,108.525331,9.21443860880738,265.271740337215,270.317795332626,270.33859,0.141519048787214,76.6731463515,76.0792639773532,76.48,12,108.510771,2339015,1.57459397166682,None
90,20000,75,8.01,8.005,108.370281,9.22762210056464,494.628916473321,490.487408432646,490.505109,0.124890250195086,86.7504099405,86.9352488028316,86.37,23,108.351542,2363281,1.59487413864639,None
90,20000,75,8.01,8.11666666666667,108.177761,9.24404416172008,485.818129688113,487.830557185832,487.848385,0.123126452690965,87.8042826783334,87.217659137577,87.41,19,108.157899,2365121,1.59641354409482,None
90,20000,75,8.01,7.93,108.287402,9.23468456653896,405.144955307236,408.795489610761,408.814321,0.126101979107818,85.871909786,86.7906683480454,85.64,17,108.270833,2364998,1.59630131256424,None
90,20000,75,8.01,8.045,108.256898,9.23728666232428,498.181775575368,495.901706962088,495.920598,0.12427306586762,87.092674441,87.207375181272,86.86,25,108.237764,2357908,1.59039824165277,None
90,20000,75,8.01,7.89,108.435477,9.22207406345434,512.874264482644,500.989720461132,501.010326,0.126699731201943,85.555591353,85.6358259400084,85.33,29,108.417083,2361570,1.5934422675968,None
90,20000,75,8.01,8.09666666666667,108.115032,9.24940761244005,479.805987788899,480.126408308152,480.145963,0.123477033534376,87.537137576,88.0197612186085,87,25,108.096212,2358162,1.5906107250123,None
90,20000,75,8.01,7.97666666666667,108.343583,9.22989596901184,401.858988004608,409.495239949018,409.516973,0.1253649397944,86.4220647063333,85.9277058086084,86.19,19,108.32476,2360189,1.59229586762577,None
100,20000,75,8.9,8.93166666666667,108.108828,9.24993840466016,1972.38882670951,1961.55329301194,1961.569503,0.111952770679791,96.559201542,96.2399701436835,95.79,58,108.090835,2378375,1.60750744597564,None
100,20000,75,8.9,8.9,108.088435,9.25168358668529,1399.90258876152,1403.6549366824,1403.658124,0.112342283449813,96.19870715,96.2550323003464,95.75,39,108.07303,2377951,1.60715379790477,None
100,20000,75,8.9,8.81,108.197303,9.24237455345814,789.086714397314,810.336004831631,810.352691,0.113496044859629,95.321823943,94.0692395005675,94.73,27,108.178652,2376190,1.60568028681371,None
100,20000,75,8.9,8.94166666666667,108.119083,9.24906105613197,2155.91199387838,2141.23939985741,2141.256053,0.111814778847717,96.6764800491667,96.8219944082013,96.39,52,108.100576,2376722,1.6061328854993,None
100,20000,75,8.9,8.87833333333333,107.878068,9.26972477853422,1051.61485233303,1064.67539221982,1064.692304,0.112628743770415,95.777744706,95.6729866716726,95.49,50,107.858696,2377091,1.60643550717761,None
100,20000,75,8.9,8.94,108.156655,9.24584807102254,1046.1031952181,1068.32130776081,1068.33729,0.111778221754661,96.69204957,96.7095451155854,96.4,29,108.13896,2378694,1.60777671474957,None
100,20000,75,8.9,8.89,108.017821,9.25773164781763,1545.23710407965,1541.48970353056,1541.50625,0.112429761799963,96.027842869,95.9036370453693,95.27,50,107.999019,2373471,1.60341682817044,None
100,20000,75,8.9,8.81,108.10165,9.25055260488623,1481.41515312759,1468.15662921775,1468.174063,0.113425889128453,95.23755365,95.3934922436625,94.8,51,108.083927,2375857,1.60540309930642,None
100,20000,75,8.9,8.855,108.248453,9.23800730898205,1004.4410811939,1018.58310145078,1018.584763,0.112913583446076,95.8540051315,95.2950032934977,94.94,44,108.229315,2375707,1.60527883756327,None
100,20000,75,8.9,8.67833333333333,108.016707,9.25782712483542,721.318515807763,733.320721711734,733.337323,0.115218466204148,93.7404988915,93.6335701939697,93.47,26,108.002673,2372852,1.60289095419245,None
10,20000,80,0.89,0.875,117.230855,8.53017748612343,113.197278911565,124.517206733333,124.67957,1.14102717858476,10.2576998125,9.14285714285714,10.34,2,117.1956,1540676,0.908933606501796,None
10,20000,80,0.89,0.851666666666667,116.966268,8.54947342596243,133.271548439229,124.108268876712,124.286253,1.17260483845401,9.961627158,10.7632093933464,10.06,2,116.931262,1495304,0.873241270021029,None
10,20000,80,0.89,0.89,115.930965,8.62582313534611,119.934351723267,123.620484348315,123.778672,1.12252262475468,10.317855885,9.92509363295881,10.41,2,115.896562,1486040,0.869703926625081,None
10,20000,80,0.89,0.863333333333333,117.040046,8.5440841333914,96.1524127547294,122.193647210425,122.36347,1.15566229234749,10.1044573046667,7.72200772200772,10.19,2,117.003369,1524083,0.895105178555392,None
10,20000,80,0.89,0.861666666666667,117.141707,8.53666918137022,105.503780552136,122.538916485493,122.740656,1.15937692975048,10.0937104198333,9.09090909090909,10.19,1,117.095831,1473483,0.864906795450186,None
10,20000,80,0.89,0.873333333333333,116.681681,8.57032561949463,163.732817150467,126.320638295802,126.341655,1.14323656640649,10.1902001406667,13.7273593898951,10.27,2,116.64303,1485021,0.869314218553739,None
10,20000,80,0.89,0.878333333333333,116.672274,8.57101662388101,127.462382394349,124.022616174573,124.185028,1.13821480475712,10.247714733,11.0056925996205,10.34,2,116.637326,1497354,0.874025276130342,None
10,20000,80,0.89,0.883333333333333,116.73978,8.56606034378341,136.703453186187,125.477256162264,125.659115,1.13109033853208,10.3120139,11.3207547169811,10.4,2,116.704875,1504336,0.878649611161934,None
20,20000,80,1.78,1.85333333333333,114.089238,8.76506862110868,132.951193002433,129.962969984712,130.043921,0.539133335568345,21.144538776,21.5827338129496,21.18,3,114.06015,1884559,1.19555838810013,None
20,20000,80,1.78,1.715,114.392557,8.74182749494795,116.674714012435,126.974193862974,126.981189,0.582547121312925,19.6183235255,17.969888295289,19.66,3,114.36589,1828746,1.14903836811834,None
20,20000,80,1.78,1.79833333333333,114.290397,8.74964149437682,111.059479953034,127.19841244671,127.278933,0.556044053871177,20.5532230605,19.3234476367007,20.6,2,114.250931,1872042,1.18512442231422,None
20,20000,80,1.78,1.76666666666667,114.141652,8.76104368981798,127.091491634034,128.221256268868,128.305532,0.565914841068868,20.1650251866667,19.9056603773585,20.22,3,114.107101,1839132,1.15769622975434,None
20,20000,80,1.78,1.76333333333333,114.116587,8.76296799868366,130.788554929406,129.183816172023,129.265728,0.567018034753308,20.1225581743333,20.179584120983,20.17,3,114.089732,1841558,1.15971779665659,None
20,20000,80,1.78,1.71,114.360346,8.7442897383329,137.079215257116,129.570079876218,129.655027,0.58473807544347,19.555619166,21.2962962962963,19.6,3,114.328393,1814198,1.13691411917115,None
20,20000,80,1.78,1.76,113.901724,8.77949836825999,144.197658402204,130.304772785985,130.389909,0.56755971174053,20.046703424,22.0643939393939,20.09,3,113.875158,1818304,1.14033803842709,None
20,20000,80,1.78,1.85166666666667,113.71336,8.79404143893031,131.246247937125,129.811676282628,129.896797,0.539848136774077,21.0559238266667,20.7020702070207,21.12,3,113.681556,1861384,1.17624449095526,None
20,20000,80,1.78,1.72166666666667,114.148434,8.76052316232389,139.163649892371,129.637614810261,129.722026,0.580739762609874,19.652555387,21.055179090029,19.71,4,114.115222,1810457,1.1337969109379,None
20,20000,80,1.78,1.71166666666667,114.01504,8.77077269805808,130.839296160436,129.018355681597,129.10973,0.583053107298929,19.5155743466667,20.1557935735151,19.56,2,113.914144,1812467,1.13547137239001,None
30,20000,80,2.67,2.755,112.085789,8.92173761653228,140.053793388824,137.705417179673,137.710267,0.362851824558379,30.8796348695,31.6903537949803,30.88,4,112.062986,2026141,1.31359591417056,None
30,20000,80,2.67,2.72166666666667,112.236816,8.9097324357455,137.698846772158,137.78515418861,137.842325,0.36734492196387,30.547120088,31.2921004286589,30.55,4,112.214493,2020877,1.30920732419527,None
30,20000,80,2.67,2.71666666666667,112.118405,8.91914222290265,137.415785313712,137.145013860736,137.197637,0.367857012949693,30.4588333583333,30.8895705521472,30.46,3,112.092828,2008012,1.29848516045838,None
30,20000,80,2.67,2.63833333333333,112.411573,8.89588120966869,142.224974849245,137.368078617814,137.423541,0.378268356207202,29.6579200098333,31.0170562223626,29.68,4,112.389427,1985294,1.2795482984772,None
30,20000,80,2.67,2.69,112.024,8.92665857316289,139.347622798653,136.897505697646,136.950425,0.371607491107187,30.134456,31.1028500619579,30.15,4,112.000673,2009291,1.29954963979429,None
30,20000,80,2.67,2.585,112.315541,8.90348736333826,145.660065821389,136.474961985816,136.531607,0.386612226106383,29.0335673485,31.2056737588653,29.05,3,112.29311,1981581,1.27645098149521,None
30,20000,80,2.67,2.68833333333333,112.286441,8.90579477890835,139.477221698275,137.750431042158,137.754974,0.371851211073776,30.1863382221667,30.7406259683917,30.2,4,112.254575,2003445,1.29467779670262,None
30,20000,80,2.67,2.67833333333333,112.1943,8.91310877647082,144.746324128763,136.94079334163,136.995204,0.373078133389546,30.04937335,32.0472930927194,30.06,4,112.169005,2002886,1.29421127402319,None
40,20000,80,3.56,3.56666666666667,111.187813,8.99379143287943,153.121704903431,150.077673657477,150.081497,0.279854414998131,39.6569866366667,39.9439383321654,39.62,5,111.167072,2118481,1.39059545990881,None
40,20000,80,3.56,3.56833333333333,110.970455,9.01140758592005,158.511968351709,151.016986499299,151.062538,0.279930098078935,39.5979573591667,41.3358243811303,39.57,5,110.950919,2100294,1.37543771221299,None
40,20000,80,3.56,3.56833333333333,111.12629,8.99877067793769,140.121438580103,145.758371637086,145.798487,0.280229308849603,39.6535644816667,38.5100420364316,39.62,4,111.106468,2139276,1.40792653702907,None
40,20000,80,3.56,3.605,110.971768,9.01130096440385,149.789390730371,148.806895630143,148.848467,0.277154250358299,40.005322364,39.1123439667129,39.97,6,110.95311,2144587,1.41235459879143,None
40,20000,80,3.56,3.50166666666667,111.227539,8.99057921258152,149.109657670777,146.785911089957,146.830885,0.285480335090433,38.9481765731667,38.9814374107568,38.92,5,111.208381,2122515,1.39395405200244,None
40,20000,80,3.56,3.51333333333333,111.108456,9.00021506913929,148.593593034937,147.174829485294,147.216048,0.28461398557685,39.036104208,40.061669829222,39,6,111.087172,2112216,1.38537101436618,None
40,20000,80,3.56,3.59,110.586615,9.04268568126441,152.660205926397,147.316104420613,147.35674,0.278392251751625,39.700594785,41.0399257195915,39.67,5,110.568682,2133044,1.40273287846183,None
40,20000,80,3.56,3.59333333333333,110.739196,9.03022629855467,148.117519903897,148.572531241651,148.612682,0.278212681679963,39.7922844293333,39.4016697588126,39.76,5,110.726592,2125872,1.39675599571844,None
40,20000,80,3.56,3.50833333333333,110.974542,9.01107571140055,151.621897405901,147.218840108314,147.222528,0.285026023769596,38.933568485,39.9667537402042,38.92,4,110.961785,2106969,1.38099764901239,None
50,20000,80,4.45,4.48,110.062737,9.08572717031378,157.860995960884,161.487549420759,161.521308,0.223140816585194,49.308106176,48.4002976190476,49.24,5,110.052035,2214459,1.47063534174838,None
50,20000,80,4.45,4.44833333333333,110.260597,9.06942305055722,157.505494793966,160.397259028475,160.432616,0.224793908079805,49.0475888988333,48.4638441363807,48.99,7,110.249892,2209547,1.46654016670055,None
50,20000,80,4.45,4.57333333333333,110.114722,9.08143781173965,160.846564781681,163.110490401968,163.145005,0.218639359688411,50.3591328613333,50.4008746355685,50.28,6,110.105025,2204567,1.46239619539519,None
50,20000,80,4.45,4.56,109.953484,9.09475501476606,167.279034574741,166.991237839912,167.024742,0.219172409336988,50.138788704,49.9634502923977,50.08,7,109.94424,2213727,1.47002957004813,None
50,20000,80,4.45,4.47333333333333,110.247388,9.07050967955812,161.705064620947,162.668430286885,162.703355,0.223470916163934,49.3173315653333,49.6460506706408,49.26,6,110.235829,2196157,1.45538168725109,None
50,20000,80,4.45,4.43166666666667,110.183045,9.07580653629603,153.982564483646,159.379704613012,159.414386,0.225634026273787,48.8294527758333,47.6306882286574,48.77,6,110.167261,2205537,1.46319691938274,None
50,20000,80,4.45,4.50666666666667,109.843298,9.10387814466387,160.716864780645,162.449751963388,162.48305,0.221777714055104,49.5027129653333,49.2048816568047,49.43,5,109.827535,2216023,1.47193982997282,None
50,20000,80,4.45,4.44666666666667,110.313573,9.06506763224866,153.451197939261,159.699837220765,159.734112,0.224855473697901,49.052768794,47.3575712143928,48.99,6,110.299602,2205347,1.46303968958912,None
60,20000,80,5.34,5.36333333333333,109.43678,9.13769575457173,194.12827395311,190.897660225917,190.927246,0.18642168171069,58.6945930066667,58.9030453697949,58.59,8,109.417451,2252277,1.50220349081935,None
60,20000,80,5.34,5.31833333333333,109.657053,9.11934045865705,165.755281055766,176.388157546224,176.416837,0.187831268643685,58.3192760205,55.1237856471326,58.22,8,109.631485,2246413,1.4973141001562,None
60,20000,80,5.34,5.28166666666667,109.527849,9.13009804474477,182.881637462795,182.938802218997,182.967306,0.189271706865257,57.8489589135,57.9678131902809,57.73,8,109.50873,2249070,1.49952607009995,None
60,20000,80,5.34,5.32166666666667,109.567081,9.12682888759262,183.909191428282,184.388736681804,184.416542,0.187808579208895,58.3079482721667,58.1271531475102,58.2,7,109.546602,2245647,1.49667555926842,None
60,20000,80,5.34,5.45333333333333,109.29217,9.14978630216602,202.790162519776,197.292089574572,197.294603,0.183240734082213,59.6006633733333,60.3514132925898,59.48,8,109.275729,2250734,1.50092209276615,None
70,20000,80,6.23,6.23,109.102165,9.16572095521661,217.711121817746,220.312665237293,220.336904,0.160436701312467,67.970648795,68.0042803638309,67.81,9,109.084415,2303655,1.54507472154597,None
70,20000,80,6.23,6.39833333333333,108.729333,9.19715013794852,234.232494528909,233.614605616046,233.637745,0.156266624421464,69.5686515645,69.7968220890857,69.42,12,108.712952,2312074,1.55210051025199,None
70,20000,80,6.23,6.31166666666667,108.992569,9.1749374216512,239.914334538077,234.974928609718,235.000612,0.158398450299181,68.7924764671667,70.9928703459203,68.64,9,108.975284,2305022,1.54621853940922,None
70,20000,80,6.23,6.21166666666667,109.100397,9.16586948808262,229.053418984527,227.562911031124,227.565135,0.160960863720687,67.7695299365,67.7263581488934,67.6,9,109.079888,2304646,1.54589958845967,None
70,20000,80,6.23,6.31166666666667,109.031484,9.17166274651458,232.069895140415,230.663616105625,230.687928,0.1583277930845,68.817038318,69.5537364668603,68.67,8,109.016052,2301723,1.54346900778291,None
70,20000,80,6.23,6.21333333333333,109.010509,9.17342749037159,211.297274617679,215.052627190719,215.054953,0.160928006639217,67.7318629253333,66.7962987796701,67.46,8,108.99337,2315592,1.55502221920577,None
70,20000,80,6.23,6.14833333333333,108.961804,9.17752793446775,211.798694183574,214.307075189211,214.309381,0.162577683304148,66.9933491593333,66.9196368071554,66.84,7,108.944522,2294235,1.53721808009266,None
70,20000,80,6.23,6.215,110.222358,9.07256946907269,236.724504254257,233.324730530437,233.327119,0.160865293343256,68.503195497,69.3256468695536,68.34,11,110.206041,2308203,1.54886827336041,None
80,20000,80,7.12,7.02666666666667,108.732871,9.19685087686133,273.659304573883,275.505511831831,275.525959,0.142311441454696,76.4029640226667,76.3875711574953,76.22,9,108.714303,2330753,1.56770610128695,None
80,20000,80,7.12,7.29833333333333,108.489001,9.21752427234536,298.409841944788,301.239234482987,301.25923,0.136967423682348,79.1788892298333,80.417903630966,78.97,10,108.472627,2342094,1.57717387383976,None
80,20000,80,7.12,7.09833333333333,108.465016,9.2195625546213,278.365811366078,280.975803064569,280.99887,0.140877424366753,76.9920838573333,77.1425217187133,76.8,12,108.450097,2335202,1.57141752821922,None
80,20000,80,7.12,7.15666666666667,108.567569,9.21085374952073,287.025428837891,289.991172141593,290.011679,0.139728403121565,77.6981902143333,77.4685607824872,77.5,12,108.548498,2337597,1.5734175823554,None
80,20000,80,7.12,7.05833333333333,108.894886,9.18316770174129,297.570841737419,295.153364153483,295.175603,0.141604374888076,76.8616403683333,77.3081463990555,76.66,14,108.879169,2330605,1.56758511964622,None
80,20000,80,7.12,6.955,108.543757,9.21287439866302,276.021803035258,274.466220550683,274.468408,0.143741379309609,75.4921829935,76.3507847130706,75.3,14,108.525988,2327500,1.5649897277779,None
80,20000,80,7.12,7.15,108.677093,9.20157111673939,294.24421732114,295.367164900466,295.387872,0.139838279575758,77.704121495,77.1445221445221,77.51,15,108.66201,2337470,1.57331178040052,None
80,20000,80,7.12,7.03166666666667,108.810274,9.19030862839294,284.54556726276,284.613833978668,284.635976,0.142201405372363,76.5117576676667,76.1199336335625,76.31,15,108.790618,2333534,1.57002457978737,None
80,20000,80,7.12,7.18833333333333,108.522623,9.21466853966477,307.157678548234,305.062361382564,305.065075,0.139060694654069,78.0096788331667,78.4513735945288,77.8,12,108.50577,2332713,1.56934832739455,None
80,20000,80,7.12,7.07666666666667,108.73753,9.19645682589995,270.820959417847,275.112858662506,275.1338,0.141269011758596,76.9499253966667,77.1549693829487,76.75,10,108.72156,2324591,1.56257286905948,None
90,20000,80,8.01,7.91,108.303182,9.23333905369466,401.575776367403,406.131810637168,406.150716,0.126409514935946,85.667816962,85.7037505267594,85.43,16,108.281775,2359031,1.59132647890088,None
90,20000,80,8.01,7.86333333333333,108.441045,9.22160054802128,383.431379754572,389.320665977109,389.339854,0.127171518255829,85.270808385,84.8558711318355,85.02,13,108.425873,2358743,1.59108417937469,None
90,20000,80,8.01,7.94,108.405822,9.22459681178378,373.987208852286,383.058689029177,383.078177,0.125943626311293,86.074222668,85.8417296389589,85.83,15,108.386298,2356356,1.58909896789644,None
90,20000,80,8.01,7.90833333333333,108.3545,9.22896603279052,364.130175294054,373.827800464489,373.846525,0.126428992133193,85.6903504166667,85.827186512118,85.46,13,108.337563,2359463,1.59168672861153,None
90,20000,80,8.01,7.86166666666667,108.327656,9.23125300523442,339.693023250379,351.109814735637,351.128987,0.12719848261501,85.1635922253333,85.0222599109604,84.93,16,108.312689,2355460,1.58834720725122,None
90,20000,80,8.01,7.83,108.425422,9.22292928682353,419.610094673585,418.141415090464,418.160758,0.127706421208174,84.897105426,85.4299702000851,84.66,16,108.406842,2354394,1.58745718995563,None
90,20000,80,8.01,8.035,108.206144,9.24161940379282,416.516776646251,423.666225366314,423.685241,0.124437046066169,86.943636704,86.6832607342875,86.7,20,108.186772,2356313,1.58906787952517,None
90,20000,80,8.01,8.05833333333333,108.27298,9.23591462985502,441.108814241211,445.65757484819,445.678407,0.124082920137539,87.2499763833333,86.6080661840745,86.86,18,108.251997,2354700,1.58772426219334,None
100,20000,80,8.9,8.68166666666667,108.203757,9.2418232760624,1174.06480897303,1160.29487196372,1160.312622,0.115182478441352,93.9388950355,94.4615089268574,93.5,42,108.18695,2373718,1.60361297367959,None
100,20000,80,8.9,8.82166666666667,108.026342,9.25700140804546,878.406362055992,893.93770911109,893.955416,0.113347756825808,95.2972380343334,95.437370111468,94.84,26,108.01227,2375724,1.6052924570898,None
100,20000,80,8.9,9.065,108.182667,9.24362495149061,2080.51855676156,2097.83078449292,2097.847592,0.110313803884354,98.0675876355,97.8948336091193,97.61,51,108.16606,2380195,1.60903456182913,None
100,20000,80,8.9,9.1,108.092124,9.25136784248962,3150.97814273639,3153.90709015586,3153.923766,0.10983900028663,98.36383284,98.2692307692308,98.06,66,108.074761,2380560,1.60934129512718,None
100,20000,80,8.9,8.91,108.118724,9.24909176693576,1411.91836693567,1418.58787808605,1418.589439,0.112223928820239,96.333783084,96.1844197138315,95.88,34,108.102875,2375662,1.60524650581828,None
100,20000,80,8.9,8.65833333333333,108.048351,9.255115795335,781.190917082669,788.601384018672,788.618456,0.11548567713205,93.5518639075,92.9643888354187,93.27,27,108.028976,2373565,1.6034841746294,None
100,20000,80,8.9,9,108.009857,9.25841425750615,1265.4012345679,1285.82126742778,1285.83943,0.11108262146037,97.2088713,96.7685185185185,96.74,38,107.992337,2378921,1.6079678076795,None
100,20000,80,8.9,8.95166666666667,108.141979,9.24710282951267,1639.77706184017,1643.63717549805,1643.65513,0.111696661672128,96.8050948681667,96.9372556320983,96.52,46,108.122633,2379246,1.60823750017854,None
100,20000,80,8.9,8.94333333333333,108.075636,9.25277922953884,1247.50138536018,1265.04717510977,1265.065072,0.111783333129892,96.655643796,95.4994409243384,95.57,48,108.056993,2378195,1.60735619279211,None
100,20000,80,8.9,9.19833333333333,108.097967,9.25086777996482,2690.26654892727,2732.49212746494,2732.508538,0.108712456284291,99.4321133121667,98.5776408769705,98.16,73,108.079977,2380187,1.60903092889808,None
10,20000,85,0.89,0.85,117.903165,8.48153652194154,126.750014403411,124.440036658824,124.458228,1.17188984048431,10.021769025,10.7737512242899,10.09,1,117.865896,1496507,0.873700881353184,None
10,20000,85,0.89,0.863333333333333,117.356555,8.52104085707015,138.504670809396,124.085228592664,124.100896,1.15582621669498,10.1317825816667,11.3789778206365,10.21,2,117.318521,1513119,0.885968322997553,None
10,20000,85,0.89,0.846666666666667,117.362974,8.52057481092802,88.3501767003534,122.696062649606,122.885059,1.18035121816929,9.93673179866667,7.28346456692913,10.03,2,117.326279,1496651,0.87375567649634,None
10,20000,85,0.89,0.84,117.002064,8.54685777167145,96.7483128038133,121.797830553571,121.815706,1.19023839381349,9.828173376,8.12685827552032,9.91,1,116.96487,1478523,0.866830954586809,None
10,20000,85,0.89,0.901666666666667,116.569272,8.57859007646544,110.598512040389,122.86805396488,122.883216,1.1079045206451,10.510662692,9.41828254847646,10.6,2,116.533181,1499753,0.874942522554583,None
10,20000,85,0.89,0.846666666666667,116.721362,8.56741202180283,116.250232500465,123.310596336614,123.483531,1.17804746968701,9.88240864933333,9.64566929133859,9.98,2,116.687424,1471976,0.864330452788718,None
10,20000,85,0.89,0.836666666666667,117.160788,8.53527888528712,109.522071078237,124.168354527889,124.352273,1.19508865433466,9.802452596,8.46613545816733,9.89,2,117.122592,1477817,0.866561217050437,None
10,20000,85,0.89,0.865,116.748147,8.56544643916276,140.332119349126,124.490731003854,124.68326,1.1544356036975,10.0987147155,11.3680154142582,10.19,2,116.714085,1493120,0.872407502499801,None
10,20000,85,0.89,0.821666666666667,116.586763,8.57730306827371,108.62007249567,121.775161298174,121.954929,1.20762196804665,9.57954569316667,8.51926977687627,9.66,2,116.537144,1451042,0.856333266646282,None
20,20000,85,1.78,1.825,114.093967,8.76470532398966,138.112216175643,130.664661378995,130.749727,0.546322964213699,20.8221489775,21.6438356164384,20.87,3,114.068231,1847843,1.16495858995063,None
20,20000,85,1.78,1.84333333333333,113.807988,8.78672945171476,128.511587297954,129.45517577396,129.535991,0.541476775352622,20.978605788,20.1627486437613,21.03,5,113.779508,1852990,1.1692486931716,None
20,20000,85,1.78,1.855,113.610723,8.80198605900959,152.570818288155,131.820889805031,131.900065,0.538468292997305,21.0747891165,24.5283018867925,21.12,3,113.582303,1830437,1.15045380872011,None
20,20000,85,1.78,1.78833333333333,113.604265,8.80248642073429,122.206597766581,128.199127494874,128.281934,0.558071923967381,20.3162293908333,19.2451071761417,20.37,3,113.571636,1855206,1.17109262867922,None
20,20000,85,1.78,1.84333333333333,114.140383,8.76114109412091,121.399304794823,128.203386254973,128.286644,0.542472348051537,21.0398772663333,20.1175406871609,21.08,3,114.113769,1845861,1.1633077262063,None
20,20000,85,1.78,1.775,113.821475,8.78568828949019,131.190901276202,129.07531642723,129.158091,0.562685305461033,20.2033118125,20.9389671361502,20.25,3,113.793844,1851536,1.16803360679657,None
20,20000,85,1.78,1.72666666666667,114.24402,8.75319338377624,127.457849465572,128.525562651544,128.606916,0.578457405529923,19.72613412,20.2702702702703,19.77,3,114.215734,1824357,1.1453811333693,None
20,20000,85,1.78,1.76333333333333,114.245624,8.75307048959705,136.620194965055,130.122468778828,130.130111,0.566959013224008,20.1453116986667,21.1620217288616,20.18,3,114.217964,1838423,1.15710519266142,None
30,20000,85,2.67,2.59,112.103417,8.92033469416905,128.161980847732,132.907696099743,132.916004,0.385701572896396,29.034785003,28.0476037311032,29.03,3,112.079498,1988013,1.28181132256582,None
30,20000,85,2.67,2.765,112.457535,8.89224541512492,142.790652553282,138.936554999397,138.98997,0.361311715633514,31.0945084275,32.0675105485232,31.09,4,112.434877,2032731,1.31908904254481,None
30,20000,85,2.67,2.535,112.594323,8.88144245069976,137.068548538735,137.128524043393,137.188909,0.394451040000657,28.5426608805,28.2380013149244,28.56,6,112.569218,1987307,1.28122077587054,None
30,20000,85,2.67,2.66666666666667,112.267855,8.90726913772424,137.4609375,136.593782860625,136.649001,0.37492638375375,29.9380946666667,30.21875,29.95,4,112.235929,2002782,1.29412408926203,None
30,20000,85,2.67,2.74333333333333,111.937404,8.93356433386645,138.964963850655,137.158365289793,137.213819,0.364430102515188,30.708161164,31.5613608748481,30.71,4,111.916168,2015719,1.30490937332032,None
30,20000,85,2.67,2.72833333333333,112.458371,8.89217931140048,143.407883291433,138.759380709224,138.816492,0.366459941128894,30.6823922211667,31.1850946854001,30.69,4,112.434973,2011950,1.30176817828916,None
30,20000,85,2.67,2.55333333333333,112.609197,8.88026934425258,130.377874278235,132.554455511749,132.612851,0.3913771741547,28.752881634,29.242819843342,28.76,3,112.579827,1975605,1.27146925044628,None
30,20000,85,2.67,2.61,112.186278,8.91374611786301,126.612938741357,133.564055036399,133.620853,0.383110013074074,29.280618558,28.5121328224777,29.3,3,112.16011,2001443,1.29300514632422,None
30,20000,85,2.67,2.62333333333333,112.459439,8.89209486453156,143.734994809233,138.779751801144,138.835884,0.380963552035578,29.5018594976667,30.1143583227446,29.51,4,112.437542,1988337,1.2820835574416,None
30,20000,85,2.67,2.71833333333333,112.161896,8.9156838076275,127.097570410212,134.834443838136,134.888544,0.367869023286941,30.4893420626667,28.5407725321888,30.51,3,112.135549,2027372,1.31462009625385,None
40,20000,85,3.56,3.57,111.063197,9.00388271733255,149.894263422989,149.502721697012,149.506744,0.279861269230626,39.649561329,39.8133022170362,39.61,6,111.044596,2087236,1.36455504100639,None
40,20000,85,3.56,3.55666666666667,110.971083,9.01135658917558,146.839363401842,147.499396959232,147.541339,0.281041650630272,39.468715187,39.6672914714152,39.45,5,110.947586,2105957,1.3801568124926,None
40,20000,85,3.56,3.55666666666667,111.16433,8.99569133372189,147.068412168281,147.117623172915,147.121607,0.281134133465792,39.5374467033333,39.8922464277348,39.51,6,111.141412,2105946,1.38014793781562,None
40,20000,85,3.56,3.58,110.778363,9.0270335552801,153.579268229248,148.549745810987,148.595271,0.279068674602886,39.658653954,41.0148975791434,39.63,4,110.755662,2090986,1.36768048240652,None
40,20000,85,3.56,3.61666666666667,111.119311,8.99933585801301,152.54825652311,149.843500175115,149.847282,0.276486649895853,40.1881508116667,41.6263533747984,40.15,4,111.099543,2112567,1.3856691795191,None
40,20000,85,3.56,3.64,110.935092,9.01428017024586,145.757195425312,147.917380739011,147.921463,0.274672073299908,40.380373488,39.7344930189975,40.35,7,110.91009,2111244,1.38456753545817,None
40,20000,85,3.56,3.615,110.887066,9.01818432097392,148.961826618892,147.998599103273,148.038906,0.276408595636699,40.085674359,40.387275242047,40.07,4,110.865454,2125377,1.3963449778615,None
40,20000,85,3.56,3.58166666666667,111.189143,8.99368385274811,143.562395833356,146.509162690554,146.552169,0.279073776368544,39.8242447178333,38.9018147975803,39.81,4,111.162891,2119115,1.39112478511055,None
40,20000,85,3.56,3.575,111.145609,8.99720653831678,155.508826837498,150.327770667133,150.369313,0.279652818334266,39.7345552175,40.0466200466201,39.7,5,111.12575,2123955,1.39515802347829,None
50,20000,85,4.45,4.40166666666667,110.60822,9.04091938194105,153.378960874028,159.516325639531,159.548669,0.227077144976145,48.6860515033333,47.7470655054904,48.61,6,110.584689,2183013,1.44442356227765,None
50,20000,85,4.45,4.29666666666667,110.391704,9.0586517262203,157.446099086319,158.696962476338,158.735206,0.232399207968192,47.4316354853333,48.0993017843289,47.37,6,110.368215,2192175,1.45205329180487,None
50,20000,85,4.45,4.36333333333333,110.422982,9.05608580648547,161.20692321654,161.508709010313,161.542205,0.22917846492819,48.1812278126667,48.1856378915203,48.12,7,110.397627,2197455,1.4564576933603,None
50,20000,85,4.45,4.35333333333333,110.476258,9.0517186054582,156.627791627287,158.758813534074,158.791389,0.229597188496172,48.0939976493333,48.5451761102603,48.03,6,110.454621,2176601,1.439076578886,None
50,20000,85,4.45,4.40833333333333,110.547554,9.04588083423356,171.354447704232,166.467788629112,166.502513,0.226787959669187,48.7330467216667,49.2249527410208,48.66,8,110.528262,2178447,1.44061830018169,None
50,20000,85,4.45,4.38333333333333,110.179886,9.0760667514214,164.379996819384,163.086151759316,163.119778,0.227961822896578,48.2955166966667,47.3003802281369,48.23,7,110.157888,2191022,1.45109670108828,None
50,20000,85,4.45,4.39166666666667,110.419852,9.05634251348209,158.196166270132,160.142612393928,160.145819,0.227452754487666,48.4927183366667,48.6814646177196,48.43,6,110.396664,2179858,1.44179313015198,None
50,20000,85,4.45,4.32166666666667,110.452146,9.0536946199307,156.120582737142,158.393669851523,158.42692,0.23136527411184,47.733735763,47.6475125337447,47.67,6,110.43093,2176228,1.43876388736627,None
60,20000,85,5.34,5.26,109.596874,9.12434783495741,170.927968695032,177.713394736375,177.740861,0.190071238801965,57.647955724,56.606463878327,57.54,6,109.578323,2247731,1.49840906723547,None
60,20000,85,5.34,5.30666666666667,109.823365,9.1055305034589,190.336102623671,187.539861869661,187.567882,0.188313433285804,58.2795990266667,59.5163316582915,58.17,7,109.802319,2259872,1.50853148845149,None
60,20000,85,5.34,5.27,109.695911,9.11611007998284,179.251476559284,181.272708925996,181.300609,0.189583004572739,57.809745097,57.5585072738773,57.7,7,109.674421,2246670,1.49752559253844,None
60,20000,85,5.34,5.245,109.822585,9.10559517425309,196.230609582408,190.475254088974,190.478389,0.190612776150302,57.6019458325,59.1739475774424,57.48,10,109.804418,2251658,1.50168177792178,None
60,20000,85,5.34,5.25666666666667,109.77014,9.10994556443128,189.269577056683,187.230875146798,187.259473,0.190112677499049,57.7025035933333,57.4508560558022,57.61,8,109.750796,2244142,1.4954181193045,None
60,20000,85,5.34,5.27166666666667,109.596451,9.12438305141833,200.968177639637,192.524389588049,192.552526,0.18963973915871,57.7755957521667,59.6111286753083,57.68,8,109.577175,2256591,1.50579431526404,None
60,20000,85,5.34,5.23666666666667,109.922558,9.0973137652055,179.717435812452,182.602499477085,182.630025,0.190941364212285,57.5627795393333,56.8268618714195,57.46,8,109.903805,2239669,1.49168924277296,None
60,20000,85,5.34,5.19833333333333,109.805928,9.10697644666325,188.360369447011,185.452696513947,185.481042,0.192316938665598,57.080781572,57.8230201987817,56.97,7,109.785389,2252793,1.50262509840832,None
70,20000,85,6.23,6.25,109.286972,9.15022149209148,219.256099186775,222.0818158496,222.084567,0.159975161019733,68.3043575,67.4443407545661,68.14,10,109.267876,2288174,1.53217320493403,None
70,20000,85,6.23,6.17666666666667,109.152127,9.16152554681779,230.748463205915,227.860468962493,227.884739,0.16187735282326,67.4196304436667,67.6335671883432,67.27,10,109.133343,2288383,1.53234278814221,None
70,20000,85,6.23,6.17666666666667,109.153793,9.16138571565717,221.07205567087,223.114315357798,223.139073,0.161888863599568,67.4206594763333,67.0129519697787,67.26,9,109.133354,2296612,1.53920151849395,None
70,20000,85,6.23,6.28833333333333,109.116045,9.16455503862883,226.566922802799,226.104657888948,226.130655,0.159006865438378,68.6158062975,69.1094619666048,68.46,10,109.09556,2291856,1.53524382062732,None
70,20000,85,6.23,6.33666666666667,109.036727,9.17122172972048,247.592493333197,241.823248858233,241.848642,0.157810902677801,69.0929393423333,70.1078379800105,68.93,15,109.021118,2291734,1.53514463220686,None
70,20000,85,6.23,6.18166666666667,109.308467,9.14842214373018,218.293932962464,219.665475521704,219.689176,0.161696873469668,67.5708506838333,67.349689943381,67.43,9,109.290895,2298707,1.54094858470924,None
70,20000,85,6.23,6.10333333333333,109.250133,9.15330693464694,208.468861082271,211.714675101038,211.717119,0.163799233943474,66.678997841,66.1843003412969,66.53,9,109.234374,2293314,1.53644878885066,None
80,20000,85,7.12,7.12833333333333,108.774989,9.19328982878592,317.536000232661,312.697524727145,312.718738,0.140265912424129,77.5384379921667,78.1973345803133,77.35,16,108.758096,2325823,1.56360299085207,None
80,20000,85,7.12,7.01833333333333,108.83676,9.18807211828062,285.12020372061,285.496702071717,285.518153,0.14245740082617,76.38526606,76.881975777725,76.2,13,108.820805,2325995,1.56374015249317,None
80,20000,85,7.12,7.02166666666667,108.828382,9.18877944909628,261.558593998468,267.476616361975,267.497777,0.142347363995253,76.4156622276667,76.5131735105625,76.23,10,108.807863,2326912,1.56450464305608,None
80,20000,85,7.12,7.115,108.782878,9.19262312585626,286.955876953965,288.198414421644,288.202011,0.14054200122394,77.399017697,77.4915095444432,77.2,11,108.764233,2331530,1.56835903683539,None
80,20000,85,7.12,7.03333333333333,108.73458,9.19670632838238,319.770445407785,310.332362021564,310.354578,0.142145233623223,76.4766546,77.7014218009479,76.29,16,108.716245,2324935,1.56285711706093,None
80,20000,85,7.12,7.18333333333333,108.635999,9.20505181712371,341.761726088899,331.209903986543,331.231179,0.139203790748724,78.0368592816667,77.8538283062645,77.84,17,108.620678,2328468,1.56581027755565,None
80,20000,85,7.12,7.02166666666667,108.785113,9.1924342625815,265.701856727346,269.723086672442,269.726472,0.142372534798006,76.3852801781667,76.1362287884182,76.19,13,108.76673,2322679,1.56097617938932,None
80,20000,85,7.12,7.09166666666667,108.937221,9.17959895452079,275.144607643458,277.60112653067,277.623366,0.141002548321739,77.2546458925,77.1680376028202,76.94,12,108.919465,2327605,1.56508609759829,None
80,20000,85,7.12,7.02,108.593075,9.2086903331543,300.288417572368,296.10005972246,296.120745,0.142443809271842,76.23233865,76.4363722697056,76.04,14,108.576891,2325086,1.56298162925459,None
90,20000,85,8.01,8.085,108.231483,9.23945576907599,483.768034304687,484.367405766852,484.369315,0.12362399602247,87.5051540055,87.7975883747295,87.25,19,108.212019,2359333,1.59158816228264,None
90,20000,85,8.01,7.93,108.416981,9.22364735465194,503.075195052125,493.818048211223,493.836684,0.126032352528794,85.974665933,86.3282891971417,85.74,23,108.399608,2356403,1.58913765215493,None
90,20000,85,8.01,7.85833333333333,108.350487,9.22930784796565,374.837643899515,380.285723155461,380.305261,0.127221100502227,85.1454243675,85.3128313891835,84.77,16,108.331538,2343891,1.57870322596806,None
90,20000,85,8.01,8.07833333333333,108.443315,9.22140751599119,495.917812523504,495.812589759851,495.831091,0.123757678042501,87.6041246341667,88.1679389312977,87.35,19,108.423303,2359838,1.59200964498414,None
90,20000,85,8.01,7.88166666666667,108.485077,9.21785767825007,407.043799744413,409.732309128568,409.750356,0.126871323021146,85.5043215221667,85.7369422710933,85.27,18,108.467836,2356152,1.58892586776787,None
90,20000,85,8.01,7.79833333333333,108.38418,9.22643876624799,392.056087594227,393.786154935456,393.804992,0.128187245461637,84.52159637,84.847189570421,84.3,17,108.369074,2347642,1.58182723807155,None
90,20000,85,8.01,7.84833333333333,108.461498,9.21986159549447,387.387759941169,392.181367643661,392.20108,0.127367505132088,85.1241990136667,84.4659163304311,84.75,18,108.442696,2352442,1.58583063102838,None
90,20000,85,8.01,7.86833333333333,108.501407,9.21647034494216,485.645962747132,475.984229491421,476.003262,0.127061806362211,85.3725237411667,86.0728659182377,85.14,19,108.480798,2353486,1.58670296452514,None
90,20000,85,8.01,8.20666666666667,108.334122,9.23070203125844,587.384788179186,581.633209772543,581.652687,0.121848954968522,88.906202788,88.3529650690496,88.51,22,108.314984,2361517,1.59341550375184,None
90,20000,85,8.01,8.03,108.465053,9.21955940961002,463.97460333215,463.845427836654,463.864223,0.124475778630967,87.097437559,87.3287671232877,86.85,18,108.447285,2350026,1.58382826630652,None
100,20000,85,8.9,8.99166666666667,108.019463,9.25759092136942,1498.53509711477,1511.62080993995,1511.637969,0.111176947321779,97.1275004808333,96.9879518072289,96.68,54,108.001213,2375206,1.60487081053758,None
100,20000,85,8.9,9.145,108.120615,9.24893000284913,1779.15702128247,1814.64494512375,1814.661366,0.109343802803353,98.8763024175,98.386949785838,97.77,51,108.102052,2379077,1.60810352477282,None
100,20000,85,8.9,8.95333333333333,108.116166,9.24931059800992,934.553369308551,960.676560217796,960.69317,0.111677326261355,96.800007292,96.9750558451229,96.35,35,108.097072,2376288,1.60577090142435,None
100,20000,85,8.9,8.74833333333333,107.915968,9.2664692587477,833.231677074925,843.542616961898,843.559794,0.114296292930272,94.4084860053333,94.6942274718994,94.13,32,107.898072,2374133,1.60396236522451,None
100,20000,85,8.9,9.00666666666667,108.083694,9.25208940397615,1188.1773569048,1211.31151482976,1211.328225,0.111028002401554,97.347380396,97.1225018504811,96.74,34,108.06506,2376360,1.60583306652774,None
100,20000,85,8.9,8.84166666666667,108.135092,9.24769176688729,1346.01735243457,1343.10441164637,1343.12162,0.113032794822432,95.6094438433333,95.8058435438266,95.33,49,108.117781,2374516,1.6042882227183,None
100,20000,85,8.9,8.825,108.210112,9.24128051914409,1043.04932495513,1053.24859642077,1053.265395,0.113252718122946,95.49542384,95.2691218130312,95.05,34,108.195777,2374039,1.60388907589956,None
100,20000,85,8.9,8.89333333333333,108.116319,9.24929750891723,1498.13713961908,1497.15121115517,1497.153166,0.112443440032047,96.151446364,96.0835753771198,95.85,47,108.097743,2375155,1.60482372787356,None
100,20000,85,8.9,8.92,107.915926,9.2664728651821,1642.86264889032,1639.92983999963,1639.94712,0.112105093224028,96.261005992,96.0855754857997,95.98,46,107.897647,2376883,1.60626482843025,None
10,20000,90,0.89,0.901666666666667,116.728189,8.56691094556432,133.250877234942,124.482224824399,124.648737,1.10600509198706,10.5249917081667,11.645101663586,10.6,2,116.693031,1495277,0.873232829204442,None
10,20000,90,0.89,0.946666666666667,116.994913,8.54738017540985,137.621503669907,127.125370797535,127.288644,1.05524615037148,11.0755184306667,11.2676056338028,11.15,2,116.957686,1572838,0.93573899844388,None
10,20000,90,0.89,0.818333333333333,117.603164,8.50317258471039,121.950713660554,125.015703423625,125.210616,1.22090404974745,9.62385892066667,9.16496945010184,9.71,3,117.565386,1471393,0.864106844482616,None
10,20000,90,0.89,0.883333333333333,117.035186,8.54443893480034,115.343538625846,123.292649107547,123.46265,1.12816508077736,10.3381080966667,10,10.42,2,117.000527,1485856,0.869633678859796,None
10,20000,90,0.89,0.886666666666667,117.215227,8.53131479240321,137.797501271977,125.244825635338,125.414401,1.12653758721053,10.3930834606667,11.4661654135338,10.48,2,117.179007,1536479,0.905436504662951,None
10,20000,90,0.89,0.931666666666667,117.030896,8.54475214818487,138.248405503055,125.615281529517,125.777178,1.07184886707513,10.9033784773333,11.8067978533095,10.99,2,116.995702,1545628,0.913062721499891,None
10,20000,90,0.89,0.838333333333333,117.355863,8.52109110219743,128.058685659403,123.969559435388,124.164602,1.19169431730616,9.8383331815,9.94035785288271,9.92,2,117.318748,1468472,0.86299183406169,None
10,20000,90,0.89,0.923333333333333,115.935261,8.62550350406336,123.160734533227,122.531250563177,122.701424,1.08172386258123,10.704689099,10.6498194945848,10.8,2,115.902854,1504885,0.879108520211657,None
10,20000,90,0.89,0.9,117.628053,8.50137339262089,84.3621399176955,122.5658854,122.73,1.10856523261111,10.58652477,7.5925925925926,10.67,1,117.590154,1564151,0.92849786624141,None
10,20000,90,0.89,0.938333333333333,116.690757,8.56965903477685,126.826282696415,124.754152742451,124.916767,1.06531454048313,10.9494826985,11.3676731793961,11.03,2,116.653697,1545157,0.912670352813452,None
20,20000,90,1.78,1.75833333333333,114.128517,8.76205199441959,133.689719458233,129.735248922275,129.824359,0.566943102506161,20.0675975725,20.6635071090047,20.12,3,114.097003,1833712,1.15317888376399,None
20,20000,90,1.78,1.82833333333333,113.39794,8.81850234669166,127.637403409813,128.793617959891,128.874671,0.546749105289882,20.7329233633333,20.9662716499544,20.77,3,113.368926,1848009,1.16509650280113,None
20,20000,90,1.78,1.85166666666667,113.654192,8.79861958809227,132.218442366289,129.550997671467,129.63013,0.540049305781278,21.0449678853333,21.9171917191719,21.1,3,113.625194,1844596,1.16225358325102,None
20,20000,90,1.78,1.77666666666667,113.8828,8.78095726483718,123.024826726836,127.330719608818,127.413576,0.562671194567542,20.2331774666667,19.6998123827392,20.28,3,113.846011,1840454,1.15879821446302,None
20,20000,90,1.78,1.75,114.04221,8.76868310426464,118.582987692935,126.58928386,126.598689,0.570605137132381,19.95738675,19.1337458353165,20.01,2,114.012932,1825800,1.1465847155994,None
20,20000,90,1.78,1.775,114.264985,8.75158737385736,126.958936718905,128.294103003756,128.376023,0.563225375003756,20.2820348375,20.093896713615,20.33,3,114.231657,1813283,1.13615464697209,None
20,20000,90,1.78,1.75166666666667,113.727591,8.79294101991486,118.086029065451,126.380672124643,126.39204,0.570804384755471,19.9212830235,19.3533048026629,19.97,2,113.699013,1824288,1.14532447623758,None
30,20000,90,2.67,2.75333333333333,112.208889,8.91194992582094,134.439728203835,136.751101064165,136.807062,0.363146388547821,30.894847438,31.5072639225182,30.89,3,112.185192,1996021,1.28849380372637,None
30,20000,90,2.67,2.65166666666667,112.333703,8.90204785646566,144.590821801294,138.771110532998,138.826764,0.377054291971716,29.7871535788333,31.6153362664991,29.8,4,112.309882,1989080,1.28270411251031,None
30,20000,90,2.67,2.625,112.49642,8.88917176208807,137.868480725624,136.694452955556,136.750273,0.380306155820318,29.53031025,30.031746031746,29.52,4,112.472267,2004869,1.29586140184483,None
30,20000,90,2.67,2.68333333333333,112.20019,8.91264087877213,147.679487674087,139.1843389,139.241528,0.372567909998758,30.1070509833333,31.5527950310559,30.12,3,112.176508,1997099,1.28938864850363,None
30,20000,90,2.67,2.65166666666667,112.092942,8.92116829264772,146.20411350131,139.021033744186,139.027596,0.376632078900691,29.723311787,30.3487276154571,29.73,5,112.063369,2006309,1.29706247738191,None
30,20000,90,2.67,2.63166666666667,112.040722,8.92532627556613,137.652156369962,134.959304192527,135.015058,0.378274292237492,29.4853833396667,30.0823305889804,29.49,4,112.014131,2005827,1.29665966122088,None
30,20000,90,2.67,2.66833333333333,112.388737,8.8976887426006,137.71442801418,137.670805036852,137.675804,0.37476276912055,29.9890613228333,29.2538245394942,30,4,112.362197,1991007,1.28431100234874,None
30,20000,90,2.67,2.75166666666667,111.85522,8.94012814064467,138.344655387536,137.528620569958,137.581939,0.363368117560872,30.7788280366667,30.4360993337371,30.78,4,111.831625,1999826,1.29166439951172,None
40,20000,90,3.56,3.56166666666667,111.282168,8.98616569008613,148.989362063201,148.702140262986,148.743649,0.280743362000468,39.634998836,39.0032756200281,39.6,6,111.26317,2111431,1.38471971429988,None
40,20000,90,3.56,3.60333333333333,110.911258,9.01621727164974,146.718913261695,148.451105241443,148.493098,0.277170500768733,39.9650232993333,39.5467160037003,39.94,4,110.888859,2108840,1.38256197230793,None
40,20000,90,3.56,3.63,110.92382,9.01519619501023,152.314979030609,149.497067150597,149.500794,0.275455303820937,40.26534666,40.6931374799174,40.22,4,110.903517,2136851,1.40590845386573,None
40,20000,90,3.56,3.62666666666667,110.923961,9.0151847354243,144.01340154628,147.12901158364,147.170019,0.275678849910386,40.2284231893333,39.3612132352941,40.2,4,110.900699,2139176,1.40784607149372,None
40,20000,90,3.56,3.565,111.324523,8.98274677538928,139.924608568448,145.400777021038,145.442789,0.280156774815802,39.6871924495,39.1304347826087,39.66,5,111.298081,2109118,1.38279229534719,None
40,20000,90,3.56,3.58333333333333,111.188222,8.99375834969283,156.798269334776,150.112983616744,150.156069,0.279045649556279,39.8424462166667,41.5581395348837,39.81,6,111.167929,2110681,1.38409567322298,None
40,20000,90,3.56,3.6,111.184632,8.99404874587344,138.374485596708,144.335699958333,144.380953,0.2776067113875,40.02646752,39.1203703703704,40,4,111.160154,2112723,1.38579845919568,None
40,20000,90,3.56,3.64666666666667,111.173005,8.9949893861374,159.796329655859,152.025071165448,152.065788,0.274042869035649,40.5410891566667,42.5959780621572,40.53,5,111.146991,2118004,1.39020238530161,None
50,20000,90,4.45,4.45166666666667,110.437904,9.05486217847814,164.838838497326,163.491633974167,163.524501,0.224630507974167,49.1632735973333,49.2137776113815,49.1,5,110.420158,2187615,1.44826156659374,None
50,20000,90,4.45,4.36666666666667,110.530186,9.04730224556032,157.565641426743,159.229404894657,159.234409,0.228966685190076,48.2648478866667,49.0364434268269,48.17,5,110.509124,2193033,1.452772454211,None
50,20000,90,4.45,4.29333333333333,110.429202,9.05557571628563,156.424809999614,159.726672798525,159.76373,0.232869542170808,47.410937392,44.9922360248447,47.35,8,110.401212,2195225,1.45459519168243,None
50,20000,90,4.45,4.37666666666667,110.477092,9.05165027334355,160.182694700427,162.61746595278,162.65189,0.228439435469916,48.3521405986667,47.2962680883473,48.28,6,110.456391,2193015,1.45275801156816,None
50,20000,90,4.45,4.51833333333333,110.238779,9.07121803299363,176.746212440239,169.522542351531,169.55723,0.221298527084471,49.8095549781667,51.0328292143121,49.74,5,110.219677,2183702,1.44500352843569,None
50,20000,90,4.45,4.49,110.326618,9.06399578023864,166.04580334423,165.368686951373,165.402951,0.222703612190052,49.536651482,50.4268745360059,49.48,7,110.305582,2187422,1.44810263871967,None
60,20000,90,5.34,5.25333333333333,109.8059,9.1069787689004,194.129824911747,190.30106889467,190.328456,0.190292043043465,57.6846994666667,57.8521573604061,57.58,9,109.782635,2232672,1.48585809842613,None
60,20000,90,5.34,5.46333333333333,109.781159,9.10903117719863,194.094451109901,193.566242360891,193.593418,0.183003211236425,59.9771065336667,59.6400244051251,59.86,8,109.763044,2255615,1.50499225348496,None
60,20000,90,5.34,5.405,109.642201,9.12057575349112,180.592483690054,184.994792120876,185.022923,0.184989549133518,59.2616096405,57.9247610237435,59.14,8,109.626328,2256589,1.50580028789116,None
60,20000,90,5.34,5.40833333333333,109.550601,9.1282018617132,192.392705620357,190.622246820955,190.650062,0.184859148228968,59.2486167075,59.8613251155624,59.14,7,109.531059,2250302,1.50056025906448,None
60,20000,90,5.34,5.35,109.691487,9.1164777445309,185.081952180855,187.639891359502,187.642131,0.186781887695639,58.684945545,57.2807973835851,58.57,8,109.671668,2240514,1.4923992888106,None
60,20000,90,5.34,5.36166666666667,109.672727,9.11803715795268,191.11827137635,189.584692698166,189.614111,0.186393055360584,58.8028604598333,59.4653403792353,58.68,7,109.654055,2250888,1.5010462718541,None
60,20000,90,5.34,5.27166666666667,109.653968,9.11959702178767,191.882328963896,188.553313251976,188.582871,0.189672854990832,57.8059167973333,59.1052797976605,57.7,7,109.633878,2234560,1.48743230561796,None
60,20000,90,5.34,5.305,109.898058,9.09934186462149,171.386456620542,178.061580094565,178.088453,0.188448978364122,58.300919769,56.8017593465284,58.19,7,109.87711,2241688,1.49337580633824,None
60,20000,90,5.34,5.40166666666667,109.737322,9.11266998113914,182.672237546441,185.678045436285,185.680702,0.185045181653502,59.2764434336667,58.5068641061237,59.16,6,109.715118,2265465,1.51319827682033,None
70,20000,90,6.23,6.11833333333333,109.357385,9.14432985024285,222.970188793745,221.510029514574,221.535092,0.16337631357641,66.9084933891667,67.2568782348134,66.76,10,109.337519,2283939,1.5286360606512,None
70,20000,90,6.23,6.06,109.210687,9.15661303366767,215.953122880004,214.978835390539,214.981145,0.164995385623762,66.181676322,66.6712498281314,66.03,9,109.192767,2279110,1.5246072885383,None
70,20000,90,6.23,6.19,109.12756,9.1635880065494,214.39362094712,216.303927124933,216.306245,0.161524949140011,67.54995964,66.9403688248755,67.4,16,109.110938,2291589,1.53501564568417,None
70,20000,90,6.23,6.34666666666667,110.050937,9.08670136993018,238.620264282184,237.779657858981,237.802999,0.157546494525735,69.8456613493333,70.3125,69.68,9,110.033169,2286948,1.5311595111336,None
70,20000,90,6.23,6.21166666666667,109.169662,9.16005400841124,213.793153594078,217.433877240944,217.457787,0.160891630889455,67.8125550456667,66.836597799839,67.66,9,109.152787,2289831,1.53355175144255,None
70,20000,90,6.23,6.28166666666667,109.221932,9.15567030987879,217.206729205967,220.598651491908,220.621185,0.159080547360573,68.6095769513333,68.5858317856195,68.46,9,109.203557,2292341,1.5356480642853,None
70,20000,90,6.23,6.17666666666667,109.201004,9.15742496286939,225.803344702488,224.511015891527,224.513177,0.161875268184835,67.4498201373333,67.6244435451234,67.29,11,109.181592,2286754,1.53098514009212,None
80,20000,90,7.12,7.18833333333333,108.817024,9.18973854679209,276.115931598424,281.829813771853,281.850812,0.139092030480872,78.2213040853333,77.7764896823557,78.02,14,108.798337,2326345,1.56404169867619,None
80,20000,90,7.12,7.06166666666667,108.728423,9.19722711328205,254.459502915776,262.057079538825,262.079219,0.141509173523012,76.7803880418333,76.5872079301392,76.59,12,108.709702,2321633,1.56010648128664,None
80,20000,90,7.12,6.99833333333333,108.864524,9.18572886057904,287.092476741051,284.891822107883,284.91314,0.142841374489879,76.1870227126667,76.5301262205287,76.01,12,108.843067,2326578,1.56422506381356,None
80,20000,90,7.12,7.16,108.740428,9.19621173460895,286.043012598442,289.441277451583,289.462471,0.13965941674744,77.858146448,77.3859404096834,77.66,12,108.722245,2327032,1.56461238043223,None
80,20000,90,7.12,7.03333333333333,108.828559,9.1887645043614,248.78568889942,257.495835293839,257.498024,0.142085009430569,76.5427531633333,76.009951427556,76.34,11,108.811802,2322547,1.5608669638969,None
80,20000,90,7.12,7.07666666666667,108.757684,9.19475262088148,256.293973391931,264.25155203886,264.274017,0.141278306455017,76.9641877106667,76.7663683466792,76.77,10,108.740625,2328171,1.56555694748882,None
80,20000,90,7.12,6.99666666666667,108.718658,9.19805319892746,265.746228665344,268.722359916865,268.743853,0.142867843887089,76.0668210473333,76.4530728918533,75.88,12,108.699979,2319518,1.55833978693728,None
80,20000,90,7.12,6.95166666666667,108.861385,9.18599372954882,280.062564490643,279.237454272357,279.239579,0.143783211301606,75.6768061391667,76.3034879539734,75.48,10,108.843418,2324255,1.5622859646226,None
80,20000,90,7.12,7.16166666666667,108.775,9.19328889910366,298.485572818202,298.270397466372,298.291103,0.139590399711892,77.9010291666667,77.7170118687456,77.69,16,108.758331,2330732,1.56769654218886,None
90,20000,90,8.01,7.89833333333333,108.507364,9.215964365331,380.708608703284,387.96367417472,387.982801,0.126607014120912,85.7027329993333,85.7670394598017,85.46,16,108.487757,2347549,1.58175603434564,None
90,20000,90,8.01,8.05666666666667,108.41672,9.22366955945541,518.886100026892,514.097687911254,514.115813,0.124114940334506,87.3477374133333,87.8258171286719,87.1,31,108.399369,2349742,1.58359290459057,None
90,20000,90,8.01,7.90833333333333,108.240216,9.23871031447314,434.57646615982,433.606305161433,433.624598,0.126442147604847,85.59997082,86.6491043203372,85.37,19,108.219682,2346661,1.58101536864635,None
90,20000,90,8.01,7.835,108.562295,9.21130121650431,381.023901960058,386.129356867475,386.147583,0.127605404774942,85.0585581325,85.120187194214,84.82,16,108.54493,2344758,1.57942616824068,None
90,20000,90,8.01,8.01,108.395895,9.22544160920485,465.528160544222,464.534586830837,464.5529,0.124767741181856,86.825111895,86.8705784436122,86.59,29,108.37575,2351108,1.5847287334205,None
90,20000,90,8.01,8.12833333333333,108.391363,9.22582733829078,515.212677635677,513.587817030757,513.607264,0.123002386432028,88.1041128918333,88.6303055156859,87.86,24,108.374783,2349536,1.58342533687586,None
90,20000,90,8.01,7.98833333333333,108.354029,9.22900614983131,422.468279837647,426.348723655539,426.367232,0.125174905781765,86.5568101661667,86.2612142708116,86.31,18,108.335051,2352019,1.58548655592154,None
90,20000,90,8.01,8.02666666666667,108.571064,9.21055724387117,475.35433521705,474.684480097176,474.70245,0.124526844322259,87.1463740373334,86.8459302325582,86.76,20,108.553373,2355662,1.58852557638661,None
90,20000,90,8.01,8.15166666666667,108.201576,9.24200956185703,474.343969857554,478.103220257412,478.12161,0.122609652304028,88.202318036,88.3254958086281,87.96,28,108.182129,2356836,1.58951070393872,None
100,20000,90,8.9,9.02333333333333,108.038931,9.25592275621461,1240.93373103076,1265.76777168249,1265.783957,0.110809608769856,97.487128739,97.4233468784633,96.87,35,108.022716,2377145,1.60648812586187,None
100,20000,90,8.9,8.83666666666667,108.007923,9.25858003954025,1255.77332084389,1255.97384905526,1255.990971,0.113157188285364,95.443001291,94.82270841192,95.01,39,107.988833,2370826,1.60121064784969,None
100,20000,90,8.9,8.9,108.007827,9.25858826879278,1095.98956360729,1108.18054429551,1108.198829,0.112349079860487,96.12696603,95.9831460674157,95.67,35,107.989354,2375295,1.60493943424651,None
100,20000,90,8.9,8.87,108.166802,9.24498072893012,1129.68355387668,1138.96619161687,1138.982903,0.112735208573093,95.943953374,95.1803833145434,95.18,44,108.147534,2374236,1.60405400168426,None
100,20000,90,8.9,8.77166666666667,108.280849,9.23524343626083,996.008219596769,1001.47706898233,1001.494344,0.113999058601368,94.9803513811667,95.0123503705111,94.69,34,108.262439,2374906,1.60460978449331,None
100,20000,90,8.9,8.76166666666667,108.174341,9.24433641800508,924.77039681034,932.966467874643,932.983286,0.114117259637055,94.7787517728333,94.6452349248621,94.35,39,108.156795,2370473,1.6009127756247,None
100,20000,90,8.9,8.8,107.9713,9.26172047571901,1034.42450068871,1040.21469777027,1040.231597,0.113615986364205,95.014744,94.6685606060606,94.58,45,107.956994,2368704,1.59943948522467,None
100,20000,90,8.9,8.69833333333333,108.222456,9.24022644616382,774.925847055879,786.933792873156,786.95052,0.114960833789615,94.135499644,94.2805135083349,93.7,31,108.205587,2372466,1.60257046915735,None
100,20000,90,8.9,8.78166666666667,108.219398,9.2404875510396,1077.99549180994,1082.22031354394,1082.237105,0.113857392059025,95.0346680103333,94.7143670525717,94.61,34,108.202114,2374495,1.60426675377312,None
10,20000,95,0.89,0.853333333333333,117.428407,8.51582700938794,114.44091796875,124.420606597656,124.595561,1.17120915220703,10.0205573973333,9.375,10.1,2,117.38578,1494841,0.873064557592226,None
10,20000,95,0.89,0.876666666666667,117.292237,8.52571342807623,101.924272434183,123.248276068441,123.416849,1.14005000221483,10.2826194436667,8.74524714828897,10.38,2,117.257849,1515224,0.887723136794935,None
10,20000,95,0.89,0.901666666666667,117.021688,8.54542450284942,99.4256545522258,122.57905228281,122.757101,1.10900002105915,10.5514555346667,8.78003696857671,10.64,2,116.987226,1497253,0.873987738868448,None
10,20000,95,0.89,0.871666666666667,116.78095,8.56304046165064,114.064687839315,122.198179181644,122.363186,1.14296695927342,10.1794061416667,9.56022944550669,10.26,2,116.744131,1500864,0.87575570687129,None
10,20000,95,0.89,0.825,116.793554,8.5621163647439,105.295378022651,123.15612429495,123.334155,1.21178915513333,9.635468205,8.28282828282828,9.72,2,116.750085,1472692,0.8646030537124,None
10,20000,95,0.89,0.901666666666667,117.128279,8.53764785530572,88.0691855136431,122.368283857671,122.380929,1.1022824401793,10.5610664898333,7.38688827331487,10.64,2,117.092808,1506892,0.88078051140428,None
10,20000,95,0.89,0.85,117.400918,8.51782095945791,110.726643598616,123.888263921569,124.079519,1.1758094849,9.97907803,8.43137254901961,10.06,2,117.333747,1484758,0.869213037902137,None
10,20000,95,0.89,0.853333333333333,117.887075,8.48269413758887,89.1768292682927,122.492006324219,122.506125,1.17019851302148,10.0596970666667,7.02439024390243,10.14,2,117.849305,1517354,0.889497343636858,None
10,20000,95,0.89,0.91,116.434203,8.58854163325187,150.809848888531,126.137618120879,126.150985,1.09521615663553,10.595512473,12.0768526989936,10.68,3,116.398565,1513626,0.886392484604111,None
10,20000,95,0.89,0.868333333333333,117.675763,8.49792662912243,123.783805688897,125.163120738964,125.338016,1.15120178064683,10.2181787538333,10.3646833013436,10.31,2,117.639086,1511992,0.88502948024978,None
20,20000,95,1.78,1.755,113.819854,8.7858134135368,139.609256418373,129.95790808452,130.042693,0.568575745316239,19.975384377,20.9876543209877,20.02,4,113.793068,1819015,1.14093027629369,None
20,20000,95,1.78,1.77166666666667,114.003829,8.77163520534034,128.764594426927,129.085216263406,129.168186,0.564426533010348,20.1976783711667,20.2728127939793,20.25,3,113.976936,1811829,1.13494257566076,None
20,20000,95,1.78,1.775,114.255577,8.75230799455855,109.237585135225,126.03130234554,126.119996,0.563291324487324,20.2803649175,17.887323943662,20.32,2,114.228046,1851526,1.16802557352584,None
20,20000,95,1.78,1.7,113.858349,8.78284296920553,126.235697610745,127.069715462745,127.077705,0.588044037836275,19.35591933,19.5982361587457,19.41,2,113.829987,1820675,1.14231111140276,None
20,20000,95,1.78,1.785,113.809317,8.78662684532234,121.355731835218,127.898321619048,127.987947,0.558718254131653,20.3149630845,19.5144724556489,20.36,3,113.779223,1836871,1.15581255338501,None
20,20000,95,1.78,1.78666666666667,113.81187,8.78642974586043,123.739975495656,127.988325106343,128.073995,0.557706607829291,20.33438744,19.7761194029851,20.38,3,113.784569,1822949,1.14421031399137,None
20,20000,95,1.78,1.73166666666667,114.2203,8.7550111495067,127.834474734628,128.169113169394,128.256658,0.575864339397498,19.7791486166667,19.9230028873917,19.83,3,114.191431,1840440,1.15878462671334,None
20,20000,95,1.78,1.73333333333333,114.030727,8.76956611878832,119.26775147929,127.422269285577,127.509615,0.576215687426923,19.7653260133333,19.1346153846154,19.82,2,114.000527,1849371,1.16622749449346,None
20,20000,95,1.78,1.76666666666667,113.911797,8.77872201419138,140.975436098256,130.178833362264,130.263677,0.565212377282076,20.12441747,21.2264150943396,20.18,4,113.885129,1819623,1.14143764627953,None
30,20000,95,2.67,2.71,112.760231,8.86837487943777,146.829881582949,139.891256369004,139.94643,0.368612651318573,30.558022601,31.7958179581796,30.57,4,112.735884,1999566,1.29144674060394,None
30,20000,95,2.67,2.71833333333333,112.08386,8.92189116256346,147.960969279679,139.613554272226,139.666221,0.367864663516861,30.4681292766667,31.1771919068057,30.49,5,112.058531,1997373,1.28961871463112,None
30,20000,95,2.67,2.68666666666667,112.342656,8.9013384194869,134.844743825773,136.759886864764,136.816654,0.371885736957196,30.182726912,29.7146401985112,30.19,3,112.314111,2002759,1.29410603555698,None
30,20000,95,2.67,2.68833333333333,112.163492,8.91555694432195,137.51762436863,137.251471867948,137.255906,0.371879001104154,30.1532854326667,29.4081189959715,30.15,3,112.139667,1994924,1.28757613537163,None
30,20000,95,2.67,2.70666666666667,112.063487,8.92351315107659,137.821868646207,136.721450315271,136.725894,0.369089250813424,30.3318504813333,30.7787011388119,30.33,4,112.041482,2008966,1.29927962224952,None
30,20000,95,2.67,2.635,112.43994,8.893636905178,142.705059008362,139.238968129032,139.29238,0.379482877065781,29.62792419,29.9493991144845,29.65,4,112.417392,2015722,1.30490691903664,None
30,20000,95,2.67,2.71833333333333,112.414389,8.89565836629686,133.638527893612,135.776462628449,135.832419,0.367858136830779,30.5579780765,30.68669527897,30.59,4,112.390587,2003232,1.2945020933727,None
30,20000,95,2.67,2.71833333333333,112.501988,8.88873181512135,130.142498893864,135.843904233599,135.898296,0.367629210469651,30.5817904046667,30.2881667688535,30.58,4,112.479445,2023332,1.31125347219011,None
40,20000,95,3.56,3.53666666666667,111.199594,8.99283858896104,141.242812384241,145.447713197455,145.491487,0.28249744620311,39.3275897446667,38.124410933082,39.3,5,111.179927,2109874,1.38342060361714,None
40,20000,95,3.56,3.55833333333333,111.126497,8.99875391554905,149.795150524601,147.803745230445,147.844097,0.280710788213583,39.5425118491667,40.1873536299766,39.53,5,111.106635,2109126,1.38279832696648,None
40,20000,95,3.56,3.56333333333333,111.329886,8.98231405716162,145.92815181952,147.889398972404,147.892891,0.280614625305426,39.670549378,38.6953472059855,39.63,5,111.309788,2119508,1.3914514367406,None
40,20000,95,3.56,3.56666666666667,111.3619,8.97973184724758,146.672198445279,147.653686214953,147.694785,0.280284443592056,39.7190776666667,39.6495327102804,39.69,5,111.340033,2111105,1.38444845826898,None
40,20000,95,3.56,3.505,111.348684,8.98079765361214,152.150009191407,148.179007878745,148.220381,0.2852607239301,39.027713742,39.9667142177841,39,4,111.325458,2123224,1.39454534318773,None
40,20000,95,3.56,3.525,110.910633,9.01626807954473,152.976879097296,148.765102025059,148.808614,0.283562178454846,39.0959981325,40.0945626477541,39.07,5,110.891144,2103448,1.37806389620468,None
40,20000,95,3.56,3.53833333333333,111.195988,8.99313021977016,139.179508729393,144.56755672162,144.612896,0.282534474668394,39.3448470873333,39.0720678285445,39.32,5,111.174682,2117273,1.38958720940307,None
40,20000,95,3.56,3.58666666666667,111.158309,8.99617859426055,150.965636050413,148.238129851766,148.241692,0.278745017358736,39.8687801613333,40.8826945412311,39.83,4,111.132581,2108491,1.38227056884438,None
50,20000,95,4.45,4.39666666666667,110.311002,9.06527891025775,156.443902352105,159.60150413116,159.634894,0.227418480750569,48.500070546,47.4033358605004,48.44,6,110.287741,2196150,1.45537167732532,None
50,20000,95,4.45,4.43,110.356188,9.06156707768848,152.371264537148,158.79132367532,158.794079,0.225687132682092,48.887791284,48.2791047583224,48.81,5,110.335084,2186761,1.44754833220544,None
50,20000,95,4.45,4.62166666666667,110.270031,9.06864712861104,177.006940217015,171.936152646232,171.967787,0.216335897504147,50.9631326605,51.081860800577,50.89,6,110.252502,2201849,1.46013399294927,None
50,20000,95,4.45,4.51,110.32882,9.06381487629434,157.365663557865,160.975082974132,161.00683,0.221562704759793,49.75829782,48.9467849223947,49.7,5,110.307113,2196993,1.45608069093849,None
50,20000,95,4.45,4.51333333333333,110.278611,9.06794156121535,159.587872467158,162.67827155613,162.710333,0.221529794429099,49.772413098,48.172082717873,49.7,7,110.254391,2216672,1.4724821254979,None
50,20000,95,4.45,4.49333333333333,110.363765,9.0609449577948,168.657469485942,167.012149643546,167.01519,0.222538453497033,49.5901184066667,50.3615798257,49.51,6,110.344245,2194905,1.45433948329512,None
50,20000,95,4.45,4.43666666666667,110.232472,9.07173704677511,174.253102207601,169.012215012021,169.049707,0.225364683757701,48.9064734106667,49.2299023290759,48.84,6,110.207571,2191854,1.45179322777485,None
60,20000,95,5.34,5.23833333333333,109.641381,9.12064396562097,172.618191378019,177.880414617245,177.909935,0.190851313811327,57.4338100805,56.7292395800191,57.32,7,109.618317,2247559,1.49826456439302,None
60,20000,95,5.34,5.41166666666667,109.607558,9.12345843887882,179.094981328385,184.319018023714,184.348744,0.184769847755159,59.3159568043333,58.8235294117647,59.21,8,109.58614,2254302,1.50389450684202,None
60,20000,95,5.34,5.34166666666667,109.765819,9.11030418312644,185.980855770892,186.542824699532,186.572195,0.187145777983151,58.6332416491667,58.4399375975039,58.52,7,109.747971,2242653,1.49418181929951,None
60,20000,95,5.34,5.365,109.834327,9.10462172723105,179.792222726953,182.968204766076,182.998478,0.186270306555763,58.9261164355,58.6828207517863,58.81,8,109.813277,2259786,1.50846316377798,None
60,20000,95,5.34,5.45,109.59173,9.12477611221212,182.700790637461,185.430109119878,185.432593,0.183461260444037,59.72749285,60.3118789175967,59.6,10,109.572248,2240944,1.49276303273069,None
60,20000,95,5.34,5.27833333333333,109.612004,9.12308837999167,167.260076357774,175.140213917272,175.168505,0.189371556613199,57.8568694446667,56.4887906536154,57.75,9,109.587847,2243815,1.4951463040357,None
60,20000,95,5.34,5.415,109.478993,9.1341724343409,191.492971628176,190.247667600185,190.274581,0.184621155876885,59.2828747095,60.1108033240997,59.17,7,109.461194,2243067,1.49453025627163,None
60,20000,95,5.34,5.54166666666667,109.772549,9.10974564323909,184.195827915654,188.927078218947,188.953803,0.180304123377143,60.8322875708333,59.8796992481203,60.73,9,109.753771,2249638,1.50001512884294,None
60,20000,95,5.34,5.50333333333333,109.632091,9.12141683040598,203.719934067087,199.20060133192,199.228487,0.181698021631436,60.3341940803333,60.6602059357965,60.22,8,109.607287,2236470,1.48903729636175,None
70,20000,95,6.23,6.29666666666667,109.146114,9.16203026706017,222.058217296034,224.37770567946,224.40363,0.158792404676549,68.725669782,68.6474325039704,68.58,8,109.12805,2289166,1.53300236391056,None
70,20000,95,6.23,6.22833333333333,109.256447,9.15277795918075,231.425770787307,229.224044522612,229.248202,0.160522269431362,68.0485570731667,68.6513245919187,67.9,8,109.238334,2276547,1.52248093424178,None
70,20000,95,6.23,6.25666666666667,108.958247,9.17782753975475,252.048676049046,241.731950880128,241.756411,0.159784124823655,68.1715432063333,69.832179009057,68.02,13,108.938691,2297950,1.54032077681955,None
70,20000,95,6.23,6.36333333333333,109.190658,9.15829264441286,228.954627812729,229.743219534835,229.768957,0.157141047913829,69.481655374,68.8187532739654,69.32,10,109.172637,2296781,1.53935334927811,None
70,20000,95,6.23,6.22833333333333,109.119955,9.16422665313599,223.198158217777,222.651104194274,222.674413,0.160549829669789,67.9635453058333,68.7316028900187,67.8,11,109.100955,2284622,1.52921084253061,None
70,20000,95,6.23,6.16833333333333,109.253005,9.15306631611643,207.646381263969,212.635299612807,212.637387,0.162111825969738,67.3908952508333,66.986356882345,67.23,11,109.235646,2282345,1.52730996794249,None
70,20000,95,6.23,6.27333333333333,109.020595,9.17257881412223,216.556029999514,220.597483390542,220.623311,0.159266234455367,68.3922532633333,67.5611052072264,68.23,9,109.004378,2289756,1.53349226608159,None
70,20000,95,6.23,6.10166666666667,109.402129,9.14058994226703,213.759373796205,215.156423491123,215.18224,0.163882525172904,66.7535323781667,67.5635072384594,66.61,7,109.381466,2284960,1.52948625728399,None
70,20000,95,6.23,6.16333333333333,109.181312,9.15907660094797,221.108218934065,220.21432177285,220.240088,0.162182801244457,67.2920819626667,68.374797187669,67.15,10,109.160915,2274905,1.52110838609587,None
70,20000,95,6.23,6.42666666666667,108.97961,9.17602843320874,232.998958351268,233.528670374222,233.550656,0.155533259473288,70.0375626933333,70.1115145228216,69.87,9,108.962114,2293550,1.53666325498468,None
80,20000,95,7.12,7.20166666666667,108.763064,9.1942977994809,293.666835866362,295.774247265679,295.776227,0.138821365013423,78.3275332573333,78.3639939835705,78.12,13,108.744184,2324329,1.56236187292136,None
80,20000,95,7.12,7.27333333333333,108.812984,9.19007974268953,282.884881805221,289.566674047892,289.586724,0.13736083037099,79.1433103626667,78.4601283226398,78.94,13,108.792854,2321286,1.55982990209345,None
80,20000,95,7.12,7.13333333333333,108.662432,9.20281261512719,291.821338108132,292.31363098271,292.335294,0.140177296284346,77.5125348266667,77.4182242990654,77.33,16,108.644257,2327231,1.5647764687954,None
80,20000,95,7.12,7.16333333333333,108.906371,9.18219926729539,290.600170932361,291.793933138204,291.813663,0.139573447447185,78.0132637596667,78.6761284318288,77.81,11,108.886097,2325107,1.56300867583391,None
80,20000,95,7.12,7.00166666666667,108.758942,9.19464626641918,266.318744684009,269.983510105451,270.005285,0.142767849211616,76.1493858903333,75.8033801475839,75.95,9,108.742327,2325714,1.56350458796012,None
80,20000,95,7.12,7.01666666666667,108.723098,9.19767757169686,281.904299795194,282.093972306651,282.114722,0.142513965668884,76.2873737633333,76.5439429928741,76.09,11,108.709044,2312681,1.55264221011883,None
80,20000,95,7.12,6.915,108.872856,9.18502588009632,286.908745158034,283.006808472162,283.008677,0.144605266208002,75.285579924,75.0813351006145,75.09,15,108.853781,2313375,1.55321530164819,None
80,20000,95,7.12,7,108.820295,9.18946231491102,286.87061064159,285.134714512619,285.136615,0.142838914824524,76.1742065,75.8243066301631,75.98,11,108.801299,2310585,1.55089458428332,None
80,20000,95,7.12,7.12,108.805277,9.1907307032544,273.304349198334,279.524103615403,279.544323,0.140416705548923,77.469357224,77.3642322097378,77.27,12,108.783118,2319412,1.55825891072088,None
80,20000,95,7.12,7.18833333333333,108.697458,9.19984715741927,281.470203503726,286.463362100858,286.483551,0.139079331231394,78.135356059,76.9649895664271,77.93,12,108.679166,2321204,1.55975611752087,None
90,20000,95,8.01,7.98166666666667,108.572499,9.21043550816676,424.568857133384,429.886936904782,429.889923,0.125271218776571,86.6589496185,85.8231548178307,86.4,17,108.551062,2347054,1.58134855205977,None
90,20000,95,8.01,7.905,108.438815,9.2217901864752,377.613175111559,386.340124013494,386.341995,0.126489322976597,85.7208832575,85.0110677769579,85.48,17,108.418895,2345109,1.57972232624751,None
90,20000,95,8.01,7.9,108.605939,9.20759959545122,387.584788762485,394.442663439873,394.461426,0.126564232732068,85.79869181,86.0443037974684,85.56,18,108.584464,2344736,1.57941185393921,None
90,20000,95,8.01,8.12,108.150413,9.24638170360015,486.026685403908,486.090474429187,486.09221,0.123144852716544,87.818135356,88.6300667008723,87.57,19,108.130174,2355342,1.58826326920997,None
90,20000,95,8.01,8.30666666666667,108.511041,9.21565207359867,541.419540925826,546.88634752508,546.903995,0.120350731357344,90.136504724,90.2387640449438,89.87,18,108.492673,2355821,1.58867509729419,None
90,20000,95,8.01,7.98166666666667,108.555975,9.2118374875266,496.217034574212,489.825578558363,489.843699,0.125231599420338,86.6457607125,86.4167884735853,86.41,32,108.53595,2347946,1.5820921185443,None
90,20000,95,8.01,7.935,108.325074,9.23147303827367,425.612057217147,427.330916565848,427.349682,0.125831387513338,85.955946219,86.3264020163831,85.72,17,108.306719,2348377,1.58244761423357,None
90,20000,95,8.01,8.18166666666667,108.444582,9.22129977872016,524.190916356233,524.701710638419,524.720254,0.122177240662457,88.725742173,89.0099816663272,88.48,26,108.425785,2353779,1.5869654185572,None
90,20000,95,8.01,8.16166666666667,108.348388,9.22948664450827,494.512045127795,497.750607267919,497.768404,0.122451579520931,88.4303426726667,88.2887482131918,88.18,22,108.32988,2357984,1.59046880764524,None
90,20000,95,8.01,8.04,108.395937,9.22543803463777,436.30314431161,441.140701381841,441.159212,0.124366108509536,87.150333348,86.5049751243781,86.91,24,108.375851,2351444,1.58501054569248,None
100,20000,95,8.9,8.87666666666667,108.300276,9.23358681006501,1283.28441844111,1290.5933016718,1290.609972,0.112634923763988,96.134544996,95.7097258730755,95.85,46,108.281685,2376385,1.60584900124953,None
100,20000,95,8.9,8.875,108.142913,9.24702296487982,1315.78126033195,1317.75545425596,1317.771996,0.112638739749296,95.9768352875,96.1784037558685,95.7,39,108.125516,2373456,1.6034066913907,None
100,20000,95,8.9,8.92166666666667,108.034884,9.25626948421586,1131.36773215087,1147.51428181319,1147.531521,0.112076401299645,96.385122342,96.2917989912199,95.94,28,108.01661,2371172,1.60150417080215,None
100,20000,95,8.9,8.835,108.148896,9.24651140220609,1151.74929135869,1157.31735779212,1157.319095,0.113175365791737,95.549549616,95.8313684806187,95.1,35,108.133832,2372530,1.60263151838418,None
100,20000,95,8.9,8.95166666666667,107.991785,9.25996361667695,1315.19939533357,1327.25909512791,1327.275288,0.111655806523739,96.6706462058333,96.6021225097747,96.38,37,107.974221,2372026,1.60221844756504,None
100,20000,95,8.9,8.90166666666667,108.024473,9.25716156930476,1277.42203759404,1284.31569749523,1284.332217,0.112335683126568,96.1597850488333,96.0587904886725,95.72,37,108.004554,2371470,1.60175136065855,None
100,20000,95,8.9,8.95666666666667,107.993273,9.25983602700883,1407.69994995823,1418.21130607704,1418.228433,0.111635043481206,96.7259748503333,96.1946408634165,95.96,41,107.974718,2373612,1.60353815703006,None
10,30000,75,0.89,0.885,118.114402,8.46636805560765,131.933139689532,125.816090258004,125.985377,1.12948212439548,10.453124577,11.1111111111111,10.54,2,118.081981,1663181,1.01102481504485,None
10,30000,75,0.89,0.9,117.339346,8.5222905537585,119.341563786008,125.236052487037,125.415039,1.10848448821667,10.56054114,10.1851851851852,10.63,2,117.307007,1681952,1.02666812482051,None
10,30000,75,0.89,0.896666666666667,118.30147,8.4529803391285,134.615982023589,125.881776081784,125.896006,1.11188244290335,10.6076984766667,10.5849582172702,10.67,2,118.26896,1692489,1.03544937486026,None
10,30000,75,0.89,0.908333333333333,118.6355,8.42918013579409,137.362174901103,127.059809988991,127.228723,1.09906045088624,10.7760579166667,11.3761467889908,10.85,3,118.602637,1720623,1.0588957891002,None
10,30000,75,0.89,0.893333333333333,118.098619,8.46749952258121,116.952550679439,125.902453449627,126.061971,1.11647421390112,10.5501432973333,10.0746268656717,10.64,2,118.060992,1699527,1.0413144307657,None
10,30000,75,0.89,0.891666666666667,117.989191,8.47535262785216,102.71639444493,123.422604338318,123.582626,1.1197388816486,10.5207028641667,9.1588785046729,10.61,1,117.953069,1653749,1.00316485295525,None
10,30000,75,0.89,0.88,118.557179,8.43474860345657,103.208050227918,124.415142590909,124.427998,1.13599683673485,10.433031752,8.89309366130559,10.52,2,118.522527,1697074,1.03926973135775,None
10,30000,75,0.89,0.9,117.806991,8.48846058719894,106.995884773663,124.23150847963,124.395168,1.09652505269074,10.60262919,9.44444444444444,10.69,2,117.764627,1699702,1.04146046547999,None
20,30000,75,1.78,1.76166666666667,114.440079,8.73819739324018,130.499109867183,129.23304468685,129.323313,0.56683252810596,20.1605272505,20.2459791863765,20.22,4,114.410889,1981239,1.27612539259948,None
20,30000,75,1.78,1.74666666666667,114.527628,8.73151760376981,127.772499426662,129.244346383588,129.253769,0.571836571049618,20.004159024,19.933237958989,20.04,2,114.503771,2002742,1.29404473154619,None
20,30000,75,1.78,1.82833333333333,114.456267,8.73696151561539,133.121823087579,130.73391446217,130.820537,0.545406599168642,20.9264208165,21.1485870556062,20.97,3,114.432449,1999235,1.2911263798967,None
20,30000,75,1.78,1.735,114.312927,8.74791702254287,130.942592884807,129.072179589818,129.163377,0.576295354699328,19.8332928345,19.6445725264169,19.88,3,114.286935,1958215,1.25693610258656,None
20,30000,75,1.78,1.79,114.21487,8.75542737999001,132.320866402718,129.297706797952,129.304464,0.558586541837058,20.44446173,20.4281060958585,20.48,4,114.190814,1948167,1.24856501650787,None
20,30000,75,1.78,1.62833333333333,114.81941,8.70932884953859,123.516414902009,128.407472480041,128.499163,0.613985789547595,18.6964272616667,18.0655066530194,18.74,2,114.791731,1933056,1.23596399958081,None
20,30000,75,1.78,1.68666666666667,114.450874,8.7373732069534,135.918386476902,129.898714885376,129.984929,0.592178654464427,19.3040474146667,20.4545454545455,19.37,3,114.424485,1941591,1.24307970682348,None
20,30000,75,1.78,1.82166666666667,114.214154,8.75548226711026,128.573329906943,129.566380459286,129.648505,0.547671623199451,20.8060117203333,21.3174748398902,20.86,3,114.184021,1969097,1.26600941217659,None
30,30000,75,2.67,2.715,112.339972,8.90155108815587,129.105632600642,135.284866631676,135.339101,0.368287289824432,30.500302398,29.4352363413137,30.5,3,112.319119,2123439,1.39468267675832,None
30,30000,75,2.67,2.57666666666667,112.198746,8.91275558463015,130.369916796639,133.974976835058,133.979974,0.387613848219276,28.909876886,28.6776592305205,28.92,3,112.177321,2088344,1.36542671031755,None
30,30000,75,2.67,2.635,112.238888,8.90956795651789,140.664700721447,136.861958853257,136.918408,0.379047617192916,29.574946988,30.9930423782416,29.59,3,112.216106,2093543,1.36976281147932,None
30,30000,75,2.67,2.62666666666667,112.40757,8.89619800516994,121.870893349481,132.960891607868,133.018041,0.380662019711929,29.52572172,27.1256345177665,29.54,3,112.386923,2103778,1.37829243649081,None
30,30000,75,2.67,2.71166666666667,112.336492,8.90182684358703,130.783199458734,136.063251760295,136.119715,0.368662799805163,30.4619120806667,29.1333743085433,30.47,3,112.316834,2118325,1.39042050105326,None
30,30000,75,2.67,2.72833333333333,112.530755,8.88645952833072,132.996538134444,137.706854359194,137.765192,0.36577312674832,30.7021409891667,29.9328039095907,30.71,3,112.511376,2117578,1.3897991267319,None
30,30000,75,2.67,2.71,112.06063,8.92374065717817,137.184951185305,136.499257091636,136.55191,0.368897356455105,30.36843073,30.719557195572,30.37,3,112.041206,2108989,1.38263935239719,None
30,30000,75,2.67,2.70833333333333,112.531278,8.88641822765045,137.921893491124,138.270874595077,138.323987,0.368944441537231,30.477221125,30.2769230769231,30.48,4,112.51092,2129028,1.39934047329547,None
30,30000,75,2.67,2.79,112.30865,8.90403366080885,135.278171090498,137.183590431302,137.1881,0.357785653459379,31.33411335,30.3971334726784,31.33,4,112.282352,2112504,1.38557346913011,None
30,30000,75,2.67,2.62166666666667,112.57219,8.88318864543721,143.554070618742,138.833526100445,138.895641,0.381209837252384,29.5126758116667,30.1335028607756,29.52,5,112.550941,2112593,1.38563877565446,None
40,30000,75,3.56,3.54,111.234538,8.99001351540652,147.094810984498,147.403932435499,147.444991,0.282452403150659,39.377026452,39.1007532956686,39.34,5,111.218329,2192719,1.45246585656148,None
40,30000,75,3.56,3.46333333333333,111.166592,8.99550829083615,171.603887279636,154.44628705486,154.488744,0.288576429411935,38.5006963626667,40.7603464870067,38.47,6,111.145853,2198307,1.45711859820835,None
40,30000,75,3.56,3.69666666666667,110.997251,9.00923212954166,155.258923424299,151.855401451758,151.895851,0.270223129834085,41.0319837863333,41.07303877367,41,5,110.980512,2187522,1.44814296937315,None
40,30000,75,3.56,3.59833333333333,111.281395,8.98622811117708,162.058455604801,152.361770021769,152.402758,0.277438856285317,40.0427553008333,42.658638258453,40.01,5,111.264262,2184609,1.44571017741965,None
40,30000,75,3.56,3.465,111.407698,8.97604041688394,142.773158646175,145.735537957672,145.77743,0.288575522195286,38.602767357,37.6623376623377,38.58,6,111.387619,2194373,1.45384047365979,None
40,30000,75,3.56,3.51,111.272185,8.98697190137859,149.619997673179,147.718627814815,147.760782,0.28479421433001,39.056536935,39.8385565052232,39.03,5,111.25578,2186284,1.44710119798935,None
40,30000,75,3.56,3.505,111.177272,8.99464415712593,137.565857619337,143.74164233904,143.783943,0.285076985882549,38.967633836,37.0423204945316,38.94,4,111.158608,2189693,1.44994188287526,None
40,30000,75,3.56,3.535,111.242996,8.98932998891903,148.578203950927,147.954736410655,148.000763,0.28260315912777,39.324399086,39.6039603960396,39.29,5,111.222072,2184672,1.44575903587757,None
50,30000,75,4.45,4.49833333333333,110.044696,9.08721670692788,164.000565197362,164.734957814746,164.738152,0.222274150556132,49.5017724173333,49.2498610853862,49.43,5,110.025979,2274595,1.52075654339193,None
50,30000,75,4.45,4.44,110.420453,9.0562932213292,158.942726510294,161.928355213964,161.961178,0.225010652481607,49.026681132,48.1981981981982,48.95,5,110.399694,2236110,1.48867881013294,None
50,30000,75,4.45,4.55166666666667,110.273126,9.06839260183846,159.646335166667,162.823623890516,162.856315,0.219658153930062,50.1926511843333,50.2563163676309,50.13,5,110.256734,2271335,1.51804318980829,None
50,30000,75,4.45,4.32166666666667,110.457354,9.05326774349492,158.217658298344,159.860764661396,159.89638,0.231359736510991,47.735986487,47.1461627458542,47.67,5,110.441368,2238176,1.49039406825474,None
50,30000,75,4.45,4.49333333333333,110.521737,9.04799388015409,163.45785090135,164.570998202893,164.574074,0.222528830790059,49.661100492,49.7496755052846,49.58,6,110.505812,2253996,1.50358913302216,None
50,30000,75,4.45,4.44833333333333,110.207381,9.07380241619207,156.958015801367,160.5442761139,160.576948,0.224798962368677,49.0239166481667,48.0891719745223,48.96,6,110.186439,2260096,1.5086699184093,None
50,30000,75,4.45,4.38,110.474787,9.0518391314029,163.196833538361,163.391208722603,163.424631,0.228276206348554,48.387956706,48.7252663622527,48.33,6,110.458292,2237310,1.48967572985849,None
50,30000,75,4.45,4.53833333333333,109.950274,9.09502053628352,162.811075091214,163.686206193904,163.71832,0.220270065857877,49.8990993503333,50.0183621006243,49.83,7,109.931891,2254489,1.50400132996045,None
50,30000,75,4.45,4.44166666666667,110.268307,9.06878891320967,162.582852556769,163.401872819887,163.434702,0.225097405941839,48.9775063591667,48.9868667917448,48.9,6,110.251596,2249061,1.49947251938289,None
60,30000,75,5.34,5.39,109.568094,9.12674450648014,172.45082943027,180.438749865801,180.441122,0.185504213929499,59.057202666,57.4277322615551,58.93,7,109.553396,2298073,1.54037485770695,None
60,30000,75,5.34,5.28166666666667,109.64397,9.12042860177354,191.933113475736,189.384988974124,189.412842,0.189287218996529,57.910290155,58.2675923004102,57.8,9,109.62702,2293274,1.53636902633744,None
60,30000,75,5.34,5.385,109.622314,9.1222303517512,181.965738549455,184.621218638502,184.624034,0.185681331637264,59.031616089,59.0283150239827,58.91,6,109.60464,2287431,1.53150496409627,None
60,30000,75,5.34,5.39166666666667,109.449649,9.1366213517962,207.573176878662,198.89380307728,198.921268,0.185461155820711,59.0116024191667,59.3663060278207,58.89,8,109.431705,2300292,1.54222411423632,None
60,30000,75,5.34,5.42,109.373926,9.14294692137137,193.948203319672,192.312879504613,192.340166,0.184414786625154,59.280667892,58.0258302583026,59.17,10,109.356835,2298660,1.5408653838166,None
60,30000,75,5.34,5.36333333333333,109.423295,9.13882185689985,200.588594068248,194.075238331572,194.1026,0.186379386342449,58.6873605516667,59.9129894344313,58.57,8,109.402381,2288726,1.53258250324806,None
60,30000,75,5.34,5.31833333333333,109.614085,9.12291518010664,177.923238943436,181.629203814792,181.656606,0.188028009803197,58.2964242058333,57.4271388279536,58.19,8,109.596129,2281691,1.52671703731282,None
60,30000,75,5.34,5.29666666666667,109.529171,9.12998784588628,187.431606771063,185.997479184707,186.025458,0.188422842095658,58.0139509063333,58.1812460667086,57.9,9,109.513035,2283322,1.52807488862805,None
60,30000,75,5.34,5.385,109.859427,9.10254155976983,183.488242240114,185.925710134014,185.95355,0.185684235810585,59.1593014395,59.7493036211699,59.05,9,109.842902,2293088,1.53622064792108,None
70,30000,75,6.23,6.22,109.207777,9.15685702493514,229.569242115638,228.487673137728,228.512726,0.16069381957717,67.927237294,67.7384780278671,67.77,11,109.191453,2327896,1.56527915056287,None
70,30000,75,6.23,6.21666666666667,109.118901,9.16431517212586,216.791610663485,219.250404346917,219.274869,0.160853168614745,67.835583455,67.8686327077748,67.68,10,109.103991,2335120,1.57129979845774,None
70,30000,75,6.23,6.1,109.204335,9.15714563895289,228.961823275061,225.051567772951,225.053731,0.163913385848361,66.61464435,66.944406501844,66.46,11,109.189821,2330568,1.56749915772556,None
70,30000,75,6.23,6.22333333333333,109.245657,9.15368196284453,225.192207336914,225.308400288966,225.332188,0.160678826604178,67.987213873,67.6888055704339,67.84,11,109.228838,2322527,1.56080451716779,None
70,30000,75,6.23,6.17333333333333,109.008316,9.17361203892004,211.558399302138,214.106412985961,214.130094,0.161955264415227,67.2944670773333,68.4665226781857,67.14,10,108.992872,2317268,1.55641742859355,None
70,30000,75,6.23,6.16,109.312408,9.14809231903482,216.31844886715,217.156918329275,217.181216,0.162324203082251,67.336443328,68.4117965367965,67.19,10,109.29291,2325348,1.56315228945564,None
70,30000,75,6.23,6.07333333333333,109.012069,9.17329621548601,214.538492217934,214.454804385565,214.481687,0.164621456168771,66.2066632393333,67.1103183315038,66.06,8,108.994689,2314602,1.55418955040846,None
70,30000,75,6.23,6.03166666666667,109.122666,9.16399898074338,213.206510937752,213.894945863775,213.919728,0.165776730722852,65.819154709,65.874550980934,65.68,10,109.10332,2328419,1.56570378188974,None
70,30000,75,6.23,6.2,109.14891,9.16179556900752,228.117101846353,226.491850017742,226.494209,0.161226138192473,67.6723242,67.9747345786857,67.52,11,109.135157,2325021,1.56288151762358,None
70,30000,75,6.23,5.95166666666667,109.136041,9.16287590091343,213.565812719705,212.667154301316,212.692354,0.167744750524503,64.9541337351667,65.611873424811,64.81,7,109.119954,2319456,1.5582285710033,None
80,30000,75,7.12,7.22666666666667,108.614222,9.2068974171725,326.441888727005,321.083054618542,321.10695,0.138322157969557,78.4918777653333,79.4280442804428,78.29,12,108.595891,2355989,1.58875187001295,None
80,30000,75,7.12,7.04833333333333,110.426248,9.0558179609616,326.306537890987,321.221878419485,321.223761,0.141869148555687,77.8321004653333,77.9879418370966,77.62,17,110.411095,2355817,1.58860484546873,None
80,30000,75,7.12,7.05833333333333,108.662108,9.20284005533925,278.033869103956,281.014464384652,281.035257,0.141628915595986,76.6973378966667,75.5844155844156,76.5,13,108.649128,2351856,1.58529719131512,None
80,30000,75,7.12,7.17333333333333,108.567296,9.21087691085168,311.864082516825,308.805415436106,308.826313,0.139352846279275,77.8789403306667,79.3564126394052,77.68,14,108.551328,2350000,1.58375662544561,None
80,30000,75,7.12,7.15666666666667,108.661302,9.20290831781125,317.711328661498,313.654725369818,313.675299,0.139726669754308,77.765271798,77.3521192361435,77.57,19,108.646257,2353098,1.58633824993764,None
80,30000,75,7.12,7.075,108.681684,9.20118241818925,273.096180499195,276.589536399058,276.611242,0.141272415480565,76.89229143,77.0318021201414,76.7,11,108.665616,2355210,1.58809387852657,None
80,30000,75,7.12,7.11166666666667,108.70761,9.19898800093204,280.058304979194,283.660318305601,283.662886,0.140582946662761,77.309228645,76.473345049795,77.12,13,108.693161,2349519,1.58335265455765,None
80,30000,75,7.12,7.235,108.447512,9.22105064060852,263.889081254944,273.489048991477,273.509001,0.138205493024418,78.461774932,77.2517853029256,78.26,10,108.430018,2358895,1.59117390013719,None
90,30000,75,8.01,8.03,108.215556,9.24081561804294,456.62100456621,458.329864766086,458.348119,0.124506855974056,86.897091468,86.6645911166459,86.66,20,108.200331,2371870,1.6020349537735,None
90,30000,75,8.01,7.95666666666667,108.521586,9.21475659229676,421.849323831837,426.292255717218,426.311547,0.12566777147235,86.347008594,86.3741097612065,86.11,16,108.503869,2368527,1.59924542799809,None
90,30000,75,8.01,7.87,108.283989,9.23497563430176,469.685007375786,461.305822737399,461.325929,0.12704459096421,85.219499343,86.1075815332486,84.98,20,108.267642,2367656,1.59851321691699,None
90,30000,75,8.01,7.95666666666667,108.1692,9.2447757772083,479.740403656238,475.131618528278,475.152583,0.125675477630289,86.0666268,86.4578969417679,85.83,26,108.149495,2368370,1.59911302561959,None
90,30000,75,8.01,8.04,108.374599,9.22725444179037,464.058748545828,465.822968497927,465.841464,0.124372110969527,87.133177596,86.3909618573798,86.9,25,108.358065,2373515,1.60340743855383,None
90,30000,75,8.01,8.08,108.203918,9.24180952486397,467.402092932065,469.983664760726,470.002805,0.123723187224216,87.428765744,87.1493399339934,87.19,20,108.185548,2367358,1.59827695649656,None
90,30000,75,8.01,7.93,108.36916,9.22771755359182,444.780861542278,443.361030842371,443.382201,0.126089441676545,85.93674388,86.4754098360656,85.7,17,108.354446,2366186,1.59729187768217,None
90,30000,75,8.01,7.90166666666667,108.438541,9.22181348788158,483.118782194183,476.680229225691,476.699026,0.126545529373761,85.6845204801667,85.2879139422063,85.45,27,108.422464,2369120,1.59973608735154,None
90,30000,75,8.01,7.95333333333333,108.358858,9.22859486023745,421.768256995087,425.526904812657,425.54602,0.125726098356454,86.1814117293333,86.1378876781224,85.95,23,108.341223,2366592,1.59763166360902,None
90,30000,75,8.01,8.01666666666667,108.295702,9.23397680177557,419.513228245037,424.652032142828,424.671942,0.124730138746154,86.8170544366667,87.4324324324324,86.58,18,108.279193,2371044,1.6013460146199,None
100,30000,75,8.9,8.78333333333333,107.961283,9.26257980835593,818.416513939848,833.123375941176,833.1416,0.113850228830361,94.8259935683333,94.4117647058824,94.38,31,107.945915,2379208,1.6081940188303,None
100,30000,75,8.9,9.1,107.946515,9.26384700793722,1817.60455661555,1843.48220360824,1843.498747,0.109854032397802,98.23132865,97.481684981685,97.13,54,107.92773,2382250,1.61074487545342,None
100,30000,75,8.9,8.86666666666667,108.118663,9.24909698522632,992.989993781446,1007.98791983703,1008.004971,0.112768670888534,95.8652145266667,95.5545112781955,95.26,43,108.100152,2381154,1.60982097022298,None
100,30000,75,8.9,9.03666666666667,108.030763,9.25662257888524,1618.78917006972,1636.01678196902,1636.033651,0.110649280196238,97.6237994976667,97.3902618959794,97.17,55,108.012324,2380979,1.60968564336631,None
100,30000,75,8.9,8.85666666666667,108.15735,9.24578865883826,1336.8192951236,1337.50053731728,1337.518597,0.112823962250471,95.79135965,95.7000376364321,95.51,45,108.140317,2381187,1.60984985788579,None
100,30000,75,8.9,8.81333333333333,108.054203,9.25461455673316,1248.4093234246,1245.19345524546,1245.210634,0.11346154049149,95.2317709106667,94.8279122541604,94.8,41,108.038366,2380339,1.60913908454926,None
100,30000,75,8.9,9.14666666666667,108.195186,9.24255539428529,1932.30034360683,1970.44810254155,1970.464589,0.109297926055576,98.962530128,97.9136297376093,97.53,72,108.176657,2382936,1.6113189068442,None
100,30000,75,8.9,9.04166666666667,107.955344,9.2630893751772,2301.8694363152,2304.42728652737,2304.428775,0.110575686118157,97.6096235333333,97.5301815500876,97.3,58,107.937437,2382273,1.61076498638232,None
100,30000,75,8.9,8.61333333333333,108.163542,9.24525936844783,903.452060309214,899.136914059598,899.156957,0.116096593086687,93.164864176,92.9663312693499,92.9,31,108.145241,2377707,1.60693469713747,None
100,30000,75,8.9,8.89666666666667,108.068186,9.25341709723896,980.745444588739,1001.23009410322,1001.246579,0.112384959449981,96.1446628113333,95.8130385912327,95.54,31,108.049682,2379590,1.60851883640101,None
10,30000,80,0.89,0.918333333333333,117.653025,8.49956896560883,110.571235353836,124.933566221416,124.946921,1.08813215917967,10.8044694625,9.79147778785131,10.87,2,117.621176,1685459,1.0295916492417,None
10,30000,80,0.89,0.94,117.031692,8.5446940303999,137.694280971782,125.376088203901,125.537571,1.06041418851418,11.000979048,11.8794326241135,11.09,3,117.001599,1681716,1.02647324613492,None
10,30000,80,0.89,0.883333333333333,118.250727,8.45660762829813,145.110522291181,126.712896332076,126.72598,1.13113174839057,10.445480885,11.3100848256362,10.52,3,118.218341,1676589,1.02219839831814,None
10,30000,80,0.89,0.85,118.59569,8.43200962868044,153.402537485582,127.732552468627,127.905773,1.17640313972353,10.08063365,12.6470588235294,10.16,2,118.56202,1651150,1.00099723277192,None
10,30000,80,0.89,0.936666666666667,117.4919,8.51122502912967,147.224579222654,126.950919599644,127.107542,1.06747849712633,11.0050746333333,11.8327402135231,11.09,3,117.454469,1679044,1.02424651075649,None
10,30000,80,0.89,0.89,118.569504,8.4338718326763,119.934351723267,125.661784138577,125.826384,1.12079553729401,10.552685856,10.2996254681648,10.64,2,118.538466,1696566,1.03884685771184,None
10,30000,80,0.89,0.961666666666667,118.039346,8.47175144464118,121.647558488447,125.868038845754,126.017275,1.03985293349393,11.3514504403333,10.8318890814558,11.43,2,117.991456,1753686,1.08645147946944,None
10,30000,80,0.89,0.965,117.655635,8.4993804164161,152.129363651821,127.313119644214,127.462931,1.03409521164421,11.3537687775,14.1623488773748,11.44,2,117.606715,1704040,1.0450785365048,None
10,30000,80,0.89,0.92,118.620865,8.43022009660779,127.99306868305,126.776166717391,126.949079,1.08554340526268,10.91311958,10.8695652173913,11,2,118.586686,1716158,1.05517544034588,None
10,30000,80,0.89,0.915,118.784396,8.41861417555215,125.414315148258,125.982530817851,126.153276,1.09213548118033,10.868772234,10.200364298725,10.94,2,118.749085,1719870,1.05826862907845,None
20,30000,80,1.78,1.81833333333333,114.065391,8.76690108395806,145.679885674055,131.73038940605,131.810237,0.548835987483043,20.7408902635,23.2813932172319,20.78,3,114.037637,1975352,1.27122184829632,None
20,30000,80,1.78,1.77166666666667,114.098568,8.76435188914904,128.499100417799,129.716780386642,129.799534,0.563130944886171,20.214462964,20.131702728128,20.27,2,114.075229,1968081,1.26516000385119,None
20,30000,80,1.78,1.77666666666667,114.155212,8.76000300362983,144.672972202373,131.974844861163,132.059791,0.562502570021576,20.2815759986667,21.1069418386492,20.32,3,114.120097,1939228,1.24111470586823,None
20,30000,80,1.78,1.83166666666667,114.361513,8.74420050738573,138.350605770321,131.501172195632,131.586884,0.545889084704277,20.9472171311667,22.7934485896269,20.99,3,114.338441,1972626,1.26895101084417,None
20,30000,80,1.78,1.75,114.239817,8.75351542273567,126.258503401361,129.539623274286,129.624233,0.570557230287619,19.991967975,19.7142857142857,20.04,3,114.215873,1955656,1.25480421018618,None
20,30000,80,1.78,1.83,114.430999,8.73889076158463,127.405018563309,128.70310882969,128.781713,0.546060363443534,20.940872817,20.1275045537341,21,4,114.405672,2013720,1.30319805764861,None
20,30000,80,1.78,1.665,114.231633,8.7541425587429,135.270405540676,129.758930592593,129.848744,0.600093858708709,19.0195668945,20.2202202202202,19.06,2,114.20465,1941661,1.24313664758121,None
20,30000,80,1.78,1.83333333333333,114.309501,8.74817920865563,123.96694214876,129.089903899091,129.177404,0.544967302212727,20.95674185,20.3636363636364,21,4,114.28576,1990226,1.28361858028016,None
20,30000,80,1.78,1.72166666666667,114.903528,8.70295296764082,132.697460099392,130.418003609874,130.50844,0.580682318911907,19.782557404,19.5546950629235,19.85,3,114.880235,1967969,1.26506474865735,None
20,30000,80,1.78,1.77666666666667,114.122519,8.76251250640551,139.063708066487,130.241510559099,130.247946,0.562722814286116,20.2757675423333,21.0501640881388,20.31,3,114.090229,1934975,1.23757029394055,None
30,30000,80,2.67,2.595,112.50985,8.88811068541999,145.235466401927,138.319965024406,138.324836,0.384911041347463,29.196306075,30.561797752809,29.2,5,112.489819,2095484,1.37137854964528,None
30,30000,80,2.67,2.685,112.598644,8.88110162321315,132.122384861063,136.356759234016,136.413012,0.372307224811918,30.232735914,30.4158907510863,30.26,3,112.570998,2136257,1.405364061105,None
30,30000,80,2.67,2.79333333333333,111.915542,8.93530944969198,141.831044480266,138.607151723747,138.660331,0.357595585739857,31.2617413986667,32.3985680190931,31.27,4,111.893999,2107410,1.38132780586174,None
30,30000,80,2.67,2.69,112.721506,8.87142157238389,138.613701803245,138.197986237918,138.205058,0.371536221358736,30.322085114,30.1021988231651,30.32,3,112.697826,2128406,1.39882130634575,None
30,30000,80,2.67,2.61666666666667,112.687182,8.87412376680074,141.912450809364,136.739461275796,136.792664,0.38193701480828,29.48647929,30.7006369426752,29.5,4,112.667907,2102042,1.37684545594428,None
30,30000,80,2.67,2.65666666666667,112.659509,8.87630355285855,129.170084177019,134.695370474906,134.754795,0.376256770824969,29.9298762243333,28.1053952321205,29.94,4,112.632889,2104359,1.3787785947886,None
30,30000,80,2.67,2.68166666666667,112.466525,8.89153461441082,132.757433286783,136.251207246116,136.259003,0.372726543910504,30.1597731208333,29.0773532152843,30.16,5,112.445832,2111780,1.38496435395153,None
30,30000,80,2.67,2.70166666666667,112.340263,8.90152803007057,140.65848416888,137.652697305984,137.71287,0.370036285389266,30.3505943871667,30.9685379395435,30.37,3,112.320062,2101522,1.37641632655668,None
40,30000,80,3.56,3.645,111.050044,9.00494915607598,156.806368596577,152.123297562872,152.163712,0.274248484032465,40.477741038,41.3351623228166,40.44,6,111.029297,2195910,1.45513091537732,None
40,30000,80,3.56,3.72333333333333,110.916334,9.01580465145918,155.893389114667,152.887636965533,152.890888,0.268481577711728,41.2978483593333,41.7543074513314,41.25,6,110.89829,2181751,1.44333451881363,None
40,30000,80,3.56,3.48666666666667,111.215101,8.99158469495973,126.403416091164,140.976734310708,141.017764,0.286425148540153,38.7769985486667,35.8508604206501,38.75,3,111.193124,2189655,1.44990924807717,None
40,30000,80,3.56,3.52833333333333,110.874124,9.0192369862602,147.533664205615,146.616976966934,146.659518,0.283360906044403,39.1200867513333,39.8677373641946,39.09,5,110.855877,2197188,1.45618915718795,None
40,30000,80,3.56,3.55166666666667,110.992378,9.00962767010902,138.797104969412,145.141109813703,145.183829,0.281409505342562,39.4207929196667,37.8930079774754,39.4,5,110.976586,2174146,1.43698696478806,None
40,30000,80,3.56,3.705,110.968874,9.01153597359202,150.008225865886,149.870345592443,149.909283,0.269838939861898,41.113967817,41.1156095366622,41.08,5,110.949659,2203036,1.46107318630602,None
40,30000,80,3.56,3.43833333333333,111.2161,8.99150392793849,142.811190589029,145.340687664566,145.384133,0.290643523489094,38.2398023833333,36.7910809500727,38.22,5,111.198964,2187334,1.44797218470709,None
40,30000,80,3.56,3.60833333333333,111.193777,8.99330904102664,139.976211937767,145.50723979261,145.547376,0.277132296490531,40.1224212008333,39.1916859122402,40.09,5,111.17344,2182275,1.44376536570302,None
40,30000,80,3.56,3.625,111.340771,8.98143591982132,146.204994491952,147.912998022989,147.916221,0.275707687351264,40.3610294875,40.7262698230292,40.33,5,111.323501,2202537,1.46065347500943,None
40,30000,80,3.56,3.47166666666667,111.385182,8.9778548819896,145.198459790052,146.483681807489,146.529071,0.287857842888622,38.669222351,38.6461833893423,38.65,5,111.359469,2174297,1.43710903059865,None
50,30000,80,4.45,4.41833333333333,110.491879,9.05043890148705,156.633971518367,160.862467451528,160.865407,0.226309519665787,48.8189952048333,47.6899867999246,48.74,5,110.475731,2252618,1.50243625363626,None
50,30000,80,4.45,4.40666666666667,110.23769,9.07130764441817,161.656798368584,161.424175829803,161.459982,0.2269172896441,48.5780753933333,48.9599092284418,48.51,5,110.221464,2244622,1.49577081949867,None
50,30000,80,4.45,4.43833333333333,110.329068,9.06379450246059,160.75427031733,161.434675286144,161.467637,0.2253068853451,48.967718014,48.5730379271498,48.9,6,110.312327,2246925,1.49769227718341,None
50,30000,80,4.45,4.43166666666667,110.334066,9.06338392351099,163.232550446015,163.441039953366,163.474382,0.225618368558481,48.896380249,47.668296352012,48.82,7,110.318301,2252163,1.50205745333134,None
50,30000,80,4.45,4.34833333333333,110.608099,9.04092927227689,160.690336734255,161.058730395554,161.093642,0.229832351476428,48.0960883818333,48.0643924875431,48.04,6,110.59249,2251998,1.50191586154684,None
50,30000,80,4.45,4.36166666666667,110.402905,9.05773267469728,158.658102302499,159.542832421857,159.578163,0.2291753197329,48.1540670641667,48.7581199847153,48.09,5,110.381637,2240545,1.49237067884074,None
60,30000,80,5.34,5.25,109.543087,9.12882800171589,187.543461829176,185.492523898095,185.523642,0.190471077822222,57.510120675,58.1428571428571,57.4,7,109.522743,2283463,1.52818976011268,None
60,30000,80,5.34,5.37666666666667,109.769801,9.10997369850383,197.229449357167,193.45959783881,193.461997,0.18592503666677,59.0195630043333,59.8016426468309,58.9,9,109.755196,2302478,1.54404613280002,None
60,30000,80,5.34,5.14666666666667,109.778421,9.10925836690619,171.71182447851,175.407150058938,175.435959,0.194285636104275,56.499294008,56.3471502590674,56.4,7,109.759544,2273672,1.52002401808485,None
60,30000,80,5.34,5.395,109.733657,9.11297433566804,187.131931160874,187.869516984863,187.896864,0.185340871029039,59.2013079515,59.0361445783133,59.09,7,109.718049,2285808,1.53015319645301,None
60,30000,80,5.34,5.41333333333333,109.685758,9.11695390754377,176.510668179281,182.211224442426,182.240991,0.184692658084052,59.3765569973333,58.4975369458128,59.26,6,109.668617,2296341,1.53893304486984,None
60,30000,80,5.34,5.49333333333333,109.549952,9.1282559393545,198.994515270054,195.931511401396,195.958804,0.181917669360134,60.1794402986667,61.2257281553398,60.06,7,109.531325,2292753,1.53594680498211,None
60,30000,80,5.34,5.37333333333333,109.639764,9.12077847960344,181.948044751215,185.115095681762,185.143507,0.186097460629963,58.913099856,57.8318858560794,58.8,8,109.619525,2288143,1.53209781105733,None
60,30000,80,5.34,5.15166666666667,110.024299,9.0889013526003,179.479753630859,181.391561712714,181.42256,0.194056415301521,56.6808513681667,54.9983824005176,56.58,8,110.006403,2280489,1.52570669478642,None
60,30000,80,5.34,5.21333333333333,109.544828,9.12868291691507,169.279946494332,175.641077491049,175.671553,0.191798621303708,57.1093703306667,55.9942455242967,57,5,109.528264,2283930,1.5285768705468,None
60,30000,80,5.34,5.16833333333333,109.822108,9.10563472338375,178.979203949668,180.641704785876,180.670072,0.193456069401806,56.7597261513333,56.0948081264108,56.65,7,109.806519,2279756,1.52509613532592,None
70,30000,80,6.23,6.38,109.187254,9.15857816151325,247.176861543702,243.256376462382,243.260354,0.156731038632445,69.661468052,69.4919681337338,69.49,9,109.169608,2330380,1.56735883524534,None
70,30000,80,6.23,6.13833333333333,109.1921,9.15817169923465,225.168821324563,223.979874398317,224.006352,0.162865679217486,67.0257507166667,66.806950855281,66.88,9,109.177437,2331581,1.56834575121939,None
70,30000,80,6.23,6.105,109.069965,9.16842689002422,211.312496324781,213.11114026208,213.134991,0.163731530469015,66.5872136325,66.8987168987169,66.44,8,109.05515,2322096,1.56043774443837,None
70,30000,80,6.23,6.32833333333333,109.243453,9.15386663949555,235.406173275285,234.254981715038,234.278337,0.158007733516724,69.1328985068333,69.7787727153016,68.97,9,109.228792,2319237,1.55806840992414,None
70,30000,80,6.23,6.18,109.040686,9.17088874514234,224.193818665494,223.156193454423,223.180992,0.161787329536947,67.387143948,68.163430420712,67.24,9,109.024865,2319972,1.55867172085172,None
70,30000,80,6.23,6.07333333333333,108.954745,9.17812253151526,209.522954594474,211.208980054062,211.233477,0.164575630386389,66.1718484633333,65.4226125137212,66.03,8,108.935121,2317154,1.5563164467997,None
70,30000,80,6.23,6.13,109.152298,9.16151119420317,216.578092746696,217.045364569603,217.069284,0.163044654328439,66.910358674,67.1560630777597,66.78,7,109.132731,2317091,1.5562679668049,None
70,30000,80,6.23,6.16,109.213361,9.15638884147151,199.908302167196,207.138517268128,207.140649,0.162300909858766,67.275430376,66.4953334235087,67.13,9,109.198601,2323483,1.56159750896039,None
70,30000,80,6.23,6.14666666666667,108.976785,9.17626630295618,226.786411695785,222.270661431399,222.294503,0.162673602566974,66.98439718,68.6686550976139,66.82,8,108.95936,2321909,1.56028392823089,None
70,30000,80,6.23,6.29,109.117588,9.16442544532784,230.238187312909,229.10011040673,229.123664,0.158959258131426,68.634962852,69.6740858505564,68.47,10,109.096946,2325430,1.56322753758655,None
80,30000,80,7.12,7.04,108.744191,9.19589350754377,286.293294526518,286.005213429214,286.007458,0.142030852827415,76.555910464,76.5771097171263,76.36,11,108.729358,2339866,1.57530263816985,None
80,30000,80,7.12,7.11833333333333,108.654251,9.20350553058435,274.99472218231,279.751238671037,279.771818,0.140462123132288,77.3437176701667,76.972605947085,77.15,12,108.638096,2348558,1.58255181274777,None
80,30000,80,7.12,6.965,108.8357,9.18816160506158,267.824611726461,271.229289519742,271.250486,0.143568773017947,75.80406505,75.3409906676238,75.62,12,108.818819,2335895,1.57198876019561,None
80,30000,80,7.12,7.09,108.646578,9.20415551422154,261.79624851546,268.095196232957,268.116042,0.141008985868594,77.030423802,77.4565115185708,76.84,10,108.630931,2348318,1.58235008177691,None
80,30000,80,7.12,7.15,108.520867,9.21481764424164,263.647774137285,271.277267349884,271.297525,0.139857459804196,77.592419905,77.3076923076923,77.39,10,108.504082,2355769,1.58856358044185,None
80,30000,80,7.12,7.00166666666667,108.69561,9.20000356960139,296.321462777279,292.191869897882,292.212774,0.142803954841228,76.105042935,76.3270649845275,75.91,14,108.677099,2343722,1.57851420868094,None
80,30000,80,7.12,7.11,108.615264,9.20680909084749,297.793146257856,296.639444568214,296.642539,0.140635821956868,77.225452704,77.3819289816009,77.02,12,108.59735,2356453,1.58913168145484,None
80,30000,80,7.12,7.005,108.553702,9.21203037368546,278.751301498895,278.763572022365,278.785307,0.14274136462503,76.041868251,76.2312633832976,75.85,12,108.537675,2342882,1.57781373486377,None
80,30000,80,7.12,6.93,108.851106,9.18686117897599,287.593987245304,285.968985101972,285.971665,0.144222710029101,75.433816458,74.4258747144403,75.24,20,108.833897,2345834,1.58027093595856,None
90,30000,80,8.01,8.01333333333333,108.500212,9.21657185333426,405.729773727094,413.008551478369,413.02729,0.124741913331739,86.9448365493333,87.5103993344426,86.56,18,108.486544,2365611,1.59681731417453,None
90,30000,80,8.01,7.92833333333333,108.404496,9.22470964672904,463.554610712982,459.661550167543,459.680655,0.126076167174059,85.946697912,86.1677527853689,85.71,27,108.384906,2366352,1.59743029887415,None
90,30000,80,8.01,7.90833333333333,108.211527,9.24115967793339,363.877011018198,374.534694701791,374.553312,0.126428922361222,85.5772826025,85.0263435194942,85.34,15,108.193235,2362275,1.5940299618667,None
90,30000,80,8.01,8.09166666666667,108.282501,9.2351025397908,534.694609165278,529.522870859938,529.54163,0.12351631170484,87.6185903925,87.816683831102,87.37,26,108.26465,2361002,1.59297999024273,None
90,30000,80,8.01,7.93333333333333,108.192137,9.24281586193274,473.748322858555,468.173192868277,468.192293,0.125985303564076,85.8324286866667,86.0819327731092,85.59,25,108.17786,2367592,1.59846321985398,None
90,30000,80,8.01,8.00166666666667,108.1767,9.24413482755529,399.18261491815,406.835375284108,406.854017,0.124961125086232,86.55938945,86.6590293688815,86.32,17,108.157275,2369620,1.60015763345387,None
90,30000,80,8.01,8.06166666666667,108.313212,9.23248402974145,404.45673893467,414.228835894149,414.248197,0.124018424185239,87.318501074,86.6136034732272,86.79,21,108.295251,2364991,1.59630178437031,None
90,30000,80,8.01,7.93,108.30843,9.23289165949502,395.524203743665,401.194748173392,401.213359,0.126066115602144,85.88858499,85.697772173182,85.66,20,108.288635,2363968,1.59544288432284,None
100,30000,80,8.9,8.99333333333333,108.178416,9.24398819076811,1496.02771529772,1512.21812589956,1512.220731,0.11116837960341,97.288455456,96.9146669137404,96.51,40,108.162184,2380706,1.60945443840471,None
100,30000,80,8.9,8.75166666666667,108.009464,9.2584479448949,910.695212320197,918.912182699486,918.930154,0.114249606864597,94.5262825773334,94.3915444677204,94.08,34,107.990644,2375784,1.60533828347094,None
100,30000,80,8.9,9.03833333333333,107.980042,9.26097065233592,1477.19422220374,1497.25004242891,1497.266336,0.110631319801217,97.5959612943334,97.3354231974922,96.99,42,107.964182,2378299,1.60745071351805,None
100,30000,80,8.9,9.00166666666667,108.024439,9.25716448293705,1776.45104774463,1784.39694156749,1784.413479,0.111054267539159,97.2399991731667,97.3430846139604,96.79,52,108.007578,2379562,1.60850239402197,None
100,30000,80,8.9,8.76,108.01705,9.25779772730324,867.165075095738,876.140550376142,876.157472,0.114154373381469,94.6229358,94.2446727549467,94.34,31,108.00169,2376217,1.60570064385642,None
100,30000,80,8.9,8.75333333333333,108.031254,9.25658050771122,1052.56388020898,1054.7791576428,1054.796191,0.114230530099962,94.563357668,94.7924600152323,94.28,29,108.016081,2377947,1.60714235813123,None
100,30000,80,8.9,8.80166666666667,107.907147,9.26722675746399,985.755618504397,991.918280011551,991.935649,0.113614065608408,94.9762738845,94.944139367544,94.7,32,107.886843,2381250,1.60989789930989,None
100,30000,80,8.9,8.89833333333333,108.147281,9.24664948349464,1383.62425210721,1388.1978473495,1388.214905,0.112349767537928,96.2330555431667,96.4787413373291,95.79,42,108.128216,2377002,1.6063629743413,None
100,30000,80,8.9,8.84333333333333,108.251805,9.23772125554858,1171.93743642917,1179.05205173784,1179.069819,0.113078727030343,95.730679555,95.6747078778741,95.45,35,108.232495,2377135,1.60647196310292,None
100,30000,80,8.9,8.905,108.22714,9.23982653519256,1364.47663343486,1369.91698925061,1369.934104,0.112247298065132,96.37626817,96.3222908478383,95.93,52,108.213869,2379331,1.60830509739352,None
10,30000,85,0.89,0.921666666666667,117.499781,8.51065416028307,156.960717310478,127.667419401447,127.827629,1.08301037040868,10.8295631488333,13.0198915009042,10.89,2,117.461029,1675828,1.02156565087386,None
10,30000,85,0.89,0.87,118.204774,8.45989519847989,143.127669881534,126.135920574713,126.311469,1.14864247325671,10.283815338,11.8773946360153,10.36,2,118.168021,1653416,1.0028863862778,None
10,30000,85,0.89,0.838333333333333,118.54765,8.4354265985028,90.1153713899505,124.142894727634,124.318012,1.19200948091253,9.93824465833334,6.56063618290258,10.03,3,118.50811,1681519,1.02630494135153,None
10,30000,85,0.89,0.873333333333333,118.923795,8.40874612183373,107.07417982635,124.133347020992,124.326398,1.14380869165076,10.38601143,9.16030534351145,10.47,2,118.891246,1667432,1.01456714828912,None
10,30000,85,0.89,0.89,118.453986,8.44209666359391,152.548078946261,127.975085756554,128.141398,1.12345488809176,10.542404754,12.0786516853933,10.63,2,118.409649,1692628,1.03556505463812,None
10,30000,85,0.89,0.895,118.091289,8.4680251055605,162.292063293905,128.242541312849,128.404794,1.11645664856983,10.5691703655,12.1042830540037,10.65,3,118.059176,1673311,1.01946715609805,None
10,30000,85,0.89,0.921666666666667,118.188594,8.461053356807,111.834511083716,124.45339494575,124.613317,1.08347998887523,10.893048747,9.94575045207957,10.98,2,118.15492,1664575,1.01218821409958,None
10,30000,85,0.89,0.886666666666667,118.031135,8.47234079380835,100.603621730382,124.472902956767,124.487523,1.12778267759962,10.4654273033333,8.16901408450704,10.54,3,117.997313,1672901,1.01912505260302,None
10,30000,85,0.89,0.896666666666667,118.378747,8.44746227969451,118.157571067288,124.987899349442,125.159633,1.11484274801859,10.6146276476667,10.0371747211896,10.7,2,118.347749,1658685,1.00727865388044,None
20,30000,85,1.78,1.84666666666667,114.127356,8.76214112942387,119.739603018416,128.868514094765,128.949667,0.541309504056859,21.075518408,19.5848375451264,21.12,3,114.100637,1996177,1.28857859217743,None
20,30000,85,1.78,1.79666666666667,114.055273,8.7676788078005,139.921038410304,130.755363444341,130.836083,0.555985066183674,20.4919307156667,21.7996289424861,20.53,3,114.02557,1946829,1.24745017868283,None
20,30000,85,1.78,1.855,114.166757,8.75911715701971,134.165449732759,130.36037272956,130.441473,0.538099366088949,21.1779334235,22.6415094339623,21.22,3,114.138262,1964668,1.26232000465312,None
20,30000,85,1.78,1.86333333333333,114.170473,8.75883206685147,129.127850973339,129.405856994633,129.483091,0.535084325514311,21.2737648023333,21.7352415026834,21.33,3,114.145484,1989458,1.28298006522311,None
20,30000,85,1.78,1.85666666666667,114.346554,8.74534443775193,118.936725017647,128.896988070916,128.977184,0.538246419509874,21.230343526,19.3895870736086,21.26,3,114.31837,1995919,1.28836422748128,None
20,30000,85,1.78,1.79,114.612864,8.72502409502654,115.163347379969,127.989633078212,127.997056,0.558612449294227,20.515702656,18.2875756165659,20.55,3,114.58789,1997555,1.28972435279639,None
20,30000,85,1.78,1.77833333333333,114.679678,8.71994077276708,113.044570478942,127.966486463918,128.051314,0.56224907426523,20.3938694043333,18.697282099344,20.44,3,114.656378,1986047,1.28013329784821,None
20,30000,85,1.78,1.78833333333333,114.573366,8.72803195814287,121.424892450377,128.90399917987,128.987211,0.559040296447344,20.489536953,19.0121155638397,20.53,4,114.546896,1993421,1.28627906335899,None
20,30000,85,1.78,1.73,114.373418,8.74329033342345,124.461224898928,128.158406268786,128.244011,0.578021742143545,19.786601314,19.2196531791908,19.84,3,114.350335,1936919,1.23918827456974,None
20,30000,85,1.78,1.74666666666667,114.27892,8.75052021842699,116.907522871628,128.060042618321,128.145862,0.57176912994084,19.9607180266667,18.7022900763359,20,3,114.250008,1944138,1.24520516130339,None
30,30000,85,2.67,2.76833333333333,112.420231,8.89519609686623,137.186264777825,138.052614845274,138.057751,0.361100769685732,31.1216672818333,30.9960878724045,31.13,4,112.400945,2142951,1.41094718722839,None
30,30000,85,2.67,2.67166666666667,112.518477,8.88742921751421,138.231147229014,137.302009592639,137.357763,0.374274611353712,30.0611864385,29.5383655645664,30.07,3,112.498444,2083927,1.36175113782059,None
30,30000,85,2.67,2.65,112.500741,8.88883034112638,144.891420434318,138.334241130189,138.390609,0.377324695823899,29.812696365,30.3459119496855,29.82,4,112.47827,2119256,1.39119320598169,None
30,30000,85,2.67,2.75666666666667,112.117482,8.91921564917057,147.712701172198,139.013064429867,139.071619,0.362717226406288,30.907052538,32.7992744860943,30.91,4,112.098363,2125272,1.39621232690644,None
30,30000,85,2.67,2.75,111.927627,8.93434469043108,140.936639118457,137.901729529697,137.960602,0.363609387922424,30.780097425,32.6969696969697,30.79,4,111.908535,2093249,1.36952361589535,None
30,30000,85,2.67,2.69333333333333,112.429246,8.89448284657179,146.699772081169,139.837999840965,139.891549,0.371251202755569,30.2809435893333,30.9096534653465,30.3,4,112.407718,2104064,1.37853449737945,None
30,30000,85,2.67,2.64166666666667,112.664084,8.87594310889707,139.95561703271,138.011537270662,138.066786,0.37804302917224,29.7620955233333,29.6529968454259,29.78,4,112.640443,2109050,1.38268730465312,None
30,30000,85,2.67,2.83333333333333,112.357736,8.90014373376124,138.062283737024,138.519478945882,138.572315,0.352780638547059,31.8346918666667,31.8823529411765,31.83,4,112.336301,2129268,1.39954715567291,None
40,30000,85,3.56,3.535,111.339282,8.98155603338631,165.916773532273,152.97453818529,153.016802,0.282874870071193,39.358436187,43.1400282885431,39.32,5,111.320333,2169829,1.43338866787224,None
40,30000,85,3.56,3.545,111.295959,8.98505218864236,148.271634164278,148.08098754678,148.124166,0.281989955770099,39.4544174655,39.9153737658674,39.43,5,111.276517,2176613,1.43904317492203,None
40,30000,85,3.56,3.51666666666667,111.610841,8.95970311701172,145.818827070371,146.843884693365,146.886436,0.284313392024171,39.2498124183333,38.8151658767772,39.21,5,111.58961,2180549,1.44232242241542,None
40,30000,85,3.56,3.63666666666667,111.059599,9.00417441629697,156.769703960661,150.563251858845,150.604434,0.274654004587076,40.3886741696667,41.704857928506,40.35,5,111.037566,2191582,1.45152338549902,None
40,30000,85,3.56,3.53,111.355552,8.98024375111535,160.10079528766,151.698771400378,151.74225,0.283033870739849,39.308509856,39.9905571293673,39.28,6,111.336266,2203693,1.46161155103152,None
40,30000,85,3.56,3.54333333333333,111.182488,8.99422218362302,152.260814234727,148.049345555974,148.093264,0.282207205439793,39.3956615813333,41.0395108184384,39.37,5,111.158945,2192678,1.45243183868612,None
40,30000,85,3.56,3.68833333333333,111.030452,9.00653813424087,157.370212454892,150.963833868956,151.007291,0.271074234076367,40.9517317126667,43.3348395842747,40.92,5,111.010769,2178977,1.44102091945143,None
40,30000,85,3.56,3.65166666666667,111.177471,8.99462805733367,146.701817621775,148.316126904153,148.321016,0.273488459425833,40.5983064935,40.6570841889117,40.55,4,111.157413,2196021,1.45522398592047,None
40,30000,85,3.56,3.465,111.583964,8.96186122228101,139.927412654685,144.985395965368,145.02762,0.288490587166907,38.663843526,37.6623376623377,38.64,4,111.56624,2190366,1.45050125327096,None
50,30000,85,4.45,4.53166666666667,110.326087,9.06403940529496,161.220923524417,163.932945926811,163.967554,0.220662028692534,49.9961050921667,49.9632217727106,49.92,5,110.310791,2240017,1.49194012525574,None
50,30000,85,4.45,4.515,110.565459,9.04441594187205,161.759313424306,164.070545456626,164.10569,0.221448006565892,49.9203047385,49.593946105574,49.85,7,110.548351,2243424,1.49477932215435,None
50,30000,85,4.45,4.43,110.392216,9.05860971211956,169.427614917783,166.095739157637,166.131686,0.225609471047028,48.903751688,49.548532731377,48.84,9,110.3738,2241228,1.49294381938731,None
50,30000,85,4.45,4.46666666666667,110.537684,9.04668854831444,161.979282691023,163.988998853358,164.024828,0.223876112451866,49.3734988533333,49.0485074626866,49.31,6,110.518762,2236985,1.48940994347932,None
50,30000,85,4.45,4.41833333333333,110.616905,9.04020954120891,166.023473898215,163.738960599019,163.741975,0.226220647889853,48.8742358591667,48.8025645860834,48.79,6,110.594406,2243539,1.49486965432593,None
50,30000,85,4.45,4.46333333333333,110.226817,9.07220245686674,166.990068162513,165.966010144137,166.002038,0.224042703929798,49.1979026543333,49.570575056012,49.14,6,110.205243,2243020,1.49443891599863,None
60,30000,85,5.34,5.435,109.669354,9.11831759308074,187.885768837876,188.848794879485,188.875046,0.183968165793315,59.605293899,59.9969334559951,59.49,8,109.652016,2285645,1.53001946076627,None
60,30000,85,5.34,5.24666666666667,109.718548,9.11422925502077,177.277196630765,180.149741455845,180.177972,0.190589278675667,57.5656648506667,57.7668360864041,57.46,6,109.699844,2296011,1.53864841634563,None
60,30000,85,5.34,5.325,109.57971,9.12577702569207,177.448624978877,181.259339784977,181.289416,0.187760342137089,58.351195575,58.5133020344288,58.25,6,109.56156,2286123,1.53041128672353,None
60,30000,85,5.34,5.375,110.004098,9.09057042583995,180.796827113755,184.486956871008,184.514555,0.185962194826977,59.127202675,58.2325581395349,59.01,7,109.984576,2295563,1.53828327389268,None
60,30000,85,5.34,5.35333333333333,109.668734,9.11836914247592,178.30861541945,181.743675023973,181.771155,0.186747812549813,58.7093289346667,58.5305105853051,58.6,6,109.653612,2289256,1.53302440114485,None
60,30000,85,5.34,5.39666666666667,109.704268,9.11541563724759,183.983356993332,185.131212892835,185.161263,0.185017885105621,59.2037366306667,59.8208770846201,59.1,6,109.688006,2277759,1.52344464641314,None
60,30000,85,5.34,5.28666666666667,109.824134,9.105466745588,193.210134706424,189.600951432535,189.630556,0.189151202178436,58.0603588413333,58.7011349306431,57.96,7,109.806475,2289009,1.53281513728768,None
60,30000,85,5.34,5.34333333333333,109.699393,9.11582072290956,177.458905226437,181.748090793824,181.776164,0.187147945859638,58.6160423263333,57.8602620087336,58.5,7,109.67995,2281926,1.52691454266649,None
60,30000,85,5.34,5.36833333333333,109.793915,9.1079728780962,174.421950177357,180.253168083515,180.28129,0.186217899824899,58.9410333691667,57.8702266376902,58.83,6,109.776639,2282957,1.52777559611508,None
70,30000,85,6.23,6.19,109.309689,9.14831987126045,222.2955885385,223.183387176898,223.206992,0.161534553182822,67.662697491,67.5955842757135,67.51,9,109.291331,2325529,1.56330487656774,None
70,30000,85,6.23,6.10166666666667,109.299065,9.14920909890675,226.285433191358,223.4098331882,223.412105,0.163858317390877,66.6906461608333,66.8715007510583,66.53,12,109.278963,2319924,1.55862789396723,None
70,30000,85,6.23,6.19833333333333,109.323484,9.14716548916425,216.948048656923,219.064916038451,219.089064,0.161332653387201,67.7623394993333,67.5584834632966,67.6,9,109.305031,2316773,1.55600732271007,None
70,30000,85,6.23,6.23833333333333,109.207263,9.1569001230257,223.275450357097,225.076628049693,225.101971,0.16029761306786,68.1271309015,67.3657493988779,67.96,9,109.188307,2329962,1.56700216840667,None
70,30000,85,6.23,6.15333333333333,109.271366,9.15152831529534,221.563357979362,221.890732232394,221.914799,0.162494727030065,67.2383138786667,66.3461538461538,67.09,8,109.256013,2313621,1.55337742590565,None
70,30000,85,6.23,6.09333333333333,109.330185,9.14660484659383,214.254676823925,215.194605405088,215.218761,0.164088573219092,66.61852606,66.3977024070022,66.46,10,109.312296,2315268,1.55474679988266,None
70,30000,85,6.23,6.10333333333333,109.20573,9.15702866507096,216.349531000331,216.823862435827,216.84799,0.16382960677799,66.65189721,66.7804478427089,66.5,12,109.190156,2322371,1.5606672765785,None
70,30000,85,6.23,6.35666666666667,108.943829,9.1790421649307,231.641821908026,230.998997390404,231.02253,0.157301567333246,69.2519606343333,69.2579968536969,69.08,9,108.929513,2326389,1.5640301471132,None
80,30000,85,7.12,7.195,108.939839,9.17937835395553,284.651255931308,288.649648510308,288.670352,0.138969349470929,78.3822141605,77.8202455408849,78.19,11,108.924449,2354535,1.58753939341958,None
80,30000,85,7.12,7.17666666666667,108.674327,9.20180531690801,299.099820533636,300.061020412216,300.083001,0.139326282660938,77.9919420103333,78.5531816070599,77.79,14,108.65862,2350687,1.58432984877577,None
80,30000,85,7.12,7.22833333333333,108.595497,9.20848495218913,316.418733464866,314.659453974637,314.680199,0.138306633306433,78.4964450815,78.337560525709,78.29,12,108.580751,2347798,1.58192454969555,None
80,30000,85,7.12,7.19833333333333,108.811328,9.19021960654685,312.081837008633,310.01216508451,310.032574,0.13892002763047,78.3260209386667,79.0576522343135,78.11,12,108.791514,2345536,1.58003816006609,None
80,30000,85,7.12,7.10333333333333,108.832753,9.18841040435686,310.856628954578,306.924150451901,306.945263,0.140775126067339,77.3075322143333,77.5574847489442,77.12,12,108.81406,2346717,1.58101715348783,None
80,30000,85,7.12,7.22166666666667,108.572291,9.21045315328199,305.51445603753,304.739704477729,304.760164,0.138423863725364,78.4072894838333,79.3214862681745,78.21,13,108.554588,2348884,1.58282931111947,None
80,30000,85,7.12,7.17166666666667,108.589199,9.2090190295998,334.238703801708,326.817917307228,326.838441,0.139391055125726,77.8765538828334,78.119916337439,77.68,15,108.570199,2341601,1.57675594591493,None
80,30000,85,7.12,7.14333333333333,108.794758,9.19161932415898,287.754964725792,290.683000372609,290.703055,0.139990306438404,77.7157221313333,77.4031731217919,77.52,11,108.778396,2345458,1.57996993713774,None
90,30000,85,8.01,7.93,108.473289,9.2188594004926,455.824653593271,453.955516881883,453.959244,0.126098709218789,86.019318177,85.6467374172533,85.78,20,108.455423,2360120,1.59223611005166,None
90,30000,85,8.01,7.96333333333333,108.401465,9.22496757769833,458.85801762333,456.518497105483,456.537238,0.125569157885726,86.3236999616667,86.8250313938887,85.8,18,108.383874,2363462,1.5950218844053,None
90,30000,85,8.01,7.95333333333333,108.491608,9.21730277976892,458.379032762363,457.390271770537,457.409154,0.125707128857293,86.2869922293333,86.7351215423303,86.05,18,108.477024,2361736,1.59358457677691,None
90,30000,85,8.01,7.88,108.343616,9.22989315771037,406.504719695603,409.707215189932,409.728462,0.126841940275592,85.374769408,84.5494923857868,85.14,26,108.326291,2362742,1.59441812520154,None
90,30000,85,8.01,8.10333333333333,108.359534,9.22853728772957,522.787638958665,520.208246497943,520.226676,0.123405236712053,87.8073423846667,87.6079802550391,87.57,20,108.341758,2366021,1.59716460432474,None
90,30000,85,8.01,7.895,108.447284,9.22107002698196,423.144012151252,424.34074137281,424.359504,0.126616717666245,85.619130718,85.2543804095419,85.24,18,108.430505,2365975,1.59711347875732,None
90,30000,85,8.01,7.9,108.560897,9.21141983563382,407.747155904502,411.916786086287,411.936154,0.126534772607384,85.76310863,85.3902953586498,85.53,18,108.543029,2364075,1.59553135960683,None
90,30000,85,8.01,8.09166666666667,108.197929,9.24232107991642,487.042884219078,487.187166396499,487.206408,0.123570678720288,87.5501575491667,87.5283213182286,87.31,22,108.178881,2363889,1.5953860795804,None
90,30000,85,8.01,7.84333333333333,108.425158,9.22295174335831,363.132921251979,370.804745770506,370.823952,0.127469222451764,85.0414655913333,85.2422439439014,84.81,13,108.408131,2360895,1.59287678732995,None
90,30000,85,8.01,8,108.350243,9.22932863196255,444.947916666667,446.946824400208,446.965723,0.124992463454583,86.6801944,86.4270833333333,86.45,24,108.329709,2367514,1.59840292559217,None
100,30000,85,8.9,8.71833333333333,108.169928,9.24471355846701,816.511538915121,828.203402902122,828.220816,0.114641283989103,94.3061488946667,93.8443892181227,94.03,26,108.151172,2375892,1.60542803157062,None
100,30000,85,8.9,8.87833333333333,108.20327,9.24186487155148,1023.13396914797,1039.34285488774,1039.359758,0.112612941098742,96.0664698816667,95.9545710531256,95.78,33,108.18578,2378008,1.60720147598387,None
100,30000,85,8.9,8.94666666666667,108.233899,9.2392495256962,1318.05452524315,1330.99132022951,1331.00852,0.111761565043405,96.8332616386667,96.4046199701937,96.06,38,108.217996,2378992,1.60802323911809,None
100,30000,85,8.9,9.01,108.131869,9.2479674054279,1716.13281251604,1728.24237585479,1728.260078,0.110968116243988,97.426813969,97.5305216426193,96.98,51,108.111869,2381013,1.60971293535326,None
100,30000,85,8.9,8.96,108.279897,9.23532463278941,1357.36789833121,1374.40441610268,1374.421206,0.11158626805692,97.018787712,96.6610863095238,96.73,39,108.260352,2380713,1.60946148779142,None
100,30000,85,8.9,8.81,108.073395,9.25297109431974,918.441319949512,931.504835635074,931.52132,0.113504218196935,95.212660995,94.9300037835793,94.77,33,108.052711,2375574,1.60516703850907,None
100,30000,85,8.9,8.90166666666667,108.053883,9.25464196413932,1219.00378988692,1229.39996886426,1229.40139,0.112290295233477,96.1859648505,96.0497987456707,95.89,40,108.036096,2380041,1.60889670124081,None
100,30000,85,8.9,8.84,108.214306,9.24092236011753,1073.03972755131,1084.3131943833,1084.330545,0.113113678790724,95.661446504,95.2582956259427,94.91,35,108.194414,2377670,1.60691493764455,None
100,30000,85,8.9,8.86,107.918024,9.26629271862873,1512.10961584518,1503.56651441441,1503.583581,0.112852205521821,95.615369264,95.9273890142965,95.33,60,107.899133,2377820,1.60704228640448,None
10,30000,90,0.89,0.9,118.525026,8.43703674867787,139.917695473251,126.79608832037,126.971149,1.11080729020556,10.66725234,11.4814814814815,10.75,2,118.491099,1697269,1.03943314130842,None
10,30000,90,0.89,0.881666666666667,118.601358,8.43160666001818,150.085226968171,128.167247413989,128.333504,1.13411588594707,10.456686397,11.8147448015123,10.54,3,118.567338,1681576,1.02635443128791,None
10,30000,90,0.89,0.905,118.239893,8.45738248426866,136.340974532727,127.217383869245,127.388593,1.10419696827624,10.7007103165,11.0497237569061,10.77,2,118.207792,1715665,1.05476367943279,None
10,30000,90,0.89,0.858333333333333,118.869185,8.41260920565746,92.7514374587614,123.582916611651,123.765822,1.16226043861942,10.2029383791667,7.76699029126213,10.28,2,118.834111,1680438,1.02540505702625,None
10,30000,90,0.89,0.935,118.399113,8.44600921968056,120.106379936515,126.884318278075,127.043438,1.06909616127095,11.0703170655,11.0516934046346,11.15,2,118.361915,1716021,1.05506186705094,None
10,30000,90,0.89,0.966666666666667,118.247647,8.45682789781009,142.68727705113,126.929946639655,127.08192,1.03108210820517,11.4306058766667,13.2758620689655,11.51,2,118.213353,1708180,1.04852892359165,None
10,30000,90,0.89,0.836666666666667,119.477066,8.36980713938858,116.664814844209,125.159867918327,125.334442,1.1926915424243,9.99624785533333,9.56175298804781,10.09,2,119.443087,1657120,1.00597210444217,None
10,30000,90,0.89,0.84,118.458521,8.4417734710701,103.930461073318,123.423748394841,123.604896,1.1899988916627,9.950515764,8.73015873015874,10.03,1,118.424906,1666041,1.01340624803778,None
10,30000,90,0.89,0.918333333333333,118.482547,8.44006164047098,132.410631058528,127.016041366606,127.180018,1.08887179521416,10.8806472328333,11.524500907441,10.96,2,118.449484,1733322,1.06947905070872,None
20,30000,90,1.78,1.82,114.145793,8.76072585522272,117.23624360987,127.250490699634,127.337744,0.549330109936813,20.774534326,19.6886446886447,20.81,2,114.116823,1965376,1.26290817099235,None
20,30000,90,1.78,1.83333333333333,114.487481,8.73457946026431,141.322314049587,131.49129933,131.573801,0.544918336749091,20.9893715166667,22.7272727272727,21.04,3,114.465036,1950261,1.25031264841722,None
20,30000,90,1.78,1.8,114.619823,8.72449436603998,113.940329218107,127.097820648148,127.180597,0.555487473963889,20.63156814,18.8425925925926,20.68,2,114.591377,1997864,1.28998246976449,None
20,30000,90,1.78,1.76166666666667,114.851573,8.70688989170396,138.220710293417,130.748696680227,130.755354,0.566751122437086,20.2330187768333,21.4184397163121,20.26,3,114.828179,1975643,1.27146198013621,None
20,30000,90,1.78,1.71666666666667,114.646958,8.72242942547154,135.16825336978,129.968741165049,130.052471,0.581220930900971,19.6810611233333,20,19.73,4,114.624014,1956268,1.25531283240546,None
20,30000,90,1.78,1.725,114.808129,8.71018462464448,116.222082195617,127.884074418358,127.967093,0.579167418945894,19.8044022525,18.1642512077295,19.86,3,114.780204,1974765,1.27072844058888,None
20,30000,90,1.78,1.67666666666667,114.84419,8.70744963241066,139.026674940417,130.515088365805,130.605744,0.596389809910537,19.2555425233333,19.6322067594433,19.31,4,114.814126,1963942,1.26170627081582,None
20,30000,90,1.78,1.79,114.348914,8.74516394620066,125.880382426683,128.548971103352,128.633866,0.558452922064246,20.468455606,19.8324022346369,20.51,3,114.312852,1951252,1.25113613208161,None
20,30000,90,1.78,1.8,114.167174,8.75908516400695,122.685185185185,127.975890501852,128.059246,0.555499185632407,20.55009132,19.7685185185185,20.6,3,114.132389,1966528,1.26386726898475,None
30,30000,90,2.67,2.74333333333333,112.59101,8.88170378789568,129.331536077741,136.100182877886,136.155447,0.364119802088092,30.8874670766667,29.5261239368165,30.89,3,112.564733,2115057,1.38769899666792,None
30,30000,90,2.67,2.585,112.430567,8.89437834107872,143.290595572583,137.726688237911,137.783943,0.386828948059961,29.0633015695,29.5615731785945,29.07,4,112.409379,2115653,1.38818677751606,None
30,30000,90,2.67,2.65333333333333,112.591436,8.88167018315674,117.658013686523,133.28586541897,133.342979,0.376841551834171,29.8742610186667,26.1620603015075,29.89,3,112.566141,2102559,1.37727822605331,None
30,30000,90,2.67,2.67,112.457815,8.89222327501206,135.832082555981,136.304277762797,136.359172,0.37442086106367,30.026236605,29.3383270911361,30.05,4,112.438464,2120100,1.39189772837444,None
30,30000,90,2.67,2.61166666666667,112.467964,8.89142084940739,125.35181383423,133.006421948309,133.063221,0.382733458588386,29.3728832646667,28.0791320995533,29.38,3,112.445455,2094620,1.37065936540524,None
30,30000,90,2.67,2.705,112.316894,8.90338010949626,137.009235310799,137.174548476895,137.230438,0.369628928610598,30.381719827,30.4682686383241,30.39,3,112.287719,2102978,1.377629859952,None
30,30000,90,2.67,2.745,111.952838,8.93233273818391,145.763727835453,139.251709820279,139.307794,0.364268408718883,30.731054031,30.5403764420158,30.74,8,111.933594,2112723,1.38575309464188,None
30,30000,90,2.67,2.8,112.199052,8.91273127690954,127.551020408163,135.176358238095,135.228388,0.356428005704762,31.41573456,30.8333333333333,31.42,3,112.179133,2129408,1.3996618082283,None
30,30000,90,2.67,2.72333333333333,112.498774,8.88898575908036,142.923703611595,137.767054982252,137.821604,0.366601492436353,30.6371661193333,30.7221542227662,30.65,4,112.477337,2138765,1.40745617123624,None
40,30000,90,3.56,3.45333333333333,112.441005,8.89355266790794,156.768866057165,151.037972499035,151.041652,0.289505404809846,38.82962706,39.9517490952955,38.79,5,112.418556,2185672,1.44658992624954,None
40,30000,90,3.56,3.51833333333333,111.381036,8.97818906981616,145.007507313768,145.957925984841,146.002459,0.284027681050213,39.187561166,39.791567977262,39.16,4,111.363475,2169872,1.43342370008659,None
40,30000,90,3.56,3.59666666666667,111.14705,8.99708989127467,151.708280330275,149.834691853105,149.875952,0.27801379952595,39.9758889833333,41.3113994439296,39.95,4,111.125524,2184043,1.44523815438085,None
40,30000,90,3.56,3.56833333333333,111.035662,9.0061155307022,146.535217646357,146.931360202709,146.972254,0.280173684805231,39.6212253903333,39.3040635217188,39.58,4,111.01665,2181308,1.44295686288923,None
40,30000,90,3.56,3.55666666666667,111.343584,8.98120901155831,146.509979455225,147.693217690722,147.734753,0.281101263315839,39.601201376,39.2221180880975,39.58,4,111.325509,2165629,1.42988959056765,None
40,30000,90,3.56,3.54666666666667,111.325541,8.98266463398548,144.785854700175,145.810332766447,145.813652,0.281797429112312,39.4834585413333,39.6523373267559,39.45,5,111.306715,2196585,1.45568843616896,None
40,30000,90,3.56,3.52166666666667,111.401506,8.97653932972863,135.863691940165,144.175544739707,144.217249,0.283841030977757,39.2318970296667,36.8670137245622,39.21,4,111.380268,2202623,1.46071942938587,None
40,30000,90,3.56,3.50333333333333,111.298503,8.98484681325858,153.548344761967,148.885539036632,148.891063,0.28524503990961,38.991575551,40.3804994054697,38.97,5,111.281892,2191094,1.4511096617984,None
50,30000,90,4.45,4.395,110.402329,9.05777993143605,169.807193767869,165.784937412969,165.818032,0.227438127079636,48.5218235955,48.6158513462268,48.45,7,110.386009,2241746,1.49337351743582,None
50,30000,90,4.45,4.36333333333333,110.515809,9.04847920897905,175.563662509243,167.338234019099,167.371998,0.229151304352177,48.221731327,50.2100840336134,48.16,7,110.497919,2235660,1.48829966365919,None
50,30000,90,4.45,4.45166666666667,110.482612,9.05119802924283,163.913722566984,164.645729548109,164.678375,0.224606938581805,49.1831761086667,49.0827405466118,49.12,8,110.46519,2239955,1.49188429620804,None
50,30000,90,4.45,4.375,110.37725,9.059837964798,160.970699458607,161.328582945524,161.331695,0.228444267293714,48.290046875,47.9908588840221,48.21,6,110.358507,2247649,1.49829209643672,None
50,30000,90,4.45,4.535,110.30491,9.06577957409149,175.368433762962,170.028948853363,170.062212,0.220503110883499,50.023276685,51.1392870268284,49.94,6,110.281293,2240141,1.49204357683136,None
50,30000,90,4.45,4.38833333333333,110.563101,9.04460883382784,163.313254063467,163.257798894417,163.295291,0.227789309821117,48.5187741555,48.4048613748576,48.45,5,110.546362,2242073,1.4936460541729,None
50,30000,90,4.45,4.43833333333333,110.474787,9.0518391314029,163.41940690417,162.927331034923,162.962479,0.225221866197522,49.0323929635,49.7559143822756,48.96,5,110.454162,2244937,1.49603569743233,None
60,30000,90,5.34,5.27166666666667,109.785449,9.10867523072206,176.559330042104,180.26594861429,180.294041,0.189637120182738,57.8752291978333,57.4296553904521,57.77,8,109.769154,2272923,1.5194069739823,None
60,30000,90,5.34,5.46833333333333,109.593496,9.12462907470349,183.456307923456,187.205299796099,187.2323,0.182832528955501,59.9293767293333,57.7110637000914,59.82,6,109.575565,2301031,1.54284501061742,None
60,30000,90,5.34,5.275,109.6441,9.12041778809804,193.137320964638,188.405819582938,188.434518,0.189549602653081,57.83726275,58.2148499210111,57.73,7,109.621787,2271581,1.51828825018507,None
60,30000,90,5.34,5.37333333333333,109.600692,9.12402998331434,179.523610144758,182.776364702854,182.805467,0.186014730989144,58.892105168,58.8399503722084,58.79,6,109.583831,2291807,1.53515159081773,None
60,30000,90,5.34,5.11666666666667,110.042911,9.08736411016971,173.794947426498,177.177474663844,177.206277,0.195351632470358,56.3052894616667,55.700325732899,56.21,5,110.02569,2269673,1.51668999514066,None
60,30000,90,5.34,5.285,109.962175,9.09403619926579,185.00866053521,185.265833621571,185.268733,0.189155398126774,58.1150094875,57.8275264070629,57.99,7,109.942359,2278521,1.52407388622874,None
60,30000,90,5.34,5.49666666666667,109.692849,9.11636454988967,185.265312999928,188.084900165555,188.087391,0.181885468010613,60.294502667,59.739275428225,60.18,8,109.675435,2286631,1.53084492199098,None
60,30000,90,5.34,5.195,109.827995,9.10514664316689,182.580978044892,182.858071207892,182.88696,0.192474036606673,57.0556434025,56.9618222649984,56.95,7,109.806622,2274660,1.52085038159266,None
60,30000,90,5.34,5.285,109.78547,9.10867348839514,187.902010503776,184.822664926206,184.850808,0.189083146759382,58.021620895,59.5711132134973,57.91,7,109.769978,2269131,1.5162472026495,None
70,30000,90,6.23,6.15166666666667,109.307117,9.14853513152305,223.57721936119,222.958067400434,222.984208,0.16248797446925,67.2420948078333,66.9059875372528,67.09,8,109.289782,2311984,1.5520130045738,None
70,30000,90,6.23,6.24333333333333,109.308677,9.14840456810213,223.922780490683,225.054127308062,225.07817,0.160131475406834,68.2450506736667,68.2594767752269,68.09,11,109.291646,2309883,1.55026720054593,None
70,30000,90,6.23,6.29166666666667,109.174324,9.15966285259527,222.39024604184,224.902026369272,224.927409,0.158836205636027,68.6888455166667,68.5562913907285,68.52,9,109.154826,2319770,1.55851024124608,None
70,30000,90,6.23,6.205,109.284826,9.15040117280326,230.139410416292,229.170180391888,229.194126,0.161155564360193,67.811234533,66.9755573462262,67.66,11,109.262432,2314325,1.55396726097135,None
70,30000,90,6.23,6.22833333333333,109.203866,9.15718496632711,221.329222725482,221.652899331549,221.676841,0.160550534421194,68.0158078736667,68.2499331014183,67.86,8,109.184893,2315272,1.55475764994285,None
80,30000,90,7.12,7.17166666666667,108.666757,9.20244633784369,300.100308876593,300.078225884499,300.100685,0.139393053781548,77.9321758951667,78.5382291424588,77.72,13,108.649019,2342185,1.57724293501643,None
80,30000,90,7.12,7.105,108.821846,9.18933134069422,294.846760078003,293.983005031903,294.004127,0.140685637075065,77.317921583,78.806005160685,77.12,15,108.801592,2343176,1.57806568693242,None
80,30000,90,7.12,7.15833333333333,108.742465,9.19603946811395,282.256895081998,286.067691240279,286.090764,0.139640242938766,77.8414811958333,77.2991850989523,77.64,16,108.723936,2343558,1.57838691438193,None
80,30000,90,7.12,7.105,108.770849,9.19363974073605,309.522241277787,306.418052643444,306.439938,0.140727769175463,77.2816882145,77.4689186019235,77.08,14,108.752621,2339419,1.57493396476496,None
80,30000,90,7.12,7.025,108.831033,9.18855562089538,300.097516495485,294.614949897272,294.63628,0.142243923911981,76.4538006825,77.129300118624,76.26,13,108.815088,2340233,1.5756079938325,None
80,30000,90,7.12,7.155,108.764077,9.19421216620999,300.016349287846,299.042234456324,299.045063,0.139713737847659,77.8206970935,78.9449167345988,77.62,13,108.747068,2348207,1.58226180911488,None
80,30000,90,7.12,7.05166666666667,108.727847,9.19727583679644,302.122279976366,298.387348213661,298.408963,0.141668317773576,76.6712534428333,76.4358307728669,76.48,14,108.707533,2344725,1.57935331762152,None
80,30000,90,7.12,7.30333333333333,108.643846,9.20438696546144,305.64124720002,307.89574971885,307.915636,0.136911197510041,79.3462221953333,78.8338658146965,79.14,14,108.623474,2348041,1.58213172174924,None
90,30000,90,8.01,7.96666666666667,108.235589,9.23910526324202,461.021340662804,459.423827354184,459.442496,0.125492063926151,86.2276859033333,86.0460251046025,85.99,20,108.217775,2362996,1.59463449942929,None
90,30000,90,8.01,7.985,108.404308,9.22472564466719,451.475233583579,452.143318020873,452.145004,0.125209236492173,86.560839938,86.0273400813941,86.32,20,108.386925,2363777,1.59528729725977,None
90,30000,90,8.01,7.95666666666667,108.369812,9.22766203562298,473.645912988049,470.030227821114,470.049098,0.125666711903645,86.2262470813333,86.5626309174696,85.98,19,108.35115,2350077,1.58386603563748,None
90,30000,90,8.01,8.08833333333333,108.184504,9.24346799242154,422.837352641172,430.355942508139,430.374328,0.123619340176592,87.5032329853333,87.0080362662271,87.26,22,108.167075,2361655,1.59352368682059,None
90,30000,90,8.01,7.89166666666667,108.524653,9.21449617535289,449.27292210493,446.684703368321,446.703601,0.126706079916368,85.6440386591667,86.7370644139388,85.41,15,108.505667,2355391,1.5882923152682,None
90,30000,90,8.01,7.82666666666667,108.388649,9.22605834860069,457.955478462612,451.779453350724,451.781896,0.127755898352854,84.8321826173333,84.6162035558395,84.59,21,108.371637,2358080,1.59052919746524,None
90,30000,90,8.01,8.175,108.320169,9.23189106176524,412.522951366483,425.977730040571,425.995958,0.122295450127013,88.5517381575,87.8185524974516,88.16,23,108.302344,2364436,1.59584668391023,None
100,30000,90,8.9,8.99333333333333,108.009079,9.258480946773,2208.66182621067,2201.46351120089,2201.481955,0.111169356219978,97.1361650473334,97.0626389918458,96.84,60,107.991016,2381008,1.60970799461117,None
100,30000,90,8.9,8.96,108.248728,9.23798384032744,1565.01199112457,1576.28880818304,1576.305087,0.111599079813616,96.990860288,96.6052827380952,96.53,50,108.231644,2375968,1.60550515495505,None
100,30000,90,8.9,8.95166666666667,107.841556,9.27286323650597,2086.53097912081,2069.6003577978,2069.601896,0.111704202992739,96.5361662126667,96.4814297682212,96.25,67,107.823647,2377694,1.60694233087487,None
100,30000,90,8.9,8.70833333333333,108.174856,9.24429240747037,966.632620032698,969.361659977225,969.363541,0.114825326076938,94.2022704333333,94.7182087838484,93.91,38,108.155476,2375647,1.60522315044724,None
100,30000,90,8.9,9.02666666666667,108.047926,9.25515219977476,1426.86121759697,1445.678141774,1445.695671,0.110770194943501,97.5312612026667,97.0365583456426,96.45,55,108.029636,2377192,1.60652498794903,None
100,30000,90,8.9,8.91833333333333,108.101929,9.250528730158,1538.46229068137,1540.3271504203,1540.345262,0.112115233540647,96.4089036798333,96.4772939637451,96.13,47,108.083189,2378022,1.60721507571409,None
100,30000,90,8.9,8.78666666666667,108.144305,9.24690394006416,1079.12201431792,1082.72518384503,1082.742189,0.113776715649279,95.0227959933334,94.5466616084977,94.42,40,108.125548,2373949,1.6038105880958,None
100,30000,90,8.9,8.80833333333333,108.229514,9.23962386082599,1106.36393498674,1112.50477936878,1112.5217,0.113477479933396,95.3321635816667,94.8628192999054,94.89,37,108.210331,2378589,1.60768086291945,None
100,30000,90,8.9,8.84,108.057342,9.25434571581448,978.440671430424,990.935125353318,990.953625,0.113093169914781,95.522690328,94.9189291101056,95.08,44,108.037727,2377668,1.60691420780453,None
10,30000,95,0.89,0.855,118.098203,8.46752934928231,156.17340948212,126.988662594542,127.156243,1.16958753935478,10.0973963565,12.5730994152047,10.18,2,118.064435,1645568,0.996345510913758,None
10,30000,95,0.89,0.851666666666667,118.220015,8.45880454337618,119.484836531723,125.44448601957,125.613039,1.17383965747162,10.0684046108333,9.78473581213308,10.16,2,118.181998,1618859,0.974087305361669,None
10,30000,95,0.89,0.87,117.48761,8.51153581215926,162.789418687785,127.590907197318,127.60387,1.14759741836973,10.22142207,12.4401913875598,10.3,3,117.453442,1626740,0.98065551912175,None
10,30000,95,0.89,0.918333333333333,118.590932,8.43234793027851,98.8139037750205,124.65691300726,124.81857,1.08775242132849,10.8906005886667,8.7114337568058,10.97,2,118.551222,1740655,1.07559011076548,None
10,30000,95,0.89,0.881666666666667,118.17084,8.46232454639402,117.812752694967,124.922994230624,124.938376,1.13363911805293,10.41872906,9.63172804532579,10.49,2,118.13818,1640386,0.992028234412238,None
10,30000,95,0.89,0.83,119.214333,8.38825311382651,147.578264866696,127.564079728916,127.742748,1.20122526763253,9.894789639,10.8433734939759,9.99,3,119.180326,1668707,1.01562782193324,None
10,30000,95,0.89,0.865,118.770666,8.4195873752194,135.877131433281,125.714673242775,125.886639,1.1555191157341,10.273662609,11.1753371868979,10.36,2,118.738213,1647167,0.997678736159593,None
10,30000,95,0.89,0.88,118.939815,8.40761354807892,122.675619834711,126.096143215909,126.259095,1.13577429426705,10.46670372,9.84848484848484,10.54,2,118.903799,1710117,1.05013929550065,None
10,30000,95,0.89,0.878333333333333,118.688512,8.42541525838659,108.018968130804,124.33525644592,124.506786,1.13804889162239,10.4248076373333,8.91840607210627,10.51,2,118.648753,1714151,1.05350094151569,None
10,30000,95,0.89,0.888333333333333,118.964697,8.40585505799254,120.271983485461,126.765734208255,126.790047,1.12205476246529,10.5680305835,9.74695407685098,10.64,2,118.924901,1715231,1.05440148488178,None
20,30000,95,1.78,1.76333333333333,114.415153,8.74010105986573,147.941152297197,132.163131852552,132.248556,0.566813619458412,20.1752053123333,21.9281663516068,20.21,3,114.388225,1959823,1.25827767637542,None
20,30000,95,1.78,1.84833333333333,114.425718,8.73929408072406,151.234143791147,131.408890985573,131.488868,0.539666847597836,21.149686877,23.8954012623986,21.2,4,114.395608,1972230,1.26862195194324,None
20,30000,95,1.78,1.84833333333333,114.488299,8.73451705313571,143.363874010462,132.394113101894,132.400862,0.540578776402164,21.1612539318333,22.5326723749437,21.19,3,114.465341,2014417,1.30377981241754,None
20,30000,95,1.78,1.84833333333333,114.584896,8.72715370793721,128.491091162438,129.177500604148,129.184147,0.541025900740307,21.1791082773333,21.4060387561965,21.22,3,114.555387,2003700,1.29484859188598,None
20,30000,95,1.78,1.80333333333333,114.379375,8.7428349735256,127.100836747175,129.443953380776,129.524011,0.554292215143253,20.6264139583333,20.3327171903882,20.68,3,114.353219,1993001,1.28592973657021,None
20,30000,95,1.78,1.89,114.335079,8.74622214587353,136.707632298461,130.609287328924,130.692061,0.528775049272487,21.609329931,22.2222222222222,21.65,4,114.304549,2002118,1.2935321769894,None
20,30000,95,1.78,1.78333333333333,115.038113,8.69277123834603,137.828631321513,131.15876467757,131.243306,0.559939682956075,20.5151301516667,21.4018691588785,20.56,4,115.011007,1985898,1.28000967670728,None
20,30000,95,1.78,1.87833333333333,114.453324,8.73718617381528,138.883530727981,132.036270827862,132.1132,0.532125365669033,21.498149358,22.4489795918367,21.54,3,114.422389,2000817,1.29244743466577,None
30,30000,95,2.67,2.59,112.822741,8.86346131228987,130.645740166486,135.912227559202,135.917211,0.385791379586229,29.221089919,28.0476037311032,29.23,4,112.803241,2094827,1.37083115088499,None
30,30000,95,2.67,2.745,112.36021,8.89994776620656,129.174532710022,135.694013370978,135.748395,0.36403799603218,30.842877645,29.2653309046752,30.84,4,112.333504,2087509,1.36474011477569,None
30,30000,95,2.67,2.69,112.402801,8.89657545099788,130.480046802375,134.954704105948,135.012454,0.371706886089219,30.236353469,29.5848822800496,30.24,3,112.383175,2109680,1.38321459844198,None
30,30000,95,2.67,2.65333333333333,112.351166,8.90066419070364,129.849940658064,134.424186895101,134.481018,0.37673056446294,29.8105093786667,30.1193467336683,29.83,3,112.332241,2097164,1.37278172702435,None
30,30000,95,2.67,2.67833333333333,112.767238,8.86782382663305,141.028922546002,138.165142057872,138.219947,0.373160269606721,30.2028252443333,30.6782825140012,30.21,4,112.747258,2113665,1.3865355641705,None
30,30000,95,2.67,2.67833333333333,112.053486,8.92430959265292,146.140349722299,138.511257589297,138.566918,0.37292046597822,30.011658667,31.176104542626,30.02,6,112.032396,2098962,1.37428110946841,None
30,30000,95,2.67,2.67666666666667,112.491364,8.88957129189046,138.878334514562,136.795721100249,136.85042,0.373374672799502,30.1101884306667,30.1992528019925,30.11,4,112.470861,2112448,1.38552082241765,None
30,30000,95,2.67,2.64166666666667,112.606397,8.88049015545716,136.970215645494,136.495902800631,136.550547,0.378483823965931,29.7468565408333,29.7476340694006,29.76,4,112.584306,2109597,1.38314307792428,None
30,30000,95,2.67,2.63833333333333,112.878075,8.85911635186904,130.133457627213,135.02172997031,135.076368,0.378671151183197,29.7809987875,29.3430195830701,29.79,3,112.856736,2114810,1.38748775144139,None
40,30000,95,3.56,3.52166666666667,111.404042,8.97633498791723,139.021750061425,145.745844503549,145.791816,0.283927685380028,39.2327901243333,37.789872219593,39.22,4,111.375824,2204589,1.46235799258812,None
40,30000,95,3.56,3.53166666666667,111.298095,8.984879750188,157.4108367161,150.845178458235,150.887122,0.282948432444077,39.3067772175,39.3109957527135,39.29,6,111.274042,2183569,1.44483976872141,None
40,30000,95,3.56,3.52833333333333,111.187428,8.99382257497673,140.9066983452,145.20556076854,145.247065,0.283403001752952,39.230630846,38.6159659896079,39.21,4,111.166766,2203760,1.46166703276203,None
40,30000,95,3.56,3.54166666666667,111.144491,8.99729704102023,153.068512110727,148.291007302118,148.331917,0.281908027663529,39.3636738958333,41.3647058823529,39.34,4,111.124108,2172825,1.43588570846661,None
40,30000,95,3.56,3.54,111.307363,8.98413162478748,140.710949386617,144.871146306497,144.913846,0.282225653503296,39.402806502,39.2184557438795,39.37,5,111.281325,2191148,1.45115669901071,None
40,30000,95,3.56,3.49333333333333,111.503691,8.96831298615935,142.310325738593,145.517357476622,145.56003,0.286230642091603,38.951956056,38.5019083969466,38.93,4,111.486085,2182542,1.44398201990722,None
40,30000,95,3.56,3.56666666666667,111.236906,8.98982213690841,142.184440267472,146.028240440654,146.03287,0.280357182487383,39.6744964733333,39.4066806820836,39.65,5,111.211643,2193761,1.4533358618838,None
40,30000,95,3.56,3.555,111.206261,8.99229945335542,161.681380859219,152.073085064698,152.115136,0.281149189885607,39.5338257855,41.1626816690108,39.5,5,111.183973,2190193,1.4503614387146,None
50,30000,95,4.45,4.435,110.706997,9.03285272926335,169.427112659497,166.784080000376,166.817939,0.225439867844044,49.0985531695,50.1503194287862,49.03,6,110.690644,2232160,1.48538710919512,None
50,30000,95,4.45,4.445,110.40583,9.05749270668044,160.242387695915,161.761749181852,161.764783,0.224954328948631,49.075391435,49.6907216494845,49,5,110.388902,2231251,1.48462935063559,None
50,30000,95,4.45,4.42666666666667,110.418488,9.05645438651542,162.538331034983,162.901490019202,162.937142,0.225783022576431,48.8785840213333,49.7364457831325,48.81,6,110.399262,2248015,1.49860026496851,None
50,30000,95,4.45,4.415,110.48416,9.05107121238013,170.153313265503,166.296278123443,166.330642,0.226384283634202,48.77875664,49.112872782182,48.71,6,110.463123,2241874,1.49348155008108,None
50,30000,95,4.45,4.43333333333333,110.251394,9.07018010130557,166.798575385833,164.141081732331,164.176079,0.22555133358797,48.8781180066667,49.4360902255639,48.81,5,110.232077,2250052,1.50029799551735,None
50,30000,95,4.45,4.425,110.387603,9.05898826338316,173.768712694309,167.177209415443,167.211184,0.225868465630885,48.8465143275,50.0376647834275,48.81,7,110.37012,2240466,1.492308577235,None
60,30000,95,5.34,5.24666666666667,109.771614,9.10982323718043,181.637894973888,182.874854417726,182.877632,0.190591034405019,57.593506812,57.7576623789106,57.47,7,109.756756,2274660,1.52085312432187,None
60,30000,95,5.34,5.29166666666667,109.7212,9.11400896089361,179.661479322959,182.223651029921,182.253373,0.188971203937008,58.0608016666667,58.503937007874,57.95,7,109.702429,2289179,1.53295677372048,None
60,30000,95,5.34,5.375,109.642235,9.12057292520533,197.036235803137,192.334572343256,192.363644,0.18603230991938,58.9327013125,59.4883720930233,58.82,9,109.619044,2293531,1.53658865205097,None
60,30000,95,5.34,5.445,109.673548,9.11796890167171,191.018907105392,189.979872662381,190.007683,0.183640980503214,59.717246886,59.7337006427916,59.6,9,109.65469,2278304,1.52390152923163,None
60,30000,95,5.34,5.36333333333333,109.535338,9.12947381419501,196.299497167797,194.342570860162,194.345377,0.186404271868241,58.7474529473333,58.1482056858785,58.62,8,109.520671,2283820,1.52849376840676,None
60,30000,95,5.34,5.27333333333333,109.666055,9.11859189245022,174.889440465669,178.88481521713,178.912735,0.18962489150885,57.8305663366667,57.6643489254109,57.72,6,109.651285,2266110,1.51372829860048,None
60,30000,95,5.34,5.47,109.656159,9.11941480642232,204.288641050236,198.386339398537,198.413913,0.182804473817794,59.981918973,60.2833638025594,59.86,9,109.641283,2285569,1.52995807786584,None
60,30000,95,5.34,5.27166666666667,109.789271,9.10835813820095,177.788768311758,180.859914825798,180.889445,0.189656509219728,57.8772440288333,57.682579829276,57.78,6,109.770477,2262773,1.51094733345441,None
60,30000,95,5.34,5.21,110.022053,9.08908689424292,178.123422769589,179.714088474088,179.742143,0.191842911810301,57.321489613,57.8374920025592,57.22,6,110.00504,2288312,1.53223028373897,None
60,30000,95,5.34,5.38833333333333,109.764468,9.11041631432132,180.879039988274,185.267634063718,185.294972,0.185577205661305,59.144754174,57.9802041447572,59.04,10,109.748453,2287152,1.53127311543269,None
70,30000,95,6.23,6.25166666666667,109.333298,9.14634441924545,217.761178552866,221.18066197334,221.204289,0.159936881027459,68.3515334663334,68.5017328712343,68.2,10,109.316576,2320671,1.55925949575976,None
70,30000,95,6.23,6.21666666666667,109.330084,9.14661329630004,240.877171545832,234.565894679357,234.590636,0.160826486227614,67.9668688866667,68.941018766756,67.81,11,109.309748,2298589,1.54085225831283,None
70,30000,95,6.23,6.27166666666667,109.205612,9.15703855952018,252.009704121469,243.307175497741,243.331385,0.159428942364603,68.4901196593333,69.0273717778368,68.24,12,109.188861,2307473,1.54825928928977,None
70,30000,95,6.23,6.195,109.284348,9.15044119584261,204.348712577054,210.288969994888,210.313353,0.161383389842615,67.701653586,67.8369652945924,67.55,9,109.263874,2314433,1.55405668757793,None
70,30000,95,6.23,6.14,109.182106,9.15900999381712,216.624756407672,217.295621758958,217.320378,0.162812415010858,67.037813084,67.6981541802389,66.89,10,109.166261,2314890,1.55443404976882,None
70,30000,95,6.23,6.285,109.346122,9.14527174543968,222.579618039285,223.703774968178,223.70589,0.159104463884646,68.724037677,69.4020946572982,68.56,8,109.329313,2303838,1.54523125692335,None
70,30000,95,6.23,6.22666666666667,109.200958,9.15742882035888,208.207715657369,213.848471483672,213.872269,0.160581266746253,67.9957965146667,67.5722698072805,67.84,9,109.179951,2309332,1.54980660816435,None
70,30000,95,6.23,6.22166666666667,109.305246,9.14869172884895,220.533639453046,222.235371534155,222.26176,0.160706428976159,68.006080553,67.5729975890705,67.86,10,109.284964,2304454,1.54574094769055,None
80,30000,95,7.12,7.23,108.650085,9.20385842312042,306.133771036235,306.03334137183,306.054207,0.138311079314661,78.554011455,78.9995389580452,78.35,12,108.630302,2338773,1.57440240336348,None
80,30000,95,7.12,7.095,108.681848,9.20116853368191,287.484047747581,287.952525792577,287.973273,0.140912659380315,77.109771156,77.7307963354475,76.92,12,108.66152,2345835,1.58028090785954,None
80,30000,95,7.12,7.035,108.82662,9.18892822362764,286.347057820183,286.0343251104,286.056823,0.14213934358588,76.55952717,75.3731343283582,76.36,14,108.811249,2339362,1.57488254892985,None
80,30000,95,7.12,7.04166666666667,108.816248,9.18980408146401,284.729526277091,285.331337937988,285.352684,0.141967219016568,76.6247746333333,76.7573964497042,76.43,11,108.799287,2345397,1.57991316486996,None
80,30000,95,7.12,7,109.005042,9.17388757118226,285.833333333333,285.217766935714,285.239055,0.142816248255952,76.3035294,76.5714285714286,76.11,13,108.989953,2341044,1.57628315631471,None
80,30000,95,7.12,7.09833333333333,108.893872,9.18325321373456,309.670625342228,305.319481008922,305.321416,0.140862204006105,77.2965001413333,77.5912665805846,77.08,14,108.874678,2340409,1.57575914171065,None
80,30000,95,7.12,7.19833333333333,108.764382,9.1941863835534,312.371322866204,309.506802509609,309.527986,0.138898959526974,78.292227643,78.43250752489,78.09,17,108.748662,2341622,1.5767756758953,None
80,30000,95,7.12,7.195,108.695398,9.20002151333031,294.551189336146,296.410656596711,296.430966,0.138967797851981,78.206338861,78.4456798702803,78,13,108.681084,2338377,1.57407043363987,None
90,30000,95,8.01,8.03666666666667,108.711856,9.19862871258495,419.784128343847,427.852942990668,427.854576,0.124412923515761,87.3680949386667,87.1435977190254,87.12,16,108.693323,2363253,1.59485490963681,None
90,30000,95,8.01,7.95833333333333,108.592462,9.20874231583404,393.211204002103,401.522344388482,401.524029,0.125644832074346,86.4215010083333,86.6610826091509,86.18,13,108.574441,2359304,1.59155813604456,None
90,30000,95,8.01,8.12166666666667,108.506745,9.21601693977642,536.310570872415,533.458500244408,533.475966,0.123116697853889,88.1255613975,88.2413297763185,87.88,27,108.491774,2358115,1.59057636069932,None
90,30000,95,8.01,7.85666666666667,108.634637,9.20516722488795,493.069957081777,481.399334511243,481.418407,0.127221575200891,85.3506131363333,85.2672889266016,85.12,24,108.617116,2359921,1.59206662549556,None
90,30000,95,8.01,8.05666666666667,108.247584,9.2380814707144,421.964543989846,428.494234460075,428.496146,0.124111374341539,87.211470176,87.2375633467784,86.96,20,108.228437,2362831,1.59450228109152,None
90,30000,95,8.01,7.955,108.449398,9.22089028101382,440.435758284705,439.665664865703,439.684424,0.125706913294993,86.271496109,87.3559606117746,86.04,24,108.428296,2354851,1.58784564839036,None
90,30000,95,8.01,8.13333333333333,108.422327,9.22319256254295,503.618448123261,502.841855276639,502.84361,0.122949640080328,88.1834926266667,88.9765392890073,87.79,27,108.407318,2360730,1.59275556757512,None
90,30000,95,8.01,7.905,108.330021,9.23105147371845,461.894441997348,457.276886143791,457.295874,0.126473940674468,85.6348816005,85.6103731815307,85.4,21,108.309023,2356032,1.58882655425239,None
90,30000,95,8.01,8.13,108.4707,9.21907943804179,462.792758308887,467.609060356294,467.628972,0.122996880621976,88.1866791,87.7306273062731,87.79,19,108.450834,2362035,1.59384333323052,None
100,30000,95,8.9,8.83333333333333,108.03871,9.25594168978878,1025.1690993236,1034.5135415817,1034.531678,0.113196158945094,95.4341938333333,95.4622641509434,95.15,37,108.019637,2378206,1.60736304577219,None
100,30000,95,8.9,8.95,108.156047,9.2459000466243,1455.59335434808,1464.71201047244,1464.728279,0.111720531409125,96.799662065,96.7504655493482,96.35,49,108.136621,2377255,1.60657695080122,None
100,30000,95,8.9,8.965,108.072202,9.25307323709385,1277.90346192517,1294.330499496,1294.348342,0.111538851553449,96.886729093,96.8674474809444,96.6,40,108.051986,2380089,1.6089406303666,None
100,30000,95,8.9,8.90333333333333,108.154795,9.2460070771712,1518.16780509658,1517.39149200618,1517.409503,0.112281277238862,96.2938191483333,96.6023961063272,95.85,46,108.135388,2376844,1.60623160326544,None
100,30000,95,8.9,9.045,108.125372,9.24852309409858,1682.08768820965,1699.62861671236,1699.645047,0.110497142223328,97.799398974,97.8164731896075,97.51,49,108.107348,2379897,1.60878560919681,None
100,30000,95,8.9,8.935,108.113612,9.24952909722413,1313.28387042024,1324.24225117459,1324.259331,0.111903062736989,96.599512322,96.6517440775975,96.32,47,108.093853,2378673,1.60775876880224,None
100,30000,95,8.9,8.88833333333333,108.124494,9.24859819459594,1338.75562047304,1342.36998169698,1342.38679,0.11249714316201,96.104654417,96.0528783048941,95.65,48,108.106581,2375903,1.60544612560676,None
100,30000,95,8.9,8.84,108.172307,9.24451024234881,1857.64350989265,1831.46630006033,1831.484572,0.113120786660634,95.624319388,95.7107843137255,95.18,62,108.157459,2376828,1.60621457374718,None
100,30000,95,8.9,8.86166666666667,108.180513,9.24380900282845,1719.87120562365,1706.77624104439,1706.792871,0.112810747756442,95.8659646035,95.3263118299793,95.42,61,108.163672,2375621,1.60520979608598,None
10,40000,75,0.89,0.856666666666667,119.735998,8.351707228431,114.687580432709,126.80568027821,127.294546,1.16706224655837,10.2573838286667,9.43579766536965,10.31,2,119.70917,1802141,1.12682725012223,None
10,40000,75,0.89,0.973333333333333,118.345246,8.44985357502235,116.889508653925,125.974111277397,125.985732,1.02718054045719,11.5189372773333,11.377245508982,11.58,1,118.318026,1850592,1.16720969152629,None
10,40000,75,0.89,0.89,119.431719,8.37298506940187,109.41379455456,125.20944782397,125.399603,1.12210210399813,10.629422991,9.55056179775281,10.71,2,119.404092,1809489,1.13295243745934,None
10,40000,75,0.89,0.898333333333333,119.553045,8.3644879141305,121.850055589785,125.681390653061,125.840253,1.11103266977922,10.7398485425,10.5751391465677,10.82,2,119.525444,1871968,1.18502029989613,None
10,40000,75,0.89,0.85,119.734309,8.35182503955487,115.340253748558,126.311911456863,126.490417,1.17528925651961,10.177416265,9.80392156862745,10.26,1,119.705241,1793601,1.11971017134134,None
10,40000,75,0.89,0.828333333333333,119.284036,8.38335148217151,142.100085421989,127.959533895372,128.131925,1.20719688612877,9.88069431533333,11.1670020120724,9.97,2,119.257064,1795152,1.12100150108798,None
10,40000,75,0.89,0.806666666666667,120.256604,8.31555163490231,128.065022880951,127.105444086777,127.29469,1.23850695985744,9.70069938933333,9.91735537190083,9.77,2,120.216071,1801082,1.1259424695775,None
10,40000,75,0.89,0.955,118.641846,8.42872926977215,120.610728872564,125.145521178011,125.300614,1.043936213,11.330296293,11.5183246073298,11.41,1,118.609193,1834194,1.15354352818063,None
10,40000,75,0.89,0.873333333333333,119.099964,8.39630816345167,104.888992482956,125.111204727099,125.277625,1.14387823005344,10.401396856,8.77862595419848,10.49,2,119.073133,1798394,1.12370541116393,None
10,40000,75,0.89,0.893333333333333,119.33263,8.37993765829179,135.748496324348,127.533397785448,127.69748,1.11688878592164,10.6603816133333,11.0074626865672,10.75,2,119.305561,1837750,1.15650414309078,None
20,40000,75,1.78,1.79333333333333,114.57394,8.72798823187891,140.182556902199,131.550416074349,131.633885,0.557481518783457,20.5469265733333,21.9795539033457,20.59,3,114.554436,2008218,1.29861088050188,None
20,40000,75,1.78,1.71333333333333,114.73798,8.71550989480554,128.881587912005,129.806104995136,129.894404,0.581533927894942,19.6584405733333,20.4280155642023,19.71,2,114.717613,2022463,1.31047826702662,None
20,40000,75,1.78,1.80333333333333,114.693124,8.71891849418977,127.100836747175,129.753981804067,129.836915,0.554061606044362,20.6829933613333,19.7781885397412,20.74,3,114.673668,2064478,1.34549761798304,None
20,40000,75,1.78,1.875,114.270086,8.75119670427132,122.074074074074,129.114064176889,129.200337,0.533263613714667,21.425641125,20.8444444444445,21.46,2,114.250041,2067816,1.34828289747214,None
20,40000,75,1.78,1.72166666666667,114.86474,8.70589181675769,132.135182726089,130.354054122943,130.435635,0.580581513231365,19.7758794033333,20.0387221684414,19.82,3,114.843038,2048701,1.3323449887536,None
20,40000,75,1.78,1.79,114.336435,8.74611841798286,132.642551730595,129.4746156527,129.563951,0.557881055727188,20.466221865,21.5083798882682,20.51,3,114.311731,2043639,1.32812969254157,None
20,40000,75,1.78,1.72,114.829084,8.70859511515393,136.05327203894,129.57249111531,129.657891,0.581371354445736,19.750602448,20.7848837209302,19.81,3,114.80597,2032299,1.31867585448246,None
20,40000,75,1.78,1.80666666666667,114.231964,8.75411719262745,145.269672253918,131.202101557196,131.28687,0.553492420327491,20.6379081626667,22.9243542435424,20.69,3,114.212677,2062844,1.3441356335682,None
30,40000,75,2.67,2.67833333333333,112.310005,8.90392623524503,126.623991412802,134.061258568762,134.116113,0.373122410696329,30.0803630058333,28.5003111387679,30.1,3,112.291863,2167765,1.43162213433119,None
30,40000,75,2.67,2.67666666666667,112.269869,8.9071093509515,140.157783157493,136.523347653798,136.58418,0.373552468544209,30.0509016023333,30.5417185554172,30.06,5,112.252535,2194071,1.45354543354306,None
30,40000,75,2.67,2.66833333333333,112.635277,8.87821317294758,142.205000700296,138.383304820112,138.438539,0.374749867078701,30.0548464128333,29.3878825733916,30.06,7,112.617081,2176828,1.4391750649859,None
30,40000,75,2.67,2.58333333333333,112.700299,8.87309092232311,141.852237252862,137.478472476129,137.535295,0.387057791950323,29.1142439083333,29.2903225806452,29.13,4,112.68242,2128951,1.39926963676404,None
30,40000,75,2.67,2.67,112.411202,8.89591056948221,143.547157813033,138.032559911985,138.088354,0.374348097369538,30.013790934,30.8988764044944,30.02,4,112.393993,2122649,1.39402192499531,None
30,40000,75,2.67,2.66666666666667,112.604424,8.8806457550904,131.71875,135.935695124375,135.993144,0.374920142285,30.0278464,28.5,30.03,4,112.587157,2181455,1.4430310690848,None
30,40000,75,2.67,2.64666666666667,112.862509,8.86033820141284,148.468678819103,140.142750081864,140.198994,0.377684297474811,29.8709440486667,30.7304785894207,29.87,5,112.840172,2165753,1.42994417218774,None
30,40000,75,2.67,2.605,112.477869,8.89063785516776,143.063624630521,137.432927846449,137.489189,0.383818795918746,29.3004848745,31.317978246961,29.32,3,112.460669,2154651,1.42068898865715,None
40,40000,75,3.56,3.44666666666667,111.310791,8.98385494358764,147.17216196701,146.852210545455,146.895698,0.290082023402805,38.365119298,38.2011605415861,38.34,5,111.293823,2231260,1.48458169848792,None
40,40000,75,3.56,3.425,111.222018,8.99102550000487,150.602944571723,147.144255675426,147.188052,0.291893212941119,38.093541165,39.5133819951338,38.07,4,111.205001,2226476,1.48059321256792,None
40,40000,75,3.56,3.53166666666667,111.309418,8.98396575930349,156.27501998258,150.797345234073,150.840062,0.283120690613969,39.3107761236667,40.6087777253421,39.26,5,111.290937,2224363,1.4788383305482,None
40,40000,75,3.56,3.54166666666667,111.22111,8.99109890199801,135.064359861592,143.717256561882,143.760436,0.282344899681412,39.3908097916667,37.2941176470588,39.36,4,111.206338,2253716,1.50330235865405,None
40,40000,75,3.56,3.655,111.032464,9.00637492832727,148.401548765722,148.899031125855,148.939378,0.273564415808482,40.582365592,41.5640674874601,40.55,5,111.016499,2239112,1.49113720431743,None
40,40000,75,3.56,3.50833333333333,111.100279,9.00087748654529,154.772315660598,150.138123016627,150.1795,0.284912700222803,38.9776812158333,40.0475059382423,38.94,5,111.081974,2236212,1.48871191659665,None
40,40000,75,3.56,3.54333333333333,111.120551,8.99923543395677,159.96014049943,151.27482953904,151.316633,0.281871920010348,39.3737152376667,41.7685794920038,39.34,5,111.104736,2212607,1.46904100410902,None
40,40000,75,3.56,3.48166666666667,111.049182,9.00501905543077,140.928307363951,144.683933300144,144.724415,0.287128656104356,38.663623533,37.5777884155098,38.64,4,111.032197,2222799,1.4775316592156,None
50,40000,75,4.45,4.44666666666667,110.232368,9.07174560561014,165.58905704569,164.42196777099,164.456198,0.224880000026987,49.0166596373333,49.5689655172414,48.94,7,110.211559,2278594,1.52408691278556,None
50,40000,75,4.45,4.41166666666667,110.160386,9.07767334802186,153.669200036708,158.290705988666,158.325935,0.226648778418209,48.5990902903333,47.5821684926332,48.52,6,110.144398,2274613,1.52076674577813,None
50,40000,75,4.45,4.5,110.086818,9.08373970805478,162.83950617284,163.283229991111,163.316208,0.222172356287037,49.5390681,49.6111111111111,49.47,5,110.067519,2273216,1.51960742951196,None
50,40000,75,4.45,4.43333333333333,110.236136,9.07143552274002,170.656905421448,166.115518149624,166.148071,0.225408315382331,48.8713536266667,49.812030075188,48.82,8,110.220509,2278330,1.5238662488676,None
50,40000,75,4.45,4.495,110.119955,9.08100625358955,153.922106010757,159.409639188728,159.444328,0.222442542643307,49.4989197725,48.3685576566555,49.43,6,110.102201,2278102,1.52367944535807,None
50,40000,75,4.45,4.41833333333333,110.4215,9.05620735092351,158.669831430913,161.324521423614,161.357602,0.226328839324406,48.7878994166667,47.8121463598642,48.72,7,110.405468,2278600,1.52409075107109,None
50,40000,75,4.45,4.425,110.065565,9.08549372367279,164.06524306553,163.279357267043,163.312319,0.225802451022976,48.7040125125,49.8116760828625,48.64,6,110.044652,2276508,1.52234675909942,None
50,40000,75,4.45,4.44833333333333,110.423017,9.05608293604222,168.033936959338,165.22673751405,165.260287,0.2246262586568,49.1198387288333,49.3443237167479,49.05,7,110.406738,2266523,1.51402695439465,None
60,40000,75,5.34,5.31,109.639937,9.12076408799834,190.865639810707,188.754927228814,188.783174,0.188252905340866,58.218806547,58.1607030759573,58.11,7,109.623677,2309997,1.55030876148704,None
60,40000,75,5.34,5.51,109.534424,9.12954999425569,186.977864587622,189.830665551724,189.858571,0.181445059435572,60.353467624,60.5565638233515,60.25,7,109.518419,2320683,1.55922671713874,None
60,40000,75,5.34,5.36333333333333,109.220444,9.15579504511079,180.599262770286,184.003847848042,184.032019,0.186288138305159,58.5785647986667,58.5767557489124,58.47,6,109.200245,2304452,1.54568910467235,None
60,40000,75,5.34,5.25166666666667,109.688691,9.11671012647968,192.138003370196,188.660087092034,188.689428,0.190375142691209,57.6048442235,57.9974611234529,57.49,8,109.671275,2302900,1.5443903277557,None
60,40000,75,5.34,5.37833333333333,109.537179,9.12932037440913,181.841006976141,185.271319641463,185.274194,0.185832074721413,58.9127461055,58.4198295894655,58.79,6,109.519028,2327399,1.56481644279715,None
60,40000,75,5.34,5.51,109.473486,9.13463192356915,182.119514318684,186.312994365699,186.341972,0.181417910536903,60.319890786,60.2087114337568,60.2,7,109.459328,2303557,1.5449523907648,None
60,40000,75,5.34,5.48833333333333,109.578246,9.12589894895744,201.432166751861,197.385629552991,197.412448,0.182200737579715,60.140194013,61.6003644093532,60.01,8,109.562293,2315091,1.55456464751829,None
60,40000,75,5.34,5.51666666666667,109.234434,9.15462243343523,189.839450169312,190.445548891239,190.473418,0.181259886119033,60.26099609,60.4078549848943,60.13,7,109.217322,2305035,1.5461838896041,None
60,40000,75,5.34,5.435,109.512782,9.13135418292999,171.466922371863,179.17773982582,179.204693,0.183930373633241,59.520197017,58.3869978534192,59.41,7,109.49419,2313693,1.55339623399166,None
70,40000,75,6.23,6.145,108.958837,9.17777784283803,222.738480571789,221.688430905886,221.712792,0.16258424838351,66.9552053365,67.602386764307,66.81,12,108.941796,2339137,1.57464321000097,None
70,40000,75,6.23,6.375,108.856681,9.18639068189117,224.877611175189,226.445442628235,226.468481,0.156849202842353,69.3961341375,69.4509803921569,69.23,9,108.837854,2348233,1.58223779623799,None
70,40000,75,6.23,6.295,108.950822,9.17845300882631,245.518472978142,239.9435911435,239.967757,0.158797104282499,68.584542449,69.142176330421,68.42,9,108.937263,2339959,1.57533707303449,None
70,40000,75,6.23,6.335,108.815927,9.18983119079618,228.070151762675,228.08882809287,228.091046,0.157848889549592,68.9348897545,68.9727739050375,68.76,11,108.799566,2344761,1.57934135013912,None
70,40000,75,6.23,6.37666666666667,108.992546,9.17493935777957,241.052976457064,237.480946087297,237.504245,0.156800203700732,69.5009134993333,70.3737584945112,69.34,9,108.976,2340264,1.57559628056367,None
70,40000,75,6.23,6.17666666666667,108.933768,9.17988993091656,212.815437051802,214.210964104155,214.236569,0.161898522490286,67.284757368,67.3097679438748,67.14,9,108.915061,2335989,1.57202117649008,None
70,40000,75,6.23,6.16166666666667,109.159533,9.1609039771176,209.967815616973,213.812098915337,213.836298,0.162252158916419,67.2604655835,66.1211793345956,67.11,9,109.14213,2334608,1.57086996575232,None
70,40000,75,6.23,6.025,108.955618,9.17804899238881,233.788444872965,225.547452206639,225.573592,0.165926870757676,65.645759845,66.8326417704011,65.5,12,108.938371,2338121,1.57378928359802,None
70,40000,75,6.23,6.3,108.802495,9.19096570349788,235.49172755522,232.428873494444,232.455558,0.158679710150265,68.54557185,69.1798941798942,68.38,10,108.785384,2342754,1.5776664658391,None
70,40000,75,6.23,6.19333333333333,109.065945,9.16876482388705,230.703118391826,227.533559821582,227.559126,0.161455949621367,67.54817527,68.9585575888052,67.39,8,109.047563,2349468,1.58325713694289,None
80,40000,75,7.12,6.97833333333333,108.651158,9.20376752910448,265.279118341947,268.208397264151,268.229163,0.143284884046573,75.8203997576667,75.8538332935276,75.62,14,108.636065,2356108,1.58883647116286,None
80,40000,75,7.12,7.12833333333333,108.705982,9.19912576660225,278.750310708727,282.649647802432,282.651616,0.140216147904138,77.4892475023333,76.8088836937463,77.27,11,108.68721,2365917,1.5970214098556,None
80,40000,75,7.12,7.14166666666667,108.825487,9.18902389106699,296.467147480628,297.141887899883,297.164012,0.14001812318203,77.7195352991667,77.7246207701284,77.39,13,108.811626,2363861,1.59530836589957,None
80,40000,75,7.12,7.265,108.45774,9.22018105853948,321.600877348792,318.435327043359,318.456302,0.137630089067906,78.79454811,79.685707731131,78.59,16,108.442672,2363940,1.59538079121153,None
80,40000,75,7.12,7.08166666666667,108.531787,9.21389048906013,294.416733443185,292.104074842787,292.124813,0.141148932763238,76.8585938271667,77.4770534243351,76.66,11,108.513166,2360587,1.5925754492204,None
80,40000,75,7.12,6.98,108.614133,9.20690496143812,262.381534908033,267.410403060411,267.43168,0.143229494127985,75.812664834,75.1790830945559,75.62,14,108.598689,2357559,1.59004589225886,None
80,40000,75,7.12,7.145,108.517486,9.21510474358022,312.024423930111,307.529536949848,307.552728,0.139957710138792,77.535743747,78.1548868672732,77.33,15,108.500787,2356205,1.58892666420225,None
80,40000,75,7.12,7.09166666666667,108.644267,9.20435129816836,273.934998708922,276.979233545476,276.999832,0.140996077524794,77.0468926808333,78.0611045828437,76.85,12,108.626827,2353417,1.58660021153662,None
80,40000,75,7.12,6.94166666666667,108.570889,9.21057208990893,259.718773463767,263.482897733974,263.505151,0.144038600890516,75.3662921141667,75.546218487395,75.17,13,108.556716,2361846,1.5936166794832,None
90,40000,75,8.01,7.82833333333333,108.250161,9.23786154923132,338.648566851431,350.240357084522,350.259051,0.127704957805195,84.7418343695,83.9578454332553,84.51,14,108.231684,2374674,1.60436034515395,None
90,40000,75,8.01,7.96833333333333,108.48506,9.2178591227216,416.795706318687,421.807668694625,421.82637,0.125483352913198,86.4445119766667,86.4568081991215,86.2,18,108.46926,2375467,1.6050306427943,None
90,40000,75,8.01,8.06833333333333,108.40117,9.22499268227456,528.472434360825,522.912835977277,522.931202,0.123923830401983,87.4616773283333,88.2255732286718,87.21,24,108.384918,2374418,1.60416182730898,None
90,40000,75,8.01,8.04666666666667,108.252805,9.23763592084288,443.856055088757,448.473459512635,448.493158,0.124148064920878,87.1074237566667,86.6818558409279,86.87,18,108.234906,2378514,1.60757411374493,None
90,40000,75,8.01,7.92833333333333,108.269646,9.23619903587752,616.331689413904,590.101917538154,590.120717,0.126127386075468,85.839784337,85.7157872608787,85.46,30,108.252704,2373225,1.60315778908552,None
90,40000,75,8.01,7.93333333333333,108.146014,9.24675781393108,436.37013628981,436.068313613025,436.08737,0.126033562622269,85.7958377733333,85.5147058823529,85.41,25,108.126663,2372250,1.60234482083654,None
90,40000,75,8.01,7.93,108.403144,9.22482469696635,427.328341143899,429.402890803069,429.421766,0.126048971873476,85.963693192,85.8659100462379,85.73,18,108.384299,2374391,1.60413117336062,None
90,40000,75,8.01,8.12666666666667,108.227221,9.23981961987179,510.061334045779,510.094279451805,510.112051,0.123040691359926,87.9526549326667,87.2333880229697,87.71,25,108.212359,2378130,1.60725866849476,None
90,40000,75,8.01,8.05333333333333,108.371524,9.22751626155963,468.498160716635,469.576872243378,469.594851,0.124169527848717,87.2752006613333,87.0757450331126,87.03,16,108.353304,2378119,1.60724574981259,None
100,40000,75,8.9,8.925,107.931059,9.26517361420497,1193.93476744633,1206.7601573535,1206.761982,0.112029238278058,96.3284701575,96.284193819438,95.55,45,107.913125,2382981,1.61134547622642,None
100,40000,75,8.9,8.82833333333333,108.162456,9.24535219503522,1212.29762027933,1214.91509885331,1214.933463,0.113247335235039,95.489421572,95.723994713989,95.21,41,108.143636,2382250,1.61073426945249,None
100,40000,75,8.9,8.94,107.938972,9.26449438484554,1001.13264548739,1024.02538339765,1024.042502,0.11185340814355,96.497440968,95.5532767782232,95.58,35,107.920107,2383052,1.61140482439849,None
100,40000,75,8.9,8.90666666666667,108.066544,9.25355769682058,891.501521657284,915.534147281624,915.551383,0.112265055063249,96.2512685226667,95.6493263473054,95.97,27,108.05217,2383742,1.61198213301694,None
100,40000,75,8.9,8.82166666666667,107.983628,9.26066310718881,1376.39234134936,1369.98357599679,1370.001718,0.113340176423201,95.2595571673333,95.6829775174759,94.81,44,107.964948,2380493,1.60926750693405,None
100,40000,75,8.9,8.98166666666667,108.259682,9.23704911677091,1358.15102901139,1376.58094745927,1376.598542,0.111329741081091,97.2352377163333,96.8175913898683,96.46,52,108.241139,2384752,1.61282673402672,None
100,40000,75,8.9,8.86333333333333,108.127922,9.24830498453489,1197.71814116945,1206.36282668541,1206.364639,0.112818562717751,95.8373815326667,95.6942747015136,95.39,39,108.113905,2384147,1.61231651669628,None
100,40000,75,8.9,8.88833333333333,108.081651,9.25226429044834,883.189692136557,904.923991282768,904.941456,0.112506701906057,96.0665741305,95.8841177573598,95.78,38,108.063246,2383770,1.61200442235942,None
10,40000,80,0.89,0.87,119.481116,8.36952343163584,138.723741577487,127.543996888889,127.720083,1.14876460552682,10.394857092,11.1111111111111,10.47,2,119.454149,1771379,1.10119217189621,None
10,40000,80,0.89,0.941666666666667,118.029453,8.47246153042834,93.9776020048555,124.254125338053,124.412378,1.06035740720531,11.1144401575,8.49557522123894,11.2,2,118.005254,1824250,1.14525571010613,None
10,40000,80,0.89,0.915,118.957065,8.40639435749361,155.274866374033,128.166945750455,128.334473,1.09010443106193,10.8845714475,13.2969034608379,10.96,2,118.930212,1790686,1.11728384189285,None
10,40000,80,0.89,0.866666666666667,119.159923,8.39208330136299,122.041420118343,126.822579757692,126.983841,1.15042753392692,10.3271933266667,10,10.4,2,119.125527,1818047,1.14008300979576,None
10,40000,80,0.89,0.878333333333333,118.940281,8.40758060761602,101.537830042956,125.459518599621,125.626534,1.13533012374194,10.4469213478333,8.15939278937381,10.53,3,118.914795,1787070,1.11426863480426,None
10,40000,80,0.89,0.911666666666667,118.983579,8.40452109782309,166.438843751358,128.944771197441,129.104863,1.092302764,10.8473362855,13.8939670932358,10.93,2,118.949657,1816449,1.13875353694194,None
10,40000,80,0.89,0.846666666666667,119.25883,8.38512334893777,102.300204600409,123.85543090748,124.028594,1.18023376084055,10.0972476066667,8.26771653543307,10.18,2,119.226075,1790337,1.11698976157339,None
10,40000,80,0.89,0.9,119.00311,8.40314173301857,117.283950617284,127.396609311111,127.566315,1.10933255425556,10.7102799,10.1851851851852,10.79,2,118.973653,1813123,1.13598119738208,None
10,40000,80,0.89,0.856666666666667,119.571288,8.36321174360855,95.3837302608669,124.193664093385,124.37302,1.16708758795136,10.243273672,7.97665369649806,10.32,2,119.544307,1800035,1.12507224151367,None
20,40000,80,1.78,1.76333333333333,114.798314,8.7109293260178,148.745180298813,133.043291878072,133.134671,0.56660110431569,20.2427693686667,22.4480151228733,20.3,3,114.778595,2024515,1.31219113053179,None
20,40000,80,1.78,1.78166666666667,114.777361,8.71251953597365,127.060688980461,130.574321486436,130.656026,0.560278334721235,20.4494998181667,19.2703461178672,20.5,3,114.757939,2062286,1.34366969821256,None
20,40000,80,1.78,1.75666666666667,114.371829,8.74341180641607,136.643994685467,129.610607996205,129.692436,0.568402355141366,20.091317961,21.7267552182163,20.13,4,114.348711,2036077,1.32182587216079,None
20,40000,80,1.78,1.85833333333333,113.866296,8.78222999367609,148.645659474351,132.239272163229,132.316714,0.536877073609866,21.16015334,22.4215246636771,21.21,3,113.844349,2045152,1.32939391743844,None
20,40000,80,1.78,1.79166666666667,114.659417,8.72148163809345,145.375878853434,131.878259338605,131.959616,0.557425748053023,20.5431455458333,22.5116279069767,20.58,3,114.638802,2068786,1.34908705762709,None
20,40000,80,1.78,1.74666666666667,114.813398,8.70978489810048,127.833459588602,129.546156378817,129.632208,0.57238083141126,20.0540735173333,20.4198473282443,20.09,3,114.788862,2042030,1.32678679396255,None
20,40000,80,1.78,1.83333333333333,114.310464,8.7481055102707,139.275535913428,132.041284214546,132.049761,0.54509969366,20.9569184,22.4443434802363,21,3,114.280579,2055098,1.33768173920781,None
20,40000,80,1.78,1.83,114.734488,8.71577515559228,121.930584171917,128.882956906193,128.966699,0.544928251815118,20.996411304,20.5828779599271,21.05,3,114.712177,2050926,1.33420510717078,None
20,40000,80,1.78,1.81833333333333,114.424628,8.7393773305516,124.004331750234,130.230881381302,130.309633,0.54930074863978,20.8062115246667,19.6150320806599,20.84,3,114.405387,2083699,1.36151652552517,None
20,40000,80,1.78,1.77,114.927134,8.70116538362472,128.475214657346,130.233352363465,130.31613,0.564945096160075,20.342102718,19.7269303201507,20.38,3,114.903384,2053754,1.33655872117159,None
30,40000,80,2.67,2.63833333333333,112.289892,8.90552107753385,141.027794926272,137.473497524321,137.530354,0.378900275710676,29.625816506,29.6272899557802,29.64,4,112.269156,2167587,1.43147147652289,None
30,40000,80,2.67,2.56833333333333,112.768499,8.86772466484634,129.617409664709,135.187191689163,135.245499,0.388608782074627,28.9627094931667,28.6177806619079,28.98,3,112.75068,2151570,1.41811958290882,None
30,40000,80,2.67,2.715,112.383028,8.89814074061076,136.340974532727,136.69047762124,136.74679,0.368248911395335,30.511992102,30.9699201964395,30.51,4,112.363039,2144523,1.41225421761699,None
30,40000,80,2.67,2.68833333333333,112.093619,8.92111441240915,141.826580299788,137.1516563292,137.206144,0.371317431848109,30.1345012411667,31.3701177929324,30.14,4,112.075132,2165131,1.42942715130906,None
30,40000,80,2.67,2.645,112.47018,8.89124566173896,140.079545170293,136.392293278513,136.453233,0.377797414699433,29.74836261,29.6786389413989,29.76,4,112.449119,2164115,1.42857850673948,None
30,40000,80,2.67,2.58333333333333,112.676754,8.874945048559,143.350676378772,137.893721594194,137.953007,0.386120072634839,29.10816145,30.258064516129,29.13,4,112.66052,2146295,1.41372414162584,None
30,40000,80,2.67,2.67666666666667,112.508063,8.88825185800239,133.178972377867,135.439062050436,135.494579,0.373480001370486,30.1146581963333,29.9190535491905,30.11,3,112.482612,2162882,1.42755267700428,None
30,40000,80,2.67,2.62166666666667,112.694432,8.87355286550448,142.705355674205,137.821846844247,137.879137,0.381426829319135,29.5447235893333,29.6567069294342,29.57,4,112.675982,2162312,1.42707492966535,None
40,40000,80,3.56,3.74166666666667,111.238665,8.98967998222561,144.820710214731,149.064236722494,149.103945,0.267237297515368,41.6218004875,41.4031180400891,41.58,4,111.222033,2246668,1.49743994731292,None
40,40000,80,3.56,3.49166666666667,111.411524,8.97573216932209,138.208372018843,143.960138423866,144.000772,0.286232926903103,38.9011904633333,36.6109785202864,38.87,5,111.392791,2240207,1.49204108036669,None
40,40000,80,3.56,3.69,111.22927,8.99043929713825,157.105681264581,152.286368639115,152.328017,0.270941442056459,41.04360063,42.163504968383,41,5,111.208198,2237216,1.48955936048603,None
40,40000,80,3.56,3.63333333333333,111.137052,8.99789927845126,155.731840754145,150.286119769725,150.32568,0.275214132643119,40.37979556,40.802752293578,40.34,5,111.117297,2233213,1.48621972885895,None
40,40000,80,3.56,3.55,111.24704,8.98900321302931,149.110626198506,147.836067204225,147.877429,0.281661437958686,39.4926992,39.3192488262911,39.46,5,111.228318,2235382,1.48802287035469,None
40,40000,80,3.56,3.62,111.459523,8.9718668543019,144.480734206323,147.712360257827,147.753657,0.276143365928637,40.348347326,39.5948434622468,40.31,5,111.44316,2235284,1.48794560041912,None
40,40000,80,3.56,3.49333333333333,111.414879,8.97546188601973,135.618189499446,144.101243359256,144.143041,0.286149165497137,38.920931064,36.4026717557252,38.89,5,111.399737,2227494,1.48144587115774,None
40,40000,80,3.56,3.445,111.582569,8.96197326304613,139.871629862593,145.708385674407,145.750876,0.290008227492017,38.4401950205,37.3488147073053,38.42,4,111.565522,2232943,1.48598476233092,None
50,40000,80,4.45,4.345,110.604385,9.04123285889615,166.498711312334,163.99741076985,164.030925,0.229995734148447,48.0576052825,48.1012658227848,47.98,7,110.586057,2261662,1.50996995674207,None
50,40000,80,4.45,4.55666666666667,110.329022,9.06379828147122,162.707652263164,164.520944427213,164.553673,0.219447937584126,50.2732576913333,50.0182882223848,50.2,7,110.312643,2266804,1.5142671977236,None
50,40000,80,4.45,4.44333333333333,111.560988,8.96370691876626,163.654264400527,164.87226227832,164.875474,0.224965469589647,49.570265668,48.8655540971311,49.49,8,111.543389,2283780,1.52841208056467,None
50,40000,80,4.45,4.47333333333333,110.324442,9.0641745552631,174.156729396035,168.764579770864,168.798345,0.223523673359911,49.351800388,49.720566318927,49.29,6,110.306216,2256823,1.50594377376007,None
50,40000,80,4.45,4.35,110.488224,9.05073829406472,161.536090192452,161.167372542529,161.201446,0.229795221851341,48.06237744,49.0804597701149,47.99,5,110.471937,2279367,1.5247261460497,None
50,40000,80,4.45,4.48833333333333,110.426285,9.05581492667258,169.437094617132,166.987637327145,167.021945,0.222493622900111,49.5629975841667,50.352766431489,49.5,7,110.404704,2277814,1.52343978207351,None
50,40000,80,4.45,4.43666666666667,110.516364,9.04843376859557,156.683851134677,160.92054429414,160.95407,0.225266669950413,49.032426828,48.3095416979715,48.96,5,110.499245,2266167,1.51372977430687,None
50,40000,80,4.45,4.405,110.678282,9.03519626370782,164.312988327594,163.280413784336,163.314529,0.226813122776391,48.753783221,49.5648883844117,48.69,6,110.657595,2266380,1.51390587956293,None
50,40000,80,4.45,4.43166666666667,110.494519,9.05022266308069,160.262371467273,161.451467502445,161.484362,0.225616932104551,48.9674876701667,50.2256487401279,48.91,5,110.477349,2270052,1.51696745217498,None
60,40000,80,5.34,5.195,109.772799,9.10972489641992,173.132342955811,176.883850853064,176.915664,0.192338515340391,57.0269690805,56.4164260506898,56.92,6,109.75636,2308864,1.54935807114202,None
60,40000,80,5.34,5.355,109.63021,9.12157333275199,183.312250099749,185.299099381575,185.326564,0.186739083765017,58.706977455,58.1232492997199,58.6,7,109.615171,2301271,1.5430385337625,None
60,40000,80,5.34,5.36833333333333,109.645945,9.12026431985241,169.939953778569,178.454177401428,178.483294,0.186269585061472,58.8615981408333,57.6373796957467,58.75,6,109.632594,2299158,1.54127821300408,None
60,40000,80,5.34,5.32,109.779495,9.10916924877455,190.796540222737,188.51274547713,188.540707,0.187969403342419,58.40269134,59.1008771929825,58.29,8,109.765839,2312637,1.55251008247217,None
60,40000,80,5.34,5.375,109.698522,9.11589310200551,190.921218676762,189.359723923411,189.38659,0.18597041044031,58.962955575,60.3100775193799,58.85,7,109.683927,2311495,1.55156126298922,None
60,40000,80,5.34,5.37833333333333,109.406789,9.14020061405879,177.547880262301,182.435428520607,182.462554,0.185878430153703,58.8426180171667,58.0260303687636,58.73,6,109.393099,2301100,1.54289670417922,None
60,40000,80,5.34,5.41,109.922693,9.09730259246833,199.648536575088,195.955499353358,195.982907,0.184829517341651,59.468176913,59.4731977818854,59.36,8,109.904352,2299089,1.54122395559061,None
60,40000,80,5.34,5.41833333333333,109.877309,9.10106016520663,182.77034887214,186.833459069825,186.861936,0.184552767073208,59.5351885931667,58.1513380498308,59.42,6,109.860694,2313392,1.55314541283553,None
60,40000,80,5.34,5.18333333333333,109.793067,9.10804322462365,182.814487029704,182.086204462058,182.115219,0.192883577676527,56.909406395,57.0096463022508,56.8,7,109.777117,2306443,1.54733960982251,None
70,40000,80,6.23,6.17,109.052697,9.16987866884209,210.013948393571,213.121908575365,213.145147,0.162014578427877,67.285514049,67.0988654781199,67.13,8,109.034789,2341108,1.57628775248505,None
70,40000,80,6.23,6.15166666666667,109.187422,9.15856406976987,212.346609504575,214.789981729342,214.814512,0.162542582319697,67.1684624336667,67.0414521809808,67.01,9,109.170222,2320880,1.55942729130971,None
70,40000,80,6.23,6.19833333333333,109.03778,9.17113316136847,216.514239321476,218.996575066954,219.023059,0.161326580064534,67.5852506366667,67.7735950524335,67.43,9,109.02015,2337850,1.57357387164284,None
70,40000,80,6.23,6.16,109.182177,9.15900403781104,196.94393257223,204.685293804654,204.688607,0.162305513154491,67.256221032,65.6972812119573,67.1,7,109.169373,2326561,1.56416282624005,None
70,40000,80,6.23,6.23333333333333,109.094121,9.16639678502932,220.845606108267,221.651286460963,221.675841,0.160427083174332,68.00200209,68.355614973262,67.84,10,109.075975,2335944,1.57198746109346,None
70,40000,80,6.23,6.13833333333333,109.346876,9.14520868433406,223.288912689597,222.93212891583,222.95688,0.162898131806679,67.1207573846667,67.5128970947597,66.97,9,109.330439,2331558,1.56832706756314,None
70,40000,80,6.23,6.20833333333333,109.150443,9.16166689309726,233.438133417414,230.503613107114,230.526439,0.160978297362148,67.7642333625,68.2281879194631,67.61,13,109.135923,2326482,1.56409973188345,None
70,40000,80,6.23,6.09,109.145069,9.16211798812459,213.747805900006,214.122754138752,214.149196,0.164195892366721,66.469347021,66.447728516694,66.33,9,109.128192,2339358,1.5748248071443,None
80,40000,80,7.12,7.125,108.482893,9.21804325406403,258.967887555145,266.750394910175,266.772087,0.140311007465497,77.2940612625,76.7485380116959,77.1,9,108.465625,2354948,1.58787768285644,None
80,40000,80,7.12,7.16833333333333,108.639807,9.20472916524971,294.314148405061,294.990926292258,295.011027,0.139492352103464,77.8766349845,77.8772378516624,77.68,10,108.621716,2364901,1.59617680947785,None
80,40000,80,7.12,6.955,108.816163,9.18981125993204,265.735549972669,269.373608449796,269.395126,0.143741800548766,75.6816413665,74.9101365923796,75.49,12,108.796885,2352426,1.58576678307536,None
80,40000,80,7.12,7.17333333333333,108.570337,9.21061891886732,264.526557814292,272.901360488383,272.922516,0.139371144283922,77.8811217413333,77.300185873606,77.68,11,108.551885,2358992,1.59125157845668,None
80,40000,80,7.12,7.07,108.678718,9.20143353181623,286.819952959127,286.791292961103,286.812624,0.141438834765912,76.835853626,76.5794436586516,76.64,12,108.661486,2358242,1.5906207563428,None
80,40000,80,7.12,6.955,109.011482,9.17334561142835,289.578532219811,286.267259438054,286.289943,0.14376961443422,75.817485731,76.5037143541816,75.62,10,108.998199,2356032,1.58877312450311,None
80,40000,80,7.12,7.24333333333333,108.308797,9.23286037421319,296.526059582853,298.402483336862,298.42342,0.138011234331339,78.4516719603333,78.1983433041878,78.26,11,108.294767,2355205,1.58809823051581,None
80,40000,80,7.12,7,108.576326,9.21011086707797,270.204081632653,272.379499741429,272.400794,0.142853225512143,76.0034282,76.8452380952381,75.82,11,108.561876,2348876,1.58280962569676,None
80,40000,80,7.12,7.36666666666667,108.514139,9.21538897341295,318.682049917078,318.909999661765,318.930115,0.135729880987783,79.9387490633333,80.1923076923077,79.73,12,108.497991,2361389,1.59326073516666,None
80,40000,80,7.12,7.23666666666667,108.626969,9.20581701952855,293.937865685205,296.397212761861,296.416981,0.13817260821603,78.6097165663333,78.3394748963611,78.42,11,108.610262,2353870,1.58698636155863,None
90,40000,80,8.01,7.955,108.303751,9.23329054411052,404.103692952304,408.746722461555,408.765586,0.125636350946994,86.1556339205,86.580766813325,85.92,22,108.28462,2371781,1.60195669945689,None
90,40000,80,8.01,7.925,108.176714,9.24413363119904,359.720964483675,370.677667319453,370.696442,0.126174372280757,85.730045845,85.1209253417455,85.49,13,108.159919,2373022,1.60298874726828,None
90,40000,80,8.01,8.00166666666667,108.270747,9.23610511341535,462.736860390772,462.376354832327,462.395154,0.12491231364924,86.6346427245,86.4194959383462,86.39,23,108.25074,2371985,1.60212932517354,None
90,40000,80,8.01,8.02833333333333,108.251746,9.23772629034547,496.192619997794,492.209113751298,492.228537,0.124530853578368,86.9081100803333,87.0251193689018,86.66,21,108.237542,2371859,1.60202578489642,None
90,40000,80,8.01,8.07166666666667,108.200466,9.24210437319189,506.087300645599,502.918573166839,502.937875,0.123827061257485,87.335809473,87.5077431344208,87.09,22,108.182276,2371989,1.60213650942409,None
90,40000,80,8.01,7.93333333333333,108.422539,9.22317452831463,547.763222936233,533.76015585105,533.779327,0.126031817068908,86.0152142733333,86.5021008403361,85.77,25,108.404882,2373028,1.60299528917864,None
90,40000,80,8.01,7.89666666666667,108.42251,9.2231769952568,390.210651476321,395.355093481427,395.3752,0.126597757372731,85.6176420633333,85.5951878429717,85.38,16,108.407743,2370887,1.60120855263463,None
100,40000,80,8.9,8.71333333333333,108.081767,9.25225436034923,931.084988195515,934.22732457785,934.245497,0.114758190503252,94.1752463126667,95.0937260902831,93.88,27,108.06422,2381938,1.61046685466834,None
100,40000,80,8.9,8.9,108.119172,9.24905344262163,1185.30909396962,1197.39381033502,1197.41064,0.112356097886517,96.22606308,95.7958801498127,95.62,38,108.103252,2382819,1.61121082710297,None
100,40000,80,8.9,9.055,108.184054,9.24350644134671,1533.05723261217,1558.10863422106,1558.125883,0.110433140680655,97.960660897,97.266703478741,97.03,55,108.166171,2382990,1.61136115621907,None
100,40000,80,8.9,9.02666666666667,108.003382,9.25896931634974,1980.78577288367,1987.37840550462,1987.395446,0.110765867758678,97.4910528186667,97.5720088626293,97.19,44,107.984066,2382491,1.61094609453702,None
100,40000,80,8.9,8.95,108.224835,9.24002332736289,1246.37183608502,1263.966912573,1263.983948,0.11173142617933,96.861227325,96.7132216014898,96.08,39,108.206356,2382813,1.61120836739421,None
100,40000,80,8.9,8.93166666666667,108.016314,9.25786080795166,1689.73853821115,1686.08206864602,1686.09811,0.111945828285314,96.476571121,96.6131740996455,96.03,48,108.000379,2382387,1.61085299627176,None
100,40000,80,8.9,8.77166666666667,108.241667,9.23858646781558,928.078383867762,939.303825852366,939.320099,0.113973126452784,94.9459822368333,95.0883526505795,94.66,35,108.223559,2382122,1.61062453651279,None
100,40000,80,8.9,8.935,108.031988,9.25651761587503,1471.38231337082,1476.82673214997,1476.84374,0.111910455039545,96.526581278,96.595784368588,96.23,46,108.015247,2383990,1.61219029215064,None
10,40000,85,0.89,0.851666666666667,119.757657,8.35019676445407,119.484836531723,127.363366356164,127.534568,1.17283915227006,10.1993604545,9.39334637964775,10.28,2,119.729534,1791063,1.1175951940224,None
10,40000,85,0.89,0.896666666666667,118.719253,8.42323359295396,120.230510910573,125.467446918216,125.63186,1.11293609362825,10.6451596856667,10.4089219330855,10.73,2,118.690587,1783872,1.11160438400695,None
10,40000,85,0.89,0.848333333333333,119.317833,8.38097688213965,157.479707118623,128.735881607073,128.906448,1.17196575854028,10.1221294995,12.573673870334,10.2,2,119.272597,1758370,1.09034992185989,None
10,40000,85,0.89,0.875,119.427781,8.37326115939473,132.789115646259,127.887710032381,128.058508,1.14061273592762,10.4499308375,10.4761904761905,10.53,2,119.396794,1810939,1.13416005094584,None
10,40000,85,0.89,0.911666666666667,119.382607,8.37642957487099,146.38597101023,128.241006683729,128.405951,1.09637123182998,10.8837143381667,12.4314442413163,10.97,2,119.355493,1794870,1.12077065651127,None
10,40000,85,0.89,0.865,119.616452,8.36005401664982,109.147203938209,125.805085194605,125.97626,1.15017092103854,10.346823098,9.05587668593449,10.43,2,119.587603,1808086,1.13178206202548,None
10,40000,85,0.89,0.873333333333333,119.679835,8.35562649296768,120.070732577009,127.491024515267,127.507959,1.14338772988359,10.4520389233333,9.53288846520496,10.53,2,119.649996,1795972,1.12168718549731,None
20,40000,85,1.78,1.72166666666667,116.123378,8.61153040174219,118.640525766829,129.340447178122,129.426089,0.580365097484995,19.9925749123333,18.5866408518877,20.05,2,116.103548,2022218,1.31027568346236,None
20,40000,85,1.78,1.745,114.818745,8.70937929168273,138.477242934513,130.621664159503,130.703997,0.572513259484241,20.0358710025,20.9169054441261,20.08,4,114.789648,2034645,1.32063223608876,None
20,40000,85,1.78,1.86333333333333,114.186983,8.75756565001809,133.44811364531,130.485397756708,130.565556,0.536162907239714,21.2768411656667,21.6457960644007,21.32,3,114.161933,2061004,1.34260522276309,None
20,40000,85,1.78,1.79166666666667,114.684276,8.71959116697044,138.366684694429,131.430181694884,131.51388,0.558051124285581,20.54759945,20.8837209302326,20.59,4,114.664309,2046765,1.33073522089257,None
20,40000,85,1.78,1.71333333333333,114.673434,8.72041557593889,130.868748959106,128.165010694553,128.253197,0.583535215324903,19.647381692,20.5739299610895,19.69,2,114.647694,2050650,1.33396862683771,None
20,40000,85,1.78,1.925,114.440792,8.73814295168457,123.236071288019,129.868508326407,129.944722,0.519169431772294,22.02985246,20.7792207792208,22.06,3,114.414204,2088572,1.36558350277411,None
20,40000,85,1.78,1.83833333333333,114.807301,8.71024744323534,137.595562748591,131.096098263826,131.176633,0.543708282453309,21.1054088338333,22.3028105167724,21.14,3,114.788197,2069192,1.34942809723765,None
20,40000,85,1.78,1.76333333333333,114.827145,8.7087421706775,130.520545595535,128.910664222117,128.997079,0.566913758883743,20.247853235,21.124763705104,20.3,2,114.807156,2045012,1.32927292869209,None
20,40000,85,1.78,1.76333333333333,114.416278,8.74001512267337,123.820312248741,127.426599913989,127.508812,0.566826712208885,20.1754036873333,19.4706994328923,20.23,3,114.396496,2052294,1.33534127168095,None
20,40000,85,1.78,1.75333333333333,114.722004,8.71672360256189,116.020182451676,127.329963130228,127.415762,0.569839213441065,20.114591368,18.7262357414449,20.16,2,114.701062,2024098,1.31184295381623,None
30,40000,85,2.67,2.74333333333333,112.576086,8.88288121866308,136.750382753433,137.00228935966,137.056363,0.364508427184083,30.883372926,31.1968408262455,30.88,4,112.558884,2183236,1.44451966288134,None
30,40000,85,2.67,2.72333333333333,112.540023,8.88572770240148,137.305633501076,138.212045719706,138.266699,0.366501456129743,30.648399597,30.4161566707466,30.65,4,112.520237,2185118,1.44608696559902,None
30,40000,85,2.67,2.67333333333333,112.497662,8.88907362359228,143.18940802607,137.987181071696,138.042592,0.37346736947818,30.0743749746667,31.7331670822943,30.07,4,112.472874,2139703,1.40823502687385,None
30,40000,85,2.67,2.59333333333333,112.829256,8.86294951727768,129.112945328144,134.763660721722,134.820039,0.384984483298201,29.260387056,28.7917737789203,29.28,3,112.80662,2162135,1.42692596359765,None
30,40000,85,2.67,2.65,112.807006,8.86469764120856,130.532811202089,136.032732145912,136.088934,0.377250736567925,29.89385659,27.8616352201258,29.91,3,112.788245,2150717,1.41741333023963,None
30,40000,85,2.67,2.66833333333333,112.713615,8.87204265429691,122.893210481738,134.692018256715,134.747861,0.374441724298563,30.0757496025,27.7951280449719,30.08,3,112.696287,2151899,1.41839926048716,None
30,40000,85,2.67,2.77166666666667,112.396285,8.89709121613762,136.6807336935,137.953037167769,138.006983,0.360445840746242,31.1525036591667,30.6073361395069,31.16,6,112.380201,2161905,1.42674370579863,None
30,40000,85,2.67,2.685,112.181571,8.91412012762774,147.149427758647,138.533583573557,138.590426,0.372390694148976,30.1207518135,32.1849782743638,30.13,5,112.164094,2167697,1.43156561371201,None
30,40000,85,2.67,2.725,112.34931,8.90081122883621,149.033470807732,140.023127102752,140.078739,0.366531410469113,30.615186975,31.9877675840979,30.63,4,112.332652,2164467,1.42887623086197,None
30,40000,85,2.67,2.72333333333333,112.299252,8.90477881366476,139.665222947494,137.547668884945,137.601378,0.367028499550796,30.582829628,31.2729498164015,30.6,4,112.279369,2174279,1.43705344317262,None
40,40000,85,3.56,3.57833333333333,111.243971,8.98925120175726,155.023994442913,150.549441258035,150.593858,0.278859009640894,39.8068009561667,39.869585468095,39.78,5,111.225232,2237177,1.48952052795056,None
40,40000,85,3.56,3.47166666666667,111.530424,8.96616334929382,144.852749171505,146.26809418483,146.311431,0.288020182594815,38.719645532,38.1901104176668,38.68,5,111.513609,2221053,1.47607670878382,None
40,40000,85,3.56,3.545,111.028656,9.00668382403909,160.738122188824,151.217754928068,151.261772,0.281983514459332,39.359658552,41.7489421720733,39.32,5,111.012366,2230854,1.48424839850396,None
40,40000,85,3.56,3.55166666666667,110.904416,9.01677350701707,142.56266183912,145.097577116847,145.139198,0.281457244991553,39.3895517493333,38.4795870483341,39.35,5,110.887289,2233448,1.48641045704654,None
40,40000,85,3.56,3.59,111.28993,8.985538943191,143.672586856609,147.089939527391,147.135133,0.278250219081708,39.95308487,38.857938718663,39.91,5,111.273549,2236564,1.48901031227148,None
40,40000,85,3.56,3.50166666666667,111.239076,8.98964676765204,151.012606811516,147.878120389814,147.921039,0.285373980535459,38.952216446,40.3617325083294,38.93,4,111.219216,2221908,1.47679057350924,None
40,40000,85,3.56,3.565,111.206658,8.99226735147459,136.252735054,144.691515916784,144.732257,0.280481692778401,39.645173577,37.3772791023843,39.62,4,111.183129,2220599,1.475703174906,None
40,40000,85,3.56,3.63,111.360833,8.97981788624013,156.017980961632,151.143780353995,151.187703,0.275442099519284,40.423982379,41.5289256198347,40.39,4,111.342341,2204759,1.46250565621481,None
40,40000,85,3.56,3.48666666666667,111.440343,8.9734110025128,145.734090352394,145.926775575526,145.970015,0.286720257630019,38.855532926,38.6711281070746,38.83,5,111.422448,2227782,1.48168558718232,None
50,40000,85,4.45,4.36666666666667,110.593117,9.0421540429139,149.204591807004,158.045505485496,158.081355,0.228979241174046,48.2923277566667,46.3931297709924,48.22,5,110.576549,2274221,1.52043845296989,None
50,40000,85,4.45,4.36166666666667,110.354711,9.0616883587326,163.695562756609,162.574470576232,162.608989,0.229254886396255,48.1330464478333,48.2804738249904,48.06,6,110.33527,2263602,1.51158725915236,None
50,40000,85,4.45,4.59,110.419572,9.05636547839544,158.217083331356,162.127912601307,162.161339,0.217824876899419,50.682583548,50.5446623093682,50.6,5,110.405196,2275172,1.52124361538975,None
50,40000,85,4.45,4.42,110.348364,9.06220956751112,167.337209857838,164.950097728884,164.98407,0.226211804899321,48.773976888,49.6417797888386,48.71,7,110.331711,2266615,1.5141018445448,None
50,40000,85,4.45,4.485,110.540087,9.04649188488516,165.339106737973,165.419279507246,165.454249,0.222962586650688,49.5772290195,48.6993682645857,49.5,5,110.523862,2274106,1.52034935646724,None
50,40000,85,4.45,4.48166666666667,110.479407,9.05146060387525,158.697867059177,161.559009738936,161.593997,0.223095951346225,49.5131875705,49.3677947192265,49.43,5,110.464787,2258207,1.50709799836167,None
50,40000,85,4.45,4.47666666666667,110.433409,9.0552307409074,167.036380138264,166.665754612807,166.698241,0.223330581711467,49.4373560956667,49.4973938942666,49.36,7,110.413309,2269300,1.51634306814486,None
50,40000,85,4.45,4.50166666666667,110.646758,9.03777045143971,158.318919001163,163.086862356164,163.119219,0.222099930899297,49.8094822263333,48.1488337652721,49.74,5,110.63053,2272053,1.51863955191363,None
50,40000,85,4.45,4.445,110.497298,9.04999505055771,159.133651600637,161.931865948631,161.967146,0.224887757417323,49.116048961,48.5751781027372,49.05,4,110.481765,2261087,1.50949633611983,None
60,40000,85,5.34,5.38166666666667,109.805522,9.10701011921787,191.829599381035,190.451697292351,190.47889,0.185814290380923,59.0936717563333,59.6624341901518,58.97,9,109.785714,2317686,1.55672191939766,None
60,40000,85,5.34,5.36833333333333,109.86155,9.10236565932303,183.646187927121,185.941864262651,185.970368,0.18617678593977,58.9773420916667,59.282831418814,58.86,6,109.843364,2307013,1.54782570486459,None
60,40000,85,5.34,5.33833333333333,109.570623,9.12653385205266,186.622574898318,186.37889801561,186.407024,0.187218951353419,58.4924509115,57.7895722759913,58.38,6,109.552768,2299862,1.54186300239676,None
60,40000,85,5.34,5.405,109.515851,9.13109829188105,188.892693235329,189.262793345976,189.265479,0.184997358385137,59.1933174655,59.395714505935,59.07,8,109.499834,2308419,1.54899868750798,None
60,40000,85,5.34,5.3,111.135111,8.99805642880943,203.688158679216,197.556840691195,197.559294,0.188651038771384,58.90160883,59.7861971388147,58.78,8,111.117419,2294532,1.53742274242345,None
60,40000,85,5.34,5.36166666666667,109.710385,9.11490739914913,186.509170034193,186.83135357507,186.858891,0.18646275749456,58.8230514241667,59.4653403792353,58.7,7,109.69203,2300361,1.54228061018436,None
60,40000,85,5.34,5.34166666666667,109.594577,9.12453907276817,180.168954028052,183.467479228081,183.495262,0.187190458914197,58.5417698808333,58.2995319812793,58.43,8,109.577056,2312663,1.55253250341714,None
60,40000,85,5.34,5.39333333333333,109.638662,9.12087015436215,195.784904374611,191.550344005871,191.577165,0.18527951126267,59.1317850386667,60.0123609394314,59.01,8,109.623083,2298864,1.54103455890953,None
70,40000,85,6.23,6.285,108.999825,9.17432665602903,236.564671750434,233.03687198515,233.039782,0.159082334535667,68.5063900125,68.9248309691104,68.34,15,108.984153,2336678,1.57260195236695,None
70,40000,85,6.23,6.32666666666667,109.08734,9.16696657925658,225.474433184063,226.236711133298,226.260409,0.157906803830084,69.0159237733333,69.4151738672287,68.86,9,109.070506,2336271,1.57226553822257,None
70,40000,85,6.23,6.25666666666667,109.2191,9.15590771211263,226.992823708698,227.584585685935,227.609848,0.159789951296484,68.3347502333333,67.7677144379329,68.17,11,109.200672,2331401,1.56820269710953,None
70,40000,85,6.23,6.19166666666667,109.203028,9.15725523654894,219.697889136653,221.705870966891,221.729688,0.161432243882907,67.6148748366667,66.8506056527591,67.46,10,109.186785,2335863,1.57191789012082,None
70,40000,85,6.23,6.23,109.196025,9.1578425130402,224.452866615653,224.410676771001,224.434663,0.160501642053237,68.029123575,68.0577849117175,67.88,9,109.178518,2328922,1.56613490582685,None
70,40000,85,6.23,6.245,109.224449,9.15545932394679,223.140882601998,224.378069020817,224.403928,0.160112057242861,68.2106684005,68.468107819589,68.06,11,109.219134,2331541,1.56831879120512,None
70,40000,85,6.23,6.23666666666667,109.080683,9.16752602291645,229.029483457458,227.579187535008,227.602399,0.160297252432122,68.0299859643333,66.7557455905933,67.88,13,109.074116,2333345,1.56982143534071,None
70,40000,85,6.23,6.17833333333333,109.216133,9.15615644439636,239.20361808662,232.832389004046,232.856598,0.161794996817912,67.4773675051667,67.9660102508767,67.33,11,109.209625,2338769,1.57433930635439,None
80,40000,85,7.12,7.07166666666667,108.623146,9.20614101896846,271.154069513447,275.31284075489,275.336582,0.141401992618902,76.8146680796667,76.6320999292953,76.62,13,108.614637,2354454,1.58746330731011,None
80,40000,85,7.12,7.04166666666667,108.802734,9.19094551429195,256.411190084381,263.640506451834,263.662726,0.141957338681183,76.615258525,75.9408284023669,76.43,11,108.78398,2350361,1.58405071128552,None
80,40000,85,7.12,6.90166666666667,108.800865,9.19110339793714,264.032623039546,265.965348361265,265.987485,0.144837188758995,75.0907303275,75.38034291234,74.9,11,108.783501,2351497,1.58498923672805,None
80,40000,85,7.12,7.03166666666667,108.955667,9.17804486479808,277.416338159393,279.770419431856,279.791175,0.142199514792368,76.6139931788333,76.5110215690922,76.42,11,108.941983,2354428,1.58744054413508,None
80,40000,85,7.12,7.17333333333333,108.728816,9.19719386993049,313.657661796832,310.976001878253,310.977982,0.139404734849675,77.9948040106667,78.1391566964804,77.8,13,108.713205,2350783,1.58440992060212,None
80,40000,85,7.12,7.07166666666667,108.71304,9.19852852978815,290.584111613538,291.043468510252,291.064712,0.141374298137167,76.87823812,75.7482913033231,76.68,18,108.698206,2353023,1.58627088044077,None
80,40000,85,7.12,7.22166666666667,108.586571,9.20924190524444,304.747474139528,305.140874716363,305.161944,0.138471943530118,78.4176020238333,79.0330025386568,78.21,15,108.571327,2358774,1.59107277136994,None
90,40000,85,8.01,7.95666666666667,108.483416,9.21799881375417,476.765555079541,472.473880286762,472.493963,0.125665024030163,86.3166379973333,85.8504398826979,86.09,21,108.464361,2366632,1.59766577319852,None
90,40000,85,8.01,8.04666666666667,108.146545,9.24671241231054,401.512957073794,410.290097607084,410.3092,0.124231145400994,87.0219198766667,87.1375310687655,86.78,17,108.131226,2371156,1.60144047008535,None
90,40000,85,8.01,7.77166666666667,108.356904,9.22876127948432,388.28032325328,389.308317860176,389.330244,0.128626954134034,84.211373892,83.7336478661806,83.99,18,108.337875,2367348,1.59825105504842,None
90,40000,85,8.01,8.05333333333333,108.191284,9.24288873399451,404.035013541073,413.093102584023,413.111859,0.124078596120447,87.1300473813333,86.7756622516556,86.89,19,108.172983,2370213,1.6006550515617,None
90,40000,85,8.01,8.12666666666667,108.217381,9.24065977904233,516.976051188423,514.802853369975,514.821217,0.123003497384947,87.9446582926667,88.1050041017227,87.7,18,108.198348,2375086,1.60472132766025,None
90,40000,85,8.01,8.025,108.129451,9.2481742092633,405.388751471349,412.496971365524,412.499066,0.124602949456906,86.7738844275,86.6057522583325,86.54,15,108.110061,2368837,1.59950618515808,None
90,40000,85,8.01,7.93333333333333,108.344181,9.22984502508723,466.691088199986,463.171004684664,463.190781,0.126036061491807,85.95305026,86.0714285714286,85.57,20,108.327213,2367998,1.59880152394628,None
90,40000,85,8.01,8.05833333333333,108.197729,9.24233816404779,435.269797848119,440.031911148087,440.051935,0.124084309618201,87.1893366191667,86.2254395036194,86.79,19,108.180884,2372132,1.60225405481962,None
90,40000,85,8.01,7.79333333333333,108.394658,9.22554688995836,351.905257064998,359.689056325706,359.709253,0.128283467837682,84.4755701346667,84.5594525235244,84.25,12,108.378493,2364487,1.59586775670525,None
90,40000,85,8.01,8.05,108.446987,9.22109528040645,546.30094003575,537.884709908282,537.903324,0.12421153300207,87.299824535,87.9606625258799,87.06,36,108.428338,2372076,1.60220886198222,None
100,40000,85,8.9,9.015,108.00745,9.25862058589477,1456.09908179779,1473.77295589055,1473.790239,0.110919778530412,97.368716175,96.7369199482344,96.59,39,107.988254,2382112,1.61062686160741,None
100,40000,85,8.9,8.935,108.202719,9.24191193383967,1508.89755197933,1513.64753454766,1513.664246,0.111912792424361,96.6791294265,96.856929677299,96.38,42,108.18412,2381882,1.61043398357485,None
100,40000,85,8.9,8.91,108.023304,9.25726174789099,1630.62296856991,1626.62934834306,1626.631113,0.112217555086233,96.248763864,95.5110820162723,95.48,45,108.007813,2379710,1.60861853190143,None
100,40000,85,8.9,8.74333333333333,108.084119,9.2520530236269,850.547278982705,862.311117127907,862.313322,0.114338964265154,94.5015480456667,94.3671368661838,94.06,30,108.065839,2380638,1.60938423197927,None
100,40000,85,8.9,8.875,108.158291,9.24570821852205,1314.99834688885,1317.31167214009,1317.329125,0.112672813671362,95.9904832625,96.4976525821596,95.7,47,108.14149,2378460,1.60757780182363,None
100,40000,85,8.9,8.965,108.21583,9.2407922205097,2424.24035053176,2411.64322635044,2411.659755,0.111525112503068,97.015491595,96.6257668711656,96.56,74,108.195998,2382765,1.61117100877372,None
100,40000,85,8.9,8.695,108.046022,9.25531529518042,856.938252160958,863.238162458501,863.239849,0.115001932847039,93.946016129,94.2022041207475,93.66,37,108.02858,2378379,1.60749903328419,None
100,40000,85,8.9,8.82833333333333,108.137619,9.24747566339518,975.857562442631,988.631831732301,988.63383,0.113248625388899,95.4674946405,95.375176970269,94.7,38,108.118242,2380277,1.60908685231524,None
100,40000,85,8.9,8.74333333333333,108.173383,9.24441828726019,768.691982374168,785.033030057568,785.050064,0.114355718598742,94.5795945363334,94.672131147541,93.99,25,108.152887,2380297,1.60909960457826,None
100,40000,85,8.9,9.03333333333333,108.174428,9.2443289831863,1432.30280088779,1455.72062635978,1455.738154,0.110669942148524,97.7175666266667,97.4077490774908,97.1,45,108.154711,2382900,1.61128652275232,None
10,40000,90,0.89,0.95,118.617243,8.43047751497647,108.956602031394,125.389368291228,125.561318,1.04967864297895,11.268638085,10.1754385964912,11.35,2,118.592015,1809184,1.13270094810395,None
10,40000,90,0.89,0.906666666666667,119.118105,8.39502945417072,143.950043252595,128.399347424632,128.560255,1.09943002386949,10.80004152,11.7647058823529,10.87,2,119.090467,1793827,1.11990104736116,None
10,40000,90,0.89,0.88,118.746113,8.42132828381507,133.436639118457,126.637609301136,126.815607,1.13376122527273,10.449657944,10.6060606060606,10.53,2,118.717625,1811788,1.13486757167584,None
10,40000,90,0.89,0.928333333333333,118.912675,8.40953245732635,119.903690261693,126.468125186715,126.625905,1.06974632970198,11.0390599958333,10.0538599640934,11.12,2,118.885864,1824359,1.14534620784452,None
10,40000,90,0.89,0.848333333333333,119.785261,8.34827249739849,142.426499820519,128.14782213556,128.335607,1.17866067943419,10.1617829748333,11.2966601178782,10.24,2,119.756244,1772661,1.10225959095148,None
10,40000,90,0.89,0.87,120.02811,8.33138170716843,127.713920817369,127.987739954023,128.16395,1.14410503487356,10.44244557,10.536398467433,10.52,2,119.99768,1795306,1.12113212760608,None
10,40000,90,0.89,0.898333333333333,119.276524,8.38387946315404,128.045821128249,126.578751267161,126.744341,1.11245520812059,10.7150077393333,10.9461966604824,10.8,2,119.246203,1836570,1.15552099327532,None
10,40000,90,0.89,0.816666666666667,119.317691,8.38098685634136,158.683881715952,128.446187165306,128.634558,1.22439834498367,9.74427809833333,12.1428571428571,9.84,2,119.28873,1747351,1.08116570260921,None
10,40000,90,0.89,0.916666666666667,118.837541,8.41484931095974,121.98347107438,126.298644438182,126.461065,1.09088342039455,10.8934412583333,10.6363636363636,10.99,2,118.809765,1805684,1.12978268199645,None
10,40000,90,0.89,0.86,119.755562,8.35034284253119,116.053722733009,125.75345371124,125.935133,1.1627843013876,10.298978332,9.39922480620155,10.38,2,119.704259,1774341,1.10366020684985,None
20,40000,90,1.78,1.85,114.600826,8.72594059662362,152.666179693207,132.88443466036,132.964913,0.540120210445946,21.20115281,24.5495495495496,21.24,3,114.581384,2044519,1.32886652853127,None
20,40000,90,1.78,1.79,114.426814,8.73921037423973,130.561884252468,129.447504281192,129.539803,0.558220964860335,20.482399706,19.7392923649907,20.54,4,114.401271,2073857,1.35331294059873,None
20,40000,90,1.78,1.75666666666667,115.104257,8.68777598729472,126.652240133367,130.279017119545,130.369975,0.56922448292315,20.2199811463333,19.4971537001898,20.27,3,115.072339,2070936,1.35087733824754,None
20,40000,90,1.78,1.81166666666667,114.749785,8.71461327792466,134.820734125557,131.105999469181,131.188391,0.551925208141674,20.7888360491667,21.573137074517,20.82,3,114.730301,2059504,1.34135276082004,None
20,40000,90,1.78,1.71166666666667,114.896429,8.70349068899261,136.527961210889,130.76501803408,130.858011,0.583827865558909,19.6664387638333,19.9610516066212,19.71,3,114.876109,2023596,1.31142248547538,None
20,40000,90,1.78,1.69,114.978409,8.69728507027785,133.632109053138,129.617890190335,129.706423,0.591387076154832,19.431351121,19.9211045364892,19.48,3,114.957496,2019043,1.30762703391695,None
20,40000,90,1.78,1.73333333333333,114.740947,8.71528452697885,119.764905925406,127.814456958654,127.82353,0.576084014423077,19.8884308133333,18.5487746275829,19.94,3,114.717039,2019438,1.30795837245438,None
20,40000,90,1.78,1.85333333333333,114.246722,8.75298636577074,120.820609699291,128.593835660971,128.673433,0.538895778691547,21.1737258106667,20.0539568345324,21.21,3,114.226734,2083717,1.3615333141317,None
20,40000,90,1.78,1.78166666666667,114.805573,8.71037854582199,143.074536145353,131.260216747428,131.344521,0.561237644762395,20.4545262561667,21.0009354536951,20.5,3,114.782404,2044130,1.32853883516023,None
20,40000,90,1.78,1.87166666666667,114.614115,8.72492886238314,114.659166508739,127.469414116652,127.55212,0.53383984499911,21.4519418575,19.7684772929653,21.5,2,114.593848,2064530,1.34554459211196,None
30,40000,90,2.67,2.66833333333333,112.330458,8.90230501864419,129.447515040763,135.124148515928,135.181812,0.37469562601624,29.973510543,28.9818863210493,29.98,4,112.313075,2171431,1.43467678598933,None
30,40000,90,2.67,2.765,112.596935,8.88123642086705,146.932671482309,139.958055374322,140.010808,0.361530381521398,31.1330525275,32.8511151295961,31.14,4,112.57778,2163355,1.42795204357223,None
30,40000,90,2.67,2.67666666666667,112.554312,8.88459964110482,144.926637190238,137.960871590909,138.016593,0.372994105896015,30.127037512,31.6936488169365,30.13,4,112.535484,2172341,1.43543593816698,None
30,40000,90,2.67,2.66666666666667,112.573476,8.88308716699838,135.9375,137.04845532375,137.103311,0.374991935133125,30.0195936,29.46875,30.04,4,112.549662,2167035,1.43101344855177,None
30,40000,90,2.67,2.73833333333333,112.436831,8.89388282385867,124.431978203665,134.093919958004,134.105244,0.364568509347535,30.7889522221667,29.4493459081229,30.8,3,112.419972,2165406,1.42965965114827,None
30,40000,90,2.67,2.67666666666667,112.689299,8.8739570560289,143.602480427621,139.540971181818,139.546173,0.373531259433998,30.1631690323333,30.5322128851541,30.16,4,112.668562,2171636,1.43484853997949,None
30,40000,90,2.67,2.705,112.388103,8.89773893594414,118.900782763487,132.629155115835,132.689612,0.369491322580407,30.4009818615,27.6648182378312,30.42,3,112.371542,2164268,1.4287093295092,None
40,40000,90,3.56,3.7,111.128453,8.99859552620606,147.918188458729,149.248706735586,149.288686,0.270209765301802,41.11752761,40.7882882882883,41.08,6,111.10915,2234229,1.48707032430124,None
40,40000,90,3.56,3.58,111.454099,8.97230347714713,146.036848621038,148.642551052607,148.684397,0.279252187556797,39.900567442,39.6648044692737,39.87,6,111.437154,2248434,1.49890286888007,None
40,40000,90,3.56,3.76666666666667,111.02036,9.00735684877981,146.840003132587,148.936319484071,148.97514,0.265258666293363,41.8176689333333,41.5486725663717,41.78,6,110.999323,2244456,1.49559744159659,None
40,40000,90,3.56,3.595,111.48841,8.96954221519528,150.365952815267,149.231764935559,149.277341,0.278163474877608,40.080083395,40.1715345387112,40.05,4,111.469377,2232478,1.48560565887317,None
40,40000,90,3.56,3.60166666666667,111.350413,8.98065820375538,151.701942292247,150.54372406062,150.547715,0.277116425080981,40.1047070821667,40.3886190145732,40.07,4,111.334152,2237356,1.48967121564235,None
40,40000,90,3.56,3.65,111.312275,8.98373517206436,144.179645962344,147.746384890868,147.788145,0.273937651274886,40.628980375,39.7945205479452,40.59,5,111.295284,2239769,1.49168497383632,None
50,40000,90,4.45,4.46166666666667,110.474268,9.05188165627855,175.026851265132,168.765746713112,168.801296,0.223842311746731,49.289935906,50.5790063503922,49.21,6,110.453651,2265960,1.51355856438291,None
50,40000,90,4.45,4.49166666666667,110.53995,9.04650309684417,168.039290386059,165.615495026345,165.618289,0.22261319911911,49.650860875,49.8052309404563,49.56,7,110.522396,2268556,1.51572403505471,None
50,40000,90,4.45,4.50166666666667,110.007677,9.09027467237582,164.775041152639,163.995480553129,164.030562,0.222121722624584,49.5217892628333,50.0740466493891,49.45,6,109.99151,2275305,1.52134839695704,None
50,40000,90,4.45,4.53,110.19897,9.07449497939954,161.014705332937,163.655732600442,163.692791,0.220730347227373,49.92013341,48.9882266372333,49.86,6,110.183237,2270009,1.51693661447469,None
50,40000,90,4.45,4.49333333333333,110.433717,9.05520548583908,163.240518979651,164.345649833828,164.379871,0.222541687174703,49.621550172,49.4992581602374,49.54,6,110.414358,2276210,1.52210314242178,None
50,40000,90,4.45,4.43333333333333,110.511331,9.04884585997792,166.883373848154,165.458048936842,165.491189,0.225487620270301,48.9933567433333,48.796992481203,48.92,7,110.494558,2272765,1.51922864589716,None
50,40000,90,4.45,4.38666666666667,110.655269,9.03707531541042,155.815495052707,159.641374638298,159.674541,0.227877025235562,48.5407780013333,49.0501519756839,48.48,5,110.636359,2275990,1.52191418959929,None
50,40000,90,4.45,4.545,110.288577,9.06712215536157,176.009533479934,169.528260779611,169.560984,0.219752598298863,50.1261582465,51.4301430143014,50.05,6,110.271746,2264990,1.51275453209214,None
50,40000,90,4.45,4.45666666666667,110.451101,9.05378027874978,149.574645789897,157.792099308153,157.825798,0.224341048249065,49.2243740123333,48.4480179506357,49.14,6,110.435422,2262859,1.51097367656898,None
60,40000,90,5.34,5.34666666666667,110.064248,9.08560243831403,194.378455357865,191.449830062968,191.478449,0.187015979012157,58.8476845973333,59.8036159600998,58.72,9,110.044189,2297095,1.53955860550104,None
60,40000,90,5.34,5.30666666666667,109.649922,9.11993352808769,186.725871821419,186.574549626884,186.602564,0.188372741395415,58.187558608,58.0244974874372,58.07,7,109.632853,2301619,1.54332575244368,None
60,40000,90,5.34,5.29,109.792598,9.10808213136554,174.146509386878,179.694621566478,179.724334,0.189028435954001,58.080284342,57.0888468809074,57.97,6,109.775239,2300414,1.54232089010081,None
60,40000,90,5.34,5.25,109.674855,9.11786024244117,182.978080120937,182.126626586667,182.155098,0.190425764298095,57.579298875,59.1269841269841,57.47,7,109.661022,2290045,1.53367600788147,None
60,40000,90,5.34,5.29,109.939366,9.09592292900798,194.634334020628,190.958252042533,190.987635,0.189034931287335,58.157924614,58.9004410838059,58.04,8,109.925814,2305077,1.54620772438893,None
60,40000,90,5.34,5.19,109.871405,9.10154921564897,179.653575189677,181.162836107579,181.197587,0.19264013622736,57.023259195,58.0443159922929,56.93,6,109.857165,2295642,1.53833804592063,None
60,40000,90,5.34,5.23833333333333,109.854146,9.10297914472887,178.418697105183,181.282716739739,181.313886,0.190898530919186,57.5452634796667,56.2042634425708,57.44,8,109.836702,2311864,1.551861254689,None
60,40000,90,5.34,5.20333333333333,109.768704,9.11006474122169,188.706462496117,185.055344161435,185.083979,0.192177174080718,57.116315648,58.5041639974375,57.01,6,109.746416,2298104,1.5403904639013,None
60,40000,90,5.34,5.32166666666667,109.75541,9.11116818751805,198.945606919458,193.349722737864,193.378156,0.187902180636079,58.4081706883333,59.3015972439712,58.29,7,109.740507,2303115,1.54457379545207,None
60,40000,90,5.34,5.30666666666667,109.987822,9.09191564862517,177.433966313982,180.298407015075,180.328469,0.188296216680905,58.3668708746667,57.3806532663317,58.25,6,109.970904,2290509,1.53406687914073,None
70,40000,90,6.23,6.18333333333333,109.327338,9.1468430338988,230.774260576427,228.74586552372,228.770636,0.161666524587062,67.60073733,67.3719676549865,67.45,13,109.308874,2326204,1.56386715859371,None
70,40000,90,6.23,6.19166666666667,109.352315,9.14475381705454,228.653615892792,226.056071198654,226.081363,0.161467251141588,67.7073083708333,69.5289367429341,67.56,9,109.334302,2321798,1.56019539503157,None
70,40000,90,6.23,6.255,108.978597,9.17611372809287,211.139375203807,216.859393043698,216.883035,0.159792594201172,68.1661124235,67.2928324007461,68,8,108.962157,2330895,1.56778003162909,None
70,40000,90,6.23,6.27666666666667,109.126108,9.16370993456488,234.940233054845,232.038406705523,232.064042,0.159300453123208,68.4948204546667,69.3175783324482,68.33,10,109.106534,2327820,1.56521882802461,None
70,40000,90,6.23,6.18666666666667,109.080946,9.16750391952046,211.844971574019,215.606722391164,215.63055,0.161565939152748,67.4847452586667,67.4030172413793,67.33,10,109.062294,2326195,1.56385900990866,None
70,40000,90,6.23,6.125,109.233113,9.1547331439689,220.256025141658,219.883230099592,219.885679,0.163026752546939,66.9052817125,66.2903006393688,66.75,11,109.217115,2327309,1.56478438715916,None
70,40000,90,6.23,6.24666666666667,109.307223,9.14852625978798,225.050656686056,226.501392951708,226.526378,0.160029128363394,68.280578634,66.8356456776948,68.13,10,109.289989,2326865,1.56442176427127,None
70,40000,90,6.23,6.21166666666667,109.443627,9.1371240830679,240.444406400937,234.34292019399,234.366963,0.160764715117253,67.9827329715,68.8757713979072,67.83,14,109.424069,2320234,1.55889326932721,None
70,40000,90,6.23,6.18666666666667,109.233688,9.15468495396768,240.018393281807,234.146357534483,234.170292,0.161618459205011,67.5792416426667,67.8744612068966,67.44,12,109.215772,2321512,1.55995637091968,None
70,40000,90,6.23,6.125,109.162134,9.16068570077606,222.596140497015,221.873329230204,221.898497,0.163252966106939,66.861807075,67.8775510204082,66.71,10,109.148478,2331320,1.56812729174657,None
80,40000,90,7.12,7.02166666666667,108.924431,9.18067683089389,284.274894504701,283.872327481842,283.895559,0.142400856104201,76.4831046338333,76.6318537859008,76.29,13,108.905173,2349261,1.58313308702552,None
80,40000,90,7.12,7.17833333333333,108.560699,9.21143663601503,275.252369927757,282.400601089854,282.424552,0.139301816873926,77.9284884321667,77.0489900162526,77.74,11,108.542161,2352735,1.58603661208342,None
80,40000,90,7.12,7.13166666666667,108.657865,9.2031994186523,270.231729483615,275.492255454078,275.51305,0.140206157372751,77.4911673891667,76.8754381864922,77.29,15,108.642688,2352104,1.58550821067852,None
80,40000,90,7.12,7.18333333333333,108.591591,9.2088161780409,279.97265303266,285.181117783295,285.202044,0.139164358893736,78.004959535,77.5058004640371,77.81,11,108.575322,2354853,1.58780237611151,None
80,40000,90,7.12,7.07166666666667,108.98101,9.17591055542613,280.952409783476,283.543134044308,283.565495,0.141355347008249,77.0677375716667,76.3610652839972,76.88,11,108.965066,2350911,1.58451159517354,None
80,40000,90,7.12,7.05333333333333,108.961542,9.17755000199979,281.409800565321,282.530457337429,282.552241,0.141746634104679,76.854207624,77.2093572778828,76.66,12,108.945243,2345448,1.57995692479163,None
80,40000,90,7.12,7.07333333333333,108.591547,9.2088199093434,298.525345089947,295.753366553723,295.774771,0.141355390691565,76.8104209113333,77.5565504241282,76.61,12,108.578634,2346765,1.58105438681659,None
80,40000,90,7.12,7.09,108.743505,9.19595151912751,290.492379859195,290.761718429478,290.78463,0.140991784545604,77.099145045,77.3859896567936,76.91,11,108.723783,2346663,1.5809710011289,None
90,40000,90,8.01,7.95,108.458109,9.22014968931461,542.133090726896,528.742725151782,528.76151,0.125776888851992,86.224196655,86.3626834381551,85.98,28,108.442099,2366237,1.59733592412875,None
90,40000,90,8.01,7.95166666666667,108.242462,9.2385186138874,440.699659583961,441.023544670509,441.043426,0.125696247044435,86.0707977003333,85.6424229721232,85.83,22,108.226986,2368102,1.59888963894823,None
90,40000,90,8.01,8.05,109.457418,9.13597285841331,421.815058431126,432.466259636232,432.468292,0.12416572162381,88.11322149,87.8894524376359,87.87,20,109.441976,2366472,1.59754217544873,None
90,40000,90,8.01,7.96833333333333,108.477731,9.2184819020597,448.648941171962,448.830349266053,448.849373,0.125444747949174,86.4386719851667,87.1156661786237,86.2,19,108.461389,2363643,1.59517494607428,None
90,40000,90,8.01,7.98833333333333,108.549927,9.21235073700234,458.915652995412,458.943735775089,458.962944,0.125174191391196,86.7133000185,87.0957646567912,86.48,19,108.534768,2367383,1.59829389734977,None
90,40000,90,8.01,7.81833333333333,108.61479,9.20684926979097,393.1202412708,396.451062221275,396.47146,0.127876129573225,84.918663315,85.0671498614368,84.69,16,108.595369,2368579,1.59928097270726,None
90,40000,90,8.01,7.92666666666667,108.459726,9.22001222831782,430.473021197252,432.407621672834,432.428185,0.126073575949537,85.972409476,85.5235492010093,85.75,16,108.442174,2369177,1.59978524673915,None
100,40000,90,8.9,8.95666666666667,108.155807,9.24592056347007,1891.6176363288,1889.99772105303,1890.014272,0.111647774743022,96.8715511363333,96.9945100958407,96.58,64,108.137757,2383820,1.61205052221028,None
100,40000,90,8.9,8.94666666666667,108.188419,9.24313350026864,1324.92584526953,1337.88951266338,1337.907277,0.111757270753912,96.7925721986667,96.8237704918033,96.49,45,108.171318,2381628,1.61022286761959,None
100,40000,90,8.9,8.89,108.165529,9.24508953309885,1289.84017592046,1296.2557143204,1296.257326,0.112477025862392,96.159155281,96.1383447370888,95.87,41,108.148616,2379138,1.60814389012424,None
100,40000,90,8.9,8.74666666666667,108.29537,9.23400511028311,1613.85522010708,1586.51166484909,1586.529254,0.114324598004764,94.7223502933333,94.6455792682927,94.29,66,108.278036,2380093,1.60893121580485,None
100,40000,90,8.9,8.805,108.145245,9.24682356584425,1135.76133705629,1138.47839466932,1138.495404,0.113524729110165,95.2218882225,94.8798031421541,94.79,32,108.126753,2377498,1.60677090490516,None
100,40000,90,8.9,8.91833333333333,108.07714,9.25265046798981,1197.15221501082,1210.09537746197,1210.112581,0.112117532346664,96.3867960233333,96.1595963371333,95.77,36,108.057118,2381008,1.60970208705677,None
100,40000,90,8.9,8.80833333333333,108.267854,9.23635190921952,802.725265361616,822.570638397162,822.587796,0.113525980993756,95.3659347316667,95.127719962157,94.92,28,108.249025,2381792,1.61035090003178,None
100,40000,90,8.9,8.86833333333333,108.127942,9.24830327391231,1132.90550456943,1143.52425220767,1143.541574,0.112744204646495,95.8914632303334,96.1943243751175,95.6,43,108.111144,2377724,1.60696375381884,None
100,40000,90,8.9,8.865,107.991018,9.26002938503645,951.499625633059,967.387748998684,967.404906,0.112795018818951,95.734037457,95.3844707651814,95.46,32,107.977181,2379404,1.60836335380617,None
100,40000,90,8.9,8.98833333333333,108.05712,9.25436472858059,1639.47407083421,1647.92417796699,1647.941613,0.111252028618951,97.12534136,96.9312071203412,96.35,48,108.037855,2378956,1.60799483083231,None
10,40000,95,0.89,0.896666666666667,119.051011,8.39976067065907,103.646992164287,124.858822295539,125.018231,1.11444904550744,10.6749073196667,9.10780669144981,10.74,2,119.011434,1794170,1.12018634849839,None
10,40000,95,0.89,0.875,119.756062,8.35030797856396,104.489795918367,125.555431464762,125.738711,1.13951715161333,10.478655425,8.57142857142857,10.56,2,119.726984,1778237,1.1069077094972,None
10,40000,95,0.89,0.968333333333333,118.914651,8.40939271646183,135.975423701198,127.447613717728,127.608814,1.03265170313081,11.5149020385,12.4784853700516,11.59,2,118.875153,1849808,1.16655638003456,None
10,40000,95,0.89,0.861666666666667,119.611354,8.360410333621,141.41996116563,128.086406533849,128.284278,1.15922047765184,10.3065116696667,11.605415860735,10.39,2,119.580355,1777791,1.10653533111176,None
10,40000,95,0.89,0.888333333333333,119.362469,8.37784278741754,143.616965106006,127.839741183865,128.003639,1.1232195041651,10.6033659961667,11.8198874296435,10.69,2,119.333185,1784732,1.11232090653364,None
10,40000,95,0.89,0.86,120.040637,8.33051227477242,121.687398593835,127.910579168605,128.103325,1.16251937502519,10.323494782,10.077519379845,10.4,2,120.010556,1831160,1.15101082602244,None
10,40000,95,0.89,0.88,119.929604,8.33822481395002,143.121556473829,129.470012568182,129.654497,1.13628332364394,10.553805152,11.4583333333333,10.63,2,119.899718,1801922,1.126646081941,None
10,40000,95,0.89,0.92,119.166614,8.39161210034884,120.116572148708,125.328691811594,125.492825,1.08600330789493,10.963328488,11.0507246376812,11.04,1,119.138916,1823888,1.14495335736139,None
10,40000,95,0.89,0.913333333333333,119.246988,8.38595604611833,129.868400021312,126.639765921533,126.80845,1.09307806731387,10.891224904,11.4963503649635,10.97,2,119.220128,1824590,1.14553807917225,None
10,40000,95,0.89,0.848333333333333,119.765449,8.3496534964771,145.900316889313,128.044174027505,128.230095,1.17780242627701,10.1601022568333,11.5913555992142,10.25,2,119.734477,1760171,1.09185100186415,None
20,40000,95,1.78,1.8,114.540312,8.73055069031067,114.454732510288,127.607478633333,127.695816,0.555134751652778,20.61725616,18.6574074074074,20.65,3,114.520253,2077085,1.35600362414001,None
20,40000,95,1.78,1.72166666666667,114.540708,8.73052050629895,134.384292219299,129.160574715392,129.250497,0.579056226478219,19.720091894,20.0387221684414,19.77,3,114.513789,2013981,1.30340982623699,None
20,40000,95,1.78,1.78333333333333,114.648461,8.72231507756567,137.764255501185,131.040692315888,131.047481,0.559791909288785,20.4456422116667,21.3918729565624,20.48,4,114.624492,2060028,1.34178782867519,None
20,40000,95,1.78,1.84166666666667,114.311952,8.74799163608019,116.705227165701,127.874784864253,127.961674,0.542890681369231,21.05245116,19.683257918552,21.1,2,114.288324,2067128,1.34770780433142,None
20,40000,95,1.78,1.83666666666667,114.724247,8.71655317990451,132.16359629909,130.754048479129,130.842137,0.544409136342105,21.0710200323333,21.6424682395644,21.11,3,114.700576,2067758,1.34823288310236,None
20,40000,95,1.78,1.81333333333333,114.676789,8.72016045025467,113.538062283737,127.498985402574,127.585329,0.551125200624081,20.7947244053333,18.75,20.83,3,114.647831,2079197,1.3577645930925,None
20,40000,95,1.78,1.78833333333333,114.896248,8.70350439989999,131.78621983209,130.953542034483,130.961555,0.55802722838397,20.5472790173333,20.9594783418724,20.59,3,114.864796,2040998,1.32592911221918,None
20,40000,95,1.78,1.745,115.120273,8.68656730860949,128.62510707356,129.961108468004,130.062365,0.572769378102197,20.0884876385,20.0573065902579,20.15,3,115.098924,2042476,1.32715876557145,None
20,40000,95,1.78,1.73666666666667,114.650788,8.72213804583707,131.796596682152,128.89171365739,128.979135,0.575511692819578,19.9110201826667,20.489443378119,19.95,3,114.630022,2048710,1.33235310673829,None
20,40000,95,1.78,1.75,114.665385,8.72102771032426,136.326530612245,129.738562756191,129.830649,0.571418428018095,20.066442375,20.5238095238095,20.12,3,114.637673,2058062,1.34014768397495,None
30,40000,95,2.67,2.80166666666667,112.288579,8.90562521055681,136.954257631838,137.206191903034,137.263298,0.356867063010708,31.4595168831667,32.3022010707912,31.46,3,112.267401,2171540,1.43477507923983,None
30,40000,95,2.67,2.68166666666667,112.314318,8.90358431415663,134.305130286019,136.133634879428,136.190547,0.372854548454941,30.118956277,29.6146674953387,30.12,4,112.293387,2157782,1.42330237096181,None
30,40000,95,2.67,2.58833333333333,112.67501,8.87508241623409,128.990313909601,135.05971756085,135.120372,0.386338709544108,29.1640484216667,28.3000643915003,29.19,3,112.655634,2152812,1.41915571467674,None
30,40000,95,2.67,2.57666666666667,112.457741,8.89222912631688,139.825849456679,136.297854007762,136.355849,0.387992943638422,28.9766112643333,29.6895213454075,28.99,3,112.439838,2162388,1.4271353600068,None
30,40000,95,2.67,2.725,112.638004,8.87799822873282,137.586622899307,137.236537133333,137.290652,0.36671081864159,30.69385609,30.6422018348624,30.7,4,112.615,2166454,1.4305325569716,None
30,40000,95,2.67,2.78333333333333,112.524446,8.88695777271367,143.712574850299,138.438861639521,138.496285,0.359002042104192,31.3193041366667,32.3952095808383,31.32,4,112.505402,2173921,1.43675871387505,None
30,40000,95,2.67,2.62666666666667,112.622641,8.87920928794415,145.906877270736,138.42656278934,138.487671,0.380396985878807,29.5822137026667,30.7106598984772,29.59,4,112.600709,2152558,1.4189460273576,None
30,40000,95,2.67,2.72666666666667,112.474974,8.89086669182071,132.935001584161,136.677594820905,136.73201,0.366628241139364,30.668176244,29.0953545232274,30.69,4,112.453635,2174819,1.43750393535557,None
30,40000,95,2.67,2.74666666666667,112.458452,8.89217290666601,140.947544537657,138.325917107403,138.385236,0.363893001726335,30.8885881493333,32.4635922330097,30.89,4,112.438233,2157348,1.42294452587497,None
30,40000,95,2.67,2.58666666666667,112.596643,8.88125945282401,142.981453927091,137.036930152062,137.094187,0.38645406486018,29.1249983226667,30.5412371134021,29.13,3,112.578641,2136595,1.40564015309035,None
40,40000,95,3.56,3.59166666666667,111.590637,8.96132531262457,154.456532856735,150.790260358701,150.834414,0.278282698457077,40.0796371225,41.415313225058,40.05,5,111.573673,2228392,1.48220027941494,None
40,40000,95,3.56,3.62,111.168764,8.9953325378341,150.903513323769,148.739879073665,148.781845,0.276217698424954,40.243092568,41.4134438305709,40.2,4,111.152273,2233109,1.48613232752577,None
40,40000,95,3.56,3.56,111.433477,8.97396390135076,147.222046879603,148.349039617041,148.395312,0.280805159499064,39.670317812,39.5833333333333,39.63,4,111.417003,2229241,1.48290568721187,None
40,40000,95,3.56,3.58666666666667,111.243687,8.98927415090081,149.769903677395,149.358385995353,149.401255,0.278807339837825,39.899402404,40.2648698884758,39.87,6,111.223146,2225560,1.47983908750033,None
50,40000,95,4.45,4.39333333333333,110.572243,9.04386103481685,172.440194252109,166.549083159712,166.585717,0.227425822584977,48.5780720913333,49.5447647951442,48.51,6,110.557083,2263973,1.51189882952802,None
50,40000,95,4.45,4.34,110.435869,9.05502903227936,165.909235702606,162.772237941628,162.808111,0.230269397383641,47.929167146,48.6175115207373,47.86,7,110.412618,2264340,1.51220129128633,None
50,40000,95,4.45,4.34,110.529589,9.04735111246998,161.042564788663,161.447402613671,161.484326,0.230394646620968,47.969841626,47.4846390168971,47.92,6,110.513097,2268509,1.51567623623208,None
50,40000,95,4.45,4.37666666666667,110.472234,9.05204831831318,168.05696622155,164.649698827114,164.683809,0.22847495627837,48.350014414,49.1431835491242,48.29,6,110.453942,2260523,1.50902228828135,None
50,40000,95,4.45,4.57333333333333,110.436486,9.05497844254117,155.188845634047,160.650410430029,160.684955,0.218617142016764,50.506286264,50.2004373177843,50.43,6,110.42107,2278648,1.52413979166624,None
50,40000,95,4.45,4.35166666666667,110.851956,9.02104063910248,153.579389909907,158.481010530831,158.517968,0.229726972348143,48.239076186,47.4722328609728,48.18,5,110.837436,2262074,1.51031438497183,None
50,40000,95,4.45,4.435,110.390967,9.05871220423316,160.826536548,162.474628957911,162.508035,0.225391686039459,48.9583938645,47.8391582111988,48.9,8,110.37383,2267137,1.51453790234065,None
50,40000,95,4.45,4.555,110.358381,9.06138700965539,166.762860561427,166.0923687618,166.127303,0.219525605920966,50.2682425455,50.2195389681669,50.19,5,110.338963,2275753,1.52172568665025,None
50,40000,95,4.45,4.515,110.415011,9.05673957683163,157.916661045766,162.866618730528,162.899995,0.221466926890735,49.8523774665,48.4126984126984,49.77,6,110.400788,2271055,1.51780792812418,None
60,40000,95,5.34,5.28,109.633936,9.12126332853725,181.145126505707,183.617849115846,183.621291,0.189372626174242,57.886718208,57.7718163168692,57.78,7,109.618919,2304511,1.54573459218683,None
60,40000,95,5.34,5.38833333333333,109.647132,9.12016558718563,194.281457776713,190.36231854717,190.366335,0.185583651561707,59.081529626,60.9710839647441,58.96,8,109.623022,2299261,1.54136517998909,None
60,40000,95,5.34,5.36833333333333,109.827139,9.10521760928326,194.431895390011,190.813810779261,190.844622,0.186225510401428,58.9588691198333,60.6643899410121,58.84,7,109.807798,2298641,1.5408477889479,None
60,40000,95,5.34,5.43833333333333,109.800724,9.10740807137119,197.150998542429,194.121707041067,194.152026,0.183864461303095,59.7132937353333,59.7149862090101,59.6,10,109.781927,2306970,1.54779382421815,None
60,40000,95,5.34,5.35833333333333,109.82141,9.10569259673501,186.509097857293,186.895701581026,186.926293,0.186611008172939,58.8459721916667,59.0668740279938,58.75,7,109.803008,2305023,1.54616651198974,None
60,40000,95,5.34,5.30166666666667,109.688602,9.11671752366759,200.834865059072,191.951604912606,191.979447,0.188582479679661,58.1532404936667,60.5627161270041,58.05,9,109.673016,2305590,1.54663534689205,None
60,40000,95,5.34,5.22166666666667,109.850791,9.10325716270901,176.778216995261,180.593708051388,180.62557,0.191360895291095,57.3604213671667,56.1761889562719,57.25,8,109.834477,2299587,1.5416277730266,None
60,40000,95,5.34,5.31666666666667,109.829042,9.10505984382528,188.618429457258,188.302829376489,188.332938,0.187993470415674,58.3924406633333,57.5862068965517,58.3,7,109.80975,2294836,1.53767356298529,None
70,40000,95,6.23,6.14166666666667,109.283576,9.15050583630243,212.839834379355,215.260160250204,215.284539,0.162743415072185,67.1183295933333,66.6757123473541,66.96,9,109.266486,2325413,1.56320522605131,None
70,40000,95,6.23,6.25166666666667,109.09311,9.16648173289771,235.159897998586,231.875339314849,231.899859,0.15992742397654,68.201375935,68.3817648627033,68.04,11,109.07363,2327316,1.56479718316147,None
70,40000,95,6.23,6.12333333333333,109.321124,9.14736295612914,217.71669211683,219.200444076483,219.226938,0.163284825218563,66.9409682626667,66.7936853565596,66.8,9,109.300294,2323763,1.56182910772685,None
70,40000,95,6.23,6.19333333333333,109.371076,9.14318516899294,219.449307738566,221.069092145048,221.09492,0.161442087146125,67.7371530693333,67.7206673842842,67.59,9,109.353247,2330342,1.56731689562586,None
70,40000,95,6.23,6.21666666666667,109.18802,9.15851391022568,222.22541669961,222.920925102949,222.946233,0.160853073939946,67.8785524333333,68.2171581769437,67.72,10,109.171658,2324394,1.56235999741761,None
70,40000,95,6.23,6.105,109.287237,9.15019930460864,202.123052245902,207.641851472837,207.667409,0.163759595230685,66.7198581885,65.9295659295659,66.57,7,109.269645,2323411,1.56153448073991,None
70,40000,95,6.23,6.10666666666667,109.403203,9.14050021003498,230.973856333785,226.40908624536,226.434208,0.163717047332151,66.8088892986667,67.8493449781659,66.67,10,109.388458,2325491,1.56326867438174,None
80,40000,95,7.12,7.065,108.77245,9.19350442138611,283.736750395303,284.986875665015,285.009569,0.141481982823072,76.847735925,76.480301958009,76.65,13,108.752529,2342606,1.57758803194653,None
80,40000,95,7.12,7.13,108.717289,9.19816902351198,293.700704278454,292.976454158485,292.999083,0.140242461108462,77.515427057,78.2491818606826,77.31,11,108.701313,2345342,1.57987210756061,None
80,40000,95,7.12,7.05833333333333,109.09134,9.16663045847636,290.093935258688,291.180065287603,291.203761,0.141666981090201,77.00030415,76.3164108618654,76.8,16,109.073132,2344095,1.57882994525143,None
80,40000,95,7.12,7.025,108.838802,9.18789973450829,280.205840013847,281.0141970828,281.037264,0.14226742610344,76.459258405,76.6073546856465,76.26,14,108.822021,2344282,1.57898287649035,None
80,40000,95,7.12,7.03166666666667,108.894935,9.18316356954527,302.105308480831,297.409139339417,297.411198,0.142169982302915,76.5712884608333,76.5849034245764,76.37,10,108.879936,2341916,1.57701138878766,None
80,40000,95,7.12,7.135,108.733577,9.19679116231042,296.350278695961,297.030194954216,297.05307,0.140145486598692,77.5814071895,77.5753328661528,77.38,19,108.717512,2345882,1.58032258513845,None
80,40000,95,7.12,7.06666666666667,108.802946,9.1909276059492,267.983490566038,273.243084038208,273.266003,0.14147935300967,76.8874151733333,76.3207547169811,76.69,11,108.784061,2348510,1.58250929912842,None
80,40000,95,7.12,7.17666666666667,108.915651,9.18141691133077,299.148359939759,299.583748385509,299.608121,0.139320438253832,78.165132201,78.3441709242917,77.97,13,108.894701,2347457,1.58163857927429,None
90,40000,95,8.01,7.845,108.583875,9.2094705590494,456.651424190515,449.968702815381,449.989976,0.127333800334821,85.1840499375,85.9570851922668,84.94,21,108.56567,2365665,1.59685343850066,None
90,40000,95,8.01,8.06833333333333,108.351776,9.22919805209284,470.521347706477,471.706764104111,471.726404,0.123940241471597,87.4218246026667,87.9673621152654,87.03,20,108.331797,2363678,1.59520866887886,None
90,40000,95,8.01,8.08833333333333,108.475093,9.21870608582931,542.090351449024,536.297483403874,536.315945,0.123634118711107,87.7382710548333,87.8734803214506,87.49,25,108.456764,2360865,1.59286645274532,None
90,40000,95,8.01,8.065,108.352948,9.22909822444333,478.14903372795,478.913957095474,478.934536,0.123931161446373,87.386652562,87.1151064269477,87,23,108.3358,2369166,1.59978294490984,None
90,40000,95,8.01,7.95,108.564784,9.21109003449959,474.414250491146,470.082768337946,470.101623,0.125779241979036,86.30900328,86.2997903563941,86.07,22,108.544393,2362008,1.5938114072569,None
90,40000,95,8.01,8.15,108.504383,9.21621756053855,509.20245398773,510.575469152147,510.594671,0.122677283089571,88.431072145,88.680981595092,88.18,23,108.485271,2363565,1.59512078213509,None
90,40000,95,8.01,8.10666666666667,108.370785,9.22757918566337,440.6704466759,448.378677953125,448.39814,0.123337815139391,87.85258304,88.147615131579,87.46,18,108.352661,2366083,1.59721568006917,None
90,40000,95,8.01,7.96333333333333,108.336802,9.23047368520256,391.694281782994,399.70122582252,399.721594,0.125520535261616,86.2722066593333,85.3285893679364,86.04,17,108.317261,2360488,1.5925442730252,None
90,40000,95,8.01,8.09833333333333,108.490988,9.21735545444567,553.382712941247,546.479368841943,546.498588,0.123441644068121,87.8596184486667,88.0325169788022,87.62,24,108.474714,2362979,1.59462926058832,None
90,40000,95,8.01,7.97833333333333,108.59146,9.20882728715499,427.612577392928,432.236426963234,432.256562,0.125337083218926,86.6378865033333,86.2022143304784,86.26,15,108.572726,2367216,1.59815348959308,None
100,40000,95,8.9,8.92166666666667,108.029545,9.25672694446691,1103.39317489902,1118.68365195124,1118.700583,0.112064828804782,96.3803590641667,96.1516906407622,95.93,36,108.015095,2379020,1.60804586154727,None
100,40000,95,8.9,8.77333333333333,108.09412,9.25119701238143,1150.82821550983,1145.84493314134,1145.863125,0.113921190846695,94.8345746133333,94.9848024316109,94.56,39,108.077858,2378106,1.60727643690915,None
100,40000,95,8.9,8.96166666666667,108.028709,9.25679857934802,1176.60653769219,1197.03204380249,1197.049894,0.111542533968384,96.8117280488333,96.6617072717129,96.37,39,108.008529,2379637,1.6085625933368,None
100,40000,95,8.9,8.95166666666667,108.099163,9.25076542914583,942.399414912297,969.18563423329,969.203101,0.111702449985105,96.7667674121667,96.8441630981195,96.16,28,108.07943,2380989,1.60968840270766,None
100,40000,95,8.9,8.795,108.124654,9.24858450876523,1206.49717961488,1203.35157597878,1203.368579,0.113678440196134,95.095633193,95.2719348114459,94.66,56,108.104709,2379242,1.60822390435996,None
100,40000,95,8.9,8.965,108.095789,9.25105417381245,1198.58402888181,1217.22594409742,1217.244069,0.111542941282395,96.9078748385,96.588585238892,96.46,39,108.081157,2382017,1.61054695561892,None
100,40000,95,8.9,8.84,108.113701,9.24952148294322,1329.97464561878,1328.36668183729,1328.383691,0.11310981622549,95.572511684,95.3525641025641,95.13,43,108.093252,2380113,1.60895252280729,None
100,40000,95,8.9,8.955,108.106474,9.25013982048846,1235.67981562589,1252.79871342416,1252.817048,0.111651798048949,96.809347467,96.3800483900986,96.05,38,108.087473,2383060,1.61141408998161,None
10,50000,75,0.89,0.861666666666667,119.67555,8.35592566735645,124.584251503055,126.774440390716,126.951222,1.16047626030754,10.312043225,10.3481624758221,10.39,2,119.63243,1878008,1.19005191223858,None
10,50000,75,0.89,0.913333333333333,118.991994,8.40392673812996,125.872449251425,127.080914060219,127.238439,1.09374610842518,10.867935452,10.5839416058394,10.94,2,118.973798,1895549,1.20467225231036,None
10,50000,75,0.89,0.855,119.535937,8.36568504080911,123.114804555248,125.998088450292,126.168202,1.16224637792398,10.2203226135,10.1364522417154,10.3,2,119.510788,1874037,1.18674225880495,None
10,50000,75,0.89,0.885,119.178334,8.3907868690294,110.65360102993,125.257419868173,125.444161,1.1277094589435,10.547282559,9.22787193973635,10.64,2,119.154964,1880376,1.19202639267601,None
10,50000,75,0.89,0.948333333333333,118.853658,8.41370822595969,142.697854281399,127.538660636204,127.688228,1.05135976127417,11.271288567,12.4780316344464,11.36,2,118.836385,1892622,1.20223485460872,None
10,50000,75,0.89,0.91,119.368333,8.37743122374005,148.935313770479,129.401264967033,129.605069,1.09734237242857,10.862518303,11.9047619047619,10.93,3,119.346754,1881820,1.19323102706879,None
10,50000,75,0.89,0.855,120.012703,8.3324512739289,109.435381826887,126.159829247563,126.340321,1.16719558869006,10.2610861065,9.16179337231969,10.35,2,119.976853,1906022,1.21339741037359,None
10,50000,75,0.89,0.946666666666667,118.674617,8.42640174688746,105.075877802023,126.164446376761,126.329561,1.05620115588556,11.2345304093333,9.0669014084507,11.32,2,118.652755,1914060,1.22010024178619,None
20,50000,75,1.78,1.83666666666667,114.263266,8.75171903453206,127.964005388652,128.928065738657,129.011916,0.544323826295826,20.9863531886667,21.5063520871143,21.02,2,114.249518,2089380,1.36625183879257,None
20,50000,75,1.78,1.81,114.635417,8.72330756209488,127.633716658234,129.803701933702,129.812805,0.552472368741252,20.749010477,20.294523699954,20.77,3,114.618872,2114646,1.38730684442683,None
20,50000,75,1.78,1.77833333333333,114.517028,8.73232581620962,134.915664534308,129.895563663543,129.980925,0.562135519686036,20.3649448126667,21.087160262418,20.4,3,114.504029,2106023,1.38011878892302,None
20,50000,75,1.78,1.88833333333333,113.683119,8.79638075376873,129.470611651264,129.506246217123,129.58821,0.528868953788173,21.4671623045,21.0061782877317,21.51,3,113.669947,2100726,1.37570977867872,None
20,50000,75,1.78,1.71833333333333,114.797551,8.71098722306367,124.74587496625,128.782384688652,128.881457,0.580873315462658,19.7260458468333,19.7866149369544,19.78,2,114.778331,2111028,1.38428682407966,None
20,50000,75,1.78,1.79,114.475725,8.73547645144855,127.381580623442,129.242534999069,129.249203,0.558041370333333,20.491154775,19.9162401116799,20.53,4,114.458623,2133887,1.40334075023486,None
30,50000,75,2.67,2.675,112.545937,8.88526078022701,136.95519259324,136.608065216822,136.66271,0.373702766646106,30.1060381475,30.404984423676,30.11,4,112.531819,2212407,1.4688269681254,None
30,50000,75,2.67,2.64333333333333,112.515343,8.88767676778091,140.256245935034,137.092218068096,137.156167,0.378178622045397,29.7415556663333,29.9495586380832,29.76,4,112.499935,2202999,1.46098452335878,None
30,50000,75,2.67,2.81166666666667,112.278008,8.9064636771967,139.354996488015,138.853226483699,138.910594,0.354813216302905,31.5688332493333,31.7723770005928,31.57,5,112.263447,2205534,1.46310645497648,None
30,50000,75,2.67,2.56333333333333,112.763621,8.86810827048557,136.420516665237,135.740765813394,135.75199,0.389529421327698,28.9050748496667,28.7292817679558,28.9,4,112.748975,2188862,1.44919834951043,None
30,50000,75,2.67,2.68,112.225553,8.91062661994635,127.85884012772,133.413374529229,133.470707,0.373003333674751,30.076448204,29.3532338308458,30.09,3,112.211158,2195267,1.45454233628612,None
30,50000,75,2.67,2.53833333333333,112.747467,8.86937885708776,127.396553351995,134.566289061064,134.626358,0.393860799647406,28.6190653735,28.4635587655942,28.64,3,112.734292,2187448,1.44801860263474,None
30,50000,75,2.67,2.48333333333333,112.703333,8.87285205664681,132.426467276249,134.164184312752,134.231301,0.402170713479195,27.9879943616667,27.9194630872483,28.01,4,112.689879,2194697,1.45405671126858,None
30,50000,75,2.67,2.71333333333333,112.22687,8.91052205233916,139.111917367446,137.790133130835,137.848251,0.368531794273342,30.4508907266667,30.9889434889435,30.46,5,112.214168,2208141,1.46527346235966,None
30,50000,75,2.67,2.74,112.726206,8.87105168783912,132.643365833733,136.865817793796,136.920334,0.364231137106448,30.886980444,30.3832116788321,30.91,3,112.712679,2209180,1.46614167426813,None
40,50000,75,3.56,3.65833333333333,111.299054,8.98480233264157,149.653801081006,149.713444270615,149.720105,0.273020877499317,40.7169039216667,40.3097244363471,40.68,5,111.280487,2248035,1.4985745543127,None
40,50000,75,3.56,3.51833333333333,111.133188,8.99821212723602,159.144729475278,150.866016325438,150.910301,0.284172230085741,39.100359978,41.0468972051161,39.07,5,111.113765,2239076,1.49109951682114,None
40,50000,75,3.56,3.565,110.996984,9.00925380098616,152.251612509811,148.321042230949,148.365397,0.280258771601216,39.570424796,40.1589527816737,39.57,5,110.980944,2239079,1.49110461307995,None
40,50000,75,3.56,3.51,111.279626,8.98637096425899,153.980049541407,149.762341036087,149.766098,0.284838347126781,39.059148726,41.039639211963,39.02,5,111.258381,2240826,1.49255774889531,None
40,50000,75,3.56,3.615,111.342048,8.98133291027663,160.567585370877,153.168348824343,153.213326,0.276517841092669,40.250150352,41.9548178884278,40.21,6,111.329694,2267716,1.51497477269257,None
40,50000,75,3.56,3.565,111.264763,8.98757138412275,153.497426737927,151.150819034128,151.194276,0.280463729949042,39.6658880095,38.8265544647031,39.64,6,111.248724,2253030,1.5027320921882,None
40,50000,75,3.56,3.60833333333333,110.94203,9.01371644272238,158.985327139192,151.116923526097,151.157496,0.277067629303464,40.0315824916667,42.2170900692841,40.01,6,110.929676,2249034,1.49940365445845,None
40,50000,75,3.56,3.59833333333333,111.42117,8.97495511849319,146.354617968752,148.206932024548,148.249504,0.277719508028254,40.093051005,40.2964335340435,40.06,5,111.404101,2267981,1.51519484188542,None
40,50000,75,3.56,3.53833333333333,111.204163,8.99246910387698,151.093966913306,148.467047267075,148.509698,0.282263401595855,39.3477396748333,40.1318888365521,39.31,5,111.190335,2267723,1.51497587412422,None
50,50000,75,4.45,4.36833333333333,110.458428,9.05317971753138,165.729184392605,164.871793869897,164.906895,0.228896046039298,48.251923298,47.7489507821442,48.19,7,110.443649,2290394,1.53391760198433,None
50,50000,75,4.45,4.46166666666667,110.433551,9.05521909731944,162.665951894842,164.75438473814,164.790911,0.224083290652596,49.2717693378333,48.4774892583598,49.19,7,110.420204,2288323,1.53219684339239,None
50,50000,75,4.45,4.59166666666667,109.942111,9.09569582486915,177.232617810877,172.242393640653,172.276791,0.217695980491107,50.4817526341667,51.8874773139746,50.41,7,109.928695,2291846,1.53513956204791,None
50,50000,75,4.45,4.65166666666667,110.11094,9.08174973349605,171.265036398795,170.537627022214,170.569008,0.214938414133286,51.2199389233333,50.7882479398065,51.13,9,110.096329,2301393,1.54310035359307,None
50,50000,75,4.45,4.35166666666667,110.634374,9.03878210582183,159.300112170162,160.454602909996,160.48814,0.229773439298736,48.1443917523333,48.1999234009958,48.1,6,110.617157,2293081,1.53615659035678,None
50,50000,75,4.45,4.38666666666667,110.490471,9.05055423286231,171.795461054499,166.055189541034,166.092481,0.22796125568731,48.468486612,49.8670212765958,48.4,6,110.474358,2284007,1.52859550047443,None
50,50000,75,4.45,4.38333333333333,110.362912,9.06101499025325,165.693029199006,164.148400824715,164.151734,0.228035799060456,48.3757430933333,48.3748336818095,48.31,6,110.344901,2297175,1.53956983224885,None
50,50000,75,4.45,4.52,110.480252,9.05139137445125,156.506970005482,162.059852324115,162.092892,0.221238660178835,49.937073904,49.797197640118,49.87,6,110.461755,2292292,1.53550841055109,None
50,50000,75,4.45,4.395,110.217225,9.07299199376504,173.258559494858,166.974625059537,167.008604,0.227448675770573,48.4404703875,49.3363670838074,48.38,8,110.2051,2291169,1.53456453134288,None
50,50000,75,4.45,4.52166666666667,110.20118,9.07431299737444,155.820992126889,161.294199779211,161.327035,0.221004028295982,49.8293002233333,48.2123110947291,49.76,5,110.186806,2299087,1.54117110989146,None
60,50000,75,5.34,5.43,109.385269,9.14199881887204,182.183648805547,185.435141383978,185.461566,0.184110459197974,59.396201067,58.8858195211786,59.28,8,109.367656,2331472,1.56821381374937,None
60,50000,75,5.34,5.335,109.673188,9.11799883121844,197.015517936493,192.895855178694,192.925811,0.187422099657607,58.510645798,59.1533895657607,58.39,7,109.661028,2319594,1.55830906066692,None
60,50000,75,5.34,5.33,109.768489,9.11008258481175,192.339220923504,191.156641442464,191.159104,0.187478703963415,58.506604637,58.074097233078,58.38,10,109.756602,2325877,1.56354569075256,None
60,50000,75,5.34,5.33,109.598051,9.12424984637729,192.926629800286,190.371697771107,190.39975,0.187610359174797,58.415761183,58.130081300813,58.3,8,109.581016,2319142,1.5579318488157,None
60,50000,75,5.34,5.35333333333333,109.724658,9.11372173062503,179.878847844866,183.804970466688,183.833661,0.186684354267123,58.739266916,58.6861768368618,58.62,6,109.709972,2326592,1.56414291565229,None
60,50000,75,5.34,5.32,109.571635,9.1264495596876,180.785610643149,183.677087866855,183.706293,0.187929230969925,58.29210982,57.6441102756892,58.19,8,109.55685,2319116,1.55790958710218,None
60,50000,75,5.34,5.32666666666667,109.563555,9.12712260933848,200.745691187827,194.22644795025,194.254023,0.187723508867334,58.36085363,59.4649561952441,58.25,8,109.547204,2331845,1.56851912906254,None
60,50000,75,5.34,5.26666666666667,109.627137,9.12182902304564,185.997836885115,184.724129444304,184.753079,0.189849895389557,57.73695882,57.9272151898734,57.64,7,109.614038,2325116,1.56290743137554,None
60,50000,75,5.34,5.41333333333333,109.520892,9.13067800799139,190.644034070227,189.773300393473,189.801557,0.184701873991071,59.287309536,59.0363300492611,59.18,7,109.507206,2327465,1.56487355659454,None
60,50000,75,5.34,5.34833333333333,109.966957,9.0936407379173,176.808381513455,181.868879174198,181.871768,0.186818418027735,58.8139941688333,58.4514721919302,58.7,7,109.954013,2319818,1.55849742521138,None
70,50000,75,6.23,6.035,109.198299,9.1576518055469,215.298009071067,215.974376690141,215.976903,0.16567864661309,65.9011734465,64.4484329697639,65.75,9,109.183403,2347875,1.58192045944439,None
70,50000,75,6.23,6.285,108.696037,9.19996742843532,221.533214054332,222.37659329939,222.40092,0.159042440618138,68.3154592545,68.2179793158313,68.16,9,108.683502,2352688,1.58594517411193,None
70,50000,75,6.23,6.26833333333333,108.938401,9.1794995228542,225.109421121247,225.968366928477,225.993163,0.159463942057697,68.2862210268333,67.5751130018612,68.13,9,108.924898,2349201,1.58303862624082,None
70,50000,75,6.23,6.12666666666667,108.888816,9.18367961683044,209.043514914849,213.221154869423,213.247094,0.163132315075898,66.712547936,66.1588683351469,66.58,8,108.874623,2345028,1.57955203863607,None
70,50000,75,6.23,6.33166666666667,109.035209,9.17134941246364,235.096017634211,233.5084710587,233.534829,0.157908182555409,69.0374598318333,68.8470650171098,68.88,11,109.020367,2347315,1.58147074383798,None
70,50000,75,6.23,6.13666666666667,109.032672,9.17156281375917,217.634654665695,217.83778383786,217.862859,0.162924254348995,66.909716384,66.6078218359587,66.77,11,109.01791,2345697,1.58011067536802,None
70,50000,75,6.23,6.335,108.831955,9.1884777775057,228.826917354653,229.129441079453,229.152773,0.157849409020521,68.9450434925,68.9950013154433,68.8,11,108.818758,2355135,1.58798822261946,None
70,50000,75,6.23,6.295,108.78117,9.19276746150092,228.694937356514,227.293487826582,227.318112,0.158848125308711,68.477746515,69.7776012708499,68.32,8,108.766635,2352479,1.58577184720109,None
70,50000,75,6.23,6.245,109.067121,9.1686659630449,221.495584511377,221.746642978917,221.771655,0.159947263804644,68.1124170645,67.9743795036029,67.95,9,109.050834,2341870,1.5769273239658,None
70,50000,75,6.23,6.27833333333333,108.802832,9.19093723589842,217.775691531018,219.873475881603,219.897224,0.159221970698434,68.3100446906667,67.5736660472525,68.16,10,108.786319,2342369,1.57734437653416,None
80,50000,75,7.12,6.95833333333333,108.6429,9.20446711197879,298.07881243501,291.919803036407,291.940727,0.143665415593054,75.59735125,76.6946107784431,75.42,13,108.627665,2362032,1.5937730811731,None
80,50000,75,7.12,7.34166666666667,108.281569,9.2351820280698,324.70582778573,323.255600077412,323.277271,0.136201191398411,79.4967185741667,79.0124858115778,79.29,16,108.2679,2370464,1.60082249441611,None
80,50000,75,7.12,7.26666666666667,108.423625,9.22308214653402,303.636057570912,305.323563084174,305.346276,0.13756244285344,78.7878341666667,77.6146788990826,78.59,14,108.409908,2372085,1.6021697755108,None
80,50000,75,7.12,7.00333333333333,108.521113,9.21479675572439,261.655506851636,267.204200116135,267.227569,0.142760632147787,76.0009528043333,74.8453117563065,75.82,10,108.505831,2367530,1.59835790528144,None
80,50000,75,7.12,7.26166666666667,108.496673,9.21687248419129,334.538786919068,328.856949844159,328.878528,0.137706088383291,78.7866673768333,79.9977048427817,78.58,14,108.479284,2369545,1.60005259102375,None
80,50000,75,7.12,6.94833333333333,108.683928,9.20099244112708,285.905616050023,282.888867407532,282.909773,0.143910356450708,75.517215972,75.5936675461742,75.32,14,108.667839,2355830,1.58860311694072,None
80,50000,75,7.12,7.06833333333333,108.580484,9.20975817348539,311.37411201473,306.255195413818,306.27651,0.141462393531007,76.7483054406667,76.7153973119547,76.56,17,108.565038,2358435,1.59078118647576,None
80,50000,75,7.12,7.16833333333333,108.650451,9.20382741899525,303.136437182466,303.375627243664,303.397599,0.139496389847245,77.8842649585,77.4354801209021,77.68,18,108.633332,2369412,1.59993678868525,None
80,50000,75,7.12,7.24333333333333,108.394501,9.22556025236004,277.148385755059,283.941119263001,283.961814,0.138029036916015,78.5137502243333,78.6930510814542,78.31,11,108.375464,2364739,1.59604523481095,None
80,50000,75,7.12,6.99833333333333,108.681334,9.20121204989994,300.806489439048,295.67140333246,295.692082,0.142855153309359,76.0588202443333,77.054060490593,75.87,16,108.664214,2358863,1.59113415501103,None
90,50000,75,8.01,8.05666666666667,107.981589,9.26083797488848,493.27366541884,490.901501544063,490.920597,0.124098461704799,86.997166871,87.5155151013653,86.77,20,107.963952,2373757,1.60360843842989,None
90,50000,75,8.01,7.86833333333333,108.24476,9.23832248323152,413.135574683972,414.16849230968,414.189143,0.126958200933701,85.1705853266667,85.4903622113959,84.95,18,108.227188,2379325,1.60823951746274,None
90,50000,75,8.01,8.12666666666667,108.201867,9.24198470623432,490.074268436386,491.895813572601,491.91422,0.123036925981952,87.932050582,87.6025430680886,87.69,22,108.184153,2376420,1.60583321050298,None
90,50000,75,8.01,8.03,108.158703,9.24567299961058,449.125244839945,450.708326278331,450.728436,0.124526509616023,86.851438509,87.5155666251557,86.46,17,108.141466,2378206,1.60731512405812,None
90,50000,75,8.01,8.05333333333333,108.210571,9.24124132012944,538.396410793386,530.10165936548,530.120903,0.124153440858651,87.1455798453333,87.6138245033113,86.9,19,108.192379,2379258,1.60819442912251,None
90,50000,75,8.01,7.97,108.291178,9.2343625627565,528.43222198246,517.172705300711,517.175384,0.125463672639272,86.308068866,87.2451646628333,86.06,26,108.271795,2376664,1.60602761051038,None
90,50000,75,8.01,7.96,108.253278,9.23759555807631,428.703399745798,430.991433708124,431.010073,0.125594857998534,86.169609288,86.4112227805695,85.93,23,108.234843,2377469,1.60669788781272,None
90,50000,75,8.01,8.02,108.111059,9.2497475212041,457.229225357222,458.131038674148,458.149718,0.124677274606193,86.705069318,87.0843724023275,86.46,19,108.095869,2379086,1.60804863381681,None
100,50000,75,8.9,8.85,107.975573,9.26135395456526,1014.16153297797,1026.29609515047,1026.314415,0.112983756264783,95.558382105,95.3954802259887,95.27,33,107.957867,2385873,1.61375456792077,None
100,50000,75,8.9,8.82666666666667,108.040566,9.25578268444095,945.017843682327,958.978750666352,958.981121,0.113285422499811,95.363806256,95.1099782875484,94.91,33,108.0217,2384901,1.61294236235619,None
100,50000,75,8.9,8.71166666666667,108.009696,9.25842805816248,752.176058667874,765.628084987373,765.648253,0.114769285481921,94.094446832,93.8492443083987,93.52,26,107.995959,2385181,1.61316806956139,None
100,50000,75,8.9,8.71,108.05788,9.25429964015581,743.500549008029,758.095004282625,758.112487,0.114791124926521,94.11841348,93.4653654802909,93.68,40,108.041169,2384805,1.61285553947225,None
100,50000,75,8.9,8.79,108.117245,9.24921829075463,1388.35280959294,1376.63260847782,1376.634826,0.113762630759006,95.035058355,94.9947862356622,94.58,59,108.09795,2385479,1.61342233085023,None
100,50000,75,8.9,8.86333333333333,108.021728,9.25739680816808,1217.91128245115,1223.49015914348,1223.506362,0.112811599037984,95.7432582506667,95.3836028582174,95.45,45,108.003506,2385324,1.61329794223572,None
10,50000,80,0.89,0.865,119.768628,8.34943187292753,129.194649559513,127.210985947977,127.37854,1.1557892702158,10.359986322,10.4046242774567,10.42,2,119.751052,1889555,1.19967482187756,None
10,50000,80,0.89,0.923333333333333,118.933656,8.40804893780445,119.250869944871,126.081632299639,126.242255,1.08197628263718,10.981540904,9.74729241877257,11.06,2,118.917487,1909309,1.21613979931248,None
10,50000,80,0.89,0.888333333333333,119.932878,8.33799719206271,122.496823178652,126.705520399625,126.880633,1.1233994761182,10.654037329,10.5065666041276,10.73,2,119.914665,1899199,1.20771308675825,None
10,50000,80,0.89,0.845,119.249655,8.38576849551473,107.372524304705,125.699461047337,125.87302,1.17953717388955,10.0765958475,8.48126232741618,10.16,2,119.225171,1815744,1.13816277710821,None
10,50000,80,0.89,0.888333333333333,119.633143,8.35888763701544,139.392936720535,127.119056502814,127.288124,1.12423389605629,10.6274108698333,11.8198874296435,10.71,2,119.615809,1872438,1.18541150075601,None
10,50000,80,0.89,0.931666666666667,118.369564,8.44811762591269,128.647821787565,126.682607561717,126.839893,1.06472761692129,11.0280977126667,11.6279069767442,11.11,2,118.351856,1846367,1.16368673250824,None
10,50000,80,0.89,0.886666666666667,119.541817,8.36527355109551,137.797501271977,127.39849724812,127.567259,1.12683532335338,10.5993744406667,11.4661654135338,10.68,2,119.517559,1896861,1.20576447533184,None
10,50000,80,0.89,0.853333333333333,119.786355,8.34819625323769,124.740600585938,126.874850292969,127.046422,1.16991496108203,10.22176896,10.25390625,10.3,2,119.768226,1860091,1.17512025905719,None
10,50000,80,0.89,0.938333333333333,119.505532,8.36781346657659,141.843748079199,128.046388415631,128.060096,1.06510668601954,11.2136024193333,12.4223602484472,11.3,2,119.488359,1921472,1.22627701389885,None
20,50000,80,1.78,1.73333333333333,114.434234,8.73864371740366,128.975591715976,128.720044142308,128.808135,0.576905023536539,19.8352672266667,19.9519230769231,19.89,3,114.420013,2088702,1.36568133283964,None
20,50000,80,1.78,1.78,115.186267,8.68159048856059,123.09051887388,129.650434095506,129.733996,0.561322722811798,20.503155526,20.0374531835206,20.55,3,115.168847,2109988,1.38342387704376,None
20,50000,80,1.78,1.69666666666667,114.99386,8.69611647091419,124.478444965088,128.467516885069,128.557511,0.588740692600197,19.5106249133333,19.6463654223969,19.57,3,114.97614,2095279,1.37116091478037,None
20,50000,80,1.78,1.68666666666667,114.821926,8.70913800905935,129.181052664469,129.217000528656,129.307778,0.592751081272727,19.3666315186667,19.8122529644269,19.43,2,114.807621,2086211,1.36360315936733,None
20,50000,80,1.78,1.66333333333333,114.680815,8.71985431913786,140.360882084811,130.335118950902,130.422865,0.600748225544088,19.0752422283333,20.8416833667335,19.12,2,114.660298,2078743,1.35737799531075,None
20,50000,80,1.78,1.83666666666667,114.857532,8.70643816375926,128.952144426402,130.344399002722,130.424353,0.542900368990018,21.095500044,21.5063520871143,21.15,2,114.842017,2115829,1.38829459908436,None
20,50000,80,1.78,1.74666666666667,114.697001,8.71862377639673,127.833459588602,128.818639000954,128.903794,0.570697007194656,20.0337428413333,20.2290076335878,20.08,3,114.679116,2101317,1.37619534043596,None
20,50000,80,1.78,1.73,115.327606,8.67095082160988,128.080902580552,130.309933919075,130.400445,0.577753788200385,19.951675838,18.3044315992293,20,5,115.309592,2101780,1.37658080543883,None
20,50000,80,1.78,1.79666666666667,114.337179,8.74606150638018,110.491152102602,127.128443853432,127.21126,0.555742337869202,20.542579827,18.5528756957328,20.59,3,114.31781,2107482,1.3813356197693,None
20,50000,80,1.78,1.86833333333333,114.271828,8.75106329794602,129.392563190283,129.120700540589,129.199684,0.534499470656557,21.3497865313333,21.5878679750223,21.38,3,114.249439,2121732,1.39321518681957,None
30,50000,80,2.67,2.77,112.080853,8.92213052661189,137.496904690534,137.341830716607,137.398473,0.360919766186522,31.046396281,30.6257521058965,31.05,4,112.056428,2209928,1.46676577862669,None
30,50000,80,2.67,2.65333333333333,112.660825,8.87619986805529,131.27035933436,136.234927800879,136.299664,0.376879991545226,29.8926722333333,29.0515075376884,29.9,3,112.645002,2189617,1.44983264405375,None
30,50000,80,2.67,2.75333333333333,111.939699,8.93338117694957,140.925373309335,137.381752269976,137.435448,0.362930305685835,30.820730458,32.5665859564165,30.83,4,111.925525,2209660,1.4665412987711,None
30,50000,80,2.67,2.77,112.398668,8.89690258606979,131.414893108646,135.82790361432,135.879118,0.360873002773165,31.134431036,30.0240673886883,31.12,3,112.385869,2217213,1.4728374963596,None
30,50000,80,2.67,2.74666666666667,112.110976,8.91973324717109,126.256303610142,134.970942136529,135.023747,0.363747883749393,30.7931480746667,29.3992718446602,30.78,3,112.098183,2202086,1.46022883534025,None
30,50000,80,2.67,2.64166666666667,112.598206,8.88113617014466,128.451154836765,134.857783480757,134.863129,0.378459786111672,29.7446927516667,28.5083569851782,29.75,3,112.586108,2217413,1.47299713328158,None
30,50000,80,2.67,2.82833333333333,112.224627,8.91070014427404,135.842342322008,137.922906914555,137.9748,0.353457901970536,31.7408653365,32.1744254566883,31.74,3,112.212345,2194552,1.45395484946141,None
30,50000,80,2.67,2.73166666666667,112.60643,8.88048755297544,138.591032121627,138.222761517389,138.278306,0.366028229511898,30.7603231283333,30.4758999389872,30.75,4,112.593654,2210416,1.46717094277563,None
30,50000,80,2.67,2.68333333333333,112.448778,8.89293790280229,135.990123837815,136.81615502236,136.872148,0.372654716010559,30.17375543,30.776397515528,30.18,4,112.433984,2199707,1.45824310513778,None
30,50000,80,2.67,2.58333333333333,112.679605,8.87472049622467,127.117585848075,133.825250135484,133.882604,0.386792626328387,29.1088979583333,28.1935483870968,29.13,3,112.667088,2200173,1.45862611423562,None
40,50000,80,3.56,3.655,111.171564,8.99510597871952,154.452389551882,151.285547309622,151.325715,0.27349060081441,40.633206642,41.5412676698586,40.59,6,111.154394,2251447,1.50141773963693,None
40,50000,80,3.56,3.5,111.449615,8.97266446366818,144.285714285714,146.292510040952,146.337865,0.285679568158095,39.00736525,38.5952380952381,38.97,6,111.434262,2271810,1.5183802889197,None
40,50000,80,3.56,3.555,111.486588,8.9696888023876,151.131209188145,150.068283515706,150.112317,0.281141971728083,39.633482034,39.943741209564,39.6,5,111.472758,2243113,1.49446680592563,None
40,50000,80,3.56,3.44833333333333,111.543109,8.96514369166454,149.903253183254,148.076296514258,148.118453,0.289988984740454,38.4637820868333,38.1585306911551,38.44,6,111.526453,2254617,1.50404846445652,None
40,50000,80,3.56,3.51833333333333,111.222988,8.99094708730537,156.384605148507,150.80779512648,150.849432,0.284183183702511,39.1319546113333,39.9099952629086,39.1,7,111.209932,2249354,1.49966560443543,None
40,50000,80,3.56,3.53,111.14256,8.99745336080076,144.719348789681,147.179413568933,147.223974,0.282973077948536,39.23332368,38.0547686496695,39.21,4,111.129562,2262513,1.51063320792442,None
40,50000,80,3.56,3.54,111.196086,8.99312229389081,141.641929202975,145.999457341808,146.044972,0.282413558348399,39.363414444,38.7947269303202,39.34,4,111.180019,2246171,1.49701406586916,None
40,50000,80,3.56,3.54666666666667,111.221736,8.99104829653082,148.198562666064,147.340599800752,147.383444,0.281899056989192,39.446642368,40.343045112782,39.42,4,111.206904,2256826,1.50589462315152,None
40,50000,80,3.56,3.59833333333333,111.121604,8.99915015625584,151.889577135556,148.793582045855,148.835917,0.277837572319592,39.9852571726667,40.9911996294581,39.95,6,111.106358,2254838,1.50424054588111,None
50,50000,80,4.45,4.46166666666667,110.325908,9.06405411138787,158.574913320335,161.331890677251,161.364221,0.224043947615988,49.2237426193333,48.3376914456481,49.15,5,110.314026,2301634,1.54329064818689,None
50,50000,80,4.45,4.39,110.641479,9.03820166756809,161.805580779123,162.816907979499,162.852908,0.227720941809795,48.571609281,48.9749430523918,48.51,5,110.625193,2284995,1.52941952751971,None
50,50000,80,4.45,4.45166666666667,110.264742,9.06908211874291,149.322121302042,158.03423735717,158.067725,0.224603104552976,49.086187647,46.7802321228005,49.01,6,110.242936,2297935,1.54020698063278,None
50,50000,80,4.45,4.48166666666667,110.384461,9.05924611979579,167.037284386993,164.880249156936,164.913862,0.223127012100781,49.4706359381667,50.7437709185571,49.41,7,110.370394,2297387,1.53975238256045,None
50,50000,80,4.45,4.50166666666667,110.285885,9.0673434773634,172.012477449835,168.073058099223,168.106223,0.22180355119104,49.6470292308333,49.8148833765272,49.58,7,110.271975,2289093,1.5328406679857,None
50,50000,80,4.45,4.37,110.328901,9.06380822192727,154.213511093424,158.359343083524,158.393962,0.228661123403127,48.213729737,48.7795575896262,48.15,6,110.313557,2296613,1.5391005838982,None
50,50000,80,4.45,4.42,110.256987,9.06971999878792,166.313479794981,163.674885148944,163.710403,0.22613974817911,48.733588254,50.2450980392157,48.67,5,110.242304,2283041,1.52779182141691,None
50,50000,80,4.45,4.54833333333333,110.243826,9.07080274953447,163.596700168906,165.318752777208,165.322045,0.219772370703188,50.142566859,50.448800146547,50.07,5,110.231945,2303250,1.54464241253922,None
50,50000,80,4.45,4.37166666666667,110.471096,9.05214156651438,158.587142770143,160.675127476172,160.70999,0.228705668284788,48.2942808013333,47.7887914601601,48.23,7,110.454007,2290256,1.53380279898953,None
60,50000,80,5.34,5.215,109.787683,9.10848988406104,205.849647637984,194.602568109939,194.631927,0.191656527816235,57.2542766845,59.028443592202,57.15,9,109.772694,2314811,1.55431592394002,None
60,50000,80,5.34,5.25666666666667,109.729375,9.11332995380681,182.967774695147,183.886017688649,183.888678,0.190191470321497,57.6810747916667,57.6953558408623,57.58,6,109.71468,2319924,1.5585797480029,None
60,50000,80,5.34,5.25166666666667,109.876734,9.10110779230114,176.818933121935,180.73333897112,180.762134,0.190346429244367,57.703598139,56.8232307204062,57.6,6,109.864906,2313431,1.55316815503493,None
60,50000,80,5.34,5.29333333333333,109.737014,9.11269555776322,175.235868510047,180.576715803841,180.606107,0.188788019646411,58.0874594106667,57.7141057934509,57.98,6,109.722564,2319209,1.55798597031708,None
60,50000,80,5.34,5.51,109.366435,9.14357316300929,183.931102554559,187.915075504235,187.942173,0.181468132015729,60.260905685,59.9364791288566,60.14,9,109.34655,2313971,1.55363185586805,None
60,50000,80,5.34,5.40166666666667,109.716477,9.11440129452935,199.665253914169,195.632460613082,195.658804,0.184963011082382,59.2651836595,59.719222462203,59.15,8,109.702172,2326097,1.56373320705612,None
60,50000,80,5.34,5.31333333333333,109.801755,9.10732255600104,171.64626130927,178.730150287014,178.759265,0.188164222123275,58.34133249,56.9949811794228,58.23,7,109.788575,2318779,1.55762892336842,None
60,50000,80,5.34,5.33,109.896242,9.09949222831478,179.403872260688,182.493694018136,182.52349,0.187560176655722,58.574696986,58.786741713571,58.46,7,109.884146,2309027,1.54950217140995,None
60,50000,80,5.34,5.19833333333333,109.613331,9.12297793413467,168.963075343839,175.466133029176,175.495069,0.192301216324784,56.9806632315,55.19397242706,56.87,5,109.597772,2318022,1.55699067778546,None
60,50000,80,5.34,5.43333333333333,109.789803,9.10831400253082,185.996838420716,187.432340948773,187.459579,0.183999241055522,59.65245963,60.3834355828221,59.54,6,109.77274,2327734,1.56509970329213,None
70,50000,80,6.23,6.305,109.056658,9.1695456136204,222.511307131314,223.633341045731,223.635578,0.158465155011102,68.760222869,68.957314655742,68.59,9,109.041682,2332010,1.56871256450989,None
70,50000,80,6.23,6.26166666666667,109.064302,9.16890294681389,212.390336016545,217.234190325792,217.260192,0.159568457089167,68.2924304356667,68.2060154378494,68.14,9,109.04935,2342847,1.57774267676325,None
70,50000,80,6.23,6.34166666666667,109.040304,9.17092087344144,214.766268684702,220.316132435217,220.318681,0.157671693402628,69.14972612,68.9659703061359,68.98,9,109.023463,2345367,1.57984764321574,None
70,50000,80,6.23,6.16666666666667,109.014188,9.17311790645086,229.963476990504,227.486568226487,227.511186,0.162123723102703,67.2254159333333,67.2162162162162,67.08,11,108.995117,2339626,1.57505225053937,None
70,50000,80,6.23,6.13833333333333,109.077183,9.16782018472186,224.814956169746,222.694589761064,222.721126,0.162851159854738,66.9552108315,67.5400488732012,66.8,11,109.059019,2342609,1.57753702689254,None
70,50000,80,6.23,6.14,109.132715,9.16315515471232,241.779753631338,234.438069921281,234.46404,0.16280226769164,67.00748701,67.671009771987,66.84,12,109.115779,2338293,1.57393990857698,None
70,50000,80,6.23,6.19333333333333,109.080895,9.167508205722,234.700610979084,229.809403261033,229.83614,0.161429946071313,67.5574343033333,69.2276641550054,67.41,12,109.065368,2345259,1.57974908799198,None
70,50000,80,6.23,6.05333333333333,109.066741,9.16869790764171,204.360044829125,207.595784010187,207.620535,0.165171562206223,66.0217338853333,66.079295154185,65.88,9,109.053221,2346942,1.58114352466951,None
70,50000,80,6.23,6.01,109.174738,9.15962811836563,224.759436804808,220.488457762063,220.514649,0.16629582686883,65.614017538,66.30615640599,65.48,10,109.158427,2338673,1.57424925897826,None
70,50000,80,6.23,6.06,108.989054,9.17523332205453,212.125172913331,213.465841845985,213.490569,0.165012851617162,66.047366724,65.4152915291529,65.9,9,108.974482,2339213,1.5747016191183,None
80,50000,80,7.12,7.25166666666667,108.606271,9.20757144861368,318.379166752284,316.851985552747,316.872905,0.1378943736433,78.7576475201667,78.4991955872213,78.56,21,108.590609,2358511,1.59085547112687,None
80,50000,80,7.12,7.125,108.556556,9.21178818532158,299.940494511132,299.558243525146,299.5797,0.140348841301287,77.34654615,77.2046783625731,77.16,13,108.537592,2363143,1.5947086433995,None
80,50000,80,7.12,7.085,108.420755,9.22332629024766,280.277777639435,281.385217635615,281.406876,0.141131730259233,76.8161049175,77.6170312867561,76.62,10,108.405364,2360858,1.59280111175225,None
80,50000,80,7.12,6.98833333333333,108.534914,9.21362502761093,278.256681308592,278.693046426425,278.715132,0.143047081440973,75.8478157336667,75.8287622227522,75.66,13,108.517089,2362322,1.59401611321603,None
80,50000,80,7.12,7.05333333333333,108.805902,9.19067791010087,313.118654879021,307.298890749055,307.320308,0.141750958358932,76.744429544,77.351134215501,76.55,15,108.789221,2357579,1.59006764651159,None
80,50000,80,7.12,6.93333333333333,108.712855,9.1985441832063,307.495839497041,298.584620810577,298.605332,0.144229006565385,75.3742461333333,76.2860576923077,75.18,19,108.697781,2361697,1.59349254160823,None
80,50000,80,7.12,7.01166666666667,108.634055,9.20521654098248,274.154738283152,275.568239214405,275.570283,0.142519243396958,76.1705782308333,76.5775401069519,75.97,12,108.620949,2363457,1.59496384459244,None
80,50000,80,7.12,7.245,108.511527,9.21561079865736,293.704567525104,297.214771606855,297.216615,0.137965211904992,78.6166013115,77.4353076480736,78.41,13,108.493579,2360093,1.59217327175781,None
80,50000,80,7.12,7.13333333333333,108.602085,9.20792634874367,273.102454362826,277.554007435748,277.576882,0.140175419070561,77.4694873,77.231308411215,77.27,10,108.585942,2360951,1.5928821867462,None
90,50000,80,8.01,8.00166666666667,108.541757,9.2130441559003,505.88294348349,501.233653280983,501.252612,0.124876332337221,86.8514958928333,86.7735888356592,86.6,27,108.525884,2375914,1.60540543584763,None
90,50000,80,8.01,8.045,108.253263,9.23759683807406,427.340357989932,433.786057529107,433.806442,0.124286964994199,87.0897500835,86.8137559560804,86.83,18,108.23843,2371409,1.60165162926974,None
90,50000,80,8.01,8.09166666666667,108.527408,9.21426226267193,459.640596876886,464.193454661998,464.211648,0.123578783433986,87.8167609733333,87.8372811534501,87.58,23,108.50857,2376106,1.60557087392064,None
90,50000,80,8.01,8.01,108.34483,9.22978973708298,452.111203068574,453.034859110487,453.05403,0.124842815547649,86.78420883,87.6092384519351,86.4,17,108.325478,2369520,1.60007471965991,None
90,50000,80,8.01,7.85166666666667,108.476132,9.21861778773602,505.39073993712,493.393680015071,493.412837,0.127360619531947,85.1718429753333,85.0031840373594,84.93,25,108.462581,2376812,1.60614474555339,None
90,50000,80,8.01,8.22,108.163954,9.2452241529558,529.545457348166,531.266863091038,531.268734,0.121652127536699,88.910770188,88.8494678155094,88.5,19,108.146159,2380867,1.60954441987825,None
90,50000,80,8.01,7.89166666666667,108.584596,9.20940940831055,367.101579043029,376.740863096304,376.761037,0.126693840695882,85.6913436766667,85.2903907074974,85.45,16,108.568728,2372353,1.60243089460926,None
90,50000,80,8.01,7.995,108.325563,9.2314313658356,433.67995136631,436.352204910986,436.372214,0.125072648281843,86.6062876185,87.0648321867834,86.36,23,108.310758,2379222,1.60816144272213,None
90,50000,80,8.01,8.15166666666667,108.111793,9.24968472218382,551.018542396394,546.899330404007,546.918168,0.122671681056021,88.1291299271667,87.4156614189327,87.74,27,108.096912,2374434,1.60417808197047,None
90,50000,80,8.01,7.975,108.219632,9.24046757061602,449.353550639898,449.551204574922,449.571054,0.125390823320794,86.30515652,86.6353187042842,86.08,18,108.202439,2374059,1.6038563674334,None
100,50000,80,8.9,9.01666666666667,107.998483,9.25938931938516,2406.05272044961,2400.05967162292,2400.061617,0.110895674415527,97.3786321716667,97.005822012753,96.59,56,107.980916,2385648,1.61357432024187,None
100,50000,80,8.9,8.93833333333333,108.090002,9.25154946338145,1886.70244865676,1882.23683867108,1882.253299,0.111851125809435,96.6144467876667,96.1495431661384,96.16,64,108.073845,2385050,1.61307347487868,None
100,50000,80,8.9,8.86666666666667,108.091173,9.25144923721015,1181.58177398383,1191.13203753665,1191.149383,0.112704638529511,95.84084006,95.5639097744361,95.56,36,108.072432,2384186,1.61234996515886,None
100,50000,80,8.9,8.78166666666667,108.00076,9.25919410196743,978.429032026491,984.798147381287,984.815446,0.1138450210632,94.8426674066667,94.5625355855001,94.56,42,107.980893,2384144,1.61230942750169,None
100,50000,80,8.9,8.86166666666667,108.020621,9.2574916783713,1258.48194560766,1263.08672603235,1263.104514,0.112836619106075,95.7242736428333,95.9469625728794,95.43,37,108.002915,2383508,1.61178409643075,None
100,50000,80,8.9,8.91333333333333,108.019042,9.2576270024687,1227.72883172622,1238.4754998362,1238.493382,0.112176202782162,96.2809727693334,96.3818249813014,95.83,37,107.999668,2384577,1.61267737805746,None
100,50000,80,8.9,8.85,108.209531,9.24133013754583,1091.71481162288,1102.73233701657,1102.750202,0.112991180825235,95.765434935,95.376647834275,95.47,37,108.190169,2383756,1.61199103907364,None
100,50000,80,8.9,8.93,108.091855,9.25139086566698,1905.262907095,1897.66829156794,1897.687482,0.111964197570549,96.526026515,96.5378872713699,96.24,51,108.070909,2384989,1.61302307036863,None
100,50000,80,8.9,8.99166666666667,108.074639,9.25286458740797,1601.10149015539,1613.0093452165,1613.02623,0.111210066188693,97.1771129008334,97.451343836886,96.73,42,108.056163,2383462,1.61175293771837,None
100,50000,80,8.9,8.89333333333333,108.03373,9.25636835828958,1263.55956204806,1272.00632756484,1272.023319,0.112433050258059,96.0779972133333,95.9145427286357,95.48,38,108.017102,2382854,1.61123922797965,None
10,50000,85,0.89,0.898333333333333,119.170527,8.39133655924841,130.111076307737,126.104336914657,126.268506,1.10873308951948,10.7054856755,11.1317254174397,10.77,2,119.15137,1839205,1.15771676465463,None
10,50000,85,0.89,0.866666666666667,119.738441,8.35153683018138,127.58875739645,127.228454842308,127.395025,1.15374492327692,10.3773315533333,10.4807692307692,10.46,2,119.722099,1875257,1.18775965034468,None
10,50000,85,0.89,0.865,119.263469,8.3847971921729,122.512167685745,126.100427992293,126.289417,1.15302633047592,10.3162900685,10.2119460500963,10.4,2,119.233636,1855530,1.17131974705073,None
10,50000,85,0.89,0.925,119.54799,8.36484160043176,130.508887265644,129.45268101982,129.622854,1.08073902124324,11.058189075,10.4504504504505,11.15,3,119.52849,1896363,1.20535152972273,None
10,50000,85,0.89,0.92,118.875279,8.41217794323747,139.807813484562,128.491343137681,128.662444,1.08543204829891,10.936525668,12.1376811594203,11.02,2,118.85711,1882468,1.19377143634785,None
10,50000,85,0.89,0.911666666666667,118.861179,8.41317584440249,150.259197115023,127.737709149909,127.751915,1.09213402880622,10.8361774855,12.2374429223744,10.91,3,118.843383,1882290,1.19362261835432,None
10,50000,85,0.89,0.93,118.931327,8.40821359035202,112.729795352064,125.344730331541,125.513983,1.075170807319,11.060613411,9.94623655913979,11.14,2,118.90806,1927431,1.23124228828045,None
10,50000,85,0.89,0.88,119.924117,8.33860632052851,90.3925619834711,125.932433265152,126.102758,1.1346217093447,10.553322296,7.95454545454545,10.64,1,119.899788,1889499,1.19962911775885,None
10,50000,85,0.89,0.923333333333333,119.462542,8.37082472261473,167.146711152237,129.647946799639,129.826714,1.08281290568412,11.0303747113333,14.1696750902527,11.1,2,119.443463,1884700,1.19563184300174,None
20,50000,85,1.78,1.70833333333333,114.703226,8.71815061243352,121.92742415229,128.338687422439,128.426107,0.58511177439122,19.5951344416667,18.9756097560976,19.65,3,114.68826,2115926,1.38836807756432,None
20,50000,85,1.78,1.78166666666667,114.500351,8.73359768128571,142.286969891342,130.940339963517,131.020719,0.560658190233863,20.4001458698333,21.889616463985,20.44,3,114.482535,2092940,1.36921586417563,None
20,50000,85,1.78,1.86166666666667,114.583643,8.72724914148523,119.92813925123,129.119335966876,129.126166,0.537022325804834,21.3316548718333,19.910514541387,21.36,3,114.560118,2128702,1.39902376697644,None
20,50000,85,1.78,1.74166666666667,115.068807,8.69045248726703,112.909502987569,127.581600215311,127.665296,0.574139345422967,20.0411505525,18.3253588516747,20.08,2,115.054576,2086053,1.36347462972148,None
20,50000,85,1.78,1.765,115.202048,8.68040123731134,113.100545850507,128.834502333333,128.842212,0.566506654727101,20.333161472,17.7914110429448,20.37,4,115.184785,2098009,1.37343993055362,None
20,50000,85,1.78,1.87833333333333,114.786334,8.71183846676382,121.877384108228,129.122470992902,129.203026,0.532120830828749,21.5606997363333,20.9405501330967,21.61,2,114.77234,2125039,1.39597231743427,None
20,50000,85,1.78,1.85833333333333,114.615583,8.72481711321924,123.549639043616,129.892231088789,129.980459,0.537720692812556,21.2993958408333,19.8206278026906,21.34,3,114.590342,2118127,1.39021064497128,None
20,50000,85,1.78,1.77833333333333,114.482615,8.73495071718968,133.334621590547,130.442884365511,130.526675,0.561724490521087,20.3588250341667,21.4620431115277,20.4,3,114.46036,2107191,1.38109217750684,None
20,50000,85,1.78,1.82833333333333,114.613228,8.724996385234,144.589246050179,132.62532298815,132.704973,0.546656871408387,20.9551185193333,22.6982680036463,21,3,114.599783,2082530,1.36054307500296,None
30,50000,85,2.67,2.59833333333333,112.324235,8.90279822515595,140.21915826538,135.975739951251,136.03113,0.384203756680564,29.1855803941667,30.2116741500962,29.2,3,112.30974,2205736,1.46326268135685,None
30,50000,85,2.67,2.59333333333333,112.782335,8.86663678314516,127.502131230959,135.598254347044,135.654523,0.385490705368252,29.2482188766667,27.6028277634961,29.28,4,112.768565,2191298,1.45123044360302,None
30,50000,85,2.67,2.755,112.541509,8.88561037510169,139.547190775612,137.552019082275,137.611256,0.362947620155475,31.0051857295,32.335148215366,31.01,3,112.527413,2212020,1.46850905741214,None
30,50000,85,2.67,2.71166666666667,112.317092,8.90336441402881,139.169643791444,136.319506480639,136.37756,0.368678935633067,30.4566514473333,31.960663798402,30.47,3,112.304263,2197051,1.45603106334465,None
30,50000,85,2.67,2.70166666666667,112.258279,8.90802895704467,141.571850949197,138.002852497224,138.05844,0.369726809188772,30.3284450431667,31.6471314003701,30.35,3,112.244476,2202700,1.46073834955377,None
30,50000,85,2.67,2.62833333333333,112.625173,8.87900966864664,130.522423438707,136.353845272036,136.419165,0.380194984502219,29.6016496368333,28.1547241597971,29.62,5,112.605821,2206012,1.46349484846981,None
30,50000,85,2.67,2.655,112.496638,8.88915453633379,140.208515834932,137.397703923415,137.454532,0.37607744048462,29.867857389,29.7551789077213,29.88,3,112.483756,2202001,1.46015340054238,None
30,50000,85,2.67,2.69,112.486994,8.88991664227422,137.044356306113,137.654106702602,137.711515,0.371699267880421,30.259001386,30.0185873605948,30.27,3,112.472137,2187750,1.4482785582698,None
30,50000,85,2.67,2.68666666666667,112.584756,8.88219715997786,128.841381943119,135.442918952233,135.500951,0.372181931008685,30.247771112,29.2803970223325,30.25,3,112.569139,2201863,1.46004028008168,None
40,50000,85,3.56,3.56833333333333,111.260999,8.98787543692647,149.611213729152,147.923731393274,147.96463,0.280174152181224,39.7016331431667,41.2424100887436,39.66,4,111.245921,2252246,1.5020787912419,None
40,50000,85,3.56,3.64166666666667,111.054089,9.00462116257601,146.662547324435,147.52581508833,147.568164,0.274534260360641,40.4421974108333,40.137299771167,40.41,4,111.041663,2243152,1.49450352265578,None
40,50000,85,3.56,3.56833333333333,111.46997,8.97102600817063,150.723808056972,148.463565346567,148.506206,0.280224726976646,39.7762009616667,40.3316207379729,39.74,4,111.455454,2255705,1.50496202778599,None
40,50000,85,3.56,3.585,111.352964,8.98045246465105,154.901842547367,150.154624112041,150.196919,0.278929920372385,39.920037594,40.8414690841469,39.9,5,111.339677,2255565,1.50484618505074,None
40,50000,85,3.56,3.60166666666667,111.223726,8.99088742989962,145.055987028474,148.701851180935,148.742295,0.277334695508098,40.0590786476667,38.4544192503471,40.02,5,111.206222,2256344,1.50549605163152,None
40,50000,85,3.56,3.50666666666667,111.062524,9.00393727770855,150.175656724833,148.715506921578,148.758992,0.284941136410171,38.9459250826667,38.925855513308,38.92,6,111.048418,2233293,1.48627904945722,None
40,50000,85,3.56,3.57333333333333,111.219403,8.99123689775605,148.801236355536,147.644176383862,147.685451,0.279843876461754,39.7424000053333,40.6016791044776,39.7,4,111.207301,2232488,1.48561218129338,None
40,50000,85,3.56,3.61,111.280264,8.98631944295172,148.735302317611,148.956683425208,148.999873,0.276794607830563,40.172175304,39.7506925207756,40.15,5,111.266217,2242047,1.49358123407838,None
50,50000,85,4.45,4.5,110.353075,9.0618226995487,163.20987654321,162.847104022222,162.880045,0.222155693687407,49.65888375,50,49.59,6,110.335536,2278923,1.52436455162459,None
50,50000,85,4.45,4.505,110.266536,9.0689345677822,146.437378109973,156.07359427007,156.078855,0.221696234528302,49.675074468,48.5111891991863,49.59,5,110.252905,2297863,1.54015006285414,None
50,50000,85,4.45,4.4,110.541337,9.04638958727268,171.971561859841,167.312599079924,167.316149,0.227252625550758,48.63818828,49.517136905889,48.55,6,110.522933,2268206,1.51542701605731,None
50,50000,85,4.45,4.52833333333333,110.284999,9.06741632196052,180.59928564936,171.826564461539,171.861068,0.220630268551711,49.9407237138333,51.5274199484726,49.86,7,110.272779,2292663,1.53581756695739,None
50,50000,85,4.45,4.435,110.318728,9.0646440375926,167.520581009165,165.290023354378,165.324693,0.225358654009019,48.926355868,48.7786546411124,48.86,7,110.301162,2284397,1.52892298089047,None
50,50000,85,4.45,4.31833333333333,110.308882,9.06545313368329,158.953572776114,159.916178306059,159.950942,0.231555019966808,47.6350522103333,46.9509841759938,47.57,6,110.296356,2289296,1.53299918807195,None
50,50000,85,4.45,4.57833333333333,110.610759,9.04071185335597,170.712756902357,168.581225590098,168.617097,0.218415552061522,50.6412924955,51.4015289406625,50.55,5,110.596171,2298225,1.54045688710378,None
50,50000,85,4.45,4.43666666666667,110.385372,9.05917135469725,175.777181818746,168.836344498497,168.873718,0.225343299750188,48.974310044,49.6994740796394,48.91,6,110.36898,2285754,1.53005423297738,None
50,50000,85,4.45,4.62333333333333,110.151796,9.07838125490028,174.189312750128,171.064364616078,171.096822,0.216180628495314,50.9268470173333,50.9913482335977,50.86,6,110.136965,2298228,1.54046103948532,None
50,50000,85,4.45,4.495,110.348133,9.06222853811219,171.409504978753,168.53098642195,168.564031,0.222349518651465,49.6014857835,50.7601038190582,49.54,5,110.334968,2292492,1.53567334612219,None
60,50000,85,5.34,5.30833333333333,109.676196,9.11774875926587,183.947024045701,185.733061480063,185.762131,0.188328536729042,58.21978071,58.3359497645212,58.12,8,109.659026,2311302,1.55139649092425,None
60,50000,85,5.34,5.36166666666667,109.60904,9.12333508258078,174.624065944355,181.913944301212,181.943788,0.186480537620765,58.7687136133333,56.8075847062481,58.64,7,109.593983,2319935,1.55859461836889,None
60,50000,85,5.34,5.44833333333333,109.837878,9.1043273796677,187.641050119868,189.177605512389,189.206424,0.183442469278679,59.843337197,59.4371367390639,59.72,8,109.823948,2315833,1.55518152681592,None
60,50000,85,5.34,5.255,109.610788,9.12318958969623,169.895434339338,176.208268673644,176.237685,0.190289219754837,57.600469094,57.4215033301618,57.51,6,109.592137,2320515,1.55907195025458,None
60,50000,85,5.34,5.49666666666667,109.57108,9.12649578702701,183.307523055486,187.413700158278,187.44087,0.181897549231352,60.2275703066667,60.6882959369315,60.11,7,109.558708,2316019,1.55533864702211,None
60,50000,85,5.34,5.385,109.709572,9.11497494493917,174.292277084776,180.32520676385,180.353834,0.18568040250325,59.078604522,58.9136490250696,58.96,6,109.695438,2314423,1.55400225288294,None
60,50000,85,5.34,5.36166666666667,109.853381,9.10304253630573,193.698208605608,192.297004631955,192.326989,0.186437763601803,58.8997211128333,58.5638793907367,58.78,8,109.841525,2323874,1.56187840837546,None
60,50000,85,5.34,5.255,109.692588,9.11638624115606,178.827769785953,181.386462565493,181.415957,0.190291733664764,57.643454994,57.7703774183318,57.54,7,109.675547,2320808,1.55931631743862,None
70,50000,85,6.23,6.16333333333333,109.300144,9.14911877883711,216.54521570574,218.672094548405,218.697009,0.162201925481612,67.3653220853333,67.2931314223905,67.21,9,109.287804,2344743,1.57931791993837,None
70,50000,85,6.23,6.17,109.390165,9.14158964839298,204.234952940589,210.283497029444,210.3079,0.162069794984873,67.493731805,67.085359265262,67.34,9,109.376172,2341637,1.57672980841798,None
70,50000,85,6.23,6.43666666666667,109.01392,9.17314045765899,229.399256214062,231.145581108752,231.169092,0.155327242846194,70.1686265066667,69.6400828586225,70.01,12,108.998346,2345404,1.57988408414321,None
70,50000,85,6.23,6.15333333333333,109.14404,9.16220436773277,229.794677725491,226.005455053629,226.031062,0.16248815782286,67.1599659466667,67.7816901408451,67.02,9,109.125868,2334623,1.57088198086962,None
70,50000,85,6.23,6.32333333333333,109.072155,9.1682428022074,224.628460607974,226.344041261202,226.368416,0.158080765761466,68.969959345,68.8719030047443,68.81,9,109.056956,2346408,1.58071438478024,None
70,50000,85,6.23,6.18833333333333,109.396017,9.14110063074783,221.044424387596,221.64546633477,221.669758,0.161509731193913,67.6979018535,67.4117963910585,67.54,10,109.379621,2333494,1.56994378575281,None
70,50000,85,6.23,6.175,109.304736,9.1487344153139,233.342621580423,229.840782217814,229.869378,0.161897930618354,67.49567448,67.638326585695,67.34,9,109.289803,2328827,1.5660528081631,None
70,50000,85,6.23,6.06,109.251976,9.15315252513145,202.844129297418,207.747488323982,207.771271,0.164858245885039,66.206697456,65.1402640264026,66.06,8,109.237184,2334629,1.57088178480817,None
70,50000,85,6.23,6.12333333333333,109.053577,9.16980467316538,200.89232136015,207.670581977681,207.694773,0.163288650561513,66.7771403163333,65.1469787697333,66.62,8,109.038175,2338299,1.57394371665695,None
80,50000,85,7.12,7.26166666666667,108.605639,9.20762502948857,297.085108190825,299.489414779894,299.509611,0.137664551647693,78.8657948538333,79.148496672022,78.66,17,108.592466,2359327,1.59153616685388,None
80,50000,85,7.12,7.16333333333333,108.678631,9.2014408977971,318.707170730015,314.23187086738,314.233916,0.139598423637273,77.8501260063333,78.085378620449,77.65,12,108.663477,2351255,1.58480252127232,None
80,50000,85,7.12,7.30333333333333,108.606976,9.20751167954442,303.250861736564,306.39306559288,306.414091,0.136857144841397,79.3192948053333,79.5755362848015,79.11,13,108.589302,2362001,1.59376745256852,None
80,50000,85,7.12,7.20166666666667,108.673253,9.2018962568462,306.217526917755,306.238280338579,306.258688,0.13880733066929,78.2628543688334,78.5119185373756,78.06,19,108.656066,2364016,1.59544123310542,None
80,50000,85,7.12,7.11166666666667,108.734696,9.1966965171816,290.306810640508,291.834231334896,291.855506,0.140605717818608,77.3284913053333,77.2674009842981,77.13,14,108.715176,2357224,1.58977492040287,None
80,50000,85,7.12,7.12333333333333,108.769615,9.19374404331577,300.984131231512,299.55805988395,299.579731,0.140370162591015,77.4802224183333,76.6612072999532,77.29,16,108.750935,2359265,1.59147699407274,None
80,50000,85,7.12,7.14,108.703864,9.19930500354615,282.694777257308,286.167053677638,286.188841,0.139990940692811,77.614558896,77.4276377217554,77.42,13,108.687732,2358690,1.59099843536722,None
80,50000,85,7.12,7.14166666666667,108.671836,9.20201624273653,290.487154315684,291.287414428005,291.308109,0.140019492185764,77.6098028766667,77.2578763127188,77.41,12,108.655101,2360275,1.59231949851196,None
90,50000,85,8.01,7.935,108.435253,9.2220931139433,390.499525722742,397.181387888259,397.20221,0.125980690517328,86.0433732555,86.2948960302458,85.82,17,108.417374,2366100,1.59722085230672,None
90,50000,85,8.01,7.9,108.459203,9.22005668804334,408.361373711478,411.622843906118,411.642456,0.126515430159494,85.68277037,85.6329113924051,85.44,17,108.442264,2370825,1.60115720354125,None
90,50000,85,8.01,7.69833333333333,108.525669,9.2144099107097,362.401764861301,365.740136784152,365.75881,0.129884554431046,83.5466775185,83.7302446416973,83.32,13,108.50705,2366288,1.59736383901988,None
90,50000,85,8.01,7.89833333333333,108.519361,9.21494552478981,404.873586708345,408.694897300063,408.716129,0.126608640024689,85.7122086298333,86.2312724203418,85.48,17,108.500073,2373450,1.60334544374362,None
90,50000,85,8.01,7.99333333333333,108.4508,9.22077107776061,431.108840352782,434.159940138032,434.178671,0.125088089487281,86.6883394666667,86.7493744787323,86.45,19,108.435827,2369556,1.6001050015985,None
90,50000,85,8.01,7.77333333333333,108.46078,9.21992263009726,442.920335756673,435.459331679674,435.478436,0.128618306422384,84.3101796533333,84.7770154373928,84.09,23,108.443429,2372162,1.60226420932678,None
90,50000,85,8.01,8.1,108.351499,9.22922164648594,473.289132754153,475.673659935391,475.692859,0.123456448237654,87.76471419,88.0349794238683,87.53,17,108.332159,2375991,1.60547474176079,None
90,50000,85,8.01,7.92,108.542538,9.21297786495466,420.543290650614,423.897712092172,423.916208,0.126259449570497,85.965690096,85.8901515151515,85.58,21,108.524811,2372328,1.60241077144612,None
100,50000,85,8.9,8.88666666666667,108.203713,9.24182703416102,1024.98313062887,1042.82641737116,1042.846734,0.11252804149006,96.1570329526667,95.4144786196549,95.54,33,108.184533,2384804,1.61286499150042,None
100,50000,85,8.9,8.91333333333333,108.042872,9.25558513476021,1212.90772551997,1226.6808610417,1226.697615,0.112151287811331,96.3022132426667,96.0639491398654,95.86,36,108.024842,2382348,1.61081954847583,None
100,50000,85,8.9,8.89666666666667,108.143327,9.24698756493778,1297.31464361715,1304.29232510585,1304.310227,0.112345277104908,96.2115132543333,96.1502435369052,95.91,54,108.125211,2383645,1.61190094646609,None
100,50000,85,8.9,8.87666666666667,108.104612,9.25029914542406,963.933369329129,983.671470490612,983.689407,0.112648483457567,95.9608605853333,95.5407435223432,95.35,39,108.086437,2382263,1.61074587901432,None
100,50000,85,8.9,8.85166666666667,108.146239,9.24673857590184,1008.04698284498,1022.10725680192,1022.124824,0.112968261186406,95.7274458881667,95.3963472039164,95.12,34,108.127793,2383550,1.61181739236293,None
100,50000,85,8.9,8.905,108.37144,9.22752341391791,1672.80324905214,1670.5014685437,1670.51819,0.112232768615385,96.50476732,96.0976979225154,95.41,51,108.353191,2383194,1.61152224975827,None
100,50000,85,8.9,8.93833333333333,108.132338,9.24792729442325,2076.56907334177,2067.52633258232,2067.542734,0.111814573255827,96.6522881156667,96.4478836472124,96.35,56,108.114795,2384913,1.61296032838976,None
10,50000,90,0.89,0.845,120.04414,8.33026918265231,133.048562725395,127.330284489152,127.500878,1.18253441656213,10.14372983,10.4536489151874,10.21,3,120.026772,1879001,1.19087865189765,None
10,50000,90,0.89,0.925,119.365723,8.37761440107894,103.238373508644,125.196629104505,125.364925,1.07989623655315,11.0413293775,9.54954954954955,11.13,1,119.348432,1910602,1.21721764259379,None
10,50000,90,0.89,0.935,118.709312,8.42393897455997,141.077335163526,127.33329484492,127.489801,1.06749821675045,11.099320672,12.1212121212121,11.18,3,118.692862,1857285,1.17278564857645,None
10,50000,90,0.89,0.88,120.221854,8.317955236325,130.208333333333,128.815280395833,128.987998,1.13626052083712,10.579523152,11.0795454545455,10.66,2,120.204498,1901011,1.20922282327774,None
10,50000,90,0.89,0.873333333333333,119.139827,8.39349884233087,113.629741856535,124.897570662214,125.080721,1.14483121694657,10.4048782246667,9.35114503816794,10.48,2,119.122384,1885891,1.1966216623952,None
10,50000,90,0.89,0.908333333333333,119.80653,8.34679044623027,123.221951014224,127.9831238,128.149943,1.09620717598349,10.882426475,10.6422018348624,10.97,2,119.789761,1873357,1.18617848633605,None
10,50000,90,0.89,0.938333333333333,119.375441,8.37693240437956,124.933353103931,126.367082589698,126.534635,1.06472758547425,11.2013955471667,11.01243339254,11.28,2,119.352257,1859293,1.17445946509819,None
10,50000,90,0.89,0.866666666666667,119.929228,8.33825095580537,126.479289940828,128.072287998077,128.272203,1.14694529158269,10.3938664266667,10.1923076923077,10.49,2,119.90847,1888186,1.19853426194926,None
10,50000,90,0.89,0.843333333333333,120.226388,8.31764154804351,142.807533682679,128.87237576087,128.892331,1.18109446905336,10.1390920546667,11.8460019743337,10.21,2,120.208212,1838862,1.15742853494268,None
10,50000,90,0.89,0.948333333333333,119.270593,8.38429637052278,151.963948715256,128.845146857645,129.027274,1.05387414420562,11.3108279028333,13.3567662565905,11.39,2,119.253421,1864104,1.17846923307469,None
20,50000,90,1.78,1.72833333333333,115.099627,8.68812546195306,133.349575820021,131.249876532305,131.331784,0.577002237245902,19.8930521998333,20.2507232401157,19.93,2,115.080245,2088593,1.36559068820022,None
20,50000,90,1.78,1.76,114.718533,8.71698734153095,122.137568870523,130.047371748106,130.133085,0.567059040148674,20.190461808,18.75,20.23,3,114.688446,2103701,1.37818284981415,None
20,50000,90,1.78,1.75333333333333,114.884476,8.70439623191562,127.947490928017,129.523750801331,129.610348,0.569998084004753,20.1430781253333,19.5817490494297,20.2,3,114.869672,2097611,1.37310741821835,None
20,50000,90,1.78,1.76666666666667,115.093219,8.68860918730581,144.179423282307,132.511630248113,132.595837,0.564348934456604,20.3331353566667,21.5094339622641,20.37,3,115.079544,2099758,1.37489751316577,None
20,50000,90,1.78,1.745,114.449064,8.73751138759859,142.308629102662,130.12468803916,130.210441,0.5726146192617,19.971361668,21.6809933142311,20.02,3,114.434901,2080796,1.35909326211757,None
20,50000,90,1.78,1.78,114.324071,8.74706429934602,127.035727812145,129.319504718165,129.402772,0.561771229706929,20.349684638,19.7097378277154,20.4,3,114.309652,2087643,1.36480125281805,None
20,50000,90,1.78,1.75333333333333,114.984067,8.69685710455867,109.514377828218,127.032319284221,127.119511,0.570006778525665,20.1605397473333,17.680608365019,20.22,3,114.970073,2089958,1.36672965667768,None
20,50000,90,1.78,1.76,114.594728,8.72640493548708,150.923295454545,132.57659377178,132.66641,0.568122422399621,20.168672128,22.7746212121212,20.21,4,114.580324,2115829,1.3882899872732,None
30,50000,90,2.67,2.765,112.358131,8.90011244491064,129.671511550299,135.484638518987,135.49048,0.361597258728752,31.0670232215,30.1898162097017,31.06,4,112.341941,2206943,1.46427811488512,None
30,50000,90,2.67,2.70333333333333,112.73692,8.87020862375875,135.581804442917,137.068312083847,137.126333,0.369593646998767,30.4765473733333,29.901356350185,30.48,4,112.723748,2192529,1.45226246135515,None
30,50000,90,2.67,2.64833333333333,112.350633,8.90070641613564,137.232016368037,137.181820988672,137.24089,0.377296536221523,29.7541926395,29.8615481434865,29.77,4,112.33557,2198518,1.45725009844891,None
30,50000,90,2.67,2.695,112.430971,8.89434638076727,132.176331487225,136.425163072975,136.478562,0.370877853875696,30.3001466845,29.7464440321583,30.31,4,112.417188,2220365,1.47546022012797,None
30,50000,90,2.67,2.63666666666667,112.489127,8.88974807316266,144.562484716653,138.142314373578,138.197473,0.379135751591656,29.6596331523333,30.5941845764855,29.68,4,112.476674,2183845,1.44502112981148,None
30,50000,90,2.67,2.77666666666667,112.167431,8.91524385541111,135.864669997651,137.504442880552,137.557903,0.36013577272569,31.1451566743333,30.9423769507803,31.15,4,112.155516,2198587,1.45731463856414,None
30,50000,90,2.67,2.64,112.830274,8.86286955219129,134.512741046832,137.256871063131,137.314082,0.378322674744318,29.787192336,29.3876262626263,29.81,5,112.815441,2197345,1.45627272128401,None
30,50000,90,2.67,2.57666666666667,112.571396,8.8832513012453,141.081018661856,138.118853961837,138.177074,0.388019896650712,29.0058963693333,29.0426908150065,29.02,5,112.556228,2191972,1.45179083451751,None
40,50000,90,3.56,3.48,111.565326,8.96335838251394,145.845200454597,146.550906567529,146.5549,0.287312728309387,38.824733448,39.4780943260713,38.77,4,111.547643,2255808,1.50504279676839,None
40,50000,90,3.56,3.43166666666667,111.381252,8.97817165854807,138.554695728086,144.025562786304,144.068578,0.29130568006848,38.222332978,36.716852841185,38.21,5,111.363446,2253715,1.50329551543066,None
40,50000,90,3.56,3.50166666666667,111.660729,8.95570008324055,152.235931259134,149.484022654926,149.528833,0.285456236087101,39.0998652715,39.8381722989053,39.07,6,111.646636,2255923,1.50514020974978,None
40,50000,90,3.56,3.59333333333333,111.220935,8.99111304899568,148.311137576974,148.251481362245,148.29513,0.278179640922542,39.96538931,39.4248608534323,39.93,4,111.207439,2250629,1.50073255160098,None
40,50000,90,3.56,3.64333333333333,111.347574,8.98088718125103,138.994800983385,145.830407519213,145.874983,0.274245901694419,40.567632794,39.2497712717292,40.54,4,111.332039,2248588,1.49903470984653,None
40,50000,90,3.56,3.49333333333333,111.403359,8.97639002069947,144.085790455102,146.658426594466,146.701357,0.286122034534828,38.916906744,37.5477099236641,38.9,5,111.386588,2253944,1.50348997529936,None
50,50000,90,4.45,4.35166666666667,110.463706,9.05274715298797,160.75229551315,160.852453617771,160.890007,0.229772798258905,48.0701227276667,47.5871313672922,48.01,5,110.449741,2284472,1.52898098674111,None
50,50000,90,4.45,4.48833333333333,110.518241,9.04828009341915,159.426406898053,162.196348401411,162.228867,0.222720863394727,49.6042705021667,49.0159673226885,49.54,5,110.503979,2281474,1.5264904137815,None
50,50000,90,4.45,4.32833333333333,110.423347,9.05605587195251,166.582424049313,162.374608817097,162.409806,0.231008795078167,47.7949053598333,49.1528686946477,47.71,8,110.405981,2280296,1.52549893558127,None
50,50000,90,4.45,4.53,110.410161,9.05713741328572,157.035022830383,162.255110546726,162.288765,0.220743682344739,50.015802933,49.2825607064018,49.94,6,110.394342,2286591,1.53075728911278,None
50,50000,90,4.45,4.35166666666667,110.621319,9.0398488197379,165.108845542113,162.598326567599,162.63269,0.229738077273076,48.1387106515,48.7935656836461,48.09,5,110.605338,2283310,1.52801294761045,None
60,50000,90,5.34,5.32833333333333,109.875445,9.10121456163386,177.725657528675,182.437551887707,182.468094,0.18752202891711,58.5452996108333,57.1160462934001,58.44,8,109.859204,2310189,1.55047055512323,None
60,50000,90,5.34,5.44666666666667,109.823631,9.1055084492699,194.694219680025,193.807325819767,193.835444,0.183556421635251,59.817271018,60.1591187270502,59.68,8,109.810766,2307651,1.54836184641093,None
60,50000,90,5.34,5.39833333333333,109.805529,9.10700953865447,172.347729365841,180.552992638469,180.556908,0.184923544203149,59.2766847385,57.7558265164377,59.17,6,109.789832,2314273,1.55387835930559,None
60,50000,90,5.34,5.475,109.526174,9.13023767268635,194.01875134658,193.248878028919,193.276524,0.182585344004262,59.965580265,60.3196347031963,59.84,7,109.508503,2317363,1.55645738350816,None
60,50000,90,5.34,5.36,109.974194,9.09304231863704,183.463995118454,185.988364485697,185.991326,0.186431539983831,58.946167984,58.759521218716,58.82,7,109.959669,2321892,1.5602266869242,None
60,50000,90,5.34,5.45166666666667,109.94317,9.09560821286125,191.841798090199,191.80301479517,191.831425,0.183398744187405,59.9373515116667,60.4555181901559,59.81,7,109.930664,2315784,1.55514116998251,None
60,50000,90,5.34,5.42333333333333,109.640626,9.12070677159395,198.639733839945,195.322667385065,195.353858,0.184362849585741,59.4617661673333,59.2962507682852,59.35,9,109.627698,2321604,1.55998950080983,None
60,50000,90,5.34,5.275,109.830815,9.1049128607486,196.072265522637,191.316032077093,191.346863,0.189457849790205,57.9357549125,58.5939968404423,57.84,9,109.815468,2317944,1.55693088110034,None
60,50000,90,5.34,5.28166666666667,109.843359,9.10387308895024,203.282598803452,194.902315225308,194.906489,0.189236240540234,58.0156007785,58.652784350844,57.9,10,109.826002,2313295,1.55305641275686,None
60,50000,90,5.34,5.39666666666667,109.718157,9.1142617351839,189.334039381785,188.551056522236,188.578503,0.185291604962322,59.211232061,59.651019147622,59.09,8,109.704648,2310682,1.55088493796785,None
70,50000,90,6.23,6.335,109.074104,9.16807897867307,218.486100218299,222.307724691397,222.330997,0.157851076479874,69.098444884,68.9423835832676,68.95,9,109.060503,2326499,1.56412113009111,None
70,50000,90,6.23,6.00333333333333,109.491742,9.13310886952552,210.761126291427,212.070069919767,212.094542,0.166566438388673,65.7315424473333,65.4497501388118,65.58,9,109.478169,2333351,1.56981399196981,None
70,50000,90,6.23,6.33,109.513009,9.13133525533939,224.696293966975,227.218920154028,227.245147,0.157961458190363,69.321734697,68.4175882043181,69.16,8,109.495759,2337470,1.57326652237346,None
70,50000,90,6.23,6.19,109.335319,9.14617535437017,225.536175828612,224.47113656462,224.497435,0.161524958411147,67.678562461,67.8648357565967,67.53,10,109.322294,2341942,1.57698505450337,None
70,50000,90,6.23,6.075,109.368389,9.1434098018944,224.762485393487,221.405243339369,221.432241,0.164576484348148,66.4412963175,67.6543209876543,66.29,10,109.353653,2329771,1.56683394984931,None
70,50000,90,6.23,6.18833333333333,109.311918,9.14813332613924,242.587442712436,235.19146216725,235.214873,0.161519381010773,67.645858589,68.758416374899,67.5,10,109.298755,2338383,1.57401850120439,None
70,50000,90,6.23,6.30166666666667,109.360907,9.14403535442514,231.422007936367,230.950440668606,230.975544,0.158623536874901,68.9155982278333,69.4260777572071,68.76,10,109.34316,2336703,1.57262506536664,None
70,50000,90,6.23,6.29,109.002847,9.17407230657012,215.767998429553,219.789666157658,219.813839,0.158973620832803,68.562790763,67.7927927927928,68.4,8,108.987961,2338199,1.57387001870364,None
70,50000,90,6.23,6.26333333333333,109.230371,9.15496295439663,218.331458791761,220.732043944385,220.757107,0.159643457585152,68.4146223696667,68.214475784992,68.25,9,109.212578,2329601,1.5667028447291,None
80,50000,90,7.12,7.22166666666667,108.775753,9.19322525857394,290.190796867028,294.152910968151,294.174953,0.138429557392338,78.5542229581667,78.3752596353566,78.36,12,108.760989,2354800,1.58776120305156,None
80,50000,90,7.12,7.07333333333333,108.938021,9.17953154298626,277.538795136628,281.347952733977,281.369913,0.141280024480914,77.0554935206667,75.8836003770028,76.86,13,108.922802,2355678,1.58848483573625,None
80,50000,90,7.12,7.16666666666667,108.745112,9.19581562433813,296.755002704164,298.065117319535,298.087381,0.139408536137674,77.9339969333333,77.9302325581395,77.74,14,108.73167,2360971,1.59290143006637,None
80,50000,90,7.12,7.14,108.635223,9.20511757038507,276.025442856881,280.443333571662,280.465657,0.139850196533613,77.565549222,77.9878618113912,77.37,11,108.618302,2358340,1.59070643244224,None
80,50000,90,7.12,7.165,108.674577,9.20178414865144,268.794557295738,276.65961562689,276.6809,0.139556460686904,77.8653344205,76.6573621772505,77.67,13,108.659041,2358459,1.59080726109584,None
80,50000,90,7.12,7.13833333333333,109.176496,9.15948062667261,277.969650060027,283.608027634368,283.631221,0.140085840473967,77.9338220613333,77.7142190053701,77.75,12,109.159599,2356021,1.58877559239378,None
80,50000,90,7.12,7.32333333333333,108.62114,9.20631103669138,278.429289412529,286.691880406691,286.712008,0.136529724045972,79.5468815266667,79.0282203004097,79.34,13,108.603181,2358974,1.59124565539196,None
80,50000,90,7.12,7.145,108.743499,9.19595202652068,290.918089630261,292.121919167017,292.143809,0.139921462442034,77.6972300355,77.2801492885468,77.5,13,108.729027,2354309,1.5873472522841,None
80,50000,90,7.12,7.05166666666667,108.817494,9.18969885485508,326.237764826931,315.233216773103,315.255281,0.141800821521153,76.734469519,78.196643819428,76.54,17,108.801599,2350679,1.58431636722605,None
90,50000,90,8.01,8.03666666666667,108.352465,9.22913936475742,527.068458265093,519.190556068229,519.192483,0.124426009160929,87.0792643716667,87.9523068947641,86.83,27,108.334872,2373416,1.60332453336175,None
90,50000,90,8.01,8.025,108.465144,9.21955167459142,451.760297662888,454.167189987747,454.169108,0.124591818702388,87.04327806,86.9172463918596,86.79,21,108.44603,2369041,1.59967759942698,None
90,50000,90,8.01,7.925,108.541514,9.21306478183085,415.010598174925,418.364463959411,418.383332,0.126172867354574,86.019149845,86.2145110410095,85.78,22,108.523533,2373098,1.60305369146118,None
90,50000,90,8.01,8.00666666666667,108.384446,9.22641612247573,436.017792555607,440.117010627186,440.135369,0.124851403636761,86.7798130973333,86.4592006661116,86.54,20,108.365982,2368430,1.59916693681919,None
90,50000,90,8.01,8.00166666666667,108.443431,9.22139765201638,433.582342705195,436.78472865778,436.803857,0.124879203100188,86.7728187051667,87.1589252239117,86.53,16,108.427614,2367850,1.59868343219223,None
90,50000,90,8.01,8.03833333333333,108.525817,9.21439734473503,489.36154937665,487.867612384823,487.887273,0.124376468764255,87.2366692318334,87.155297532656,86.99,20,108.508112,2370857,1.60119239773585,None
90,50000,90,8.01,7.975,108.267883,9.23634943522448,499.995086526272,492.191072161965,492.211548,0.125371896121003,86.3436366925,87.4085684430512,86.11,18,108.248034,2369126,1.59974471426815,None
90,50000,90,8.01,7.97166666666667,108.473524,9.21883942850423,412.932781788802,419.317803071503,419.337941,0.125439160463099,86.4714775486667,85.5425465189212,86.1,19,108.456318,2375635,1.60517012551222,None
90,50000,90,8.01,8.11,108.472697,9.21890971328942,460.504276636041,466.301639046034,466.320094,0.123290806706741,87.971357267,87.8339498561447,87.74,19,108.452936,2371716,1.60191252898951,None
100,50000,90,8.9,9.08166666666667,108.168176,9.24486329509707,1856.92916996965,1879.89074893485,1879.907188,0.11010731466838,98.2347318373333,97.7885850614792,97.61,53,108.150297,2385176,1.61318652255187,None
100,50000,90,8.9,8.79666666666667,108.208098,9.24145252049435,918.244578330034,931.651306830239,931.670321,0.113669849292725,95.187056874,94.571807502842,94.75,35,108.18961,2379089,1.60809686727346,None
100,50000,90,8.9,8.90666666666667,108.104403,9.2503170291778,1165.40403474488,1176.96351343432,1176.981601,0.112267313671969,96.284988272,95.686751497006,95.52,35,108.087766,2383769,1.61200215165891,None
100,50000,90,8.9,8.93,107.962965,9.26243550276708,1812.01765462953,1802.98700307186,1803.004666,0.111950938723031,96.410927745,96.4818962299365,96.13,51,107.945348,2385177,1.61317917060755,None
100,50000,90,8.9,8.93166666666667,108.309371,9.23281144343457,1699.01466564801,1702.05736656298,1702.073917,0.11192607322131,96.7383198648333,96.4638925172607,96.29,59,108.29106,2384182,1.61235066669947,None
100,50000,90,8.9,8.81,108.164474,9.24517970660126,1200.78179656025,1201.63757483977,1201.654703,0.113505209475596,95.292901594,95.2799848656829,94.85,43,108.145274,2381234,1.60988539070355,None
100,50000,90,8.9,8.925,108.172612,9.24448417682657,1458.82143707156,1466.43681852885,1466.453615,0.11203534141718,96.54405621,96.4052287581699,96.1,51,108.154899,2383852,1.61207454276004,None
100,50000,90,8.9,8.77333333333333,108.320915,9.23182748225493,1302.05325962436,1295.3726159829,1295.390908,0.113962637242971,95.0335494266667,95.4502279635258,94.67,43,108.303605,2380788,1.60951263224213,None
100,50000,90,8.9,9.01333333333333,108.102921,9.25044384323343,1520.56330638808,1533.95573046283,1533.972349,0.110896509285318,97.436766128,96.6068786982249,96.66,43,108.084713,2383464,1.61175421795946,None
10,50000,95,0.89,0.895,119.285627,8.38323966725681,126.920716165746,125.78857624581,125.961702,1.11673952596834,10.6760636165,10.9869646182495,10.74,2,119.267217,1870223,1.18356574251476,None
10,50000,95,0.89,0.895,120.07983,8.32779326886122,120.566454462778,128.1293021527,128.144212,1.10948653552514,10.747144785,10.2325581395349,10.81,2,120.059051,1902366,1.21035268511848,None
10,50000,95,0.89,0.843333333333333,120.553886,8.2950457524032,131.231545563905,127.471155583004,127.668533,1.18345617994664,10.1667110526667,10.6719367588933,10.26,2,120.53662,1846889,1.16411810577628,None
10,50000,95,0.89,0.855,120.119597,8.32503625532477,109.435381826887,127.035624346979,127.209502,1.16845216989864,10.2702255435,8.96686159844055,10.35,2,120.100452,1876394,1.18870669931436,None
10,50000,95,0.89,0.846666666666667,120.04862,8.32995831189063,109.275218550437,126.800795728347,126.972585,1.1769210721752,10.1641164933333,8.85826771653542,10.25,2,120.029441,1889194,1.1993732351094,None
10,50000,95,0.89,0.893333333333333,119.211163,8.38847616980299,102.238110472799,125.255578716418,125.277114,1.1169278738097,10.6495305613333,8.57409133271202,10.73,2,119.193762,1856821,1.1723970323634,None
10,50000,95,0.89,0.885,120.383143,8.30681086304583,101.077808633109,126.002178107345,126.165523,1.12965906057815,10.6539081555,8.75706214689267,10.74,2,120.365464,1909059,1.21593004301599,None
10,50000,95,0.89,0.903333333333333,119.466809,8.37052574158903,137.865769801609,127.475930415129,127.666041,1.10686382741328,10.7918350796667,11.3468634686347,10.87,3,119.445744,1875653,1.18809144314703,None
10,50000,95,0.89,0.951666666666667,119.309551,8.38155865660747,147.220748310795,129.200249535902,129.370708,1.04524037381611,11.3542922701667,12.2591943957968,11.44,3,119.290825,1878099,1.19013232044502,None
10,50000,95,0.89,0.933333333333333,119.561048,8.36392802445158,130.102040816327,127.466141082143,127.640695,1.07120609661964,11.1590311466667,11.25,11.24,2,119.543517,1910995,1.21754564016988,None
20,50000,95,1.78,1.81666666666667,114.710047,8.71763220531154,140.392222876862,132.159870838532,132.243783,0.549388395205505,20.8389918716667,22.2935779816514,20.89,3,114.696098,2108550,1.38222713755103,None
20,50000,95,1.78,1.775,114.997548,8.69583758429354,134.364874694174,130.637021264789,130.716426,0.56204687262723,20.41206477,21.2206572769953,20.46,3,114.981964,2110724,1.38403680495745,None
20,50000,95,1.78,1.82833333333333,114.862048,8.70609585509045,131.62607226637,131.023698939836,131.100759,0.5463881625433,21.0006111093333,21.8778486782133,21.05,2,114.847783,2116808,1.38910998958518,None
20,50000,95,1.78,1.895,114.225609,8.75460423240116,144.80545248223,132.292395240985,132.369932,0.527450296614776,21.6457529055,24.0985048372911,21.68,3,114.21404,2111851,1.38498199938059,None
20,50000,95,1.78,1.84666666666667,114.564056,8.72874123800226,129.269897952534,130.954096115524,131.036362,0.541504807694946,21.1561623413333,20.5324909747292,21.19,3,114.548746,2111015,1.3842828921274,None
20,50000,95,1.78,1.70666666666667,115.216386,8.67932101255111,132.75146484375,130.350026578125,130.445782,0.585525456675781,19.663596544,20.60546875,19.71,3,115.202424,2082987,1.36091769985358,None
20,50000,95,1.78,1.775,114.844158,8.70745205864107,126.165443364412,128.7235088,128.815233,0.563034938369953,20.384838045,19.6713615023474,20.44,3,114.819583,2091795,1.36826164324026,None
20,50000,95,1.78,1.74666666666667,114.785991,8.71186449921402,113.083445020686,127.373642509542,127.462158,0.57212048276813,20.049286428,17.8435114503817,20.11,3,114.771924,2097697,1.37317865114085,None
20,50000,95,1.78,1.73833333333333,115.106174,8.68763129942969,129.062029748614,129.869484259827,129.959479,0.574607636247363,20.0092899136667,19.7507190795781,20.06,3,115.088717,2107993,1.38175888685351,None
30,50000,95,2.67,2.61833333333333,112.782468,8.86662632706353,140.516304226713,137.875585827498,137.935483,0.381740850317632,29.530209538,30.7447485677912,29.55,4,112.76863,2174655,1.43736150846799,None
30,50000,95,2.67,2.64333333333333,112.869086,8.85982190021456,134.770032233493,135.818946460277,135.872813,0.378095708681589,29.8350617326667,29.6973518284994,29.84,4,112.85471,2197326,1.45625703949205,None
30,50000,95,2.67,2.72166666666667,112.708116,8.87247551897682,143.954717244257,139.233342839559,139.240682,0.367315274293325,30.675392238,31.4049586776859,30.67,4,112.691318,2209807,1.46666298942421,None
30,50000,95,2.67,2.655,112.511265,8.88799890393198,137.607683332092,137.55928141494,137.61522,0.376136759615819,29.8717408575,29.9435028248588,29.9,3,112.497519,2184439,1.44551728505219,None
30,50000,95,2.67,2.61,112.609101,8.88027691474067,142.638344514418,137.711393217114,137.769895,0.382710847157727,29.390975361,31.1621966794381,29.42,3,112.587121,2195826,1.45500479719741,None
30,50000,95,2.67,2.54333333333333,112.806072,8.86477103821149,134.239370354656,136.100718570773,136.159677,0.392864501230013,28.690344312,28.1127129750983,28.71,4,112.793064,2186403,1.44714805479057,None
30,50000,95,2.67,2.49666666666667,113.310783,8.82528540995079,126.202983595395,134.092663131509,134.155727,0.400362009038718,28.289925489,26.502002670227,28.31,4,113.295741,2200397,1.45880861216455,None
30,50000,95,2.67,2.59333333333333,112.84354,8.8618276243372,128.493401444611,134.951767613111,135.010261,0.385157388076478,29.2640913733333,28.3097686375321,29.28,4,112.827827,2176023,1.43850023984888,None
30,50000,95,2.67,2.735,112.120801,8.91895162254505,134.688461911239,135.935294155393,135.988598,0.365562389694698,30.6650390735,30.8043875685558,30.67,4,112.107661,2213112,1.46941739113443,None
40,50000,95,3.56,3.54166666666667,111.266806,8.98740636088718,142.571626297578,146.305075735529,146.350482,0.282204997972706,39.4069937916667,38.6352941176471,39.38,4,111.251167,2265211,1.51288267949692,None
40,50000,95,3.56,3.54333333333333,111.747757,8.94872547643171,134.07447460948,144.562706309031,144.61025,0.282195770656632,39.5959552303333,37.41768579492,39.58,4,111.731676,2257362,1.50634217631135,None
40,50000,95,3.56,3.43166666666667,111.412107,8.97568520089114,144.357292791264,145.948755195726,145.994769,0.291272664503157,38.2329213855,38.6595434677028,38.2,4,111.399681,2251802,1.50170112705492,None
40,50000,95,3.56,3.53666666666667,111.395755,8.97700275921645,134.980159382298,142.931030251649,142.976844,0.282471944704995,39.3969653516667,38.5485391140434,39.35,4,111.37986,2249113,1.49946605306204,None
40,50000,95,3.56,3.67833333333333,111.353524,8.98040730170336,138.887491687794,147.042231016312,147.081578,0.271824757584957,40.9595379113333,39.170820117807,40.92,4,111.33919,2259177,1.50786186258208,None
40,50000,95,3.56,3.57333333333333,111.486292,8.96971261722473,147.430698652261,148.562071987407,148.613151,0.279825027376866,39.8377683413333,39.0625,39.8,6,111.473992,2261803,1.51004457105768,None
40,50000,95,3.56,3.59833333333333,111.08226,9.00233754696745,157.81069624423,151.556841594257,151.602609,0.277873421492358,39.97109989,40.8754052802223,39.94,5,111.064772,2244772,1.49585122802186,None
40,50000,95,3.56,3.62,111.534859,8.96580682457311,143.590447992023,148.30669419337,148.350917,0.276145212461786,40.375618958,39.9171270718232,40.34,4,111.518812,2251343,1.50132975807883,None
40,50000,95,3.56,3.53333333333333,111.117614,8.99947329682583,157.662869348523,150.20486711934,150.24665,0.282721003792925,39.2615569466667,41.0849056603774,39.23,5,111.102706,2235002,1.48770497693842,None
50,50000,95,4.45,4.55166666666667,110.386306,9.05909470328684,166.00161885433,165.921926288173,165.953279,0.219682792515196,50.2441669476667,50.8421823507873,50.16,6,110.370775,2292672,1.53582666287156,None
50,50000,95,4.45,4.46666666666667,110.454951,9.05346470164112,161.895745154823,163.804211205597,163.837881,0.223801632539925,49.33654478,49.4402985074627,49.27,7,110.437114,2303992,1.54525655802503,None
50,50000,95,4.45,4.325,110.873522,9.01928595720085,166.037399623554,163.594733895954,163.632873,0.231188398041619,47.952798265,48.0732177263969,47.89,8,110.854948,2278683,1.52415554155397,None
50,50000,95,4.45,4.455,110.484705,9.05102656517027,161.737086540678,164.281230270857,164.314913,0.224422158814815,49.2209360775,49.2330714552937,49.16,7,110.46751,2279835,1.5251223833088,None
50,50000,95,4.45,4.36,110.567261,9.04426853804401,166.933198664534,164.592160777141,164.627582,0.229297870332951,48.207325796,47.8019877675841,48.15,8,110.553005,2280678,1.52581963808608,None
50,50000,95,4.45,4.565,110.417225,9.05655797815966,167.312683972972,166.310751015699,166.347228,0.218909434258489,50.4054632125,50.6024096385542,50.34,6,110.399573,2292453,1.53564509423224,None
60,50000,95,5.34,5.35666666666667,109.991284,9.0916294785685,186.450923135365,186.933397665837,186.963778,0.186632453660859,58.9186644626667,58.7118855009334,58.81,9,109.977094,2305200,1.54631435682007,None
60,50000,95,5.34,5.22166666666667,109.984784,9.09216678554372,190.134385879585,186.470603988509,186.501221,0.191482249724545,57.4303880453333,58.5541015001596,57.33,9,109.967729,2309146,1.54959530368467,None
60,50000,95,5.34,5.30166666666667,109.681988,9.11726727637358,194.134439977385,190.21635024049,190.245126,0.188394703464634,58.1497339713333,58.81798176674,58.05,7,109.669535,2298210,1.54048435349771,None
60,50000,95,5.34,5.12833333333333,110.03202,9.08826358000153,181.750412365788,181.01765120442,181.047053,0.194937145979526,56.42808759,57.5235619109522,56.34,7,110.015088,2308045,1.54867235894789,None
60,50000,95,5.34,5.25666666666667,109.801074,9.1073790407551,179.106440111479,182.157961308814,182.197878,0.19022342530818,57.718764566,57.4984147114775,57.6,7,109.787403,2319327,1.55808227585465,None
60,50000,95,5.34,5.28666666666667,109.685311,9.11699106182048,173.799672099343,178.760108715952,178.791389,0.189128107018285,57.9869677486667,57.8656998738966,57.88,5,109.667986,2315301,1.55472824137165,None
60,50000,95,5.34,5.20666666666667,110.196783,9.07467507467981,175.956450087072,179.083958100832,179.087401,0.191947323330026,57.375791682,57.8332533205313,57.26,6,110.181979,2316991,1.55613347048889,None
60,50000,95,5.34,5.42833333333333,109.929579,9.09673273650943,192.052280301496,191.861020828063,191.890296,0.18419801974148,59.6734398005,59.7328830211851,59.55,7,109.914845,2316501,1.55573737283133,None
60,50000,95,5.34,5.29666666666667,109.890894,9.09993506832331,190.609924033267,188.986744961296,189.018601,0.188788829232851,58.205543522,57.0956576463184,58.1,8,109.875233,2315266,1.55470025110756,None
70,50000,95,6.23,6.135,109.25673,9.15275425138571,203.427942382157,209.275207638685,209.299882,0.162946771721,67.029003855,66.6666666666667,66.87,9,109.242408,2331445,1.56823234273348,None
70,50000,95,6.23,6.21666666666667,109.456779,9.13602619349872,220.672900689288,222.078738950402,222.106438,0.160806220314477,68.045630945,68.1501340482574,67.9,9,109.438674,2328923,1.56613584732367,None
70,50000,95,6.23,6.14833333333333,109.464947,9.13534448612121,214.252316584343,217.409154540797,217.434033,0.162608678674167,67.3026982471667,65.8444022770399,67.16,10,109.450081,2333184,1.5696833479997,None
70,50000,95,6.23,6.26333333333333,109.233787,9.1546766569578,214.890157339701,219.895767943587,219.920172,0.159651559278872,68.4167619243333,67.3895689196381,68.26,8,109.219379,2338137,1.57381758316966,None
70,50000,95,6.23,6.20166666666667,109.500863,9.13234811674498,208.438042875113,214.32577037893,214.351392,0.161151890115292,67.9087852038333,66.5950013437248,67.75,10,109.482999,2333551,1.56999243099716,None
70,50000,95,6.23,6.26333333333333,109.278467,9.15093364184913,193.902467002451,206.194306820915,206.217987,0.159651984693986,68.4447464976667,66.0058541777541,68.3,8,109.262426,2334227,1.57055884746089,None
70,50000,95,6.23,6.26333333333333,109.444327,9.13706564251613,216.292169042392,219.961522843002,219.987056,0.159455560347259,68.5486301443333,68.4406599254923,68.39,10,109.428657,2327526,1.5649741052661,None
70,50000,95,6.23,6.35666666666667,109.197889,9.1576861893365,225.92914521033,227.35251443419,227.376682,0.157314046442842,69.4134581076667,69.3759832197168,69.25,9,109.182323,2338765,1.57434638479819,None
70,50000,95,6.23,6.21,109.203039,9.15725431414047,240.530268652279,234.406945884595,234.43245,0.161027609880301,67.815087219,68.894256575416,67.66,11,109.185076,2329156,1.56632875447268,None
80,50000,95,7.12,7.03333333333333,108.926782,9.18047868154225,308.567866849352,302.817064850474,302.838516,0.1421765668391,76.6118366733333,77.3696682464455,76.42,13,108.911544,2349983,1.58373558980279,None
80,50000,95,7.12,6.91833333333333,108.880342,9.1843943693711,250.870519600337,257.048392243315,257.069646,0.144542484571429,75.3270499403333,74.4278487111539,75.15,12,108.862243,2353489,1.58665094701167,None
80,50000,95,7.12,6.94166666666667,108.981095,9.17590339865827,301.085620322559,293.659252365186,293.680963,0.144000601611044,75.6510434458333,76.1824729891957,75.46,12,108.963076,2350903,1.58449718627529,None
80,50000,95,7.12,7.19,109.007894,9.17364755253413,321.671589668595,317.9195116414,317.94112,0.139067102325684,78.376675786,78.6856745479833,78.17,17,108.993925,2354217,1.58727422658487,None
80,50000,95,7.12,7.09333333333333,108.766878,9.19397539386945,274.717205961332,279.765201823073,279.787623,0.140960678980733,77.151972128,76.0455827067669,76.95,12,108.749769,2349373,1.5832300356694,None
80,50000,95,7.12,7.17,108.917831,9.18123314446098,273.850118040521,280.375191956532,280.39628,0.139440564718271,78.094084827,78.25430032543,77.9,11,108.901583,2353274,1.58648674899516,None
80,50000,95,7.12,6.965,108.792681,9.19179480465235,268.116640358323,270.48393251017,270.506612,0.143571660224456,75.7741023165,76.0708303421871,75.59,9,108.774979,2351961,1.58537974705138,None
80,50000,95,7.12,7.02333333333333,108.846624,9.18723946826316,293.718882681162,291.316010922876,291.339759,0.142365891554105,76.446612256,76.6373991457048,76.25,15,108.8277,2349476,1.58331207380743,None
90,50000,95,8.01,8.11166666666667,108.129967,9.24813007665119,509.555828768269,506.740170868708,506.759168,0.123275832917197,87.7114248981667,88.0521882062872,87.46,22,108.112047,2370602,1.60098242986545,None
90,50000,95,8.01,8.04166666666667,108.452081,9.22066216507178,475.721764342667,475.699917043109,475.718166,0.124344380391917,87.2135484708333,86.6632124352332,86.83,21,108.434334,2369491,1.60005290976376,None
90,50000,95,8.01,8.00833333333333,108.315975,9.23224852105149,451.285893877887,452.496347345057,452.517203,0.124855833158585,86.7430433125,86.1914672216441,86.51,21,108.297425,2370508,1.6008988555738,None
90,50000,95,8.01,8.095,108.370542,9.22759987672665,529.523622038733,524.020626858143,524.040519,0.123514046389335,87.725953749,88.4393658637019,87.33,21,108.352752,2370793,1.60114092060632,None
90,50000,95,8.01,8.05166666666667,108.536484,9.21349175084758,426.632987355133,433.624118846616,433.641914,0.124194636283378,87.389959034,86.5969778513765,87.14,17,108.521627,2370782,1.60113070721245,None
90,50000,95,8.01,7.98333333333333,108.519228,9.21495681852805,476.240079148888,473.294453953445,473.313798,0.125241219993111,86.63451702,87.4217118997912,86.39,27,108.504616,2365357,1.59660466411234,None
90,50000,95,8.01,7.93333333333333,108.451089,9.22074650628912,505.035837864558,494.985015798319,495.004302,0.126031148383824,86.03786394,85.6617647058824,85.8,27,108.432924,2370849,1.60117918740408,None
90,50000,95,8.01,7.88166666666667,108.513605,9.21543432272847,426.213479401493,425.147416161768,425.166631,0.126831423712836,85.5268063408333,85.6523577923451,85.29,17,108.49729,2364875,1.59619686885427,None
90,50000,95,8.01,8.12833333333333,108.225259,9.23998712721953,461.683432534673,466.614943315358,466.63318,0.123018433212016,87.9690980238333,87.8921468115645,87.71,17,108.205977,2370043,1.60051785707902,None
100,50000,95,8.9,8.84333333333333,107.98203,9.26080015350702,1065.24073835436,1073.70381638805,1073.721714,0.113063843317565,95.49210853,95.5427817565021,95.05,31,107.962839,2380021,1.60887539434337,None
100,50000,95,8.9,8.86,108.261493,9.23689459926439,1194.25236986346,1203.20477799323,1203.222156,0.112862324252069,95.919682798,95.7957110609481,95.63,36,108.247259,2380999,1.60969381211001,None
100,50000,95,8.9,8.94,108.155343,9.24596022963008,1561.43909099857,1567.13371764392,1567.15026,0.111801119852535,96.690876642,96.5137956748695,96.4,48,108.13997,2381185,1.60985310490167,None
100,50000,95,8.9,8.85833333333333,108.148546,9.24654132659352,1161.91860130676,1170.12857155315,1170.144574,0.112881432172342,95.8015869983333,96.0583254938852,95.51,34,108.130381,2382197,1.61069174823563,None
100,50000,95,8.9,8.86333333333333,108.219597,9.24047055913542,972.553283242915,987.914168888868,987.931646,0.112804233540617,95.918636141,95.6092515983452,95.47,31,108.200933,2382730,1.61113581194213,None
100,50000,95,8.9,8.93166666666667,108.101646,9.25055294717714,1386.53034566354,1395.364696688,1395.381623,0.111940421774958,96.552786819,96.5758537040493,96.1,38,108.083024,2384394,1.61252633020413,None
100,50000,95,8.9,9.055,107.92397,9.26578219833833,1402.95470254939,1426.60692602466,1426.624219,0.11043014277471,97.725154835,97.5059819620836,97.27,37,107.906075,2383448,1.61174425234938,None
100,50000,95,8.9,8.925,108.066087,9.2535968291329,1508.17974248523,1512.80848856433,1512.825652,0.112027849554995,96.4489826475,95.9943977591036,95.84,55,108.048095,2384256,1.61240986201399,None
10,60000,75,0.89,0.883333333333333,120.247128,8.31620693676775,119.615521537914,127.541862756604,127.714298,1.13122607290377,10.62182964,10.188679245283,10.69,2,120.22072,1976324,1.27198565570864,None
10,60000,75,0.89,0.855,120.631415,8.28971458222553,136.794227283609,128.532556132554,128.722952,1.16675835432749,10.3139859825,10.7212475633528,10.39,2,120.605001,1951362,1.25118201284004,None
10,60000,75,0.89,0.861666666666667,119.944578,8.33718386169986,127.827768900849,126.247168005803,126.278663,1.16008164654545,10.335224471,10.4347826086956,10.41,2,119.91953,1935259,1.23776254796426,None
10,60000,75,0.89,0.898333333333333,119.851727,8.34364280791715,123.915310769273,127.628598083488,127.800585,1.1095985526846,10.7666801421667,10.7606679035251,10.84,2,119.822259,1947064,1.24760227430707,None
10,60000,75,0.89,0.815,120.673585,8.28681769916755,122.950305493871,126.999776711656,127.186757,1.22365566522699,9.8348971775,9.20245398773007,9.93,2,120.646788,1928288,1.23195106679687,None
10,60000,75,0.89,0.941666666666667,119.305054,8.38187458512864,137.207298927089,127.507484012389,127.67435,1.05753816107434,11.2345592516667,11.858407079646,11.31,3,119.275882,1952407,1.25205703641002,None
10,60000,75,0.89,0.858333333333333,120.805657,8.27775805234021,151.569422188708,129.36723311068,129.548662,1.16089426430097,10.3691522258333,11.8446601941748,10.46,2,120.778458,1951121,1.25098149039847,None
10,60000,75,0.89,0.858333333333333,120.174316,8.32124561457874,140.122230278832,128.615188671845,128.639798,1.16499930465243,10.3149621233333,11.3482056256062,10.39,2,120.143249,1958387,1.25703634875526,None
20,60000,75,1.78,1.76666666666667,114.839618,8.70779629378426,128.426486294055,129.500438962264,129.587746,0.566012007959434,20.2883325133333,19.8584905660377,20.34,3,114.822223,2143661,1.41148527108898,None
20,60000,75,1.78,1.75833333333333,114.745337,8.71495109208664,125.064576267379,129.224666144076,129.311565,0.568001790425592,20.1760550891667,19.5260663507109,20.22,3,114.727016,2141560,1.40973374276165,None
20,60000,75,1.78,1.80333333333333,114.900576,8.70317656196954,130.175856991059,129.541857028651,129.632495,0.553834868154344,20.720403872,20.6099815157117,20.77,3,114.879246,2131628,1.40145932897132,None
20,60000,75,1.78,1.76333333333333,114.93649,8.70045709591445,130.788554929406,129.830027481096,129.919644,0.566478298102079,20.2671344033333,20.132325141777,20.31,4,114.91347,2131655,1.40147955654716,None
20,60000,75,1.78,1.79,114.837901,8.70792648848571,120.418630296599,129.427790846369,129.519267,0.558525203289572,20.555984279,20.0651769087523,20.59,2,114.814454,2141475,1.40966474273349,None
20,60000,75,1.78,1.75333333333333,114.727874,8.71627761532476,131.679958093621,129.979672346008,129.992491,0.569820298674905,20.1156205746667,20.1425178147268,20.17,3,114.710363,2124339,1.39538185570678,None
30,60000,75,2.67,2.66166666666667,112.409798,8.89602167953366,135.037164627321,136.588544134001,136.648102,0.375225000251096,29.9197412343333,29.7432686286788,29.93,3,112.392878,2224966,1.47929274965122,None
30,60000,75,2.67,2.65833333333333,112.740883,8.86989682349747,134.19679444974,136.68300343511,136.741572,0.376051975728527,29.9702847308333,30.7210031347963,29.97,4,112.721625,2224694,1.47906627045203,None
30,60000,75,2.67,2.685,112.597604,8.88118365289549,135.12779344058,136.550402717567,136.605123,0.372394691436996,30.232456674,30.8193668528864,30.24,3,112.582654,2211092,1.46773170950015,None
30,60000,75,2.67,2.64666666666667,112.416501,8.89549124109458,132.884226154598,136.432638624685,136.488833,0.377774934702771,29.752900598,29.2506297229219,29.77,4,112.398801,2240055,1.49186713244148,None
30,60000,75,2.67,2.685,112.134666,8.91784883008436,138.017609382423,136.681182539417,136.740728,0.372043235189944,30.108157821,30.2296710117939,30.12,3,112.117929,2231627,1.48484502846089,None
30,60000,75,2.67,2.63,112.775228,8.86719555113646,140.477188721344,136.806742574145,136.868172,0.380197088861217,29.659884964,30.7984790874525,29.67,4,112.757981,2224079,1.47855218055535,None
30,60000,75,2.67,2.67333333333333,112.719555,8.87157512287908,138.525257927501,137.124620353491,137.184639,0.373926985098504,30.13369437,30.4239401496259,30.14,3,112.701848,2237720,1.48992305778602,None
40,60000,75,3.56,3.605,111.427101,8.97447740294347,155.047408726899,150.367316357836,150.408317,0.276794111016181,40.1694699105,42.4872861766066,40.14,5,111.407026,2273174,1.51952324595151,None
40,60000,75,3.56,3.44666666666667,111.533847,8.96588817563156,140.367729311719,144.368400826886,144.411243,0.290131819526112,38.441999266,38.4671179883946,38.41,4,111.516886,2264758,1.5125000441586,None
40,60000,75,3.56,3.44,111.698959,8.95263491220182,136.546218676762,143.471605879845,143.519788,0.290689157919574,38.424441896,37.5242248062015,38.39,4,111.679873,2262867,1.51092393746055,None
40,60000,75,3.56,3.70666666666667,111.386891,8.97771713549308,160.366311267533,153.884298855216,153.926544,0.269783770535072,41.2874075973333,41.6591726618705,41.26,6,111.373729,2287595,1.53154802921867,None
40,60000,75,3.56,3.65666666666667,111.003633,9.00871415622946,157.178482128686,151.780350800365,151.821768,0.273266021203737,40.590328467,41.9325432999088,40.56,6,110.988808,2285619,1.52989746357721,None
40,60000,75,3.56,3.46,111.370567,8.97903303302748,144.787107264972,146.873747952312,146.923968,0.288492917415703,38.534216182,37.52408477842,38.52,5,111.355617,2249983,1.50018680212063,None
40,60000,75,3.56,3.455,111.648557,8.95667643962474,142.414043700168,145.212863313073,145.258503,0.289275733959961,38.5745764435,38.205499276411,38.56,5,111.631873,2263111,1.51112818462335,None
40,60000,75,3.56,3.62333333333333,111.356758,8.98014649456659,161.861050856954,153.868789336247,153.912494,0.275825990796228,40.3482653153333,41.8123275068997,40.31,5,111.338608,2283906,1.52846847848901,None
40,60000,75,3.56,3.56166666666667,111.423078,8.97480143206958,140.712175281912,146.294544694432,146.3378,0.280667549357043,39.685186281,38.3247543284979,39.66,4,111.404995,2267975,1.51518773773684,None
40,60000,75,3.56,3.48166666666667,111.415071,8.9754464187345,144.228092121741,145.827223963619,145.871545,0.287192082348971,38.7910138865,38.5112494016276,38.77,5,111.40085,2268707,1.51579312305304,None
50,60000,75,4.45,4.435,110.408076,9.05730845268964,168.622132629357,165.693166478767,165.728071,0.2253594443882,48.965981706,48.9289740698985,48.89,8,110.392104,2304475,1.54565708263304,None
50,60000,75,4.45,4.53166666666667,110.184004,9.07572754390011,162.235402026333,164.854420109599,164.890724,0.220555562802869,49.9317178126667,47.4439132033836,49.85,7,110.16928,2313591,1.5532599329072,None
50,60000,75,4.45,4.32666666666667,110.462561,9.05284098926513,163.906306015418,162.060368092835,162.097936,0.230936794159861,47.7934680593333,48.1124807395994,47.74,6,110.449891,2312225,1.55211012873084,None
50,60000,75,4.45,4.30666666666667,110.740961,9.03008237394653,167.723619511354,164.401356832043,164.440091,0.232009343676084,47.6924405373333,47.7554179566563,47.61,6,110.728265,2294703,1.53750583066405,None
50,60000,75,4.45,4.47333333333333,110.465779,9.05257726920117,166.993898823075,166.339034071163,166.375148,0.22351358826155,49.4150251393333,49.3852459016393,49.34,7,110.452255,2301856,1.54347668762085,None
50,60000,75,4.45,4.37333333333333,110.429194,9.05557637231328,165.742582540155,163.781335027058,163.819246,0.228530791427973,48.2943675093333,49.4664634146341,48.23,5,110.416095,2294636,1.53745328882978,None
50,60000,75,4.45,4.38833333333333,110.304206,9.06583743506571,159.764847377403,162.074488484998,162.111185,0.227839283099127,48.4051623996667,47.5693125712115,48.33,7,110.288624,2290540,1.53404002854771,None
50,60000,75,4.45,4.32666666666667,110.572435,9.04384533089101,166.31014646214,164.166156989985,164.202813,0.231064431328582,47.8410068766667,47.9198767334361,47.77,6,110.557929,2288308,1.53217680698225,None
50,60000,75,4.45,4.305,110.182801,9.07582663468503,166.369674315625,162.713259576849,162.751443,0.23207140424158,47.4336958305,48.625629113434,47.37,7,110.166117,2314168,1.55372752503313,None
60,60000,75,5.34,5.275,109.413428,9.13964600396215,182.805118183928,183.546262358294,183.575177,0.189487901758294,57.71558327,57.914691943128,57.6,7,109.399342,2334971,1.57112103197807,None
60,60000,75,5.34,5.15166666666667,109.9117,9.0982124741952,185.728261498694,184.41789985571,184.450042,0.194076216463604,56.6228441166667,57.8938854739566,56.51,6,109.891512,2332543,1.56909147887309,None
60,60000,75,5.34,5.46333333333333,109.457412,9.13597335920933,193.228955139762,191.798851544234,191.827004,0.183008236084503,59.800232756,59.8840756558877,59.68,7,109.441723,2330005,1.56699327322316,None
60,60000,75,5.34,5.465,109.351741,9.14480181893035,202.59786207776,196.66565868283,196.696773,0.182961087405612,59.7607264565,62.0158584934431,59.64,8,109.336576,2336796,1.57265316292622,None
60,60000,75,5.34,5.29166666666667,109.668536,9.1183856051475,200.999441998884,193.563385498583,193.59069,0.188922730702992,58.0329336333333,59.4803149606299,57.92,11,109.652015,2327198,1.56464422061165,None
60,60000,75,5.34,5.325,109.821272,9.10570403883138,181.974475963764,184.730892004382,184.758665,0.18763270403975,58.47982734,58.1846635367762,58.37,6,109.804815,2328584,1.56580183654132,None
60,60000,75,5.34,5.24666666666667,109.708231,9.11508636029324,187.509384551051,185.982293829416,186.011731,0.190553604760801,57.5602518646667,57.9733163913596,57.46,7,109.68917,2321840,1.56017602442146,None
60,60000,75,5.34,5.23666666666667,109.848123,9.1034782633473,189.137862782669,186.211278753024,186.244277,0.190934517798218,57.523800411,58.1476766390834,57.43,8,109.825608,2320120,1.55874230052168,None
60,60000,75,5.34,5.29166666666667,109.752431,9.11141549110653,192.011904023808,188.866931644409,188.894776,0.188932611355591,58.0773280708333,58.7716535433071,57.98,10,109.733589,2333465,1.56986788695022,None
60,60000,75,5.34,5.47,109.481299,9.13398004165077,180.698664367271,185.053825651432,185.082395,0.182780171464351,59.886270553,59.7653869591712,59.76,7,109.464437,2328969,1.56613022855488,None
70,60000,75,6.23,6.01833333333333,109.029705,9.17181239736455,196.252550266996,202.105655373581,202.132481,0.166105952843534,65.6177107925,64.4142896704514,65.46,8,109.016134,2348316,1.58228644755062,None
70,60000,75,6.23,6.38833333333333,108.685892,9.20082617530525,229.432716242275,230.915704844769,230.941073,0.156522858338638,69.4321706726667,68.6277067571093,69.26,8,108.672701,2355929,1.58865252890145,None
70,60000,75,6.23,6.01166666666667,109.049245,9.17016894523204,209.577701738042,210.923910896036,210.949161,0.166220668497921,65.5567711191667,65.1372331577488,65.41,8,109.033037,2345597,1.58001992955574,None
70,60000,75,6.23,6.20166666666667,109.044143,9.17059800268227,222.131685608697,223.037067944907,223.061478,0.161210425135179,67.6255426838333,67.159365761892,67.48,9,109.029978,2348359,1.58233328706312,None
70,60000,75,6.23,6.135,109.022363,9.17243006372922,227.782615501484,224.236875862266,224.264184,0.16294544933605,66.8852197005,67.7397446346102,66.73,11,109.007855,2351288,1.58477048958144,None
70,60000,75,6.23,6.11833333333333,109.020479,9.17258857393206,213.286479516061,215.225148619995,215.24862,0.163440286207573,66.7023630681667,66.9436120947971,66.55,11,109.004884,2346262,1.58058039926598,None
70,60000,75,6.23,6.20833333333333,108.908476,9.1820217923167,205.742083689924,210.800715033289,210.826918,0.161060701791141,67.6140121833333,67.5973154362416,67.46,7,108.894025,2354502,1.58745330574835,None
70,60000,75,6.23,6.01166666666667,109.343552,9.14548669499963,224.035311925053,221.372613800388,221.396302,0.166275979039368,65.7336986773333,66.0382589409482,65.6,11,109.323396,2340302,1.57560765752019,None
70,60000,75,6.23,6.16833333333333,108.986452,9.17545237641097,205.374727658189,211.00234656147,211.02883,0.162073323090786,67.2264764753333,66.6171305052689,67.07,8,108.970481,2350455,1.58407804710089,None
70,60000,75,6.23,6.33666666666667,108.911969,9.1817273085936,216.648620109408,221.635940361652,221.658977,0.15771096891899,69.0138843563333,68.8716465018411,68.85,9,108.898452,2358412,1.59071985217781,None
80,60000,75,7.12,6.94833333333333,108.507618,9.21594279214571,276.325948282107,276.32365776781,276.346534,0.143914609636604,75.394709907,75.1379227632526,75.21,11,108.493535,2368294,1.59899135639339,None
80,60000,75,7.12,7.11,108.424311,9.22302379214566,276.892552436002,280.164522233005,280.188581,0.140628727473746,77.089685121,77.1097046413502,76.9,12,108.408007,2369950,1.60038093248414,None
80,60000,75,7.12,6.89333333333333,108.721385,9.19782248910828,271.405669518761,272.21556030972,272.237273,0.145059020347679,74.9452747266667,74.2625725338491,74.75,15,108.702727,2370603,1.60091339714462,None
80,60000,75,7.12,7.08833333333333,108.745461,9.19578611193712,303.994406233165,300.911506988244,300.914054,0.141072124526452,77.0824076055,76.8426002115905,76.88,12,108.726647,2368153,1.59888300222552,None
80,60000,75,7.12,7.17666666666667,108.570037,9.2106443695879,295.054870023336,296.016740696238,296.037163,0.139280326038551,77.9170965536667,78.2396655829076,77.72,11,108.556438,2371787,1.60191660313503,None
80,60000,75,7.12,7.255,108.645643,9.20423472481082,338.526168332462,331.760176475764,331.782971,0.137825980586492,78.8224139965,79.2212267401792,78.61,21,108.628087,2373803,1.60360186534362,None
80,60000,75,7.12,7.32,108.263507,9.23672276753422,293.813038245146,300.01342663388,300.015192,0.136549207528006,79.248887124,77.9510529311326,79.03,15,108.250013,2375626,1.60512367791978,None
80,60000,75,7.12,7.28166666666667,108.524087,9.21454423293144,332.719322725746,327.565711494163,327.58658,0.137308478739071,79.0236226838333,80.0068665598535,78.82,13,108.507167,2368823,1.59945211107841,None
80,60000,75,7.12,7.08333333333333,108.342473,9.22999053196801,306.817993079585,302.329906951059,302.353618,0.141150655404706,76.7425850416667,76.5294117647059,76.54,13,108.328143,2368586,1.59924204537603,None
80,60000,75,7.12,7.15833333333333,108.357399,9.22871912050971,285.476926496278,287.108316005588,287.130657,0.139678181573458,77.5658381175,77.8463329452852,77.36,11,108.342137,2372967,1.60289816824846,None
90,60000,75,8.01,8.11333333333333,108.323379,9.23161748859404,544.29966733937,538.241947811627,538.259938,0.123191690908176,87.886368162,88.4860312243221,87.49,27,108.305721,2382314,1.61074497080753,None
90,60000,75,8.01,7.865,108.224228,9.24007515211843,408.151058327328,409.512889554779,409.531973,0.127101009176097,85.118355322,85.0392032210214,84.89,23,108.207667,2381125,1.60973954074927,None
90,60000,75,8.01,7.92666666666667,108.370358,9.22761554409556,507.835350822404,498.617660678722,498.636845,0.126137644953953,85.9015704413333,86.553826745164,85.66,20,108.355693,2379063,1.60802504928398,None
90,60000,75,8.01,7.965,108.081942,9.25223937963661,419.298860217994,422.24688753777,422.265023,0.125527784545721,86.087266803,85.8547813350073,85.83,16,108.065586,2379522,1.60840857845201,None
90,60000,75,8.01,8.15666666666667,108.267399,9.23639072552209,519.405345093673,519.572452419698,519.591302,0.122541203045975,88.310108451,88.5676338373519,88.06,19,108.248297,2383288,1.61155998509972,None
90,60000,75,8.01,8.09166666666667,107.946334,9.26386254117717,436.680203767125,442.581026147271,442.600443,0.12350707275551,87.3465752616667,88.1153450051493,87.11,19,107.927847,2381074,1.60970928784513,None
90,60000,75,8.01,7.89666666666667,108.37057,9.22759749256648,418.060885993827,420.298124621148,420.317726,0.126620473722879,85.5766267766667,85.2997045166737,85.34,16,108.35501,2380683,1.60937360455777,None
90,60000,75,8.01,8.17,108.187711,9.24319398901045,409.357557452882,422.220145052428,422.238099,0.122380272824561,88.389359887,88.2802937576499,88.13,15,108.16792,2382208,1.61066015124111,None
90,60000,75,8.01,7.94,108.253853,9.23754649176321,463.766345830505,460.360587257347,460.3792,0.12593986747817,85.953559282,87.0382031905961,85.72,22,108.237961,2379959,1.60877222504041,None
90,60000,75,8.01,7.72333333333333,108.349882,9.22935938222803,385.70908872124,386.189415633794,386.20908,0.129475656886491,83.6822255313333,83.480794130341,83.32,14,108.333975,2378969,1.60793378901862,None
100,60000,75,8.9,8.775,107.968491,9.26196143650836,885.155152961421,897.052373723647,897.070715,0.113863781794302,94.7423508525,94.7008547008547,94.47,28,107.950241,2385580,1.61350591118256,None
100,60000,75,8.9,8.815,108.00785,9.25858629719969,1112.98109379938,1117.77124680639,1117.788791,0.113440814096805,95.208919775,94.9423331442617,94.77,40,107.990936,2386038,1.61388933800003,None
100,60000,75,8.9,8.92166666666667,107.860791,9.27120959088832,1032.71344585438,1051.51450591762,1051.53409,0.112079303762189,96.2298023705,96.0302634036989,95.78,33,107.845262,2387789,1.61535448162414,None
100,60000,75,8.9,8.775,108.058669,9.25423206906241,1095.61881261786,1096.00114461785,1096.018539,0.113926078414435,94.8214820475,95.0712250712251,94.55,30,108.041436,2385518,1.6134546734573,None
100,60000,75,8.9,8.88333333333333,108.054193,9.25461541321215,1093.5059083597,1105.46803189231,1105.485802,0.112562300372796,95.9881414483333,95.8255159474672,95.54,45,108.040646,2386501,1.61427953411716,None
100,60000,75,8.9,8.79333333333333,108.236469,9.23903014611462,1242.68146601746,1238.67663165959,1238.695433,0.113698343454701,95.175935074,94.6076573161486,94.58,50,108.220705,2387282,1.61492522626977,None
100,60000,75,8.9,8.795,107.912686,9.26675108429791,1215.08346635614,1211.12615144741,1211.143132,0.113698385325943,94.909207337,94.608679173773,94.47,43,107.894649,2387564,1.61515967912486,None
100,60000,75,8.9,8.995,108.109816,9.24985387080855,1783.66854622362,1787.96905480434,1787.986292,0.111161654240689,97.244779492,96.396146007041,96.31,67,108.092381,2387142,1.61481810497255,None
100,60000,75,8.9,8.94666666666667,108.079995,9.25240605349769,1675.37357770616,1678.15488654359,1678.171907,0.111772716726155,96.69556886,96.7306259314456,96.24,50,108.062067,2387888,1.61543955064631,None
10,60000,80,0.89,0.865,120.227478,8.31756613908178,119.170926748861,127.830138418112,128.012598,1.15597381994412,10.399676847,9.53757225433526,10.46,3,120.199508,1912283,1.21861554839688,None
10,60000,80,0.89,0.9,120.158094,8.32236902825706,127.572016460905,129.390687492593,129.566877,1.10926192443333,10.81422846,10.7407407407407,10.88,2,120.131884,1963983,1.26170204840928,None
10,60000,80,0.89,0.925,119.943967,8.33722633169203,149.987825663501,129.937996282883,130.094604,1.07901494547207,11.0948169475,12.972972972973,11.17,2,119.919931,1953674,1.2531122687464,None
10,60000,80,0.89,0.85,120.647728,8.28859371475276,118.800461361015,128.176597015686,128.364646,1.17641244660784,10.25505688,9.70588235294117,10.34,2,120.621945,1936379,1.23869559402778,None
10,60000,80,0.89,0.886666666666667,119.976022,8.33499880501122,108.118039459551,125.421330530075,125.6009,1.12234294794549,10.6378739506667,9.3984962406015,10.72,2,119.95077,1953475,1.25294439188666,None
10,60000,80,0.89,0.89,120.690047,8.28568738563835,126.246686024492,128.774366374532,128.942162,1.12126607476217,10.741414183,10.6741573033708,10.83,2,120.652682,1971149,1.2676736673287,None
10,60000,80,0.89,0.896666666666667,120.093545,8.32684221287664,99.5011124777159,127.315870048327,127.496013,1.11199007306692,10.7683878683333,7.62081784386616,10.84,3,120.067653,1976494,1.27212801405309,None
10,60000,80,0.89,0.89,120.280185,8.31392136618347,143.079577494424,130.208305810861,130.373311,1.12084192054869,10.704936465,11.9850187265918,10.79,2,120.254279,1955062,1.25426724867325,None
20,60000,80,1.78,1.825,114.670456,8.72064204575937,124.544368931432,129.849348195434,129.858577,0.547148001009132,20.92735822,20.3560018256504,20.96,3,114.653353,2138780,1.4074206157082,None
20,60000,80,1.78,1.89333333333333,114.563636,8.72877323830749,130.879909740131,131.378153660211,131.458029,0.528050243577465,21.6907150826667,20.818661971831,21.74,3,114.542432,2169264,1.43282935409364,None
20,60000,80,1.78,1.74666666666667,114.715137,8.71724539717893,134.935318454636,129.843217366412,129.931871,0.571378895413168,20.036910596,20.706106870229,20.08,3,114.69616,2160496,1.4255139292313,None
20,60000,80,1.78,1.86,114.665891,8.72098922599398,132.722472732879,129.957848904122,130.037301,0.537595872709678,21.327855726,22.7150537634409,21.37,3,114.648573,2142943,1.41089202201724,None
20,60000,80,1.78,1.85166666666667,114.839696,8.7077903793824,137.079414512108,130.87975160306,130.969181,0.53901497010081,21.2644837093333,22.5922592259226,21.3,2,114.819339,2168397,1.43210459803382,None
20,60000,80,1.78,1.78333333333333,114.779112,8.71238662309916,132.06393571491,130.820392456075,130.91072,0.560033836542056,20.46894164,20.7476635514019,20.51,2,114.759524,2161755,1.42656530996923,None
20,60000,80,1.78,1.835,114.936681,8.70044263762932,124.731789529954,130.732016633061,130.825192,0.544468969891916,21.0908809635,20.4359673024523,21.13,3,114.915907,2150000,1.41677200854395,None
20,60000,80,1.78,1.80666666666667,114.971839,8.69778207166018,130.717174330415,130.920589530443,131.005597,0.552826244928044,20.7715789126667,21.2177121771218,20.82,3,114.954056,2140245,1.4086408254518,None
30,60000,80,2.67,2.615,113.137178,8.83882749841966,135.634612783288,137.0580427884,137.115445,0.382340441426386,29.585372047,28.9674952198853,29.59,5,113.120416,2221001,1.47598655678837,None
30,60000,80,2.67,2.7,112.646578,8.87732248732847,133.173296753544,136.922764396296,136.980124,0.37032328712037,30.41457606,30.462962962963,30.42,3,112.631373,2219429,1.47468072044833,None
30,60000,80,2.67,2.57333333333333,112.390651,8.8975372159736,137.92316572257,136.168738187824,136.233766,0.388003561452073,28.9218608573333,29.6632124352332,28.92,3,112.372358,2215614,1.47149357833456,None
30,60000,80,2.67,2.57,112.58205,8.88241065072096,143.201764346672,136.327817007134,136.384637,0.388191612502594,28.93358685,30.3177691309987,28.95,3,112.566423,2212836,1.46917854597646,None
30,60000,80,2.67,2.63666666666667,112.410687,8.89595132533973,132.335806904797,135.961822434893,136.022489,0.379097394481669,29.638951139,28.8242730720607,29.64,3,112.395707,2229461,1.48303739574015,None
30,60000,80,2.67,2.56666666666667,112.863855,8.86023253414479,132.821723730815,135.768164838961,135.824441,0.389025458459091,28.96838945,28.7662337662338,28.98,3,112.84253,2208226,1.46533672345701,None
30,60000,80,2.67,2.71666666666667,112.145396,8.91699557599315,140.464451051978,137.952097896933,138.011673,0.367795111100614,30.4661659133333,30.3067484662577,30.47,4,112.130993,2221267,1.47621277429717,None
30,60000,80,2.67,2.78666666666667,112.574558,8.8830017880239,144.65671573453,140.140940369019,140.195574,0.358492116967703,31.3707768293333,31.5191387559809,31.38,4,112.554794,2213752,1.46995441458754,None
30,60000,80,2.67,2.64166666666667,112.917861,8.85599488994925,121.565544487456,133.582818678864,133.638472,0.378522019083912,29.8291349475,27.8233438485804,29.85,3,112.887943,2212491,1.46889564010652,None
40,60000,80,3.56,3.595,111.432207,8.97406617819209,143.595616174786,147.256224306908,147.298955,0.27814654550255,40.0598784165,39.6615669911915,40.03,5,111.415798,2269136,1.51615729132451,None
40,60000,80,3.56,3.51333333333333,111.332367,8.98211388966517,145.690583266422,145.598422818786,145.641264,0.284354774374289,39.114771606,39.753320683112,39.1,4,111.315403,2272438,1.51890436401386,None
40,60000,80,3.56,3.47166666666667,110.800932,9.02519484222389,143.331622449894,145.661930928469,145.707968,0.288019960581373,38.466390226,39.1982717234758,38.44,4,110.786522,2265721,1.51330278754081,None
40,60000,80,3.56,3.39166666666667,111.240294,8.9895483375835,152.563553054954,147.37434802801,147.423773,0.294474368889435,37.728999715,38.3783783783784,37.7,5,111.223953,2254519,1.50396292050019,None
40,60000,80,3.56,3.48666666666667,111.172216,8.99505322444953,138.467950381861,143.935871127629,143.982423,0.286682672770555,38.7620459786667,37.9541108986616,38.74,4,111.155385,2280055,1.52525065129337,None
40,60000,80,3.56,3.55666666666667,111.510043,8.96780211985032,145.060690090111,147.513991336926,147.558115,0.281013761075445,39.6604052936667,40.0656044985942,39.63,4,111.495358,2277251,1.52291843237627,None
40,60000,80,3.56,3.57166666666667,111.064703,9.00376062771266,146.588454221266,147.129788265049,147.175056,0.279912380334111,39.6686097548333,39.6873541763883,39.64,6,111.049094,2274599,1.52070824141675,None
50,60000,80,4.45,4.46333333333333,110.264908,9.06906846555388,174.687005172007,168.252754709485,168.291363,0.223953025817028,49.2149039373333,50.2987303958178,49.16,6,110.254769,2286190,1.53041894106229,None
50,60000,80,4.45,4.60333333333333,110.224191,9.0724185945715,162.178232461759,165.024829600652,165.056807,0.217175668277335,50.739869257,50.1448225923244,50.66,7,110.212403,2313646,1.55331011815085,None
50,60000,80,4.45,4.25666666666667,110.663987,9.03636338350976,160.05111824221,159.914065394675,159.954079,0.234834738919342,47.1059704663333,47.5332811276429,47.05,5,110.64803,2304256,1.54546472649006,None
50,60000,80,4.45,4.48833333333333,110.297728,9.06636988932356,152.43547208597,159.357759030821,159.393189,0.222788702916821,49.5052969173333,48.8117341255106,49.44,5,110.285657,2311417,1.5514458174616,None
50,60000,80,4.45,4.55,110.346957,9.06232511694908,165.157187135209,165.136760235165,165.182189,0.219752333791209,50.207865435,51.3736263736264,50.15,7,110.330545,2311002,1.55110374126389,None
50,60000,80,4.45,4.23166666666667,110.597151,9.04182423288643,153.075693138603,156.031271547066,156.035641,0.236234681259157,46.8010277315,46.3083284111046,46.74,5,110.586211,2294809,1.53758954625495,None
50,60000,80,4.45,4.47666666666667,110.335244,9.06328715781877,157.929841116537,161.507202446761,161.545963,0.223322850489203,49.3934108973333,49.0134028294862,49.32,6,110.324712,2296048,1.53863591664877,None
50,60000,80,4.45,4.36166666666667,110.2357,9.07147140173283,159.008534334089,159.607799948032,159.644735,0.229204426231945,48.0811378166667,48.4524264424914,48.02,7,110.225462,2306343,1.54720930835474,None
50,60000,80,4.45,4.46333333333333,110.544454,9.04613450802335,169.207120670682,165.65512651531,165.690206,0.224011360353622,49.3396746353333,50.2053771471247,49.28,6,110.529305,2304980,1.54608005768248,None
50,60000,80,4.45,4.46666666666667,110.126757,9.0804453635187,175.136444642459,168.38783960597,168.422182,0.223858151153731,49.18995146,51.3992537313433,49.14,6,110.116642,2319255,1.5579767693219,None
60,60000,80,5.34,5.41666666666667,109.585525,9.12529277931552,179.588165680473,183.933005267692,183.961377,0.184519985665846,59.3588260416667,57.8615384615385,59.25,8,109.574024,2331198,1.56798528058505,None
60,60000,80,5.34,5.38166666666667,109.77739,9.10934391863388,180.867085902083,185.060934593682,185.092427,0.185706589105296,59.0785320516667,58.4081759058532,58.96,6,109.76263,2327243,1.56468733892035,None
60,60000,80,5.34,5.44666666666667,109.564081,9.12707879145174,197.643706488047,194.243705275092,194.27018,0.183458596763464,59.6759027846667,59.9143206854345,59.56,8,109.54935,2331782,1.56847370363624,None
60,60000,80,5.34,5.33333333333333,110.015448,9.08963257596333,195.615234375,191.30778748,191.335402,0.187483741965313,58.6749056,60.109375,58.55,7,109.996635,2327509,1.56490682917315,None
60,60000,80,5.34,5.48166666666667,109.582274,9.12556350126481,201.811487123529,197.069521708726,197.097099,0.182418327882031,60.0693498643333,61.1584068105807,59.95,9,109.56351,2325236,1.56301990236783,None
60,60000,80,5.34,5.43166666666667,109.682496,9.11722504929137,186.817142247574,188.382251328935,188.411667,0.184030939821724,59.575875744,58.3307763117521,59.45,7,109.667265,2324085,1.56205788115542,None
60,60000,80,5.34,5.42333333333333,109.679952,9.11743652112466,190.366619836056,189.703396391518,189.7342,0.184370586510449,59.483093968,59.7264904732637,59.37,8,109.664361,2328770,1.56596226166555,None
60,60000,80,5.34,5.525,109.662922,9.11885240482649,187.492748578721,190.147127255505,190.176952,0.180983019075716,60.588764405,60.4675716440422,60.47,8,109.64467,2331091,1.56790269372206,None
70,60000,80,6.23,6.18,109.070752,9.16836073524092,226.921237384052,225.637933346548,225.662228,0.161794876350863,67.405724736,67.5970873786408,67.25,10,109.052815,2354945,1.58782139497657,None
70,60000,80,6.23,6.23,109.330612,9.146569123751,231.108729314223,229.390204830123,229.41401,0.160434919013109,68.112971276,67.7367576243981,67.96,9,109.317622,2349940,1.58365364998467,None
70,60000,80,6.23,6.315,109.065722,9.16878357069878,241.019394601241,236.707421278174,236.730853,0.158345454214832,68.875003443,69.688572182634,68.71,10,109.048713,2349931,1.58365023532957,None
70,60000,80,6.23,6.16833333333333,109.225969,9.15533191561798,203.753982233564,209.917787811673,209.946051,0.162083412448527,67.3742185448333,66.4279924344772,67.22,8,109.208571,2342067,1.57708755720102,None
70,60000,80,6.23,5.98333333333333,109.427259,9.1384908032833,220.529015137996,218.463605375766,218.490205,0.167051451142618,65.473976635,66.1281337047354,65.32,11,109.411183,2339261,1.57473848037306,None
70,60000,80,6.23,5.99,109.307032,9.14854224566266,220.177758701899,216.632669322482,216.657575,0.166937781126043,65.474912168,66.2214802448525,65.33,9,109.290243,2347675,1.58175147589525,None
70,60000,80,6.23,6.43166666666667,108.973166,9.17657104685754,260.779682566628,253.029840639285,253.053698,0.155463612063488,70.0879079323333,69.7978750971754,69.93,13,108.956428,2348517,1.58247832051244,None
70,60000,80,6.23,6.33166666666667,109.135813,9.16289504344463,236.987594787589,236.400524293235,236.427211,0.157879898325875,69.1011589311667,67.4782837588839,68.94,12,109.119894,2346664,1.58092846634752,None
70,60000,80,6.23,6.32666666666667,109.153659,9.1613969624234,224.329364502149,225.975763133035,226.000322,0.158008292548736,69.057881594,69.4415173867229,68.88,9,109.139486,2345181,1.57969206966457,None
80,60000,80,7.12,7.16166666666667,108.78983,9.19203568936545,291.905274685745,293.926024679777,293.946674,0.139624406762392,77.9116499183333,77.4377472655341,77.7,11,108.775377,2363540,1.59504250727349,None
80,60000,80,7.12,7.21333333333333,108.435059,9.22210961309109,314.54894578056,312.93144163378,312.953352,0.138610445064926,78.2178225586667,78.0383548983364,78.02,14,108.419333,2371034,1.60129061681694,None
80,60000,80,7.12,7.04666666666667,108.591065,9.20886078426434,308.089333711644,302.729421543283,302.751962,0.141855263833018,76.5205038033333,76.9512771996216,76.32,12,108.577471,2367782,1.59857069479111,None
80,60000,80,7.12,7.06166666666667,108.571784,9.21049616353361,281.030108395259,281.85602443427,281.879694,0.141500682366769,76.6697748013333,76.6816143497758,76.48,17,108.554082,2366255,1.59729880245594,None
80,60000,80,7.12,7.13333333333333,108.725345,9.19748748555362,308.722377500218,306.250515859813,306.271792,0.140110822886449,77.5574127666667,76.6471962616822,77.36,17,108.71056,2363929,1.59536488032468,None
80,60000,80,7.12,7.28666666666667,108.40234,9.22489311577592,301.359436955959,303.417271989479,303.439535,0.137185749845608,78.9891717466667,79.1971637694419,78.65,11,108.384489,2372620,1.60261603643727,None
80,60000,80,7.12,7.205,108.749024,9.1954848256845,296.350733123331,298.305078191534,298.326941,0.138773897868841,78.353671792,78.3599352301642,78.15,12,108.733655,2370094,1.60050782787597,None
80,60000,80,7.12,7.08166666666667,108.820024,9.18948519989299,291.94082796384,291.709226577548,291.731452,0.141188418173217,77.0627136626667,77.7241703930337,76.86,11,108.805733,2364657,1.59596893599956,None
80,60000,80,7.12,7.17333333333333,108.583808,9.20947624161422,289.920070894543,292.131608880809,292.153051,0.139372566745818,77.8907849386667,77.7300185873606,77.7,12,108.567822,2362096,1.5938389137737,None
80,60000,80,7.12,7.035,108.617576,9.20661311756764,285.185235699191,285.045231432836,285.067921,0.142139277264629,76.412464716,76.5339966832504,76.22,10,108.597448,2365300,1.59650137375089,None
90,60000,80,8.01,7.92333333333333,108.405134,9.22465535626754,414.999374350568,418.755415723812,418.775845,0.126171226570677,85.8930011726667,85.6647034076567,85.66,15,108.385974,2380991,1.60963209890604,None
90,60000,80,8.01,7.95833333333333,108.219411,9.2404864410138,449.671883994408,448.888940081466,448.909094,0.125637600682932,86.1246145875,86.4502617801047,85.88,19,108.199433,2381202,1.60980918888627,None
90,60000,80,8.01,7.96333333333333,108.302705,9.23337972029415,495.03523632191,488.416565140645,488.43592,0.1255236693581,86.2450540816667,86.6366680619506,86.01,23,108.282482,2379103,1.60806032139399,None
90,60000,80,8.01,8.03833333333333,108.171964,9.24453955555434,522.49379216467,515.346258091022,515.364485,0.124402038655401,86.9522303953333,87.611445158615,86.72,26,108.150341,2379904,1.60873189929378,None
90,60000,80,8.01,7.98333333333333,108.251709,9.23772944776327,437.079684973479,439.800818882672,439.820482,0.125241296108142,86.420947685,87.0668058455115,86.03,27,108.23523,2381014,1.60965331294549,None
90,60000,80,8.01,7.995,108.227342,9.23980928959708,481.669607190131,478.249506287054,478.269127,0.125068178850532,86.527759929,86.731290389827,86.28,28,108.205742,2379256,1.60818934150271,None
90,60000,80,8.01,7.96666666666667,108.384502,9.22641135537994,397.417332179763,405.141910799791,405.143511,0.125516712480753,86.3463199266667,85.7337098629851,86.11,19,108.365717,2381586,1.61013053551184,None
100,60000,80,8.9,9.05833333333333,107.991837,9.25995915783894,1799.34646220407,1815.66283930451,1815.68106,0.110392863413616,97.8226056825,97.6356945722171,97.36,47,107.974538,2387791,1.6153648968905,None
100,60000,80,8.9,9.05166666666667,108.125533,9.2485093229552,2363.85153785319,2371.52109945774,2371.536978,0.110448272702081,97.8716282871667,97.8641134229424,97.58,55,108.104872,2386803,1.61454255810159,None
100,60000,80,8.9,8.84166666666667,108.03797,9.25600508784088,1148.22411592215,1153.59102473459,1153.60828,0.113090567698775,95.5235718083333,95.5419415645617,94.92,42,108.015948,2386426,1.61421358664369,None
100,60000,80,8.9,8.775,108.022941,9.25729285596844,1033.38988049339,1038.58109815859,1038.599571,0.113937331146819,94.7901307275,94.985754985755,94.51,36,108.002545,2385450,1.61339777062699,None
100,60000,80,8.9,8.96666666666667,108.048316,9.25511879333686,1224.26790674535,1242.85890163773,1242.875477,0.111523830920818,96.8833233466667,97.2955390334573,96.58,39,108.027143,2387873,1.61542892987802,None
100,60000,80,8.9,8.67666666666667,108.014869,9.25798465764931,925.034930439463,924.989424279677,925.009406,0.115208543697272,93.7209013356667,93.4594698424894,93.45,35,107.995845,2384992,1.61301014145378,None
100,60000,80,8.9,8.92166666666667,107.93949,9.26444992467539,1569.27634224568,1568.22802031422,1568.24497,0.112078074354194,96.300014995,95.8247711563609,95.54,66,107.91795,2385585,1.61351599785497,None
100,60000,80,8.9,8.91833333333333,108.014032,9.25805639770951,1295.93264825683,1304.45544318483,1304.472479,0.112120567556345,96.3305142053333,96.4025415810129,96.05,48,107.99339,2385432,1.61339128494164,None
100,60000,80,8.9,8.95833333333333,107.955245,9.26309786986265,1899.23201730665,1895.42146597991,1895.441089,0.111584272286884,96.7099069791667,96.6046511627907,96.43,56,107.935582,2387526,1.61513885507192,None
100,60000,80,8.9,8.90666666666667,107.793553,9.27699266021967,1003.58788411202,1020.09061593526,1020.109453,0.112202256188061,96.0081245386667,96.1077844311377,95.73,31,107.772897,2386023,1.61388214610309,None
10,60000,85,0.89,0.86,120.812743,8.27727253904003,123.940868938165,128.806588065892,128.979092,1.16037918782558,10.389895898,10.2713178294574,10.47,2,120.78816,1953276,1.25277742129309,None
10,60000,85,0.89,0.86,120.657838,8.28789920800669,159.996394447449,129.686536877907,129.877188,1.1609363483624,10.376574068,13.1782945736434,10.46,2,120.604771,1944497,1.24546132973576,None
10,60000,85,0.89,0.905,120.232212,8.31723864483172,128.201214859131,128.377287959484,128.555785,1.10255901460221,10.881015186,10.865561694291,10.96,2,120.20258,1961365,1.2595206795352,None
10,60000,85,0.89,0.901666666666667,120.00648,8.33288335763202,123.000809755331,127.683760073937,127.856196,1.10564901880407,10.82058428,10.90573012939,10.89,2,119.976081,1954806,1.25405436221505,None
10,60000,85,0.89,0.855,120.880417,8.27263856973624,152.75355380003,128.816159902534,129.002717,1.1687361641384,10.3352756535,12.280701754386,10.42,2,120.854793,1957934,1.2566589740431,None
10,60000,85,0.89,0.86,120.241738,8.31657972209284,123.940868938165,128.861627691861,129.059504,1.16073233167636,10.340789468,10.077519379845,10.43,2,120.216302,1948775,1.24902629793257,None
10,60000,85,0.89,0.865,120.740041,8.28225658793672,122.512167685745,126.944304040462,127.122628,1.15342570579191,10.4440135465,10.597302504817,10.53,1,120.693432,1974861,1.27076572008828,None
10,60000,85,0.89,0.906666666666667,119.925974,8.33847720094398,133.812716262976,128.538600090074,128.702,1.10240700204412,10.8732883093333,11.3970588235294,10.96,2,119.893278,1964519,1.26214909302441,None
20,60000,85,1.78,1.74666666666667,115.319589,8.67155362477055,109.259367169745,127.576522623092,127.670162,0.571559298804389,20.142488212,18.1297709923664,20.2,2,115.300488,2165061,1.42931891089208,None
20,60000,85,1.78,1.74666666666667,115.045805,8.69219003682924,131.657537439543,129.870493571565,129.958979,0.572306649089695,20.0946672733333,20.5152671755725,20.13,3,115.026516,2150518,1.41719871397176,None
20,60000,85,1.78,1.80833333333333,115.178683,8.68216213238,120.792541782582,129.741150214747,129.827043,0.549739881193548,20.8281451758333,18.9861751152074,20.87,3,115.160613,2173389,1.43626267754036,None
20,60000,85,1.78,1.70833333333333,115.182851,8.68184796016206,133.063652587745,129.357746129756,129.44425,0.58511551606439,19.6770703791667,19.9024390243902,19.73,4,115.165206,2136306,1.40535273579324,None
20,60000,85,1.78,1.68666666666667,115.635761,8.64784381018602,126.251777093846,129.566950150198,129.660624,0.592832549749012,19.5038983553333,19.3181818181818,19.56,3,115.617366,2126200,1.39692976863889,None
20,60000,85,1.78,1.815,114.650247,8.7221792029807,129.519588572932,130.234492431589,130.321731,0.550852807715335,20.8090198305,20.6611570247934,20.86,3,114.632066,2147459,1.41465303957262,None
20,60000,85,1.78,1.83333333333333,115.074309,8.69003697428242,122.479338842975,129.106735423636,129.196594,0.544661555072727,21.09695665,20.8181818181818,21.15,2,115.055967,2161177,1.42608682306809,None
20,60000,85,1.78,1.845,114.702985,8.71816892995418,121.914498277774,128.334650078591,128.410728,0.541602275495935,21.1627007325,20.9575429087624,21.21,2,114.681918,2152677,1.41900337237019,None
20,60000,85,1.78,1.76833333333333,114.758203,8.71397402414885,133.780927956394,129.837237953817,129.922893,0.564962322367578,20.2930755638333,20.5466540999058,20.35,3,114.735816,2137276,1.40616418617027,None
30,60000,85,2.67,2.71333333333333,112.6309,8.87855819317789,151.562943331985,140.887561634521,140.942338,0.368496395743243,30.5605175333333,32.1560196560197,30.56,3,112.60984,2225973,1.48013523800319,None
30,60000,85,2.67,2.655,112.850861,8.86125272894462,131.105602074992,135.5349423258,135.59043,0.376439813276208,29.9619035955,29.4726930320151,29.98,3,112.829935,2220406,1.47549269061344,None
30,60000,85,2.67,2.71,112.680681,8.87463575055958,142.177621038203,138.560920361624,138.614193,0.368957721248463,30.536464551,31.0270602706027,30.54,4,112.656885,2233764,1.48662818649991,None
30,60000,85,2.67,2.57333333333333,112.420821,8.89514941364821,143.208542511208,138.062518249352,138.125987,0.388093119911917,28.929624604,30.1165803108808,28.95,4,112.395713,2217537,1.47309636155097,None
30,60000,85,2.67,2.68666666666667,112.741033,8.86988502225272,129.072280477067,136.165438652606,136.218987,0.371687792108561,30.2897575326667,29.0942928039702,30.3,3,112.723301,2239149,1.49111482173199,None
30,60000,85,2.67,2.59166666666667,112.616147,8.87972130675009,154.588972405165,139.401924318328,139.459227,0.385669000864952,29.1863514308333,32.475884244373,29.2,4,112.596484,2227103,1.48106996142688,None
30,60000,85,2.67,2.79,112.573741,8.88306625609964,146.729725130596,141.421241321983,141.42607,0.358316288800478,31.408073739,32.6664676022693,31.4,4,112.553717,2226285,1.48039959645046,None
30,60000,85,2.67,2.63166666666667,112.486161,8.88998247526645,146.796880044889,139.480788830272,139.543894,0.379949501796707,29.6026080365,30.2406586447118,29.61,4,112.466629,2213419,1.46966780587876,None
30,60000,85,2.67,2.64,112.841299,8.86200361801932,142.762855831038,136.908479739899,136.963121,0.378601991189394,29.790102936,31.8497474747475,29.81,3,112.826493,2212599,1.46898544235898,None
30,60000,85,2.67,2.58333333333333,112.553465,8.88466650049379,147.346514047867,137.975228607097,138.031683,0.386818445236129,29.0763117916667,31.2903225806452,29.09,4,112.537729,2219129,1.47442385548733,None
40,60000,85,3.56,3.45,111.587063,8.96161233314296,147.868094938038,147.089189408696,147.136913,0.289270641720773,38.497536735,38.4057971014493,38.47,4,111.572798,2270546,1.51732420889693,None
40,60000,85,3.56,3.53333333333333,111.101577,9.00077232927126,152.990388038448,148.301525937264,148.347478,0.28292901743066,39.25589054,40.8962264150943,39.22,5,111.079813,2271448,1.51807990629922,None
40,60000,85,3.56,3.445,111.621458,8.95885090481438,152.089332471073,148.346506089018,148.392425,0.290109670041122,38.453592281,38.9453313981616,38.43,4,111.606813,2259883,1.50843721477068,None
40,60000,85,3.56,3.74666666666667,111.411175,8.97576028616519,150.549005205101,151.311631315836,151.350894,0.266632817810498,41.7420535666667,41.5480427046263,41.7,5,111.395189,2289187,1.53287718379013,None
40,60000,85,3.56,3.64666666666667,111.226094,8.9906960141925,143.628701008325,146.626643144424,146.66894,0.274159611382541,40.5604489453333,40.1736745886655,40.53,4,111.210211,2269460,1.51642995260943,None
40,60000,85,3.56,3.70833333333333,111.126794,8.99872986527444,147.375331397551,148.376399987416,148.419589,0.269460097186517,41.2095194416667,41.0786516853933,41.16,4,111.109661,2285781,1.53003565897335,None
40,60000,85,3.56,3.53,111.333778,8.98200005392793,141.576183635746,145.710415988196,145.755563,0.283193306927762,39.300823634,38.5505193578848,39.28,4,111.316342,2284443,1.52891057260385,None
40,60000,85,3.56,3.34,111.904581,8.93618465896405,158.814108310326,149.02128864022,149.068311,0.299256269176148,37.376130054,39.0219560878244,37.36,6,111.887864,2245275,1.49625700891215,None
40,60000,85,3.56,3.36,111.511041,8.96772185993672,147.997567082389,145.834150367064,145.879346,0.297423417393353,37.467709776,38.6656746031746,37.46,5,111.497553,2262644,1.51073320492266,None
40,60000,85,3.56,3.5,111.205783,8.9923381052944,159.863945578231,151.348071821429,151.390344,0.285592228625238,38.92202405,41,38.89,6,111.193159,2277893,1.52344958271004,None
50,60000,85,4.45,4.46666666666667,110.656064,9.03701038923633,160.809757184228,163.574578285075,163.60946,0.223782974161194,49.4263752533333,48.3208955223881,49.35,8,110.640429,2315083,1.55450075459797,None
50,60000,85,4.45,4.49166666666667,110.465133,9.05263020866503,174.803198391855,169.48250428757,169.516844,0.222605702781076,49.6172555725,50.6307977736549,49.54,6,110.438292,2307979,1.54858095849833,None
50,60000,85,4.45,4.41833333333333,110.593435,9.04212804313385,163.493530906752,163.096710253867,163.131814,0.226267065540551,48.8638660308333,49.6793662768767,48.79,6,110.575573,2307928,1.54853443892401,None
50,60000,85,4.45,4.50166666666667,110.572046,9.04387714775577,164.733919355495,164.9444500311,164.979188,0.222105453494632,49.7758493743333,49.8148833765272,49.72,7,110.552469,2293494,1.53650941849251,None
50,60000,85,4.45,4.48833333333333,110.770952,9.02763749832176,166.045043406535,165.059288538804,165.094373,0.222745502981805,49.7176956226667,50.5012996658002,49.63,6,110.752882,2298279,1.54049699052621,None
50,60000,85,4.45,4.27166666666667,110.558679,9.04497058978065,152.124328794975,157.817251856808,157.854169,0.234071580825985,47.2269823795,45.0058525165821,47.19,5,110.543272,2305384,1.54640559795537,None
50,60000,85,4.45,4.44333333333333,110.558096,9.04501828613257,172.717598004152,168.05508955814,168.089087,0.224963131883346,49.1246473226667,50.4126031507877,49.06,6,110.536072,2304350,1.54555381016075,None
50,60000,85,4.45,4.33666666666667,110.416623,9.0566073552168,158.365734157075,159.354070171407,159.393587,0.230494626525365,47.884008841,47.271329746349,47.83,4,110.400512,2298280,1.54048823132594,None
50,60000,85,4.45,4.62333333333333,110.515138,9.0485341474215,170.875505323144,168.895172262797,168.934198,0.216208629125811,51.0948321353333,51.4599855803893,51.03,9,110.495467,2300516,1.54236888283904,None
50,60000,85,4.45,4.38666666666667,110.558724,9.04496690826497,148.366838813389,157.034982037994,157.071782,0.227747331209727,48.498426928,46.7705167173252,48.43,4,110.539965,2289025,1.53277788954424,None
60,60000,85,5.34,5.36666666666667,109.561078,9.12732895892098,197.098877358127,193.781814462733,193.814137,0.18628881765528,58.7977785266667,59.1149068322981,58.69,7,109.538738,2322761,1.56095027193325,None
60,60000,85,5.34,5.26333333333333,109.782822,9.1088931927802,175.374141529038,180.889235925903,180.919641,0.189943097816023,57.782358646,56.7131095630146,57.68,8,109.763378,2326654,1.56418951940619,None
60,60000,85,5.34,5.22833333333333,110.017978,9.08942354857676,187.119522874686,186.316826707045,186.349195,0.191201286121454,57.5210661643333,57.140580172139,57.4,9,109.999887,2324368,1.56228270452974,None
60,60000,85,5.34,5.4,109.855027,9.10290614192831,184.470736168267,186.79661766142,186.824946,0.18518162748642,59.32171458,58.7808641975309,59.2,8,109.836382,2331190,1.56797834254123,None
60,60000,85,5.34,5.40833333333333,109.848196,9.10347221359921,194.07361331051,192.18272557319,192.210051,0.184871765781202,59.4095660033333,59.9229583975347,59.31,9,109.83056,2316973,1.55612948191783,None
60,60000,85,5.34,5.38,109.677176,9.11766728931825,182.850568676497,184.367988422863,184.3988,0.185840721723978,59.006320688,59.1852540272615,58.89,6,109.662476,2328878,1.56604968443765,None
60,60000,85,5.34,5.35333333333333,109.921423,9.09740770004406,184.211526203884,186.709340649128,186.740501,0.186706491783313,58.8446017793333,58.7951432129514,58.74,7,109.904658,2325086,1.56288835791357,None
60,60000,85,5.34,5.19833333333333,109.959584,9.09425048388688,184.135521605779,183.149837748317,183.177058,0.192368203450144,57.1606570826667,57.4062199422892,57.06,7,109.943631,2324974,1.56278595219769,None
70,60000,85,6.23,6.18333333333333,109.251542,9.15318888588319,234.937264332575,230.64123311186,230.665482,0.161697343505391,67.5538701366667,68.1940700808625,67.41,10,109.233337,2339602,1.5750340370783,None
70,60000,85,6.23,6.34666666666667,109.1565,9.16115852010645,229.124278387826,230.431132346376,230.456419,0.157528306150998,69.277992,68.9600840336134,69.11,10,109.139317,2348083,1.58211211879053,None
70,60000,85,6.23,6.26,109.043181,9.17067890746878,237.681477474167,233.42453065016,233.449508,0.159688228460064,68.261031306,68.9696485623003,68.11,10,109.022023,2355951,1.58866458334475,None
70,60000,85,6.23,6.11,109.276214,9.15112231102736,218.444716477241,217.692188760229,217.719226,0.163649478017731,66.767766754,67.962356792144,66.61,8,109.261109,2336723,1.57263008568177,None
70,60000,85,6.23,6.07,109.440539,9.13738189831101,206.699796534482,210.4757714352,210.500548,0.16473726046101,66.430407173,66.1587040087864,66.28,7,109.420989,2344473,1.57908782204358,None
70,60000,85,6.23,6.15666666666667,109.011755,9.17332263846225,213.320947444297,215.838133150785,215.865161,0.162412024636167,67.1149038283333,67.2577152138603,66.97,8,108.996097,2348025,1.58205212472301,None
70,60000,85,6.23,6.07666666666667,109.269582,9.15167772857409,214.167781763407,215.129296278936,215.152785,0.164538076060614,66.399482662,66.5249588590236,66.25,8,109.249445,2340162,1.57549449669506,None
70,60000,85,6.23,6.23166666666667,109.057505,9.16947439793346,191.715078860905,202.532031062851,202.557065,0.160418622664884,67.9610018658333,67.0232682535437,67.81,8,109.037912,2346014,1.5803805486468,None
70,60000,85,6.23,6.15333333333333,109.392885,9.14136234728612,212.869851830376,216.27135984182,216.296282,0.162475694800921,67.31308857,67.4702058504875,67.17,7,109.376731,2353349,1.5864907095421,None
70,60000,85,6.23,6.185,109.277319,9.15102977590437,222.110542473849,222.987169640528,223.013236,0.161610784462679,67.5880218015,65.9660468876314,67.44,10,109.258855,2347234,1.58139539332094,None
80,60000,85,7.12,7.165,108.546208,9.21266636969944,264.5740980351,273.349081102815,273.370014,0.139550160271459,77.773358032,76.8667131891137,77.57,14,108.525295,2364692,1.59600200200822,None
80,60000,85,7.12,7.05833333333333,108.969443,9.17688456937419,251.806152417937,262.13854573294,262.16141,0.141667821024793,76.9142651841667,75.5489964580874,76.73,11,108.949403,2362770,1.59439538745045,None
80,60000,85,7.12,7.18166666666667,108.654999,9.20344217204401,281.70218674251,285.737530990021,285.757695,0.139218200697146,78.0323984485,78.1271756788118,77.83,12,108.63562,2365029,1.59628432180445,None
80,60000,85,7.12,7.06666666666667,108.711641,9.19864690479652,318.312789248843,310.567120471227,310.589228,0.141506409486792,76.8228929733333,77.1108490566038,76.63,15,108.690493,2360220,1.5922693864632,None
80,60000,85,7.12,7.17333333333333,108.919184,9.18111909468584,288.413950539655,290.994450267658,291.017069,0.13937564352277,78.1313613226667,79.2170074349442,77.92,13,108.89812,2365677,1.59682493244803,None
80,60000,85,7.12,7.01166666666667,108.783092,9.19260504196737,263.25440710862,267.931722183979,267.953528,0.142612888868552,76.2750780073333,75.31495127169,76.09,12,108.764985,2363477,1.59498117243365,None
80,60000,85,7.12,7.06833333333333,108.508087,9.21590295845876,282.351669604957,282.70279911884,282.725722,0.141451530714218,76.6971328278333,77.6703607639708,76.5,12,108.486125,2360663,1.59263792023896,None
80,60000,85,7.12,7.03166666666667,108.750664,9.19534615439222,268.112946989041,272.916932635696,272.938803,0.1421785371242,76.4698419026667,76.226593979616,76.29,11,108.734426,2362494,1.59416292795873,None
80,60000,85,7.12,7.24166666666667,108.730125,9.19708314508054,327.903586122694,322.730139443498,322.752933,0.138032638253625,78.7387321875,79.8849252013809,78.54,15,108.712454,2364743,1.59604983004425,None
80,60000,85,7.12,7.18166666666667,108.791689,9.19187861859558,329.430793547062,324.16437714226,324.187773,0.139232411954746,78.1305646501667,78.2432118821072,77.93,14,108.776859,2361229,1.59311751686525,None
90,60000,85,8.01,8.01333333333333,108.496919,9.21685158635703,483.270568187796,481.439540970466,481.457691,0.1247858488151,86.9421977586667,87.2400166389351,86.7,20,108.477357,2377408,1.60665128712789,None
90,60000,85,8.01,7.92833333333333,108.520667,9.21483462684578,441.627043186835,442.000450336136,442.019215,0.126048149610259,86.0388021531667,86.8404456590288,85.81,21,108.501175,2376833,1.60616709971918,None
90,60000,85,8.01,8.135,108.272775,9.23593211682253,524.568315333329,521.583890791641,521.602063,0.122903562799426,88.0799024625,88.5269412005737,87.83,32,108.254816,2377274,1.60654582255701,None
90,60000,85,8.01,7.98333333333333,108.279606,9.23534945260144,471.245331043711,470.105631160334,470.125712,0.125233956588309,86.44321879,86.3152400835073,86.2,22,108.257345,2378129,1.60724950820944,None
90,60000,85,8.01,8.11,108.314372,9.2323851538372,483.411659351002,485.776745282573,485.795285,0.123301336892931,87.842955692,86.9297163995068,87.6,22,108.292604,2376561,1.60595024320424,None
90,60000,85,8.01,7.99333333333333,108.536052,9.2135284227954,432.986969263377,435.913794221643,435.934744,0.125083147954128,86.756484232,86.9995829858215,86.52,18,108.513315,2376123,1.60557920370304,None
90,60000,85,8.01,7.98166666666667,108.488987,9.21752546182407,447.700651781653,449.539883035498,449.559309,0.125274033183337,86.5922931238333,86.7091250783045,86.35,16,108.471225,2378440,1.60750956430756,None
100,60000,85,8.9,8.83,108.229407,9.23963299549447,1093.32054190838,1103.20634994753,1103.223105,0.113233749778218,95.566566381,95.7436768591922,95.29,38,108.209329,2385043,1.61306282850587,None
100,60000,85,8.9,8.985,108.1775,9.24406646483788,1430.81479086674,1446.78230564886,1446.799912,0.111226347467631,97.19748375,96.225190131701,96.28,45,108.1553,2384444,1.61256900324095,None
100,60000,85,8.9,8.78333333333333,108.221177,9.24033565075715,1127.09151727043,1129.10935112201,1129.12642,0.113841806239469,95.0542671316667,94.6204933586338,94.62,34,108.200298,2383050,1.61139785250725,None
100,60000,85,8.9,8.90833333333333,108.0186,9.25766488364041,1036.06724801703,1053.25351627708,1053.255191,0.112243394155472,96.2265695,95.9030960621083,95.62,32,107.996428,2384777,1.61284292790436,None
100,60000,85,8.9,8.9,108.228416,9.23971759874967,1267.67453604343,1278.0275226367,1278.045247,0.112350885233521,96.32329024,96.4513108614232,96.03,42,108.20709,2385371,1.61334032739843,None
100,60000,85,8.9,8.82833333333333,108.075119,9.25282349214901,904.313063134297,920.993053972815,920.994786,0.113262649690391,95.4123175571667,95.5073147711184,94.96,39,108.055952,2383779,1.61200739180477,None
100,60000,85,8.9,8.9,107.926876,9.26553271124053,1457.94933299668,1456.27487191629,1456.2929,0.112352240495693,96.05491964,95.8707865168539,95.3,50,107.908019,2383624,1.61188007023742,None
100,60000,85,8.9,8.86833333333333,108.097635,9.25089619213223,1045.90319351425,1059.84514244202,1059.863361,0.112722398646119,95.8645859725,95.6305205788386,95.43,43,108.076206,2384816,1.6128743858689,None
100,60000,85,8.9,8.88833333333333,108.172383,9.24450374731968,1671.78466841109,1663.84803809001,1663.85035,0.112467768582974,96.1472197565,96.2876160119996,95.7,56,108.155091,2385203,1.61319846482309,None
10,60000,90,0.89,0.881666666666667,120.354468,8.3087899985566,113.528652596968,127.267508769376,127.282806,1.1261680893327,10.611252262,9.06515580736544,10.68,2,120.328974,1925773,1.22985852466429,None
10,60000,90,0.89,0.838333333333333,121.180183,8.25217436748713,120.944314233881,128.147825936382,128.334679,1.18808907873559,10.1589386748333,9.5427435387674,10.25,2,121.152401,1953719,1.25314560205289,None
10,60000,90,0.89,0.898333333333333,120.053053,8.32965072533391,105.328014153882,126.67313319295,126.845836,1.11239922833952,10.7847659278333,9.27643784786642,10.86,2,120.029445,1949662,1.24976743002731,None
10,60000,90,0.89,0.863333333333333,120.555984,8.29490139618453,127.457849465572,127.206997486487,127.397441,1.15244682465058,10.407999952,10.6177606177606,10.49,2,120.517812,1937537,1.23966129570624,None
10,60000,90,0.89,0.895,120.662922,8.28755000645517,112.356043818857,127.254925810056,127.432119,1.11584491424767,10.799331519,10.0558659217877,10.88,1,120.63835,1950078,1.25011419760653,None
10,60000,90,0.89,0.878333333333333,119.906457,8.33983444277734,144.745417295277,129.264038493359,129.445975,1.13289457762998,10.5317838065,11.5749525616698,10.63,3,119.874669,1930434,1.23374258294515,None
20,60000,90,1.78,1.78,114.888267,8.70410901053978,122.827504944662,129.73178511236,129.821877,0.5617859205,20.450111526,19.6161048689139,20.51,3,114.869663,2155571,1.42141168253372,None
20,60000,90,1.78,1.765,114.892927,8.70375597620557,129.47165400038,129.9585146695,130.047931,0.566157686495751,20.2786016155,20.6798866855524,20.32,2,114.870107,2127748,1.39822358855261,None
20,60000,90,1.78,1.82,114.630094,8.7237126404171,129.81523970535,130.180666351648,130.273824,0.549275614800366,20.862677108,20.7875457875458,20.9,2,114.611367,2117427,1.38962511664922,None
20,60000,90,1.78,1.805,114.684798,8.71955147882808,110.496389683934,128.038616187442,128.118159,0.553546121337027,20.700606039,18.005540166205,20.76,2,114.666474,2132763,1.40240516751342,None
20,60000,90,1.78,1.72,115.035416,8.69297503996508,111.82846583739,128.604622369186,128.701149,0.581325378448643,19.786091552,17.296511627907,19.82,3,115.014572,2141244,1.40946840856656,None
20,60000,90,1.78,1.83,114.949122,8.69950098444423,140.593428688027,131.828522478142,131.916583,0.54640327442714,21.035689326,22.632058287796,21.08,3,114.931942,2164621,1.42895664061834,None
20,60000,90,1.78,1.76666666666667,115.300786,8.67296776276963,127.892488430046,129.353058408491,129.444683,0.565977410176415,20.3698055266667,20.2358490566038,20.41,3,115.282155,2140438,1.40879963317205,None
20,60000,90,1.78,1.735,115.351307,8.66916921886286,127.89741630609,129.742035895293,129.836008,0.575134052692603,20.0134517645,19.2122958693564,20.07,3,115.33206,2157712,1.42319374957112,None
20,60000,90,1.78,1.7,115.580894,8.65194899772968,118.800461361015,128.812375136275,128.903996,0.586724483264706,19.64875198,17.843137254902,19.7,3,115.550531,2182130,1.44354134710586,None
30,60000,90,2.67,2.60166666666667,112.653681,8.87676275753475,135.427896751413,137.117541823831,137.178798,0.384269917281871,29.3087326735,28.5073670723895,29.33,4,112.634341,2214780,1.47080062801492,None
30,60000,90,2.67,2.65666666666667,113.056315,8.84514942840654,140.032650670882,138.053213831242,138.114601,0.376138231651819,30.0352943516667,30.8657465495609,30.04,3,113.038943,2235701,1.48823989826682,None
30,60000,90,2.67,2.72166666666667,112.778033,8.86697500744671,142.873803431896,139.159090706063,139.216968,0.36717846455542,30.6944213148333,30.8634415186773,30.71,3,112.760598,2213762,1.46995930935827,None
30,60000,90,2.67,2.74833333333333,112.636885,8.87808642790503,133.164116959357,137.848552171619,137.903628,0.362756058653123,30.9563705608333,30.018192844148,30.96,3,112.619155,2248098,1.49857639099084,None
30,60000,90,2.67,2.65166666666667,112.841196,8.86201170714284,132.502080962169,136.25612777687,136.317565,0.376843300372722,29.921723806,29.1011942174733,29.94,4,112.82169,2247522,1.49809103385709,None
30,60000,90,2.67,2.69166666666667,112.776955,8.86705976411582,140.325317025947,137.88141597709,137.9476,0.37116403976904,30.3557970541667,30.7739938080495,30.36,4,112.747876,2228424,1.48217687823372,None
30,60000,90,2.67,2.675,112.933852,8.85474091506239,137.770402072961,137.594675335203,137.652372,0.373826867874143,30.20980541,30.6230529595016,30.22,4,112.907604,2225685,1.47989346288333,None
30,60000,90,2.67,2.715,112.548727,8.88504052116023,134.07993017895,136.538948934316,136.607791,0.368189995451197,30.5569793805,30.0798035604665,30.57,4,112.5337,2245730,1.49660085677416,None
40,60000,90,3.56,3.48833333333333,111.75675,8.94800537775123,145.731831059736,147.476795497372,147.521437,0.286517181634018,38.984479625,38.9393215480172,38.96,4,111.737905,2267906,1.51512655021871,None
40,60000,90,3.56,3.49,111.562974,8.96354735039602,141.898123441789,145.973747614136,146.017853,0.286441249615568,38.935477926,37.8223495702006,38.89,5,111.540397,2275034,1.52106682489088,None
40,60000,90,3.56,3.63,111.420361,8.97502028377022,156.713642814319,151.750780434803,151.796615,0.275417355322314,40.445591043,41.5289256198347,40.42,6,111.40146,2274231,1.52040565424245,None
40,60000,90,3.56,3.59833333333333,111.797706,8.94472736318937,153.820376844906,150.738855069013,150.783937,0.277759450804539,40.228541209,40.9911996294581,40.19,5,111.783791,2270225,1.51706573467841,None
40,60000,90,3.56,3.54,111.254579,8.98839408668294,152.547692766021,148.914968640772,148.960181,0.282214834909605,39.384120966,39.4774011299435,39.36,4,111.234272,2267005,1.5143777381802,None
40,60000,90,3.56,3.615,111.424472,8.97468915087163,149.471969860737,148.7128524071,148.754035,0.276512121784693,40.279946628,40.6639004149378,40.25,5,111.406102,2276991,1.52270501534546,None
40,60000,90,3.56,3.49833333333333,111.52643,8.96648444678091,153.070917183958,149.460956817056,149.505054,0.285839875539781,39.0156627616667,39.2806098141972,39.01,5,111.504664,2271930,1.51848051048929,None
40,60000,90,3.56,3.545,111.43565,8.97378890866612,149.465234081522,149.154746668547,149.203705,0.281912016944993,39.503937925,39.9153737658674,39.48,5,111.417637,2286795,1.53087184735329,None
40,60000,90,3.56,3.52333333333333,111.5442,8.96505600470486,142.179585750356,145.67002048912,145.712087,0.283644716943236,39.3007398,38.8363292336802,39.27,4,111.527372,2280172,1.52535096405155,None
50,60000,90,4.45,4.455,110.703853,9.03310926314371,167.82532058751,166.925940329592,166.958733,0.224327608915825,49.3185665115,49.420127197905,49.25,7,110.687617,2301599,1.54326201122585,None
50,60000,90,4.45,4.55166666666667,110.302346,9.06599030994318,174.166951693542,170.193542193702,170.228623,0.219664141851703,50.2059511543333,51.3365067740754,50.13,8,110.286844,2309768,1.5500751573137,None
50,60000,90,4.45,4.415,110.623886,9.03963905227484,164.852054259241,164.209388280861,164.242124,0.226432266366553,48.840445669,48.8863722159305,48.77,6,110.607772,2293190,1.53625099853655,None
50,60000,90,4.45,4.57,110.281991,9.06766364056666,154.337982625406,160.783335375638,160.815765,0.218764732019694,50.398869887,49.598832968636,50.32,5,110.261733,2309117,1.54953359897239,None
50,60000,90,4.45,4.35333333333333,110.305434,9.06573650759581,166.697349258576,162.2759057366,162.310423,0.229701689351838,48.019632268,49.7128637059724,47.95,5,110.28563,2307191,1.54791569495128,None
50,60000,90,4.45,4.44,110.601668,9.04145496250563,158.942726510294,162.056341904279,162.096192,0.22496016596509,49.107140592,48.2357357357357,49.04,5,110.585388,2289892,1.53350372588535,None
50,60000,90,4.45,4.41833333333333,110.598341,9.04172694597652,156.962327191678,160.556543654847,160.591151,0.226316202362505,48.8660336651667,48.3402489626556,48.81,6,110.582023,2307531,1.54820366769041,None
50,60000,90,4.45,4.38666666666667,110.649612,9.03753733903739,160.492558272743,162.324223234423,162.362985,0.227953698428951,48.538296464,47.3594224924012,48.48,9,110.632131,2306648,1.54746596936314,None
50,60000,90,4.45,4.37166666666667,110.509308,9.04901150951013,163.906810468234,163.031567195959,163.065902,0.228738314960732,48.310985814,48.131910026687,48.25,7,110.494387,2300774,1.5425690819778,None
60,60000,90,5.34,5.28,109.921058,9.09743790857617,188.078703703704,186.712937205808,186.744681,0.189313463763889,58.038318624,59.0277777777778,57.92,7,109.901739,2328544,1.56576606805262,None
60,60000,90,5.34,5.21666666666667,109.968565,9.09350776742426,173.595729261297,178.498488200639,178.529582,0.191651871046006,57.3669347416667,55.8626198083067,57.27,7,109.949521,2324304,1.56222866203088,None
60,60000,90,5.34,5.385,110.998965,9.00909301271413,193.056655189292,192.544803649644,192.547452,0.185666296329,59.7729426525,59.9102583939347,59.65,7,110.985309,2324832,1.56268156229491,None
60,60000,90,5.34,5.43166666666667,109.901707,9.0990397446693,197.832970109163,194.192741672599,194.223248,0.184060461716477,59.6949438521667,60.7855170297637,59.58,7,109.88654,2322621,1.56083837947907,None
60,60000,90,5.34,5.345,110.859266,9.02044579656517,184.844716728462,186.449288023698,186.477927,0.187038014976302,59.254277677,60.118490801372,59.14,7,110.843206,2330439,1.56735208188677,None
60,60000,90,5.34,5.315,109.842034,9.10398290694435,197.380046119259,193.09317356789,193.126436,0.188142302749451,58.381041071,58.2784571966134,58.26,9,109.823397,2326968,1.564454357617,None
60,60000,90,5.34,5.31666666666667,110.171489,9.0767585069128,187.969869405597,187.801945074608,187.804739,0.188061594764577,58.5745083183333,58.564488324714,58.45,9,110.154206,2324175,1.56212750426758,None
60,60000,90,5.34,5.23333333333333,109.647438,9.12014013496604,188.892044302,186.613155159236,186.645358,0.191067047318153,57.38215922,57.7866242038217,57.28,8,109.633405,2331528,1.56824967542431,None
70,60000,90,6.23,6.33166666666667,109.226535,9.15528447368581,216.86620265055,222.213311808371,222.240586,0.157910650485128,69.1586010775,68.1626743879968,69,9,109.209561,2342418,1.5773897801529,None
70,60000,90,6.23,6.11666666666667,109.169803,9.16004217759741,215.696901751442,216.585206819619,216.613868,0.163475224805722,66.7755295016667,66.6212534059946,66.63,9,109.154021,2341154,1.57632337864606,None
70,60000,90,6.23,6.28666666666667,109.118091,9.16438320021563,211.611146034463,216.93715196527,216.962971,0.159019536597031,68.598906542,68.9289501590668,68.45,7,109.099642,2336628,1.57256087377571,None
70,60000,90,6.23,6.41166666666667,109.333983,9.14628711550735,244.712474667063,242.049121911879,242.073056,0.155960985927216,70.1013054335,70.3795165063686,69.92,9,109.31071,2346809,1.58105465580296,None
70,60000,90,6.23,6.31666666666667,109.426333,9.13856813606282,228.131243864913,228.93973136095,228.963186,0.158291377702375,69.1209670116667,68.4564643799472,68.95,11,109.404199,2350997,1.58454004686046,None
70,60000,90,6.23,6.13,109.277792,9.15099016641918,246.117517233549,236.98401842224,237.010611,0.163058917740348,66.987286496,67.699836867863,66.83,12,109.26285,2343773,1.57850737023337,None
70,60000,90,6.23,6.205,109.376747,9.14271111025088,217.239656009435,218.985957644641,219.010514,0.16113610356433,67.8682715135,68.5065807144776,67.71,8,109.358205,2341959,1.57700020132782,None
70,60000,90,6.23,6.33166666666667,109.227174,9.15523091350876,214.974625497171,220.542082494341,220.566776,0.157730214426165,69.159005671,68.8339036588576,69,9,109.205155,2348146,1.58216402994978,None
70,60000,90,6.23,6.38333333333333,109.376392,9.14274078450129,222.961503589226,226.67928049295,226.704811,0.156483007779373,69.8185968933333,69.0861618798956,69.66,9,109.358655,2343019,1.57789429541792,None
70,60000,90,6.23,6.12666666666667,109.418422,9.13922885855546,234.707735734897,229.180266417029,229.206333,0.163210754424102,67.0370198786667,68.70239390642,66.89,12,109.402621,2342148,1.57715327760625,None
80,60000,90,7.12,7.24,108.733242,9.1968194970219,303.333231586337,304.533010247928,304.555817,0.13809908715884,78.722867208,78.7753222836096,78.52,12,108.71537,2357135,1.58970833517248,None
80,60000,90,7.12,7.09333333333333,108.889978,9.1835816148296,299.991122660976,298.839232330592,298.861825,0.140974483979323,77.2392910613333,77.9017857142857,77.03,14,108.872218,2362558,1.59422032655354,None
80,60000,90,7.12,7.05,108.910887,9.18181852655373,299.045990309005,295.466786210402,295.489226,0.141836821563593,76.782175335,77.3286052009456,76.6,12,108.892209,2358186,1.59057386099785,None
80,60000,90,7.12,7.10833333333333,108.857544,9.18631785409379,315.598075339915,310.757838780305,310.779306,0.140641986704572,77.37957086,77.8077373974209,77.19,16,108.841013,2361643,1.59345853930696,None
80,60000,90,7.12,6.97,108.953129,9.17825866203439,304.492094629783,298.43418691846,298.455935,0.143438715075562,75.940330913,76.1477761836442,75.75,12,108.933565,2355664,1.58846710340899,None
80,60000,90,7.12,7.14333333333333,108.789258,9.19208401991307,293.340220000266,294.052157842277,294.073664,0.139931415426505,77.711793298,78.1031264582361,77.52,16,108.771138,2354264,1.58730985337859,None
80,60000,90,7.12,7.34,108.759857,9.19456891157921,310.236297445721,312.966165947321,312.987524,0.136218395251362,79.829735038,79.8251589464124,79.62,12,108.742282,2362727,1.59437537987743,None
80,60000,90,7.12,7.30333333333333,108.689183,9.2005475834702,330.669989111508,327.579540812414,327.599388,0.136900606998174,79.3793333176667,79.518484710178,79.17,16,108.667916,2365785,1.5969218091863,None
90,60000,90,8.01,8.07166666666667,108.430447,9.22250186794859,480.710668490498,481.831880923601,481.853019,0.123871625426182,87.5214424701667,87.6832541812926,87.27,21,108.412434,2374361,1.60411464612225,None
90,60000,90,8.01,7.96166666666667,108.277399,9.23553769517496,409.698116923299,414.535301737911,414.554648,0.125564504300607,86.2068558371667,85.9744609587607,85.97,18,108.257103,2374888,1.60454676047931,None
90,60000,90,8.01,7.90666666666667,108.523867,9.2145629126909,397.448876578634,404.107269178963,404.126923,0.126460407615093,85.8062041746667,84.5805227655987,85.43,21,108.50425,2376491,1.60587993763949,None
90,60000,90,8.01,7.86333333333333,108.484171,9.21793466071654,406.423785162702,409.219502273845,409.239352,0.12714983964964,85.3047197963333,85.1738024586689,85.07,16,108.464607,2373360,1.60326816953331,None
90,60000,90,8.01,8.175,108.369247,9.22771014548066,487.650684098794,491.679274101121,491.70022,0.122298168225892,88.5918594225,88.5932721712538,88.35,22,108.350392,2378150,1.60727886847818,None
90,60000,90,8.01,8.01333333333333,108.589377,9.20900393415094,447.0243022583,449.883330668053,449.902575,0.124781739574875,87.016287436,87.4272046589018,86.77,18,108.568203,2372578,1.60262570121251,None
90,60000,90,8.01,7.795,108.647781,9.20405360142606,388.990217711364,391.498844411161,391.520806,0.128275367206115,84.6909452895,85.0224502886466,84.47,16,108.6302,2369809,1.60030500532919,None
90,60000,90,8.01,8.28,108.172858,9.24446315359441,583.626514037667,582.196283803341,582.214095,0.120746477680556,89.567126424,90.0764895330113,89.31,21,108.154932,2375751,1.60528449887163,None
90,60000,90,8.01,7.80333333333333,108.449126,9.22091340782221,391.882277569344,394.612530943187,394.632317,0.128112645396198,84.6264679886667,84.2268261426741,84.4,17,108.42731,2374116,1.60389463024657,None
100,60000,90,8.9,8.93,108.136432,9.2475771717713,1466.52011601996,1474.59497919914,1474.614671,0.111935937429451,96.565833776,96.4632325494588,96.12,50,108.116064,2386346,1.61415354251693,None
100,60000,90,8.9,9.01833333333333,108.352889,9.22910324984505,1720.36052831319,1737.85571726539,1737.87208,0.110850961990944,97.7162470631667,97.4034374422473,97.27,57,108.332684,2385467,1.61342720773397,None
100,60000,90,8.9,8.79666666666667,108.197435,9.24236327783556,921.249178491342,933.245922297272,933.265897,0.113654235135468,95.1776769883333,94.893899204244,94.9,30,108.175971,2383828,1.6120479042705,None
100,60000,90,8.9,8.74333333333333,108.202031,9.24197069831342,977.052901188335,982.300276699962,982.318012,0.114362012213496,94.6046424376667,94.3671368661838,94.33,29,108.180661,2384481,1.61258906302717,None
100,60000,90,8.9,8.86333333333333,108.18559,9.24337520366622,1123.96836249775,1133.89783790899,1133.914669,0.112824179443024,95.8884946033333,96.3234602726845,95.45,41,108.163381,2384855,1.61290700509892,None
100,60000,90,8.9,9.00333333333333,108.141197,9.24716969796441,1829.323706812,1836.35448710385,1836.372501,0.111062480420215,97.3631243656667,97.3620881155128,96.91,56,108.118969,2387342,1.61498813776361,None
100,60000,90,8.9,9.025,108.12608,9.24846253558808,1853.17792220747,1865.44076973149,1865.458959,0.110773461950508,97.5837872,97.4238227146814,96.96,54,108.106504,2386493,1.61428072367061,None
100,60000,90,8.9,8.77666666666667,108.289221,9.2345294459178,897.292522425281,909.971394947019,909.989357,0.113895687809913,95.041839631,94.8347892138245,94.76,32,108.267803,2385013,1.61303489078332,None
10,60000,95,0.89,0.911666666666667,120.291567,8.31313470211923,148.391258284343,130.473917753199,130.650204,1.09439532392139,10.9665811915,12.6142595978062,11.05,2,120.26787,1971639,1.26808301877078,None
10,60000,95,0.89,0.913333333333333,120.39077,8.30628460969225,139.858276946028,127.999478291971,128.184407,1.09319873746533,10.9956903266667,12.043795620438,11.08,2,120.36612,1967413,1.26456138068352,None
10,60000,95,0.89,0.905,120.666313,8.28731710730235,152.620493879918,130.805479243094,130.987786,1.10249251546225,10.9203013265,12.5230202578269,11,3,120.641384,1955785,1.25487071912777,None
10,60000,95,0.89,0.903333333333333,119.96835,8.33553182985346,147.056821121717,128.95222402583,129.130122,1.10616451403321,10.83714095,12.9151291512915,10.92,2,119.943328,1942917,1.24414669715436,None
10,60000,95,0.89,0.896666666666667,120.286066,8.31351488376052,107.792871850859,126.846949180297,127.014314,1.11345741742193,10.7856505846667,9.29368029739777,10.87,2,120.258732,1966904,1.26413624315994,None
10,60000,95,0.89,0.905,120.364259,8.30811412214983,140.281681550418,129.307611462247,129.322634,1.1032044769779,10.8929654395,11.5915363385465,10.96,3,120.328235,1987569,1.28135801215128,None
10,60000,95,0.89,0.886666666666667,120.369005,8.30778654355413,108.118039459551,126.111340468045,126.282039,1.12650728263158,10.6727184433333,9.58646616541353,10.75,1,120.315896,1970590,1.26720745440526,None
20,60000,95,1.78,1.80166666666667,114.698316,8.71852381860602,131.957167832916,130.329235515264,130.415764,0.554526150806661,20.664813266,21.0915818686402,20.71,3,114.680331,2139927,1.40837526427293,None
20,60000,95,1.78,1.81166666666667,115.037879,8.6927889204216,133.551235687463,131.429081537259,131.520009,0.551178234575897,20.8410290788333,21.343146274149,20.88,3,115.016854,2130756,1.40073316379529,None
20,60000,95,1.78,1.78166666666667,114.652255,8.72202644422476,132.311130673868,130.357866086997,130.443862,0.559333580745557,20.4272100991667,21.6089803554724,20.48,3,114.631671,2137233,1.40612899506364,None
20,60000,95,1.78,1.82666666666667,114.629129,8.7237860805869,154.772484447862,133.25767865511,133.265294,0.547413654974453,20.9389208973333,24.031007751938,20.98,3,114.60283,2129554,1.39973193273273,None
20,60000,95,1.78,1.79833333333333,114.813169,8.70980227015596,129.09698249761,130.68878370899,130.771597,0.556037337832252,20.6472348918333,20.4355885078777,20.69,3,114.791303,2144805,1.41244039905841,None
20,60000,95,1.78,1.73166666666667,115.200161,8.68054342389331,122.832256158055,129.385796006737,129.470175,0.577168918758422,19.9488278798333,19.0567853705486,20,3,115.181593,2135542,1.40471737118464,None
20,60000,95,1.78,1.74,115.297378,8.67322412136727,132.943585678425,131.07864859387,131.173002,0.574632330712644,20.061743772,19.8754789272031,20.12,3,115.278539,2140583,1.40891903392908,None
20,60000,95,1.78,1.655,115.631695,8.64814789751201,121.697806092801,128.778460318228,128.878069,0.603553541514602,19.1370455225,18.429003021148,19.18,3,115.602034,2141751,1.40988775344197,None
30,60000,95,2.67,2.66833333333333,112.903774,8.85709985212718,152.855745608714,141.195766024984,141.251535,0.374711107996877,30.1264903623333,32.261086820737,30.13,5,112.882794,2218396,1.47381832248523,None
30,60000,95,2.67,2.75,112.310192,8.90391140992796,128.484848484849,134.844697766061,134.903185,0.363484210061818,30.8853028,30.5454545454546,30.88,3,112.291265,2244311,1.49541986946024,None
30,60000,95,2.67,2.66833333333333,112.626231,8.87892626008234,135.76773729411,138.376344770144,138.436047,0.374523600419113,30.0524326385,28.8569643972517,30.07,4,112.607513,2236461,1.48887344011637,None
30,60000,95,2.67,2.71333333333333,112.392623,8.89738110302844,153.034428218703,140.670523291769,140.727327,0.368075951494472,30.4958650406667,32.3710073710074,30.51,6,112.377273,2241662,1.49321025653339,None
30,60000,95,2.67,2.58666666666667,112.680284,8.87466701805615,125.420142948241,134.268603013531,134.32893,0.386555774303479,29.1466334613333,28.0605670103093,29.17,3,112.664429,2219066,1.47437176288318,None
30,60000,95,2.67,2.70166666666667,112.434085,8.8941000409262,137.918383827928,137.573722489204,137.637265,0.369379581702653,30.3759419641667,30.3516347933374,30.4,3,112.414544,2229122,1.48275880079414,None
30,60000,95,2.67,2.76166666666667,112.663178,8.87601448629471,135.705620055586,137.500450994569,137.556876,0.361820817234762,31.1138143243333,31.7441158720579,31.13,3,112.64588,2247159,1.49779470940071,None
30,60000,95,2.67,2.705,112.68629,8.87419401242156,132.111980848318,136.335779236599,136.396348,0.369375243810844,30.481641445,30.3758471965496,30.49,3,112.672702,2235754,1.48828640154412,None
30,60000,95,2.67,2.735,112.528023,8.88667527732181,138.587631610903,138.337712765387,138.396014,0.36531119611883,30.7764142905,30.7739183424741,30.78,5,112.511536,2231727,1.48493178422977,None
40,60000,95,3.56,3.48833333333333,111.443881,8.97312612434953,168.125773144573,153.892986893932,153.942665,0.286600932222647,38.8753404888333,40.8265647396082,38.84,6,111.427523,2253953,1.50349716252334,None
40,60000,95,3.56,3.54833333333333,111.356051,8.98020350955154,156.597445065691,151.117731065289,151.158559,0.281714567264913,39.5128387631667,39.9718177548145,39.48,5,111.333415,2249768,1.50001262433944,None
40,60000,95,3.56,3.41,111.500023,8.96860801544409,157.592383966426,147.991749849951,148.040711,0.293088161723851,38.021507843,41.0312805474096,38.01,5,111.48551,2246798,1.49752969393417,None
40,60000,95,3.56,3.66166666666667,111.280776,8.98627809712614,151.901597929398,150.106986268548,150.150535,0.27305121490487,40.747310812,41.1470186618116,40.71,4,111.267539,2275959,1.52184734667322,None
40,60000,95,3.56,3.61166666666667,111.136601,8.99793579254777,150.961830656559,149.813823787264,149.858016,0.276807643053069,40.1388357278333,39.4785417628057,40.11,8,111.113721,2267068,1.51443418658627,None
40,60000,95,3.56,3.56666666666667,111.523925,8.96668584790214,144.772469211285,147.255617985981,147.300588,0.280353378088318,39.7768665833333,39.4158878504673,39.75,4,111.509483,2267618,1.51489067813937,None
40,60000,95,3.56,3.66833333333333,111.607205,8.95999501107478,158.373699812083,152.964829141754,152.969313,0.2724213234398,40.9412430341667,42.6981603452192,40.89,5,111.591961,2265577,1.51319564557851,None
40,60000,95,3.56,3.51333333333333,111.547837,8.96476370043823,137.589160656611,145.494068316414,145.537219,0.284575040835863,39.1904733993333,36.8595825426945,39.16,4,111.531103,2269561,1.51650691892988,None
40,60000,95,3.56,3.65333333333333,111.217629,8.99138031435646,145.290272523843,147.461548692062,147.500675,0.273649038045164,40.631507128,40.5109489051095,40.61,5,111.202852,2259738,1.50832779145049,None
40,60000,95,3.56,3.51666666666667,111.354162,8.98035584875579,152.287684463512,149.683131946919,149.731171,0.284149380612796,39.15954697,38.2464454976303,39.14,5,111.337357,2281412,1.52638372258069,None
50,60000,95,4.45,4.33166666666667,110.766424,9.02800653743232,166.725859133378,164.663470733744,164.701391,0.230835264435167,47.9803226626667,47.9030396306272,47.92,6,110.753333,2302441,1.54395667331557,None
50,60000,95,4.45,4.25666666666667,110.571906,9.04388859861021,154.348147362315,156.346317040329,156.384443,0.234756304247455,47.066774654,46.5935787000783,47.01,4,110.5546,2304317,1.54551535274855,None
50,60000,95,4.45,4.39333333333333,110.705146,9.03300375937357,152.666130915237,158.714000521244,158.750776,0.227432041856601,48.6364608093333,47.1168437025797,48.56,5,110.690069,2291118,1.53452298189709,None
50,60000,95,4.45,4.45166666666667,110.629227,9.03920263313419,174.384352869492,169.006081801947,169.043302,0.224465079186073,49.2484442195,50.4867090977162,49.18,6,110.614633,2290285,1.53383201407438,None
50,60000,95,4.45,4.52166666666667,110.40739,9.05736472893708,161.160398344159,163.193442063399,163.228325,0.221020316019167,49.9225415116667,50.2764467379285,49.84,5,110.392644,2298761,1.54089983203896,None
50,60000,95,4.45,4.515,110.549305,9.04573755574492,161.636675582438,163.896781799926,163.929787,0.221476909521226,49.9130112075,49.4462901439646,49.82,6,110.532326,2295451,1.53814100971865,None
50,60000,95,4.45,4.42166666666667,110.452256,9.05368560330719,154.083117363597,159.679274239352,159.714349,0.226153724603091,48.8383058613333,48.039954768187,48.77,5,110.433705,2295182,1.5379112238075,None
50,60000,95,4.45,4.39333333333333,110.516132,9.0484527634391,166.568419986138,163.863136498103,163.899928,0.227526769500379,48.5534206586667,49.1843702579666,48.48,6,110.502603,2303266,1.54464725584101,None
50,60000,95,4.45,4.39833333333333,110.612499,9.04056963761392,161.020722623211,162.079788410762,162.114945,0.227071801708981,48.6510641435,48.2000757862827,48.59,5,110.596608,2298676,1.54082232617288,None
60,60000,95,5.34,5.24,109.731853,9.11312415365847,182.97909018511,183.458418383588,183.487828,0.190767720083651,57.499490972,57.1405852417303,57.39,8,109.715686,2326542,1.56409460660593,None
60,60000,95,5.34,5.44333333333333,109.774403,9.10959178707626,188.182798969059,189.736967950398,189.763618,0.183688192030925,59.7538666996667,59.7213717085119,59.63,10,109.757993,2312171,1.55212887050898,None
60,60000,95,5.34,5.4,109.757407,9.11100241280299,194.958847736626,191.755490193519,191.783163,0.185180788308642,59.26899978,60.7253086419753,59.15,8,109.738821,2324979,1.56280138704798,None
60,60000,95,5.34,5.43666666666667,109.706029,9.11526931669362,186.07896288984,187.468079032802,187.49769,0.183860744834457,59.6435110996667,60.1778050275904,59.53,7,109.685376,2328947,1.56611065009021,None
60,60000,95,5.34,5.215,109.676249,9.11774435320085,180.907460502331,181.821951317673,181.851804,0.191607174948546,57.1961638535,57.9418344519016,57.09,7,109.663327,2317610,1.55664847241741,None
60,60000,95,5.34,5.34666666666667,109.912662,9.09813284296581,180.269401309693,184.158482553616,184.1874,0.186997126022132,58.766636616,58.1670822942643,58.66,8,109.897685,2337210,1.57299290904988,None
60,60000,95,5.34,5.38166666666667,109.949903,9.09505122528394,186.995735169844,187.307628852276,187.334282,0.185761664207185,59.1713727978333,59.0430473830907,59.06,8,109.931003,2331759,1.56845183035292,None
60,60000,95,5.34,5.20666666666667,110.148442,9.07865768995625,189.141190994178,187.745366011204,187.774954,0.191895273442061,57.3506221346667,55.9699103713188,57.24,12,110.13243,2333603,1.5699789012479,None
60,60000,95,5.34,5.28333333333333,109.685634,9.11696421429264,190.050652310203,188.252702198738,188.285702,0.189187705794006,57.95057663,58.7381703470032,57.84,7,109.66681,2317188,1.55630077970612,None
70,60000,95,6.23,6.11333333333333,109.443417,9.13714161537921,220.458645552505,219.920002291985,219.946994,0.163494758110414,66.906408926,66.1668484187568,66.77,8,109.427477,2335598,1.57169327844482,None
70,60000,95,6.23,6.10333333333333,109.464076,9.13541717558553,209.615872761152,213.300170799563,213.327887,0.163683648529219,66.8095743853333,66.7394866193337,66.66,9,109.447158,2340268,1.57558507122266,None
70,60000,95,6.23,6.22,109.236849,9.15442004373451,223.236594603723,223.219176548232,223.246035,0.160770017474009,67.945320078,68.6361200428725,67.79,8,109.223088,2349374,1.58318096801115,None
70,60000,95,6.23,5.88166666666667,109.763666,9.11048288055539,214.57808695049,212.27736826013,212.280301,0.169996096593936,64.5593295523333,65.1225386032016,64.4,9,109.748163,2326032,1.56370734787729,None
70,60000,95,6.23,6.29833333333333,109.228154,9.15514877235772,212.571514520748,218.480415729029,218.505308,0.158756923629002,68.7955323276667,68.6028049748611,68.63,11,109.210384,2348962,1.5828421452023,None
70,60000,95,6.23,6.21666666666667,109.172446,9.15982041842316,217.524743223915,219.618035749866,219.645181,0.160824782586863,67.8688705966667,67.9490616621984,67.71,9,109.155522,2344218,1.5788830560041,None
70,60000,95,6.23,6.34166666666667,109.305704,9.14865339506893,225.258624708826,227.042075740079,227.067523,0.15767493333929,69.3180339533333,69.934296977661,69.16,9,109.287203,2349949,1.58366769027409,None
70,60000,95,6.23,6.225,109.229452,9.15503997951029,210.44821857712,215.318565504418,215.343704,0.160615193363052,67.99533387,67.9919678714859,67.84,10,109.21058,2344223,1.57888793010744,None
70,60000,95,6.23,5.99333333333333,109.585688,9.12527920616787,211.041293236055,212.085288759177,212.088226,0.166843345044772,65.6783556746667,65.7305713888503,65.54,8,109.570829,2330435,1.56738333239051,None
80,60000,95,7.12,7.31,108.647394,9.20408638609408,310.386299399345,311.840370722982,311.862752,0.136795017082079,79.421245014,79.2635658914729,79.21,12,108.633487,2362861,1.5944848248937,None
80,60000,95,7.12,7.14,108.897999,9.1829051881844,281.893803272943,285.348344112045,285.370203,0.140051467611811,77.753171286,77.952847805789,77.56,12,108.882865,2353569,1.58673078008152,None
80,60000,95,7.12,7.27833333333333,108.88482,9.18401665172427,297.752737559589,301.398112110831,301.399942,0.137384862495077,79.25000149,79.164281625644,79.03,11,108.871619,2365025,1.59628756857024,None
80,60000,95,7.12,7.16833333333333,108.833835,9.18831905537465,299.56859980925,299.79863112439,299.8185,0.139454697430365,78.0157207225,79.2606370611486,77.81,11,108.817209,2354121,1.58719224403987,None
80,60000,95,7.12,7.01833333333333,108.934076,9.17986397571317,275.358478357364,276.42400911375,276.448262,0.142471753844693,76.4535656726667,77.2144383756827,76.26,11,108.91479,2356488,1.58915670156363,None
80,60000,95,7.12,7.16166666666667,108.761159,9.19445884168998,313.872097093355,310.366933104026,310.390287,0.139609745802188,77.8911167038334,78.5548056783803,77.69,11,108.746315,2367267,1.59814895721079,None
80,60000,95,7.12,7.095,108.840981,9.18771579245505,298.9397059902,297.123409182758,297.147659,0.140917866567771,77.2226760195,76.9556025369979,77.02,15,108.819736,2355233,1.58811479690362,None
80,60000,95,7.12,7.27333333333333,108.98764,9.17535236105672,282.79036630846,289.293304750458,289.315279,0.137424519885655,79.2703434933333,79.3194317140238,79.06,9,108.974093,2365747,1.59688953211753,None
80,60000,95,7.12,7.06833333333333,109.002648,9.17408905515763,271.710107388041,276.299395099033,276.321657,0.141441177183212,77.046705028,76.4560245225183,76.72,13,108.98384,2350712,1.58434485423206,None
80,60000,95,7.12,7.02833333333333,108.809821,9.19034688973526,271.253664740018,274.91681775907,274.918669,0.142198504453877,76.4751691928333,75.9810314167161,76.28,13,108.795726,2350782,1.58440080158229,None
90,60000,95,8.01,7.99,108.500864,9.21651646939881,434.125407828719,439.036776193784,439.038584,0.125154989557989,86.692190336,86.1507977891334,86.43,20,108.48188,2369173,1.59978564828287,None
90,60000,95,8.01,8.05666666666667,108.513397,9.21545198700212,469.381564764411,471.078031476417,471.098274,0.124114191742036,87.4256268496667,86.8121638394704,87.17,24,108.496161,2374447,1.60418577960549,None
90,60000,95,8.01,7.995,108.449671,9.22086706929706,480.274634852954,477.177033097978,477.195774,0.125067734460705,86.7055119645,86.1892849697728,86.46,22,108.432149,2372840,1.60284238159775,None
90,60000,95,8.01,8.05166666666667,108.431878,9.22238015650711,406.811713884159,416.384468623473,416.403963,0.124147432203478,87.3057337696667,87.1351687021321,87.07,18,108.414917,2369158,1.59977666118137,None
90,60000,95,8.01,7.94666666666667,108.556277,9.21181186049702,495.464379419846,487.952483584941,487.973411,0.125816767423658,86.2660547893333,86.9022651006711,85.88,21,108.536416,2368430,1.5991633121566,None
90,60000,95,8.01,8.095,108.600645,9.20804844206957,475.870552527423,479.496714846819,479.517742,0.123519296718756,87.9122221275,87.5128680255302,87.67,23,108.58038,2373409,1.60332332152402,None
90,60000,95,8.01,7.86666666666667,108.664891,9.20260436280197,442.289392415973,440.743003229661,440.762328,0.127097493214619,85.4830475866667,85.0741525423729,85.25,19,108.646597,2364635,1.59599660206486,None
90,60000,95,8.01,7.97666666666667,108.456899,9.22025255396616,547.066777334436,533.362368236523,533.381577,0.125353852132679,86.5124531023333,86.7425825323861,86.28,36,108.442617,2369949,1.60043164615535,None
90,60000,95,8.01,8,108.306747,9.23303513122779,452.604166666667,453.028089740417,453.047693,0.124997616374792,86.6453976,86.46875,86.25,21,108.290533,2372224,1.60232776961746,None
100,60000,95,8.9,9.025,108.180277,9.24382916860159,1636.32875745275,1654.20655990342,1654.223264,0.110788606285873,97.6326999925,97.072945521699,96.85,46,108.166009,2385222,1.61322066285053,None
100,60000,95,8.9,8.82666666666667,108.36169,9.22835367370147,1111.07838897966,1118.15243126378,1118.16906,0.113290100338746,95.6472517066667,95.7043051359517,95.04,42,108.344474,2380332,1.6091345743599,None
100,60000,95,8.9,8.66666666666667,108.11725,9.24921786301446,906.434911242604,906.019924299423,906.03794,0.115380261981539,93.7016166666667,94.1442307692308,93.28,32,108.100643,2382844,1.61121873669272,None
100,60000,95,8.9,9.05666666666667,108.054394,9.25459819801497,1655.33428274842,1677.92746351141,1677.94428,0.110368274112808,97.8612628326667,97.5432462274568,97.25,43,108.035693,2383678,1.61193586034704,None
100,60000,95,8.9,8.925,108.275673,9.23568491696191,1239.77434110899,1254.07178875033,1254.088366,0.112001360852474,96.6360381525,96.3398692810458,96.34,46,108.258932,2386390,1.61419143637335,None
100,60000,95,8.9,8.81166666666667,108.250534,9.23782971823492,1079.95139875264,1086.89915325742,1086.916095,0.11342988167543,95.3867622096667,95.243048988084,95.1,32,108.236204,2382331,1.61080117967896,None
100,60000,95,8.9,9.1,108.039537,9.25587083920954,1675.2606367991,1703.57699425275,1703.594807,0.109884577968865,98.31597867,98.3608058608059,97.7,59,108.025711,2386906,1.61462907891119,None
100,60000,95,8.9,8.86833333333333,108.027465,9.25690517684554,1339.69360620783,1341.668609109,1341.685165,0.112751886314603,95.8023568775,95.9875963164819,95.2,44,108.01393,2383595,1.61185534445452,None
100,60000,95,8.9,8.95833333333333,108.252377,9.23767244390393,1687.59588967009,1693.18487273247,1693.203052,0.111598875125767,96.9760877291667,97.0139534883721,96.53,48,108.234337,2384051,1.61224279753589,None
100,60000,95,8.9,9.03166666666667,108.039427,9.25588026304508,1369.41669752054,1393.444853883,1393.446981,0.110696268668389,97.5776091521667,97.3060245410093,96.95,45,108.02141,2382795,1.61119817032762,None
10,70000,75,0.89,0.895,120.002353,8.33316993375955,159.171062076714,130.108683040968,130.268986,1.11515324326071,10.7402105935,13.3147113594041,10.8,2,119.973767,1958747,1.25733821962411,None
10,70000,75,0.89,0.878333333333333,120.958085,8.26732665286492,123.141623669116,127.886371108159,128.083969,1.13487271122391,10.6241517991667,10.0569259962049,10.7,2,120.915842,2024592,1.31221023245349,None
10,70000,75,0.89,0.913333333333333,121.028846,8.26249305888614,121.876498481539,128.86484199635,129.051996,1.09221748775912,11.0539679346667,10.7664233576642,11.13,2,121.005653,2020288,1.30862547339557,None
10,70000,75,0.89,0.905,119.997753,8.33348937792194,126.166274940732,126.97607560221,127.138741,1.10301234281584,10.8597966465,11.0497237569061,10.93,2,119.974473,2008755,1.29901341083609,None
10,70000,75,0.89,0.906666666666667,120.276211,8.31419606325976,143.950043252595,128.648761332721,128.838968,1.10212605499081,10.9050431306667,12.3161764705882,10.99,2,120.24324,2015514,1.30464636255369,None
10,70000,75,0.89,0.865,120.652115,8.28829233536437,111.374697896132,128.530168229287,128.718855,1.15418222672254,10.4364079475,9.4412331406551,10.53,2,120.625991,1950601,1.25054846106634,None
10,70000,75,0.89,0.861666666666667,121.213389,8.24991371209001,130.196154723913,129.366999363636,129.547937,1.15375096721664,10.4445536855,10.0580270793037,10.53,2,121.188751,1996592,1.28887541735976,None
10,70000,75,0.89,0.878333333333333,120.680537,8.28634032346078,131.783141119581,129.412397459203,129.602836,1.13766991927325,10.5997738331667,11.1954459203036,10.68,2,120.631946,1994050,1.28675771552869,None
10,70000,75,0.89,0.905,120.547736,8.29546894186383,126.166274940732,127.538661399632,127.72358,1.09995950926519,10.909570108,11.2338858195212,10.99,2,120.524921,1969760,1.26651686324369,None
20,70000,75,1.78,1.76166666666667,115.760079,8.63855664784057,131.036143241122,130.619025606433,130.700811,0.565649673109745,20.3930672505,20.4351939451277,20.44,3,115.742562,2175643,1.43813895065442,None
20,70000,75,1.78,1.81333333333333,115.001578,8.69553285607959,124.689121972318,129.590056184743,129.667846,0.55107934751011,20.8536194773333,20.4044117647059,20.88,2,114.980251,2206204,1.4636101500584,None
20,70000,75,1.78,1.78833333333333,114.808518,8.71015511235848,119.861481817969,127.937370394222,128.022687,0.558527146736254,20.531589969,19.4780987884436,20.59,2,114.790335,2174836,1.43746716885677,None
20,70000,75,1.78,1.87333333333333,114.569984,8.72828960157662,137.251301275313,131.64574255694,131.721593,0.533621051342527,21.4627770026667,22.508896797153,21.5,3,114.551915,2185537,1.4463897914831,None
20,70000,75,1.78,1.86166666666667,114.587036,8.72699072170782,130.080492815117,130.603977535363,130.681897,0.537114823487914,21.3322865353333,21.7994628469114,21.35,2,114.567121,2206723,1.46404508015166,None
20,70000,75,1.78,1.83166666666667,114.84701,8.70723582616561,124.192644318062,129.60272322475,129.696442,0.545586827308462,21.0361439983333,20.3821656050955,21.1,3,114.826816,2190176,1.45025382465883,None
20,70000,75,1.78,1.77333333333333,114.978792,8.69725609919436,123.487760755272,128.850185109023,128.933585,0.563902205651316,20.389572448,19.5488721804511,20.42,3,114.962024,2162778,1.42741740726738,None
20,70000,75,1.78,1.74666666666667,115.398393,8.66563193821945,122.643639648039,129.123820513359,129.205254,0.571658919358779,20.156252644,19.4179389312977,20.21,3,115.374559,2193397,1.45293362233672,None
20,70000,75,1.78,1.76666666666667,115.180151,8.68205147603948,125.756496974012,130.331990823585,130.416546,0.565991168210377,20.3484933433333,20.2358490566038,20.39,3,115.162716,2157663,1.42315451497716,None
30,70000,75,2.67,2.67166666666667,112.715135,8.87192301193624,138.698144348031,138.234537900811,138.302811,0.374082864019339,30.1137269008333,30.6924516531503,30.12,4,112.696135,2260399,1.50882370462805,None
30,70000,75,2.67,2.59166666666667,112.919386,8.85587528788015,147.144880636056,138.336022942765,138.401069,0.385784822918328,29.2649408716667,30.6752411575563,29.28,5,112.903958,2239649,1.49152622636677,None
30,70000,75,2.67,2.69833333333333,112.708592,8.87243804802388,136.885906665024,137.870448411983,137.928884,0.37042772807412,30.4125350746667,29.9567634342187,30.43,3,112.694547,2241225,1.49284564319446,None
30,70000,75,2.67,2.67833333333333,112.704439,8.87276498488227,135.336651372399,136.158894788426,136.22012,0.373340956235221,30.1860055788333,29.4648413192284,30.19,5,112.689228,2257487,1.50639720100692,None
30,70000,75,2.67,2.65333333333333,112.763236,8.8681385482765,138.964293830964,138.420187606156,138.47728,0.376745527852387,29.9198452853333,29.962311557789,29.93,3,112.747684,2257298,1.50623832687879,None
30,70000,75,2.67,2.61333333333333,113.090059,8.84251019800069,147.155482090796,140.218129299107,140.271305,0.382305104905612,29.5542020853333,30.8673469387755,29.56,3,113.073588,2246027,1.49684311766129,None
30,70000,75,2.67,2.69833333333333,112.772525,8.8674080854357,136.084734970496,137.082198507721,137.142388,0.370538803155652,30.4297863291667,30.5435453983941,30.42,3,112.755443,2226679,1.48072289851452,None
30,70000,75,2.67,2.73,112.607922,8.88036989085013,136.412224324312,137.026489847375,137.103291,0.366187994830891,30.741962706,30.1587301587302,30.75,4,112.592728,2259271,1.50788692628702,None
40,70000,75,3.56,3.58166666666667,111.651206,8.95646393644866,156.684388574685,152.724291711959,152.769221,0.278982952963239,39.9897402823333,40.7166123778502,39.95,5,111.630675,2282872,1.52760480950591,None
40,70000,75,3.56,3.59333333333333,111.347951,8.98085677391585,151.15086344877,149.112073975881,149.152942,0.277823208959648,40.0110303926667,40.5844155844156,39.99,4,111.335213,2283414,1.52805673817242,None
40,70000,75,3.56,3.61166666666667,111.116443,8.99956813772378,143.806635974573,146.97307063221,147.015822,0.276721703190125,40.1315553301667,39.6169820027688,40.11,5,111.096731,2288650,1.53242119386391,None
40,70000,75,3.56,3.625,111.187602,8.99380850033981,152.833927863654,150.65132062023,150.691741,0.275760539984368,40.305505725,40.3218390804598,40.28,5,111.172268,2292023,1.53523324441583,None
40,70000,75,3.56,3.63833333333333,111.316619,8.98338459237609,154.045051829938,151.71544318415,151.761461,0.274809652481448,40.5006965461667,40.9757214841961,40.46,5,111.302603,2288616,1.53239471476247,None
40,70000,75,3.56,3.54833333333333,111.504205,8.96827164500209,137.866643310159,144.010495471113,144.056312,0.281779131711602,39.5654087408333,38.914983560357,39.53,4,111.490967,2296389,1.53886799189058,None
40,70000,75,3.56,3.56833333333333,111.415893,8.97538020002227,148.69495957683,147.872420512377,147.913001,0.280120058702476,39.7569044855,41.0555815039701,39.73,5,111.402734,2275017,1.52105708794911,None
40,70000,75,3.56,3.50666666666667,111.338493,8.98161968116454,140.823562578612,145.500908600285,145.547388,0.284831091567015,39.042698212,37.1673003802281,39.02,4,111.324273,2299588,1.5415313989871,None
40,70000,75,3.56,3.43,111.876873,8.93839784027571,149.668363805331,147.903060455782,147.94513,0.291519017567541,38.373767439,38.3138969873664,38.33,5,111.8531,2289383,1.53302264602972,None
50,70000,75,4.45,4.48333333333333,110.253075,9.07004181062524,171.349207446,167.271888201859,167.307286,0.223043354167286,49.430128625,50.092936802974,49.37,6,110.23832,2318733,1.55754294647761,None
50,70000,75,4.45,4.48166666666667,110.39733,9.05819008485078,164.506416441735,164.373100621421,164.405287,0.223126637298624,49.476403395,49.9256229081443,49.4,5,110.383872,2319921,1.55853324386169,None
50,70000,75,4.45,4.26833333333333,110.512912,9.04871640700229,153.8257230335,158.408815196408,158.443986,0.234262693541585,47.1705946053333,45.0800468566966,47.11,5,110.496778,2315731,1.5550288005896,None
50,70000,75,4.45,4.29666666666667,110.700654,9.03337029969127,154.466901110489,158.809919435609,158.848053,0.23262695159232,47.564381002,46.9743987587277,47.5,6,110.685457,2314973,1.55439914462328,None
50,70000,75,4.45,4.26333333333333,110.511359,9.04884356729339,150.564755376592,155.798013385457,155.838612,0.234542356963253,47.1146760536667,46.8139171227521,47.05,5,110.495523,2312893,1.55266316878237,None
50,70000,75,4.45,4.475,110.504291,9.04942234324638,155.259407217836,160.915283373557,160.951937,0.223423870588082,49.4506702225,48.1005586592179,49.38,6,110.488395,2318046,1.55697042158129,None
50,70000,75,4.45,4.475,110.504788,9.04938164308319,164.206277373782,164.325003889013,164.357678,0.22331224409162,49.45089263,48.5288640595903,49.38,6,110.489189,2308545,1.54905183369501,None
50,70000,75,4.45,4.29833333333333,110.52398,9.04781025800917,158.316320217535,159.075648623498,159.109863,0.232625288849554,47.5068907366667,48.2163629313688,47.44,6,110.506875,2323961,1.56188981126022,None
50,70000,75,4.45,4.48666666666667,110.429712,9.05553389471848,163.643197940516,164.497854875557,164.534345,0.222853632919019,49.546130784,49.0527488855869,49.48,6,110.415185,2312833,1.55262619431364,None
60,70000,75,5.34,5.42666666666667,109.493072,9.13299793068186,190.019634890642,189.810853599202,189.841769,0.184263724652641,59.4182404053333,59.4133906633907,59.3,9,109.473988,2343654,1.57836726362354,None
60,70000,75,5.34,5.37666666666667,109.640205,9.12074179357837,179.128123980261,182.842082734346,182.869829,0.18592713749845,58.949883555,58.7414755114693,58.84,7,109.627886,2345322,1.57975499134962,None
60,70000,75,5.34,5.28,109.847161,9.10355798817595,168.70886899296,175.883504186869,175.916895,0.189238378836174,57.999301008,57.4179292929293,57.9,7,109.826646,2339036,1.57451070203721,None
60,70000,75,5.34,5.45333333333333,109.66045,9.119057964836,185.251537831553,188.397404219132,188.425225,0.183326462558068,59.8014987333333,59.3215158924205,59.67,10,109.64305,2338465,1.57404438974376,None
60,70000,75,5.34,5.40166666666667,109.732873,9.11303944443339,191.696922367602,190.601769093181,190.630552,0.184928491565875,59.2740402321667,59.2718296821969,59.17,7,109.717491,2335514,1.57158210697495,None
60,70000,75,5.34,5.38,109.758917,9.11087706887633,187.140402518852,188.700855991946,188.727607,0.185774929687113,59.050297346,58.6895910780669,58.93,8,109.746476,2339839,1.57518556489814,None
60,70000,75,5.34,5.32,109.716408,9.11440702652241,180.020068969416,182.325494552005,182.351975,0.187847966365288,58.369129056,58.8032581453634,58.27,7,109.700113,2333127,1.56958774375671,None
60,70000,75,5.34,5.30666666666667,109.786739,9.1085682033055,181.961550844676,184.089829393216,184.122199,0.188408747038631,58.2601628293333,58.589824120603,58.16,8,109.774597,2334204,1.57048479389661,None
60,70000,75,5.34,5.37333333333333,109.59703,9.12433484739504,188.153442851074,188.350628236973,188.378858,0.186097538280397,58.8901374533333,59.3517369727047,58.77,7,109.575573,2337567,1.57329105384756,None
60,70000,75,5.34,5.29666666666667,109.764002,9.11045499233893,181.342307343477,183.75489864506,183.785641,0.188788762649465,58.1383330593333,58.0396475770925,58.03,8,109.748972,2332766,1.56928556343466,None
70,70000,75,6.23,6.24666666666667,108.801062,9.19108675612008,240.405697695477,235.037087974653,235.064031,0.160078462795624,67.9643967293333,68.7700106723586,67.81,11,108.783354,2357494,1.58994902040292,None
70,70000,75,6.23,6.14833333333333,109.099805,9.16591922414527,202.590676963691,208.799134915153,208.824351,0.16256985291434,67.0781967741667,66.2103551097859,66.93,7,109.085553,2360731,1.59264221220823,None
70,70000,75,6.23,6.12666666666667,109.10106,9.16581378769372,219.033912292895,219.34186259222,219.365665,0.163182806751632,66.84258276,66.1724700761697,66.7,10,109.085164,2351777,1.58517790164715,None
70,70000,75,6.23,6.34,108.856761,9.18638393071423,221.666053000826,223.440206188223,223.466807,0.157682727074395,69.015186474,69.6766561514196,68.85,8,108.843349,2357243,1.5897454988811,None
70,70000,75,6.23,6.275,108.90385,9.18241182474265,215.107696703227,218.712697612749,218.735363,0.159354163234529,68.337165875,68.273572377158,68.18,11,108.887853,2362024,1.59372675920172,None
70,70000,75,6.23,6.20333333333333,108.981869,9.17583823048584,228.218470467108,227.197972862708,227.200556,0.161188283124396,67.6050860696667,66.9308260577569,67.45,8,108.968515,2357258,1.58975034886548,None
70,70000,75,6.23,6.30333333333333,108.961801,9.17752818714882,223.245684070583,225.695006599418,225.719533,0.158490148335537,68.6822552303333,67.6097303014278,68.52,9,108.944152,2355005,1.58787833952751,None
70,70000,75,6.23,6.13833333333333,109.016139,9.17295374036316,213.292222066014,215.203488712191,215.227053,0.162905076046701,66.9177399895,67.0513168612544,66.77,9,108.996686,2359554,1.59166032079476,None
70,70000,75,6.23,6.30333333333333,109.079269,9.16764486201315,214.709326177241,219.051952306187,219.07726,0.158590265275251,68.7562992263333,69.0639873083025,68.59,8,109.065568,2361318,1.59314055917572,None
80,70000,75,7.12,7.2,108.52077,9.21482588079683,299.575617283951,300.399039486574,300.418939,0.138849347445139,78.1349544,77.9050925925926,77.94,17,108.509218,2373406,1.60326727233241,None
80,70000,75,7.12,7.12166666666667,108.616328,9.206718901416,295.785054754411,295.484690113503,295.506011,0.140412475284812,77.3529282573334,76.924877135502,77.16,11,108.600704,2369134,1.59970221530039,None
80,70000,75,7.12,7.05,108.55655,9.21178869446385,287.343024328085,287.559993321986,287.584034,0.141797851891017,76.53236775,76.3120567375887,76.35,13,108.540483,2374192,1.60391366099842,None
80,70000,75,7.12,7.11,108.571027,9.21056038274373,321.054911665391,315.011044118612,315.032303,0.140617766688936,77.194000197,77.1097046413502,77.01,14,108.55267,2373321,1.6031913056108,None
80,70000,75,7.12,7.00666666666667,108.394601,9.22555174127169,270.810455540055,272.85652035942,272.881363,0.142714724777117,75.9484837673333,76.4153187440533,75.75,10,108.380588,2375838,1.60528231361901,None
80,70000,75,7.12,7.05833333333333,108.587057,9.20920068770259,285.477321862424,284.796381143566,284.819854,0.141626436612043,76.6443643991667,76.9421487603306,76.46,15,108.571839,2371770,1.60189550383584,None
80,70000,75,7.12,7.07,108.594536,9.20856644205377,297.339796618579,294.405940517209,294.427242,0.141435071794201,76.776336952,76.7916077322018,76.58,14,108.579563,2372237,1.60228541338832,None
90,70000,75,8.01,8.095,108.041881,9.25567003040238,451.873552724664,456.205811874614,456.22387,0.123469919318715,87.4599026695,87.8422894791023,87.21,16,108.026393,2383107,1.61140441775325,None
90,70000,75,8.01,7.97833333333333,110.391545,9.05866477364729,589.95288043499,581.686531754752,581.688479,0.125224355797159,88.0740543191667,87.8328981723238,87.82,29,110.373846,2384135,1.61226466458575,None
90,70000,75,8.01,8.06,108.340837,9.23012990937111,415.976536604088,424.685920141439,424.707632,0.124068851253929,87.322714622,87.4793217535153,86.93,17,108.323792,2385589,1.61347170412636,None
90,70000,75,8.01,8.095,108.257679,9.23722002205497,588.950214555051,577.513186959028,577.532485,0.123524604891703,87.6345911505,87.6364010706197,87.39,35,108.243501,2385557,1.61344757555781,None
90,70000,75,8.01,8.10333333333333,108.247274,9.23810792685643,447.226207624978,453.00526915652,453.02315,0.123405428819416,87.7163743646667,88.1221719457014,87.47,24,108.231865,2383869,1.61204100905213,None
90,70000,75,8.01,7.89666666666667,108.175656,9.24422404242226,402.759293612567,406.261796463276,406.280678,0.126618391165893,85.422709688,85.8695652173913,85.19,15,108.158457,2382557,1.61093481336277,None
90,70000,75,8.01,7.905,108.141149,9.24717380245331,377.692989555633,384.276479302762,384.298084,0.126501274496943,85.4855782845,85.3784524562513,85.26,14,108.123494,2383216,1.61148449704121,None
90,70000,75,8.01,8.08166666666667,108.18392,9.24351789064401,498.34130778379,497.245949035059,497.26428,0.123688676181275,87.4306380133333,86.9251392039596,87.19,23,108.168895,2384740,1.6127654707212,None
90,70000,75,8.01,7.99333333333333,108.14747,9.24663332392334,394.824433205041,403.002601768557,403.022851,0.12506726648749,86.4458776866667,86.7285237698082,86.22,20,108.128628,2383276,1.61153981418765,None
100,70000,75,8.9,9.1,107.982437,9.26076524833386,1988.8801674516,2009.75913390989,2009.778445,0.109885398204945,98.26401767,97.8113553113553,97.64,62,107.962535,2389923,1.61714359656406,None
100,70000,75,8.9,8.97166666666667,107.970996,9.26174655275015,1618.69425454371,1625.71702326287,1625.735632,0.111417901867546,96.867978578,97.2877577558982,96.58,53,107.955585,2389711,1.61696100816406,None
100,70000,75,8.9,8.79166666666667,108.122512,9.24876773118257,905.855663619416,918.276025536303,918.295169,0.113726011190142,95.0577084666667,95.3649289099526,94.77,44,108.105637,2387876,1.61542140857194,None
100,70000,75,8.9,8.70166666666667,108.119776,9.24900177373656,1246.97891594144,1231.57985474066,1231.59978,0.114918081985252,94.0822250826667,94.5316989082551,93.81,46,108.100583,2388549,1.61597707277642,None
100,70000,75,8.9,8.985,108.148853,9.24651507862039,1501.44096175462,1517.21150168967,1517.231323,0.111188990253571,97.1717444205,97.3381561862363,96.88,50,108.129683,2389857,1.61708437000674,None
100,70000,75,8.9,8.78,107.97415,9.2614760106933,816.962517490742,830.656660473235,830.675094,0.113866763512529,94.8013037,94.6564160971906,94.53,32,107.953337,2389095,1.61643618022422,None
100,70000,75,8.9,8.76333333333333,107.951559,9.2634141578261,1000.97429828893,1003.79230984671,1003.808804,0.114053636291936,94.601549537,94.3609737542792,94.17,43,107.932629,2388673,1.61608242706993,None
100,70000,75,8.9,8.97166666666667,107.814028,9.27523086327876,1337.60623927737,1352.98703389727,1353.005793,0.111460086989411,96.7271521206667,96.7211592049043,96.28,46,107.794429,2389468,1.61675679153553,None
100,70000,75,8.9,8.74,108.037271,9.25606497409584,922.891935340291,928.775713202899,928.79488,0.114385968174104,94.424574854,94.2601067887109,94.16,33,108.022635,2389005,1.61635911083632,None
100,70000,75,8.9,8.96833333333333,108.035872,9.25618483460753,1501.10027017291,1512.78997135867,1512.808602,0.111496121853001,96.8901712053334,96.7756922505111,96.45,49,108.016583,2390110,1.61729287703595,None
10,70000,80,0.89,0.958333333333333,120.027331,8.33143577940594,121.587901701323,127.765060932174,127.918116,1.04326968223652,11.5026192208333,10.6086956521739,11.56,2,119.999496,2035528,1.32132789630452,None
10,70000,80,0.89,0.931666666666667,119.932232,8.338042103644,145.928872475447,128.121151166369,128.319976,1.06536181702862,11.1736862813333,12.701252236136,11.25,2,119.910772,2057957,1.34001785153784,None
10,70000,80,0.89,0.846666666666667,121.078314,8.25911731806903,130.200260400521,128.343452728346,128.543184,1.17983314825394,10.251297252,10.6299212598425,10.34,2,121.054126,2018193,1.30687588896477,None
10,70000,80,0.89,0.888333333333333,120.70326,8.28478037792848,120.384808985916,129.346595371482,129.520457,1.12482777530019,10.72247293,10.5065666041276,10.81,2,120.680088,2036069,1.32177520321352,None
10,70000,80,0.89,0.916666666666667,119.943042,8.33729062833007,150.743801652893,129.214590970909,129.377999,1.08936285648364,10.99477885,12.9090909090909,11.07,2,119.921283,1994730,1.28732620293276,None
10,70000,80,0.89,0.906666666666667,120.331752,8.3103585161795,125.70285467128,128.39038840625,128.560332,1.10236983868934,10.910078848,11.0294117647059,10.99,2,120.303503,2027105,1.31430582460077,None
10,70000,80,0.89,0.865,120.191438,8.32006020262442,124.739661643668,128.351569194605,128.527796,1.15483489074374,10.396559387,9.82658959537572,10.48,2,120.163358,1979271,1.27444059829047,None
10,70000,80,0.89,0.873333333333333,120.829813,8.27610318324336,137.666802633879,129.916595673664,130.099059,1.14201306193512,10.5524703353333,11.4503816793893,10.62,2,120.808117,2027688,1.31478993312474,None
10,70000,80,0.89,0.875,121.121592,8.25616624986237,121.904761904762,129.386764032381,129.570658,1.13942637721333,10.5981393,9.9047619047619,10.69,3,121.099401,2029673,1.31644447812156,None
20,70000,80,1.78,1.73833333333333,115.009586,8.69492739500862,121.340369849124,130.160325177373,130.251276,0.574950288160115,19.9924996996667,18.6001917545542,20.03,2,114.990363,2185094,1.44601315454431,None
20,70000,80,1.78,1.8,114.857904,8.70640996548222,133.230452674897,130.78613002963,130.867343,0.555337190222222,20.67442272,21.0185185185185,20.72,3,114.839761,2194129,1.45354625138984,None
20,70000,80,1.78,1.82166666666667,115.004754,8.6952927180732,132.84236625151,131.133972489479,131.232699,0.548934871000915,20.950032687,20.1738334858189,21,3,114.988266,2216235,1.47197041907161,None
20,70000,80,1.78,1.75833333333333,114.985155,8.69677481410535,116.978504525954,128.899042356398,128.986186,0.568365320446446,20.2182230875,18.2938388625592,20.24,4,114.969981,2173466,1.43632367283998,None
20,70000,80,1.78,1.745,114.868281,8.7056234436032,117.130948569114,129.02784560745,129.123081,0.572703061029608,20.0445150345,18.3381088825215,20.1,3,114.850661,2177465,1.43965565364851,None
20,70000,80,1.78,1.77666666666667,115.270669,8.67523376653605,127.248855112306,131.199889608818,131.283971,0.562502027031895,20.4797555256667,19.7936210131332,20.53,3,115.254099,2207514,1.4647000885773,None
20,70000,80,1.78,1.79666666666667,114.575773,8.72784860024466,132.176331487225,130.051851307978,130.134159,0.556492761666976,20.5854472156667,20.9647495361781,20.64,3,114.55948,2194080,1.45350500869185,None
20,70000,80,1.78,1.8,114.928526,8.70105999619277,135.030864197531,130.881679940741,130.973427,0.55550875732037,20.68713468,21.3425925925926,20.73,3,114.908522,2173505,1.4363586442317,None
20,70000,80,1.78,1.81,114.869067,8.70556387473749,140.919589349125,131.275596895028,131.366963,0.552344583292818,20.791301127,22.4677716390424,20.85,3,114.85376,2172850,1.43581338402164,None
30,70000,80,2.67,2.67666666666667,112.130719,8.91816273825909,129.57325347506,135.046000477584,135.108354,0.373532530420299,30.0136557856667,29.3275217932752,30.02,5,112.106814,2260530,1.50893235627258,None
30,70000,80,2.67,2.645,112.355436,8.90032592637529,131.026785448403,135.803665904222,135.86413,0.377753087934468,29.718012822,28.8594833018274,29.72,4,112.338852,2263143,1.51110846383233,None
30,70000,80,2.67,2.73333333333333,112.614964,8.87981458662989,131.506543723974,137.396802673171,137.449892,0.365838337290244,30.7814234933333,29.6646341463415,30.79,5,112.600168,2259552,1.50812132256772,None
30,70000,80,2.67,2.67666666666667,112.867374,8.85995628816526,145.973458807182,139.109905926526,139.164851,0.373574362269614,30.210833774,32.0361145703611,30.21,5,112.852293,2248138,1.49860581746074,None
30,70000,80,2.67,2.64,112.888346,8.858310316638,133.556205999388,136.37251857197,136.435748,0.378769784303662,29.802523344,29.9558080808081,29.81,3,112.872072,2253291,1.50289825512825,None
30,70000,80,2.67,2.645,112.479186,8.89053375617423,136.744317904334,137.566373059231,137.621468,0.377962557185255,29.750744697,29.2375551354757,29.76,4,112.460734,2254306,1.50374389725771,None
30,70000,80,2.67,2.64166666666667,112.496974,8.88912798667811,138.522624366846,137.214173773502,137.274816,0.378149998386751,29.7179506316667,29.7791798107256,29.74,4,112.482882,2252992,1.5026487020972,None
30,70000,80,2.67,2.69333333333333,112.566693,8.8836224406095,141.759999019704,138.306379342822,138.361444,0.370803133332302,30.317962648,30.7549504950495,30.34,4,112.545431,2243064,1.49437780484693,None
30,70000,80,2.67,2.71666666666667,112.914443,8.85626296717418,143.174376152659,140.093197828834,140.146562,0.367821469910429,30.6750903483333,31.1656441717791,30.69,4,112.891419,2248388,1.49881667081548,None
40,70000,80,3.56,3.46833333333333,111.227541,8.99057905092049,138.965829138534,144.704406043248,144.751307,0.28815008069678,38.5774188035,37.4819798173955,38.54,4,111.213739,2299931,1.54181470347766,None
40,70000,80,3.56,3.53166666666667,111.165598,8.99558872520976,144.548681143578,146.416686455875,146.420059,0.283068385564417,39.2599836936667,37.8391129983487,39.21,4,111.153213,2302152,1.54366931190655,None
40,70000,80,3.56,3.49166666666667,111.253915,8.98844773237868,147.094172395919,146.988067674463,147.03543,0.286191680585203,38.8461586541667,39.618138424821,38.82,4,111.240309,2297728,1.5399801651013,None
40,70000,80,3.56,3.62,111.188841,8.99370828049193,151.030697068669,149.903295368324,149.947533,0.276234843241252,40.250360442,39.8020257826888,40.22,6,111.17015,2290743,1.53416613948925,None
40,70000,80,3.56,3.59166666666667,111.240426,8.98953767041489,150.192989917152,149.216913391183,149.259962,0.278384575509977,39.953853005,39.9767981438515,39.93,7,111.226292,2281777,1.52669210224983,None
40,70000,80,3.56,3.74166666666667,111.014102,9.00786460444458,146.725462671316,148.401274532294,148.446645,0.267256159649443,41.5377764983333,41.9821826280624,41.51,4,111.000589,2287911,1.53181271908628,None
40,70000,80,3.56,3.68,111.124527,8.99891344419401,144.176807655955,148.003571373641,148.043531,0.271730666619565,40.893825936,39.651268115942,40.86,5,111.108351,2288531,1.53232599611188,None
40,70000,80,3.56,3.57666666666667,111.301857,8.98457606147578,139.078404174654,144.946142794967,144.994967,0.279541890498602,39.808964187,39.1192917054986,39.78,4,111.284251,2298366,1.54051700546877,None
40,70000,80,3.56,3.52666666666667,111.43142,8.97412955879051,156.718457981497,151.164860316163,151.211678,0.28351722022259,39.2981474533333,39.8156899810964,39.28,5,111.417483,2281961,1.52684201320395,None
40,70000,80,3.56,3.58,111.337779,8.98167727955127,151.758684185887,149.26809657216,149.315602,0.27930539980959,39.858924882,40.572625698324,39.84,5,111.324458,2276743,1.52249616101574,None
50,70000,80,4.45,4.57166666666667,110.538212,9.04664533564194,163.874530854331,166.591070512213,166.631195,0.218728980236602,50.5343859193333,49.3073277433467,50.46,6,110.526724,2326093,1.56368300155596,None
50,70000,80,4.45,4.5,110.424992,9.05592096397888,152.01646090535,159.510432312222,159.546278,0.222077875947778,49.6912464,48.4444444444444,49.62,6,110.407325,2327116,1.56453108851781,None
50,70000,80,4.45,4.55666666666667,110.481292,9.05130617046006,163.309678603556,164.480444201536,164.51269,0.219445103874177,50.3426420546667,50.256035113387,50.28,6,110.465599,2301635,1.54329751247679,None
50,70000,80,4.45,4.61333333333333,110.284941,9.06742109060928,174.710356176284,169.928007916546,169.960359,0.216677921454841,50.878119448,51.4089595375723,50.81,8,110.271914,2323138,1.56122204121296,None
50,70000,80,4.45,4.395,110.78306,9.02665082549624,176.105936219624,169.682750856655,169.720968,0.227424546284793,48.68915487,50.1706484641638,48.62,5,110.766686,2308553,1.54905443294427,None
50,70000,80,4.45,4.41666666666667,110.535378,9.04687728122665,150.174584361085,157.133440761887,157.137632,0.226368678223019,48.81979195,47.953216374269,48.76,4,110.521087,2317909,1.55685290687352,None
50,70000,80,4.45,4.425,110.184639,9.07567523999421,169.129773266516,165.931090084746,165.970402,0.225928172039171,48.7567027575,49.5668549905838,48.69,5,110.165653,2309754,1.55005577658821,None
50,70000,80,4.45,4.36666666666667,110.35321,9.06181161381712,152.307557834625,157.627911014504,157.665623,0.228989932567939,48.1875683666667,47.4236641221374,48.13,4,110.339297,2307986,1.54857924666047,None
50,70000,80,4.45,4.505,110.227856,9.07211694292593,158.33108524544,161.250665688494,161.289362,0.221749566784314,49.657649128,49.3895671476138,49.59,5,110.212058,2322295,1.56051287227126,None
50,70000,80,4.45,4.41666666666667,110.455144,9.05344888238071,154.688501245995,160.879582811698,160.914935,0.22635039138717,48.7843552666667,46.7169811320755,48.73,6,110.441713,2322884,1.5609991411144,None
60,70000,80,5.34,5.35,109.555962,9.12775518323686,186.595626983434,187.400973719003,187.429037,0.186861630114642,58.61243967,58.1931464174455,58.5,8,109.541001,2340241,1.57551828641435,None
60,70000,80,5.34,5.26333333333333,109.851022,9.10323801994305,191.377407960161,187.597906786257,187.629132,0.18992540490152,57.8182545793333,59.3730208993034,57.7,7,109.834012,2328999,1.56614410772229,None
60,70000,80,5.34,5.44666666666667,109.625598,9.1219570815933,198.149332797994,195.138145421053,195.16523,0.183495453832619,59.709409044,59.9143206854345,59.6,7,109.612081,2343142,1.577942156537,None
60,70000,80,5.34,5.30833333333333,109.790483,9.10825758913912,191.281246226301,190.039673169859,190.073081,0.188347571101727,58.2804480591667,58.5243328100471,58.17,8,109.773767,2337922,1.57358368285615,None
60,70000,80,5.34,5.45166666666667,109.512116,9.13140971543277,200.197374797431,195.875591836442,195.907249,0.183404978740446,59.7023552393333,59.2020788749618,59.6,9,109.499352,2338158,1.57378813441278,None
60,70000,80,5.34,5.46333333333333,109.734505,9.1129039129488,191.497963199484,191.622645635449,191.648948,0.183031275028981,59.9516178983333,60.1128737034777,59.83,7,109.718579,2336271,1.57221661961743,None
60,70000,80,5.34,5.21166666666667,109.819369,9.10586182661458,190.557927799889,187.140577950432,187.168814,0.191852699332587,57.2341944771667,57.3552926127279,57.14,10,109.805823,2338536,1.57408984706923,None
60,70000,80,5.34,5.31166666666667,109.912151,9.09817514170931,184.306952201981,186.538670468779,186.569233,0.188129620807029,58.3816708728333,57.0442422340759,58.29,8,109.89122,2329220,1.5663314905434,None
60,70000,80,5.34,5.41666666666667,109.854929,9.10291426249977,194.073372781065,192.943265054154,192.974837,0.184573721090462,59.5047532083333,59.0769230769231,59.39,8,109.841239,2331791,1.56848028569693,None
60,70000,80,5.34,5.43666666666667,109.857014,9.10274149632358,201.049861267795,196.300364045678,196.327078,0.183799801356836,59.7255966113333,61.0515021459228,59.61,9,109.842178,2336428,1.57234628283646,None
70,70000,80,6.23,6.21,109.345946,9.14528646539854,232.405268112052,229.243445035158,229.269204,0.160943704306763,67.903832466,68.2903918411165,67.75,12,109.332689,2346878,1.58110035798393,None
70,70000,80,6.23,6.33,109.104378,9.16553504388247,233.847198201099,232.417888869932,232.446904,0.157964373087151,69.063071274,70.3659820958399,68.91,9,109.09038,2353334,1.58648770222646,None
70,70000,80,6.23,6.25333333333333,109.368527,9.14339826484085,237.517561142607,233.138341371535,233.140579,0.159892973550107,68.3917855506667,70.4197201865423,68.23,10,109.354655,2353371,1.58651483071589,None
70,70000,80,6.23,6.35333333333333,109.096466,9.16619975572811,216.525050951928,221.95409804276,221.982771,0.157387988549056,69.3126213986667,68.5729275970619,69.16,14,109.080675,2353731,1.58681996345305,None
70,70000,80,6.23,6.11333333333333,109.110291,9.16503833721789,232.098112830588,226.688054077154,226.714151,0.163555901713741,66.702757898,66.9165757906216,66.55,8,109.097366,2353801,1.58686406265484,None
70,70000,80,6.23,6.225,109.283888,9.15047971206881,214.405144003054,218.523881831593,218.549758,0.160611652802142,68.02922028,67.3360107095047,67.88,11,109.269223,2354408,1.58737725065846,None
70,70000,80,6.23,6.12,109.480663,9.13403310317914,219.288877497259,221.066225673475,221.096003,0.163390545494553,67.002165756,65.427559912854,66.85,10,109.467865,2350618,1.58421270664996,None
70,70000,80,6.23,6.16833333333333,109.176575,9.15947399888667,225.896869048369,224.241972418536,224.26844,0.162107963804107,67.3437506791667,68.0356660362064,67.21,10,109.161662,2347678,1.58176421068112,None
70,70000,80,6.23,6.13666666666667,108.888115,9.18373873953094,219.559841748147,219.710019205595,219.733986,0.162837784719446,66.8210065716667,66.6485605649104,66.68,10,108.872999,2347162,1.58133124568803,None
70,70000,80,6.23,6.30333333333333,108.969888,9.1768470937586,240.213530595677,235.988685637229,236.016625,0.158637918364622,68.687352736,69.2226335272343,68.53,9,108.956251,2352811,1.58604971215941,None
80,70000,80,7.12,7.10333333333333,108.779223,9.19293199952348,283.126936041246,285.671148923979,285.691214,0.140764102830361,77.269508071,76.8301267010793,77.08,14,108.760211,2366764,1.59772635221949,None
80,70000,80,7.12,7.01666666666667,108.810964,9.19025035013935,293.903855901475,291.509682005463,291.512373,0.142482297845843,76.3490264066667,76.7011043819024,76.15,11,108.794955,2367480,1.59831804142856,None
80,70000,80,7.12,6.93333333333333,108.64898,9.20395202973834,281.233533321624,278.826947983173,278.830713,0.144227740421875,75.3299594666667,76.7335656772023,75.14,14,108.633771,2365950,1.59703723024243,None
80,70000,80,7.12,7.18666666666667,108.528766,9.21414696634439,302.543748988886,301.522593349026,301.5423,0.139114727390538,77.9960064986667,78.4206864564007,77.8,14,108.511869,2371976,1.60207457720689,None
80,70000,80,7.12,7.19,108.694011,9.20013891105739,295.686392848461,297.365634903106,297.388265,0.139072292217432,78.150993909,78.1061659712564,77.94,15,108.678537,2373086,1.60300054783304,None
80,70000,80,7.12,7.33666666666667,108.448633,9.22095532545809,290.469348016401,295.811606723762,295.835266,0.136264888891867,79.5651470776667,79.1344843253067,79.36,13,108.430767,2374794,1.60443200931961,None
80,70000,80,7.12,7.075,108.722135,9.19775903959208,271.081754881028,274.922554145819,274.943871,0.141309685942521,76.9209105125,76.5253239104829,76.72,12,108.703748,2366638,1.59761935410635,None
80,70000,80,7.12,6.99,108.683389,9.20103807215655,282.763099816278,281.181006866714,281.205286,0.143010167012637,75.969688911,76.7644253695756,75.79,13,108.669177,2364615,1.59592806163272,None
80,70000,80,7.12,7.06166666666667,108.721713,9.19779474041216,291.925727749109,291.028113476044,291.05292,0.141596499658485,76.7756496635,76.5518055227756,76.6,16,108.704689,2368956,1.59955077396525,None
90,70000,80,8.01,7.98333333333333,108.207081,9.24153937763093,431.274270945472,433.778415915658,433.797881,0.12522425788476,86.385319665,86.1482254697286,86.15,15,108.192021,2381232,1.60983568569196,None
90,70000,80,8.01,8.095,108.206333,9.24160326179799,421.263707189295,429.905374582458,429.924345,0.123525911871937,87.5930265635,88.0275890467367,87.34,20,108.192372,2384041,1.61218365861689,None
90,70000,80,8.01,8.005,108.298217,9.23376236194175,450.348346982282,452.113392602748,452.135766,0.124882326769311,86.6927227085,86.8311471996669,86.31,19,108.279681,2378689,1.60771689353635,None
90,70000,80,8.01,7.91666666666667,108.237475,9.23894427507663,414.55512465374,417.182077834737,417.200476,0.126305732564211,85.6880010416667,86.3052631578947,85.31,19,108.220755,2381392,1.60996441253342,None
90,70000,80,8.01,8,108.014335,9.25803042716506,472.682291666667,469.058830984375,469.076713,0.124956612846042,86.411468,86.5416666666667,86.18,26,108.000905,2380303,1.60906149902737,None
90,70000,80,8.01,7.925,108.24214,9.23854609674199,427.628894704893,428.145830156467,428.164945,0.126157452672345,85.78189595,86.7613038906414,85.55,21,108.228881,2383513,1.61173365855571,None
90,70000,80,8.01,7.92,108.461748,9.21984034408149,412.306461075401,416.675026491162,416.694323,0.12624664533649,85.901704416,85.574494949495,85.68,18,108.447878,2381781,1.61029069961318,None
90,70000,80,8.01,7.88833333333333,108.235178,9.23914034677339,456.442484180263,452.250346754279,452.272202,0.126758661347982,85.3795162456667,85.6856116627932,85.01,20,108.215068,2380316,1.60906587717366,None
100,70000,80,8.9,9.00833333333333,108.060536,9.25407218043042,1131.90496687807,1159.85964952729,1159.878306,0.110986434340241,97.3445328466667,96.7715078630897,96.74,35,108.041769,2389534,1.61681435506081,None
100,70000,80,8.9,8.82666666666667,108.026533,9.25698504088806,1115.45309234125,1120.12359646979,1120.13988,0.113283192297583,95.3514197946667,95.6287764350453,94.92,38,108.007211,2386992,1.61468537788718,None
100,70000,80,8.9,8.86,108.155823,9.24591919567752,1247.08703398913,1252.45331554534,1252.47399,0.112858020547028,95.826059178,95.9085778781038,95.55,45,108.139336,2389055,1.61640848865606,None
100,70000,80,8.9,9.02,107.9059,9.26733385292185,1394.72457920044,1415.71328976996,1415.715261,0.110856749634331,97.3311218,96.8406466512702,96.72,32,107.886519,2388164,1.61567227032146,None
100,70000,80,8.9,8.85,108.071151,9.25316322392088,1295.05144328471,1298.04146739962,1298.060231,0.112939723724482,95.642968635,95.5555555555556,95.36,48,108.054739,2389178,1.61650996330363,None
100,70000,80,8.9,9.00666666666667,107.958101,9.2628528173166,1418.34036360927,1434.74562089101,1434.763703,0.111021889353257,97.2342629673333,97.2890451517395,96.96,48,107.939522,2389553,1.6168314116527,None
100,70000,80,8.9,8.83833333333333,108.194741,9.24259340849108,1254.91473872006,1257.15841795474,1257.160938,0.113132003298133,95.6261185871667,95.8517959837843,95.18,34,108.176433,2388551,1.61598632771845,None
100,70000,80,8.9,8.67833333333333,108.16413,9.24520910952642,1053.71810981576,1047.46611923488,1047.485915,0.115195339348377,93.868437485,93.6911849433455,93.45,37,108.148171,2386396,1.61418044568901,None
10,70000,85,0.89,0.875,120.786048,8.27910190421993,145.850340136054,130.082615836191,130.243665,1.14217337815429,10.5687792,11.8095238095238,10.63,2,120.75812,2019628,1.30807311480648,None
10,70000,85,0.89,0.886666666666667,120.917777,8.2700825702411,171.716886200464,131.630392507519,131.832338,1.12492641157331,10.7213762273333,13.3458646616541,10.8,3,120.867268,2057833,1.33991236770432,None
10,70000,85,0.89,0.928333333333333,120.857042,8.27423858346624,102.498315868867,127.116696845601,127.307993,1.07527167724776,11.2195620656667,9.33572710951526,11.3,2,120.833841,2029908,1.31664318851869,None
10,70000,85,0.89,0.87,121.18254,8.25201386272313,94.684458537015,127.965520162835,128.163257,1.14841493126437,10.54288098,8.23754789272032,10.61,1,121.159473,2019106,1.30763800830178,None
10,70000,85,0.89,0.848333333333333,120.606656,8.29141635433454,178.322609531382,130.464917251474,130.659937,1.17565251715324,10.2314646506667,13.9489194499018,10.3,3,120.58252,1985983,1.28003326581505,None
10,70000,85,0.89,0.85,120.718055,8.28376500930205,125.720876585929,127.745791658824,127.946643,1.17456342222353,10.261034675,9.90196078431373,10.35,3,120.69289,1983551,1.27800677103619,None
10,70000,85,0.89,0.883333333333333,120.412394,8.30479294349052,111.071555713777,127.117522,127.309007,1.13078419517736,10.6364281366667,9.43396226415094,10.72,2,120.389173,1995352,1.28784293284523,None
10,70000,85,0.89,0.883333333333333,120.664463,8.28744416655631,144.179423282307,129.539544545283,129.728415,1.13200719961887,10.6586942316667,11.7924528301887,10.74,3,120.639457,2000070,1.2917748095449,None
10,70000,85,0.89,0.906666666666667,121.29796,8.24416173198626,131.664235942311,129.037456147059,129.051775,1.10030293205515,10.9976817066667,11.7539026629936,11.07,2,121.273207,2055052,1.33759608467781,None
20,70000,85,1.78,1.77833333333333,115.10622,8.68762782758395,117.524192152933,127.4460771209,127.538617,0.561728429085286,20.46972279,18.8378631677601,20.5,2,115.086759,2199000,1.45760453029765,None
20,70000,85,1.78,1.82833333333333,114.734946,8.71574036388181,125.89236078507,129.509488708295,129.609465,0.54613953275114,20.977372627,20.5560619872379,21.03,3,114.719824,2178219,1.44028871941648,None
20,70000,85,1.78,1.81,114.687758,8.7193264341256,126.675009920332,130.490270202578,130.5844,0.552185665628913,20.758484198,19.4290976058932,20.81,3,114.672035,2184743,1.44572458970616,None
20,70000,85,1.78,1.77166666666667,114.765414,8.71342650321464,143.897752947205,131.296526349012,131.387785,0.562309941515522,20.332605847,22.483537158984,20.39,3,114.745503,2158326,1.42370704632401,None
20,70000,85,1.78,1.75333333333333,115.19574,8.68087656713695,125.778889386864,129.096847126426,129.180915,0.569682692296578,20.19765308,19.3916349809886,20.24,3,115.179534,2192313,1.45203039070997,None
20,70000,85,1.78,1.725,115.577192,8.65222612433775,144.507456416719,134.414903742029,134.498246,0.579332377166184,19.93706562,20.1932367149759,19.99,4,115.559845,2183618,1.44478288345584,None
20,70000,85,1.78,1.75833333333333,115.138675,8.6851789809115,142.314862649087,133.219205352607,133.315372,0.567640658953555,20.2452170208333,21.042654028436,20.3,3,115.121461,2195373,1.45458083976111,None
20,70000,85,1.78,1.785,115.255586,8.67636905685422,122.401901937246,130.154052744164,130.244534,0.559717445055089,20.573122101,19.234360410831,20.62,4,115.233198,2199759,1.45823767847287,None
30,70000,85,2.67,2.70666666666667,112.746599,8.86944713959842,154.471717343299,141.164589520936,141.218967,0.369347247435345,30.5167461293333,32.8817733990148,30.53,5,112.72803,2260744,1.50911337803006,None
30,70000,85,2.67,2.64333333333333,112.789736,8.86605497507326,141.568166602793,137.32996918348,137.39861,0.3782962416343,29.8140868826667,30.296343001261,29.84,3,112.767728,2240400,1.49215501990965,None
30,70000,85,2.67,2.72,112.631281,8.87852815950837,133.700079296424,136.939085458946,136.992934,0.367609978152574,30.635708432,30.3002450980392,30.64,4,112.617163,2244002,1.49516109852096,None
30,70000,85,2.67,2.715,112.457322,8.89226225749889,128.540371512198,135.568454050952,135.630824,0.368320146285451,30.532162923,29.4966236955187,30.54,3,112.437618,2245475,1.49638818249416,None
30,70000,85,2.67,2.64166666666667,112.446014,8.89315649730368,135.178974813164,136.563373922398,136.633819,0.378281868126183,29.7044886983333,28.7066246056782,29.72,5,112.428691,2244853,1.4958655367157,None
30,70000,85,2.67,2.58833333333333,112.983133,8.85087865283396,131.851236976062,135.870512398583,135.934633,0.386322305327753,29.2438009248333,29.1371538956858,29.26,3,112.965905,2255244,1.50452301392465,None
30,70000,85,2.67,2.725,112.441359,8.89352466826731,147.799006817608,140.154468152294,140.214595,0.366915350899694,30.6402703275,32.0183486238532,30.63,4,112.427747,2247516,1.49808962940159,None
30,70000,85,2.67,2.725,112.639882,8.87785020939564,144.32006284544,139.197892374312,139.259306,0.366805979782875,30.694367845,32.0489296636086,30.7,4,112.625618,2255626,1.50484890487018,None
30,70000,85,2.67,2.685,112.704675,8.87274640559498,140.09827686055,137.772020077592,137.833859,0.372086574801366,30.2612052375,30.6021104903786,30.27,4,112.685335,2253010,1.50266647220544,None
40,70000,85,3.56,3.57166666666667,111.3294,8.98235326876818,137.900279349863,145.849499081661,145.889059,0.279870170592161,39.7631507,38.100793280448,39.73,4,111.315791,2281281,1.52627766502563,None
40,70000,85,3.56,3.51666666666667,111.477548,8.97041617743512,136.115540980661,143.748415348815,143.798926,0.284057197811848,39.2029377133333,37.4407582938389,39.18,4,111.460386,2294644,1.53741180298717,None
40,70000,85,3.56,3.44166666666667,111.552407,8.96439643834848,138.313527077019,143.791427254722,143.833711,0.290366308582567,38.3926200758333,38.0145278450363,38.37,3,111.536684,2286722,1.53080512161914,None
40,70000,85,3.56,3.575,111.618155,8.95911601477376,139.306044689405,145.987477868065,145.997053,0.279716684761772,39.9034904125,37.7301328361687,39.86,4,111.597401,2297539,1.5398281887206,None
40,70000,85,3.56,3.69,110.973086,9.01119393940257,134.522122095656,145.037881381662,145.077429,0.270894854693767,40.949068734,38.3920505871725,40.9,6,110.959875,2291730,1.53499234510051,None
40,70000,85,3.56,3.475,111.704663,8.95217776181823,143.26380622121,145.884799878657,145.929136,0.287729687339089,38.8173703925,37.8657074340528,38.8,5,111.688286,2280320,1.52547182568794,None
40,70000,85,3.56,3.50833333333333,111.42723,8.97446701313494,142.246997026647,146.479200980048,146.532365,0.285001006473634,39.092386525,38.646080760095,39.07,4,111.411639,2290615,1.53405335268801,None
40,70000,85,3.56,3.58,111.162379,8.9958492162173,141.420367653943,145.14143255959,145.189024,0.279281238288641,39.796131682,39.4087523277467,39.77,4,111.139231,2290175,1.53369036347812,None
40,70000,85,3.56,3.485,111.671024,8.95487445337655,148.000551657133,147.828238924438,147.882823,0.286939413183166,38.917351864,39.2395982783357,38.89,5,111.656336,2285264,1.52959274741275,None
50,70000,85,4.45,4.46333333333333,110.499203,9.04983902915571,161.175534225992,163.76732907655,163.80106,0.22403745535997,49.3194776056667,49.3091859596714,49.24,6,110.485564,2314006,1.5536025411253,None
50,70000,85,4.45,4.42666666666667,110.478576,9.05152868733572,158.243100413703,161.286728730798,161.324164,0.225896716570407,48.905182976,48.8140060240964,48.83,5,110.456619,2323131,1.56120554104489,None
50,70000,85,4.45,4.545,110.565751,9.04439205590889,156.726343701477,162.160867535387,162.192463,0.219987260069674,50.2521338295,48.5698569856986,50.18,7,110.552496,2321945,1.56022434199131,None
50,70000,85,4.45,4.485,110.488718,9.05069782780899,149.016478811448,159.235439706429,159.268245,0.22269734209476,49.554190023,47.3987365291713,49.48,6,110.474115,2312889,1.55267286740543,None
50,70000,85,4.45,4.47833333333333,110.580901,9.04315294012661,159.599023209102,162.131452069222,162.163863,0.223224027452177,49.5218134978333,49.1440267956829,49.45,5,110.566693,2307283,1.54800039703522,None
50,70000,85,4.45,4.45333333333333,110.579286,9.0432850145189,159.505091613181,163.658516718563,163.696127,0.224403039455838,49.244642032,47.3428143712575,49.19,5,110.566474,2313784,1.55341724751786,None
50,70000,85,4.45,4.42666666666667,110.443921,9.05436886834179,167.216304978952,164.435270942018,164.472464,0.225740098978916,48.8898423626667,49.9623493975904,48.84,5,110.428354,2318333,1.55720671820611,None
60,70000,85,5.34,5.295,109.845491,9.10369639114272,183.329008694753,184.779085276991,184.812167,0.188840109059175,58.1631874845,58.2782499213094,58.06,6,109.826984,2334233,1.57050842321255,None
60,70000,85,5.34,5.355,109.584554,9.12537363614219,195.401326834292,191.649576134765,191.677198,0.186732874216931,58.682528667,59.3993152816682,58.57,7,109.567769,2330966,1.56778823994926,None
60,70000,85,5.34,5.24833333333333,109.779098,9.10920219074855,185.817128958963,185.988358253414,186.023144,0.190483727327088,57.6157299336667,57.1768815496983,57.52,8,109.760801,2338800,1.57431194286688,None
60,70000,85,5.34,5.22,109.950073,9.09503716291303,186.157719352329,184.414711220626,184.449409,0.191535558128991,57.393938106,58.0938697318008,57.29,8,109.934988,2331379,1.56812554302734,None
60,70000,85,5.34,5.28666666666667,109.895291,9.09957097251783,186.352367579498,185.740317980139,185.772021,0.189120603321248,58.0979771753334,58.953341740227,57.99,9,109.877655,2335002,1.57114898106793,None
60,70000,85,5.34,5.24666666666667,109.693814,9.11628435127618,179.882354579206,182.895947632147,182.898786,0.19059072394568,57.5526877453333,56.773066539622,57.44,6,109.677595,2332238,1.56884230167232,None
60,70000,85,5.34,5.13833333333333,109.999633,9.0909394215888,179.970539371896,180.529517750568,180.558836,0.194460748277327,56.5214780898333,56.6331495296789,56.42,8,109.985972,2330237,1.56716902373735,None
60,70000,85,5.34,5.2,109.852167,9.10314313599294,198.471400394477,191.481895621154,191.512668,0.192267621927564,57.12312684,57.9166666666667,57.03,10,109.83984,2340650,1.57585119680816,None
60,70000,85,5.34,5.19,109.781268,9.10902213299267,188.563551021368,185.963207007707,185.998183,0.192670541805716,56.976478092,56.2459858702633,56.87,8,109.768116,2336124,1.57207806489795,None
70,70000,85,6.23,6.20166666666667,109.122567,9.16400729465978,210.604758497516,215.722332450417,215.745434,0.161237299553615,67.6741786345,67.0787422735824,67.52,7,109.105094,2347553,1.58166171201971,None
70,70000,85,6.23,6.395,108.986272,9.17546753044273,234.23221857544,234.277110426114,234.302402,0.156324256593954,69.696720944,69.7028928850665,69.53,10,108.966716,2353955,1.58700868563109,None
70,70000,85,6.23,6.27333333333333,108.983935,9.17566428483244,204.353298312766,212.457507880181,212.460129,0.159381976057651,68.3692552233333,67.2200823482534,68.22,8,108.96742,2347920,1.58197141386063,None
70,70000,85,6.23,6.18666666666667,109.118009,9.1643900870662,229.023356216558,227.044704416487,227.068819,0.161597109194774,67.5076749013333,67.2817887931034,67.36,12,109.101316,2340351,1.57565804948116,None
70,70000,85,6.23,6.175,109.339351,9.14583807983276,230.632638900272,227.32721925722,227.350428,0.161938417331444,67.5170492425,68.4885290148448,67.36,9,109.325834,2343694,1.57844440497203,None
70,70000,85,6.23,6.345,109.102219,9.16571641865506,252.63486468769,245.549508705017,245.575829,0.157579408489362,69.2253579555,70.1208300499081,69.06,12,109.08703,2353456,1.58659020696601,None
70,70000,85,6.23,6.09333333333333,109.631151,9.12149503930685,224.444455084774,222.837068142779,222.865303,0.164112783484136,66.801914676,67.7379649890591,66.67,7,109.615518,2356828,1.58938768557082,None
70,70000,85,6.23,6.24333333333333,109.191362,9.15823359726935,239.82869501093,234.87687641244,234.901404,0.16010669677149,68.1718070086667,68.7132941804592,68.02,14,109.176885,2352766,1.58600942265699,None
70,70000,85,6.23,6.06333333333333,109.354956,9.14453296474281,228.008308850352,224.320510675921,224.34839,0.164899189172622,66.305554988,67.1660252886201,66.16,9,109.341239,2351451,1.58490324018731,None
70,70000,85,6.23,6.35666666666667,109.089223,9.16680834732868,236.323329526715,234.870149120084,234.895456,0.157286331728369,69.3443827536667,69.3890928159413,69.18,11,109.07523,2361529,1.59331965685533,None
80,70000,85,7.12,7.19,108.627008,9.20581371439412,285.321329848867,288.781304273992,288.803923,0.139043354290913,78.102818752,78.7320352341215,77.9,10,108.612342,2368435,1.59912365426056,None
80,70000,85,7.12,6.95833333333333,108.661951,9.20285335204408,277.253397396823,277.52403884,277.544796,0.143708270216287,75.6106075708333,75.4970059880239,75.3,14,108.644454,2364532,1.59585619377106,None
80,70000,85,7.12,7.21166666666667,108.674995,9.201748755544,280.468937312105,286.466991847469,286.489881,0.138604859043448,78.3727838941667,77.6057314536631,78.17,12,108.658579,2368821,1.59944687371343,None
80,70000,85,7.12,7.075,108.765329,9.1941063314395,308.07393441463,304.0374680351,304.063104,0.141271762439812,76.9514702675,77.2555948174323,76.76,13,108.750331,2366478,1.59748621180476,None
80,70000,85,7.12,7.00333333333333,108.878654,9.1845367596113,283.607384439449,283.50079194574,283.522344,0.142779912843884,76.2513506846667,75.6425511661114,76.07,13,108.85946,2362579,1.59423257109261,None
80,70000,85,7.12,7.23,108.626053,9.20589464849653,286.254126580567,290.82477169894,290.848858,0.138276499576764,78.536636319,78.8381742738589,78.35,13,108.609713,2371446,1.60163583932545,None
80,70000,85,7.12,7.12166666666667,108.81592,9.1898317819672,266.17697405963,274.323576695764,274.344263,0.140402312792886,77.4950710266667,76.421717762696,77.3,11,108.798668,2366323,1.59735998054424,None
80,70000,85,7.12,7.105,108.819723,9.18951061840141,286.031566646412,287.750377319259,287.77129,0.140707464305888,77.3164131915,76.8824771287825,77.13,14,108.806083,2372688,1.60266435278991,None
80,70000,85,7.12,7.1,108.758635,9.19467222073907,304.122859221054,301.650586755164,301.67313,0.140843184561033,77.21863085,78.0633802816901,77.04,12,108.741727,2371137,1.60137108055807,None
90,70000,85,8.01,7.96666666666667,108.477377,9.2185119852225,418.952749426656,423.369805320711,423.389725,0.12550829479728,86.4203103433333,86.7468619246862,86.19,15,108.460831,2375438,1.60500641524947,None
90,70000,85,8.01,7.83333333333333,108.22875,9.23968908446231,369.465821638751,376.302824660426,376.324333,0.127629244352553,84.7791875,83.968085106383,84.55,17,108.212865,2379227,1.6081556247122,None
90,70000,85,8.01,8.17833333333333,108.3774,9.22701596458302,516.170986171193,516.592294043,516.612292,0.122249878235989,88.6346503,88.8832280415733,88.38,21,108.362588,2382223,1.61067403528049,None
90,70000,85,8.01,7.985,108.355985,9.2288395514101,469.76779018581,467.202093951158,467.223948,0.125226016930912,86.5222540225,87.2782300146107,86.29,20,108.337005,2373900,1.60372499166198,None
90,70000,85,8.01,7.91,108.292376,9.23426040629121,406.83671072,409.707031181205,409.729125,0.12630535308386,85.659269416,85.693215339233,85.43,17,108.274818,2374708,1.60439375110278,None
90,70000,85,8.01,7.815,108.384011,9.22645315276254,350.215932607686,359.012591351034,359.031817,0.127953007017488,84.7021045965,83.6958839837918,84.47,19,108.365717,2374441,1.60416591259415,None
90,70000,85,8.01,7.83333333333333,108.241979,9.2385598382306,440.018107741059,436.264510181064,436.287719,0.127572626122553,84.7895502166667,84.1914893617021,84.57,21,108.226783,2378061,1.60718383973095,None
90,70000,85,8.01,7.97666666666667,108.411709,9.22409589539816,483.362376928529,479.065032681571,479.083925,0.125363454957167,86.4764065456667,86.5127455077309,86.24,21,108.394796,2383431,1.61166912237692,None
90,70000,85,8.01,7.96666666666667,108.431525,9.22241018006525,389.081948845434,397.236636567782,397.25501,0.125419393987448,86.3837815833333,86.5271966527197,86.15,19,108.414808,2379588,1.60846535727907,None
100,70000,85,8.9,8.95833333333333,108.198316,9.24228802230157,1488.18171984857,1501.83564889972,1501.854658,0.111574922268837,96.9276580833333,96.2697674418605,96.32,53,108.180802,2387812,1.61537664330121,None
100,70000,85,8.9,9.02833333333333,108.006624,9.25869139285383,1759.34757659423,1773.3013275204,1773.319713,0.110732024628577,97.511980368,97.3140114454495,96.9,52,107.987622,2388760,1.61617006768533,None
100,70000,85,8.9,8.85833333333333,108.171258,9.24459989177532,1613.92746172683,1604.04745719097,1604.064991,0.11287685216143,95.821706045,95.8701787394167,95.54,49,108.152008,2387165,1.61483301455176,None
100,70000,85,8.9,9.01333333333333,108.168057,9.24487346574045,1999.94433515108,2007.00049257785,2007.017721,0.110923737071376,97.495475376,97.5684171597633,97.04,48,108.14846,2388636,1.61606748191757,None
100,70000,85,8.9,8.975,107.964557,9.26229892278445,1138.46623370913,1160.10188475989,1160.121891,0.111402673969359,96.8981899075,96.5923862581244,96.62,50,107.945008,2389596,1.61686537071623,None
100,70000,85,8.9,8.985,107.999596,9.25929389587717,1198.2191304434,1219.31661413671,1219.336628,0.111296309011686,97.037637006,96.8558708959377,96.59,34,107.981092,2386825,1.61455541719118,None
100,70000,85,8.9,8.805,108.041919,9.25566677504127,944.131708071587,956.341785966496,956.36215,0.113564095611963,95.1309096795,94.8798031421541,94.7,29,108.023937,2387333,1.61496840174412,None
100,70000,85,8.9,8.86166666666667,108.198242,9.24229434337759,1262.7054310946,1267.24509557927,1267.265151,0.112799117128644,95.8816754523333,95.6084258040248,95.13,36,108.17861,2384660,1.61274269248461,None
100,70000,85,8.9,8.645,108.083117,9.25213879610818,826.051871682142,830.897669338924,830.915881,0.115646118262772,93.4378546465,93.2041642567958,93.18,47,108.065227,2385162,1.61315035166603,None
10,70000,90,0.89,0.888333333333333,120.398044,8.3057827750092,133.056894142329,128.903459863039,129.077955,1.12451840679737,10.6953595753333,11.6322701688555,10.78,2,120.371256,2033802,1.3198858382424,None
10,70000,90,0.89,0.823333333333333,121.638961,8.22105016171587,157.353833041027,129.570855265182,129.752136,1.20975252297368,10.0149411223333,12.5506072874494,10.11,2,121.608804,1977401,1.27288052299195,None
10,70000,90,0.89,0.885,120.413836,8.30469349053875,144.700862885293,128.582180706215,128.751593,1.1296122946968,10.656624486,12.0527306967985,10.74,2,120.390673,2027943,1.31500300369133,None
10,70000,90,0.89,0.855,121.876821,8.20500560972131,91.1961515224057,126.739642118908,126.954022,1.16852074460624,10.4204681955,7.60233918128655,10.5,2,121.852719,2057559,1.3396825961895,None
10,70000,90,0.89,0.883333333333333,120.794335,8.27853392296915,140.975436098256,127.776019332076,127.963701,1.12974009422264,10.6701662583333,11.5094339622642,10.75,2,120.77102,2055357,1.33784873406646,None
10,70000,90,0.89,0.813333333333333,121.86942,8.20550389096789,120.935232464391,128.399956090164,128.604183,1.22759223569262,9.91204616,9.22131147540983,10,2,121.845762,1995462,1.28793127075207,None
10,70000,90,0.89,0.855,120.812271,8.27730487741597,123.114804555248,128.196641612086,128.38229,1.16358353223782,10.3294491705,10.1364522417154,10.42,2,120.78969,1996450,1.28875657132894,None
10,70000,90,0.89,0.903333333333333,121.069996,8.25968475294242,142.971909423891,129.419915887454,129.605215,1.10559732192435,10.9366563053333,12.5461254612546,11.02,2,121.030671,2027807,1.31489098355256,None
10,70000,90,0.89,0.866666666666667,120.461551,8.30140398906204,115.384615384615,127.250737032692,127.461391,1.15146468833654,10.4400010866667,9.80769230769231,10.52,2,120.431337,1986013,1.28005927966783,None
20,70000,90,1.78,1.79833333333333,115.344909,8.66965008399287,135.796626299881,131.282029723818,131.375501,0.556037348826691,20.7428594685,21.2696941612604,20.78,3,115.323214,2202126,1.46021110865374,None
20,70000,90,1.78,1.83666666666667,114.83136,8.70842250757981,145.25643854928,132.988771513612,133.07026,0.544038972179673,21.09069312,22.4137931034483,21.15,3,114.815658,2186222,1.44695888467329,None
20,70000,90,1.78,1.84166666666667,114.842294,8.70759338889556,123.093302757929,129.282641953846,129.371367,0.542930204048869,21.1501224783333,20.6787330316742,21.19,2,114.824865,2191567,1.45141351674478,None
20,70000,90,1.78,1.77666666666667,114.924342,8.70137677185918,133.056894142329,130.796155428705,130.897065,0.561829304066604,20.418224762,21.2007504690432,20.47,3,114.907333,2159945,1.42505669021576,None
20,70000,90,1.78,1.835,114.839131,8.70783322106469,139.828295802429,131.042344751135,131.124961,0.544878089295186,21.0729805385,23.0245231607629,21.11,3,114.811606,2192001,1.45177479811141,None
20,70000,90,1.78,1.81833333333333,114.597374,8.72620344686083,132.069654140493,130.875720584785,130.967047,0.54818186431989,20.8376225056667,20.6232813932172,20.87,3,114.580888,2169116,1.43270163742231,None
20,70000,90,1.78,1.80666666666667,114.989782,8.69642487016803,116.164676406912,129.171893471402,129.272072,0.553394240506458,20.7748206146667,19.049815498155,20.82,3,114.968016,2190471,1.45049825023221,None
20,70000,90,1.78,1.78666666666667,114.835228,8.70812918140416,124.784194698151,129.021120404851,129.126888,0.557523725359142,20.5172274026667,19.589552238806,20.58,3,114.818118,2200000,1.45843831927498,None
20,70000,90,1.78,1.74,115.218792,8.67913977088043,128.264411855375,129.484295024904,129.582668,0.574219620316092,20.048069808,20.1149425287356,20.09,3,115.201984,2167519,1.431366806493,None
20,70000,90,1.78,1.825,114.928948,8.70102804734626,113.592293738663,128.56695266484,128.653869,0.547269019576256,20.97453301,19.0867579908676,21.01,3,114.913218,2181724,1.44320962248925,None
30,70000,90,2.67,2.75666666666667,112.630303,8.87860525421831,144.971188529804,139.291102779323,139.345738,0.362148335286578,31.0484201936667,31.6807738814994,31.06,4,112.614105,2246320,1.49709511755797,None
30,70000,90,2.67,2.61,113.101238,8.84163619853569,134.564475956998,136.707672086207,136.764281,0.383102623266284,29.519423118,29.0229885057471,29.54,3,113.085144,2261055,1.50936737621066,None
30,70000,90,2.67,2.70333333333333,112.76824,8.86774503175717,145.388394167132,138.578445727497,138.636677,0.369709885268187,30.4850142133333,32.8298397040691,30.48,3,112.751599,2264255,1.51203919739977,None
30,70000,90,2.67,2.71166666666667,112.560642,8.88410000362294,120.81013052254,133.057022449293,133.111943,0.368505693798402,30.522694089,28.2114320835894,30.53,3,112.546279,2270181,1.51697821276962,None
30,70000,90,2.67,2.58666666666667,113.108741,8.8410496939401,137.252231905622,136.074124598583,136.136817,0.38610956522165,29.2574610053333,29.639175257732,29.27,4,113.089639,2265311,1.51291291614572,None
30,70000,90,2.67,2.71666666666667,112.776299,8.86711134225109,137.754525951297,138.296420553988,138.351936,0.367288721045399,30.6375612283333,30.8588957055215,30.64,3,112.761982,2240090,1.49190082058119,None
30,70000,90,2.67,2.67333333333333,112.689277,8.87395878846574,143.422615530998,137.603687641521,137.659688,0.373553025857855,30.1256000513333,30.7356608478803,30.13,4,112.673603,2253723,1.50325995728733,None
30,70000,90,2.67,2.70166666666667,112.906373,8.85689596990243,136.205821114833,136.679801867983,136.735345,0.370131112402838,30.5035384388333,30.9376927822332,30.51,3,112.889372,2257160,1.50612635296351,None
30,70000,90,2.67,2.505,113.140148,8.83859547364212,132.535992552487,135.5990312668,135.661722,0.399081091800399,28.341607074,27.6114437791084,28.35,5,113.125429,2266896,1.51422902109698,None
40,70000,90,3.56,3.68833333333333,111.277059,8.98657826677465,158.472845317557,152.76036841437,152.8074,0.271044304019883,41.0426885945,42.069588793493,41,6,111.262656,2291750,1.53500954507471,None
40,70000,90,3.56,3.56666666666667,111.416596,8.97532356849244,145.49305616211,147.71080044486,147.751192,0.28028462215514,39.7385859066667,39.6028037383178,39.71,4,111.402946,2286966,1.53101558270099,None
40,70000,90,3.56,3.58,111.228679,8.99048706673933,148.083046116363,148.422317142458,148.425744,0.279310978256518,39.819867082,39.7021177565744,39.78,4,111.215125,2295561,1.53817924673046,None
40,70000,90,3.56,3.66666666666667,111.494658,8.96903957497228,159.359504132232,153.227841388182,153.270051,0.272693444658182,40.8813746,42.3409090909091,40.84,5,111.479416,2288625,1.53240423221412,None
40,70000,90,3.56,3.57,111.388624,8.97757745889742,154.833175100105,150.56700938422,150.607794,0.279972307553688,39.765738768,41.1297852474323,39.73,5,111.370517,2288973,1.53268837365792,None
40,70000,90,3.56,3.76833333333333,110.948341,9.013203721541,150.784681723557,151.251340625387,151.254645,0.265184749509067,41.8090331668333,41.4326774264868,41.77,5,110.934243,2288638,1.53242000218756,None
40,70000,90,3.56,3.545,111.378411,8.97840067048541,151.918745022523,149.778218358251,149.828083,0.282061524099201,39.4836466995,39.7508227550541,39.45,5,111.363095,2286465,1.53059665808746,None
40,70000,90,3.56,3.48333333333333,111.621859,8.95881872026518,154.666788763994,149.44358630622,149.485772,0.287028171632536,38.8816142183333,39.1866028708134,38.85,5,111.598552,2287338,1.53132105562037,None
50,70000,90,4.45,4.44166666666667,110.628652,9.03924961500932,178.972082692396,170.275359954221,170.313083,0.225107681902439,49.1375595966667,50.750469043152,49.08,7,110.613658,2310897,1.55101049545273,None
50,70000,90,4.45,4.54666666666667,110.513451,9.04867227429175,175.678958729285,170.11934726393,170.155496,0.219704327375,50.246782388,52.3093841642229,50.18,6,110.497716,2313292,1.55301250181799,None
50,70000,90,4.45,4.34333333333333,110.523907,9.04781623400266,165.566326954328,162.538550193016,162.572071,0.230209144297391,48.0042169403333,49.7889485801995,47.95,4,110.50824,2314802,1.55425904119105,None
50,70000,90,4.45,4.335,110.55465,9.04530022029829,160.128280002324,159.965645838908,160.000078,0.230658410958478,47.925440775,49.1926182237601,47.86,4,110.536203,2315702,1.55500865799055,None
50,70000,90,4.45,4.32333333333333,110.464136,9.05271191366581,172.98682862831,166.659308639553,166.700647,0.231259421090594,47.7573281306667,49.6915959907479,47.71,6,110.448469,2310251,1.55046474949987,None
50,70000,90,4.45,4.41666666666667,110.595316,9.04197425503988,156.354574581702,160.571824089057,160.608493,0.226369153252076,48.8462645666667,48.3584905660377,48.78,6,110.582578,2312859,1.55264410982487,None
50,70000,90,4.45,4.47666666666667,110.317565,9.06473959971832,161.464342563326,163.355595803053,163.391293,0.223372049494043,49.3854965983333,49.1250930752048,49.3,6,110.303465,2307691,1.54833964115766,None
50,70000,90,4.45,4.51666666666667,110.501856,9.04962175476944,165.275527294018,165.487724632472,165.523806,0.221248908200738,49.91000496,49.7785977859779,49.84,7,110.486707,2312414,1.5522789099017,None
60,70000,90,5.34,5.14166666666667,109.933226,9.09643095527825,189.540543593327,186.184981368882,186.218514,0.194488079393517,56.5240003683333,57.9092382495948,56.42,7,109.920297,2324794,1.56263247831463,None
60,70000,90,5.34,5.35,109.949246,9.0951055726203,176.84222785105,181.801132204984,181.831933,0.186875509441433,58.82284661,58.1308411214953,58.71,7,109.934581,2336217,1.57216554484215,None
60,70000,90,5.34,5.19,110.086344,9.08377882001422,169.351415634285,176.129142362556,176.163264,0.192587981719011,57.134812536,55.9409120102762,57.02,6,110.066596,2329500,1.56655800163676,None
60,70000,90,5.34,5.45833333333333,109.651075,9.11983763041083,196.743779500029,193.839246281221,193.872604,0.183119715246412,59.8512117708333,60.7786259541985,59.73,7,109.635036,2326660,1.56420558007509,None
60,70000,90,5.34,5.27666666666667,110.036193,9.08791891773282,192.476602116055,188.464412230891,188.492363,0.189506960947252,58.062431173,59.8073278584965,57.95,10,110.022036,2319900,1.55856173516974,None
60,70000,90,5.34,5.30166666666667,109.757043,9.11103262867605,184.380281340769,185.510723638793,185.543945,0.188608500717699,58.1895256305,58.0320653882427,58.09,6,109.743558,2339983,1.57530102677716,None
60,70000,90,5.34,5.155,109.80037,9.107437433954,189.847709528928,185.317062607824,185.31947,0.193879146252829,56.602090735,56.2146436075643,56.5,7,109.782124,2335133,1.57125009744088,None
60,70000,90,5.34,5.40666666666667,109.833061,9.10472667241788,187.608043532136,189.027568009248,189.058698,0.184931844442663,59.3830749806667,58.8316892725031,59.27,7,109.81083,2323450,1.56152765718193,None
60,70000,90,5.34,5.26666666666667,110.115847,9.08134503111074,178.607194359878,182.16446835538,182.191808,0.18986416456519,57.9943460866667,57.0411392405063,57.89,7,110.103299,2334617,1.570827554614,None
60,70000,90,5.34,5.325,109.778321,9.10926666477255,198.961111478469,193.87530300313,193.91048,0.18775692037903,58.4569559325,58.9045383411581,58.34,7,109.765554,2340155,1.57544573986597,None
70,70000,90,6.23,6.13833333333333,109.309407,9.14834347239666,231.472044394743,227.681506743687,227.709433,0.16289046516807,67.0977576635,67.5672006516427,66.95,10,109.295053,2349725,1.58346894641182,None
70,70000,90,6.23,6.24333333333333,109.352547,9.14473441574251,215.207528265098,219.54012886519,219.566593,0.160134669750667,68.272440177,66.9870511280203,68.12,9,109.337925,2352173,1.5855157078812,None
70,70000,90,6.23,6.275,108.979662,9.17602405483695,216.673809410433,220.055247774236,220.080062,0.159350517518194,68.384737905,68.2204515272244,68.22,10,108.962159,2354405,1.58737660637949,None
70,70000,90,6.23,6.22333333333333,109.296236,9.14944591504505,226.225001714152,226.381647242635,226.406447,0.160537243428227,68.0186908706667,68.8537761114087,67.88,9,109.27678,2352920,1.58613701644715,None
70,70000,90,6.23,6.19333333333333,109.421438,9.13897695257852,224.554800988597,224.53736895479,224.567396,0.161463001176803,67.7683439346667,68.1243272335845,67.62,11,109.402658,2349991,1.58369430530826,None
70,70000,90,6.23,6.29,109.210403,9.15663684530127,215.894375625041,220.412063015633,220.438019,0.158955968377849,68.693343487,68.9321674615792,68.53,8,109.197402,2351084,1.58461027105985,None
70,70000,90,6.23,6.37666666666667,109.196455,9.15780645076802,226.440599972292,228.488469136174,228.513499,0.15680520203633,69.6309394716667,70.4260324098275,69.47,7,109.183328,2352270,1.58560392003198,None
70,70000,90,6.23,6.27666666666667,109.391449,9.14148234749135,219.139354861636,222.842647408125,222.870791,0.15931003970154,68.6613661556667,67.963356346256,68.51,10,109.376315,2351126,1.58464516869818,None
80,70000,90,7.12,7.11,108.994622,9.17476460444076,300.036991539422,299.864838596578,299.889212,0.140642419988983,77.495176242,76.7932489451477,77.29,12,108.978806,2366478,1.59748912011973,None
80,70000,90,7.12,7.13166666666667,108.971608,9.17670224706604,302.689684743849,301.607708143258,301.63357,0.140130396673288,77.7149184386667,78.3594297733115,77.52,15,108.958422,2366437,1.59745620818212,None
80,70000,90,7.12,7.17166666666667,108.747346,9.19562671442115,299.824868575821,300.533034503835,300.555051,0.139430678212642,77.9899716396667,76.7023007204276,77.79,11,108.731097,2364903,1.59617907971558,None
80,70000,90,7.12,7.07333333333333,108.938725,9.17947222165488,303.505486705853,301.074145002828,301.097108,0.141355569926013,77.0559914833333,77.179547596607,76.87,13,108.922474,2366226,1.59727677049929,None
80,70000,90,7.12,7.20833333333333,108.999325,9.17436874035688,284.25674095359,289.283779576879,289.307107,0.138726337030983,78.5703467708333,78.7167630057804,78.38,10,108.980984,2365531,1.59670576258974,None
80,70000,90,7.12,7.22166666666667,108.712745,9.19855349066938,280.379820088417,284.950689639049,284.973151,0.13844667932564,78.5087206808334,78.59450726979,78.31,12,108.694287,2363915,1.59535841851812,None
80,70000,90,7.12,7.26333333333333,108.765571,9.19408587483994,309.443410450752,310.22624019665,310.248811,0.137615676784534,79.0000597363333,79.0270766406609,78.81,14,108.749303,2366289,1.59733992640882,None
90,70000,90,8.01,7.955,108.351613,9.22921193614349,467.879043588339,464.570774814582,464.591976,0.12569615243348,86.1937081415,87.0940708150011,85.96,19,108.336709,2377573,1.60678474059526,None
90,70000,90,8.01,7.95833333333333,108.545912,9.21269149224155,488.368191661413,483.46766897445,483.488281,0.125627261956649,86.3844549666667,86.3350785340314,86.01,24,108.527313,2377371,1.60661664263075,None
90,70000,90,8.01,7.91,108.446191,9.22116296366739,382.050384567642,389.87253276359,389.893563,0.126373816483144,85.780937081,85.3350189633376,85.4,16,108.427095,2377165,1.60644157245715,None
90,70000,90,8.01,7.99166666666667,108.448545,9.22096280775367,446.006821930648,448.002280437331,448.022807,0.125129075190824,86.6684622125,86.6631908237748,86.42,18,108.430383,2378175,1.60728906392941,None
90,70000,90,8.01,8.01833333333333,108.460073,9.21998273041915,486.686070397202,485.29750903492,485.319025,0.124660775150489,86.9669018671667,86.7595094574932,86.73,25,108.441295,2378171,1.60728743928965,None
90,70000,90,8.01,8.06666666666667,108.478477,9.21841850711086,467.245235981149,470.322765098554,470.344827,0.123965960165703,87.5059714466667,87.3863636363636,87.28,18,108.464221,2377963,1.60711709683553,None
90,70000,90,8.01,7.94833333333333,108.285754,9.23482510912747,410.687792141172,414.869716519816,414.871785,0.12579552864458,86.0691268043333,86.3088374043401,85.82,17,108.269035,2376846,1.60617799075348,None
100,70000,90,8.9,8.545,108.275329,9.23571425952444,675.28771543349,682.178368809245,682.198167,0.117018048834991,92.5212686305,93.1929003315779,92.1,25,108.261626,2384630,1.61270093154999,None
100,70000,90,8.9,8.60833333333333,108.160257,9.24554016176201,631.583682335775,646.547926658664,646.565177,0.116138492770184,93.1079545675,93.0590513068732,92.85,23,108.145944,2384327,1.61245251342211,None
100,70000,90,8.9,9.02333333333333,108.197644,9.24234542482274,1552.83289816698,1571.74671194293,1571.763018,0.110822464910233,97.6303407693333,96.6845216106391,96.7,60,108.181433,2387521,1.61513618205617,None
100,70000,90,8.9,8.93666666666667,108.184225,9.24349183071746,1607.14859606489,1610.73559281574,1610.755162,0.111891669457106,96.6806357416667,96.5777694889966,96.25,60,108.164726,2387427,1.61505533646196,None
100,70000,90,8.9,8.965,108.140645,9.24721689980673,1193.80412579253,1213.81192401023,1213.830346,0.11153152295185,96.9480882425,96.4398587097974,96.5,45,108.121508,2388066,1.61558936343803,None
100,70000,90,8.9,8.91,108.078795,9.25250878305962,1212.87069472629,1224.86429567284,1224.88072,0.112212882563225,96.298206345,95.8660680882903,95.54,44,108.059925,2387746,1.61531730993203,None
100,70000,90,8.9,8.97,107.965276,9.26223724005485,1319.91646460165,1334.59938092531,1334.616745,0.111447355753809,96.844852572,96.4418431809736,96.4,47,107.946899,2388262,1.61575218683918,None
100,70000,90,8.9,8.75166666666667,108.158737,9.24567009320754,1119.39937187106,1115.4590555399,1115.476783,0.11425888740697,94.6569213311667,94.7724243001333,94.23,38,108.142329,2381826,1.61037542999533,None
100,70000,90,8.9,8.92333333333333,108.332309,9.23085651206788,1265.95150738963,1281.81612337355,1281.832686,0.112038785160067,96.6685303976667,96.7594322002241,96.23,45,108.312478,2387337,1.61498020566027,None
10,70000,95,0.89,0.88,121.081979,8.25886732492207,144.197658402204,129.052663535985,129.254546,1.13470517097538,10.655214152,12.1212121212121,10.73,2,121.058596,2000644,1.29225311078216,None
10,70000,95,0.89,0.956666666666667,119.848793,8.34384706736262,143.864803506173,129.033476472125,129.216257,1.04413361433798,11.4655345303333,12.8919860627178,11.55,2,119.827072,2053296,1.33613499163623,None
10,70000,95,0.89,0.846666666666667,121.903845,8.20318670014059,102.300204600409,128.815081744095,129.026097,1.17970158172441,10.32119221,8.07086614173228,10.41,2,121.878595,2055488,1.33795628346901,None
10,70000,95,0.89,0.863333333333333,120.530306,8.29666855736681,145.346670443196,129.338914111969,129.529583,1.15779958014865,10.4057830846667,11.969111969112,10.5,2,120.50706,1994464,1.28710189332432,None
10,70000,95,0.89,0.923333333333333,120.594775,8.29223322486401,123.160734533227,128.691260463899,128.878908,1.08159360627798,11.1349175583333,10.8303249097473,11.23,2,120.575035,2029293,1.31613034301762,None
10,70000,95,0.89,0.853333333333333,121.2036,8.25058001577511,107.574462890625,127.519877019531,127.720126,1.16867911446094,10.3427072,8.984375,10.43,2,121.1723,2019344,1.307835504649,None
10,70000,95,0.89,0.87,120.903414,8.27106503377977,165.14731140177,129.991954522989,130.163008,1.14647997875287,10.518597018,13.6015325670498,10.59,2,120.878101,1979184,1.27436860100256,None
10,70000,95,0.89,0.911666666666667,120.530265,8.29667137959084,114.301374624426,127.079686159049,127.258277,1.09629062816271,10.9883424925,9.68921389396709,11.06,2,120.506254,2021908,1.30997518701703,None
10,70000,95,0.89,0.903333333333333,121.528897,8.22849564741791,104.165248294549,127.166487905904,127.322491,1.10254782219188,10.9781103623333,9.40959409594096,11.06,1,121.503363,2036647,1.3222580650122,None
10,70000,95,0.89,0.901666666666667,120.883646,8.2724175940226,110.700728779798,127.277393728281,127.455913,1.10341433386876,10.8996754143333,9.61182994454714,10.99,2,120.855971,2030568,1.31719174618381,None
20,70000,95,1.78,1.75666666666667,115.021078,8.69405866636027,136.643994685467,130.076126768501,130.167508,0.568441628030361,20.2053693686667,21.4421252371917,20.25,3,115.00261,2156070,1.42182623973063,None
20,70000,95,1.78,1.73333333333333,115.211628,8.67967945041103,126.479289940828,129.947078875,130.038069,0.57645707165,19.97001552,18.2692307692308,20.01,3,115.189295,2191191,1.45109416943749,None
20,70000,95,1.78,1.76833333333333,115.204467,8.68021897102306,131.115969232163,131.30253633459,131.39887,0.56534777366541,20.3719899145,19.8868991517437,20.4,4,115.186453,2188853,1.44914770707182,None
20,70000,95,1.78,1.74,115.787583,8.63650465870766,132.117849121416,129.91982841092,130.022787,0.574385559454023,20.147039442,20.7854406130268,20.18,3,115.761875,2165061,1.42931881048525,None
20,70000,95,1.78,1.74166666666667,115.415209,8.66436935534207,130.216799065956,130.365507142584,130.455149,0.573609177510048,20.1014822341667,20.5741626794258,20.15,3,115.394392,2164939,1.42921698750805,None
20,70000,95,1.78,1.70833333333333,115.55351,8.65399934627689,130.779298036883,129.915439461463,130.007307,0.585315876345366,19.7403912916667,20.3414634146342,19.8,2,115.535626,2143345,1.41121923905918,None
20,70000,95,1.78,1.8,115.225234,8.67865453846681,135.802469135803,131.911757023148,132.001337,0.555514694137037,20.74054212,21.3425925925926,20.77,3,115.197955,2186806,1.44744365309072,None
20,70000,95,1.78,1.755,115.385961,8.66656559717867,146.102710205274,132.477589165242,132.562046,0.56952198608642,20.2502361555,21.7473884140551,20.3,3,115.367337,2180983,1.44258849573385,None
30,70000,95,2.67,2.73833333333333,112.637317,8.87805237761478,142.806920967946,137.903633401096,137.958514,0.365184678199026,30.8438519718333,32.7754108338405,30.84,3,112.611201,2243430,1.49468543162747,None
30,70000,95,2.67,2.74333333333333,112.405382,8.89637117197822,136.861111808294,137.618657538882,137.678703,0.364305453766707,30.8365431286667,31.4702308626975,30.84,4,112.388679,2262459,1.51054429242475,None
30,70000,95,2.67,2.72333333333333,112.721211,8.87144478957026,138.204524718759,138.008566140147,138.072745,0.36704274678213,30.697743129,30.4161566707466,30.7,4,112.706063,2249087,1.49939927271088,None
30,70000,95,2.67,2.775,112.499835,8.88890192594505,151.286421556692,140.76363172973,140.821468,0.359980885105706,31.2187042125,34.1141141141141,31.21,4,112.477618,2259542,1.50811518907836,None
30,70000,95,2.67,2.68,113.104573,8.84137549416326,135.168374545185,138.01274883209,138.067738,0.37309732727301,30.312025564,29.4465174129353,30.32,4,113.088378,2257893,1.50673624339009,None
30,70000,95,2.67,2.71166666666667,113.060832,8.84479604749415,133.503127350424,138.180239451752,138.234708,0.368432303634296,30.658328944,29.9323909035034,30.68,4,113.038971,2262433,1.51052178451841,None
30,70000,95,2.67,2.61333333333333,112.845531,8.86167126990612,128.120444606414,134.349383371174,134.412557,0.382309234564413,29.490298768,28.4438775510204,29.5,3,112.821154,2235164,1.48778956209735,None
30,70000,95,2.67,2.57833333333333,112.594099,8.88146011985939,135.383077700276,135.319156535876,135.390203,0.387667194343891,29.0305118588333,28.9592760180995,29.04,4,112.579283,2240041,1.49185167303892,None
30,70000,95,2.67,2.61,112.730155,8.87074092996679,131.6285237543,134.956744642401,135.01438,0.382603807152618,29.422570455,29.0549169859515,29.44,3,112.712607,2233115,1.4860816112477,None
30,70000,95,2.67,2.68666666666667,112.784632,8.86645620300468,130.688570214705,136.143335800248,136.204525,0.371643579429901,30.3014711306667,29.7766749379653,30.3,4,112.769735,2269211,1.516168600543,None
40,70000,95,3.56,3.46333333333333,111.624589,8.95859961464226,139.923169628011,144.769700655919,144.815264,0.288358602661694,38.6593159903333,38.0173243503369,38.64,4,111.609159,2296905,1.53929329899402,None
40,70000,95,3.56,3.60166666666667,111.451069,8.97254740553453,144.156614212532,147.194276843128,147.236613,0.277522708410458,40.1409600181667,39.9352151781583,40.11,4,111.433945,2291985,1.53520067070901,None
40,70000,95,3.56,3.55666666666667,111.684957,8.95375730860513,148.091022398987,148.597648989222,148.644796,0.28105264402343,39.722616373,39.5501405810684,39.69,4,111.66603,2295084,1.53778122376566,None
40,70000,95,3.56,3.65666666666667,111.580237,8.96216056612248,142.968849327203,148.375038434822,148.414757,0.273225972232452,40.8011733296667,39.7903372835005,40.77,4,111.566437,2289570,1.53319145007171,None
40,70000,95,3.56,3.42833333333333,111.780693,8.94608874897564,143.929132981774,145.711501246962,145.758306,0.291509736932426,38.3221475835,37.6762275157997,38.28,4,111.766664,2276551,1.52232790825062,None
40,70000,95,3.56,3.70333333333333,111.181841,8.99427452366075,143.520202605319,147.682386078758,147.727173,0.269934545329433,41.1743417836667,41.044104410441,41.13,5,111.163072,2290495,1.53396428288324,None
40,70000,95,3.56,3.53333333333333,111.375361,8.97864654283814,149.452652189391,148.389341435849,148.433904,0.282876967644811,39.3526275533333,40.2122641509434,39.32,4,111.36038,2265939,1.51348909738498,None
40,70000,95,3.56,3.51666666666667,111.56915,8.96305116602573,136.789380292446,143.813015445024,143.861847,0.284355661595261,39.2351510833333,38.4834123222749,39.22,4,111.554495,2280687,1.52577991319099,None
40,70000,95,3.56,3.54833333333333,111.363281,8.97962049088694,142.367330657778,145.288468229216,145.334379,0.281573067728981,39.5154042081667,40.4180366369187,39.49,4,111.34725,2295001,1.53771098513105,None
40,70000,95,3.56,3.44333333333333,111.394498,8.97710405768874,145.770409028675,146.165339252178,146.212429,0.290294128034366,38.3568388113333,38.6253630203291,38.33,5,111.372853,2266902,1.51428648126157,None
50,70000,95,4.45,4.50666666666667,110.309988,9.0653622408154,159.526977346732,162.640056651627,162.677672,0.221722861022559,49.713034592,49.0754437869823,49.66,6,110.29566,2315169,1.5545740953134,None
50,70000,95,4.45,4.52666666666667,110.558529,9.04498286152125,163.163362911325,165.12416975,165.160677,0.22070269502246,50.046160794,49.7054491899853,49.97,5,110.541088,2307903,1.54851991760675,None
50,70000,95,4.45,4.43,110.662937,9.03644912297963,170.40426532959,166.713581849135,166.748516,0.225706296060948,49.023681091,49.9811888638074,48.96,6,110.647478,2315677,1.55499372843113,None
50,70000,95,4.45,4.29666666666667,110.719722,9.03181458493908,157.265541633239,159.820972376649,159.863105,0.232690278253685,47.572573886,47.5950349107836,47.5,6,110.705764,2299931,1.54186248785302,None
50,70000,95,4.45,4.37333333333333,110.535169,9.0468943870706,165.219735276621,162.904081442454,162.938437,0.228531459400534,48.3407139093333,48.7042682926829,48.27,6,110.518646,2301789,1.54341513561913,None
50,70000,95,4.45,4.455,110.607901,9.04094545650948,152.625729380936,160.467021789001,160.503507,0.224402101560793,49.2758198955,46.0344182566405,49.2,5,110.593086,2304176,1.54540953837539,None
50,70000,95,4.45,4.47333333333333,110.410672,9.05709549526155,176.030725766867,168.921913563338,168.958135,0.223528449789866,49.3903739413333,51.4344262295082,49.34,7,110.3945,2311759,1.55173032061853,None
50,70000,95,4.45,4.36666666666667,110.41395,9.05682660569611,156.809043762019,159.098706196183,159.137238,0.228968451428626,48.2140915,47.6526717557252,48.15,5,110.400903,2316747,1.55588116519606,None
50,70000,95,4.45,4.32666666666667,110.813377,9.02418125927161,161.190856621898,161.479318511941,161.516644,0.231099541487288,47.9452544486667,48.6325115562404,47.88,5,110.795279,2310204,1.55042648830637,None
50,70000,95,4.45,4.38333333333333,110.601704,9.0414520195819,158.047680319218,160.5459909,160.584282,0.228035307940684,48.4804135866667,47.9087452471483,48.43,6,110.589388,2323870,1.561819302618,None
60,70000,95,5.34,5.285,109.94696,9.09529467663317,186.88761413078,186.825584631977,186.85799,0.189204143222327,58.10696836,57.4109113844213,58,12,109.929976,2330630,1.56750511388684,None
60,70000,95,5.34,5.375,109.493631,9.13295130380689,187.344510546241,187.409552285271,187.441815,0.186022922763721,58.8528266625,58.8992248062016,58.73,11,109.477837,2332067,1.56870675469346,None
60,70000,95,5.34,5.37,109.96407,9.09387948263465,197.779003059737,193.43653686437,193.467266,0.186171159277467,59.05070559,59.9317194289261,58.93,8,109.950225,2330630,1.56751013985088,None
60,70000,95,5.34,5.345,109.903419,9.09889800607568,173.70211269023,180.803384460867,180.834073,0.187065220095416,58.7433774555,57.1406298721547,58.63,6,109.889832,2334289,1.5705581826842,None
60,70000,95,5.34,5.26,110.181475,9.07593585945369,183.216710761565,183.560797022497,183.59331,0.189939684179975,57.95545585,58.7927756653992,57.84,7,110.164466,2326641,1.56417954753617,None
60,70000,95,5.34,5.265,109.847656,9.10351696535063,188.490533536434,186.183532062678,186.211077,0.189792543232669,57.834790884,59.195948084837,57.72,7,109.832391,2330050,1.5670201897322,None
60,70000,95,5.34,5.19666666666667,109.858987,9.1025780166715,191.073289608106,188.323637544259,188.353559,0.192425305023092,57.0900535776667,56.2219371391918,56.99,8,109.846133,2332537,1.56908907425537,None
70,70000,95,6.23,6.175,109.412325,9.13973814193236,222.065596879149,223.261103810526,223.28932,0.161896847694197,67.5621106875,67.5708502024291,67.4,12,109.395797,2347965,1.58200445652289,None
70,70000,95,6.23,6.26833333333333,109.158653,9.16097782921524,210.899574489324,216.418816227333,216.447802,0.159463521982983,68.4242823221667,66.9502791810689,68.26,9,109.136282,2352181,1.5855231394044,None
70,70000,95,6.23,6.06833333333333,109.317765,9.14764402656787,216.860964505905,215.951569325185,215.97843,0.164786746208185,66.3376637275,66.478989288657,66.19,8,109.30386,2346337,1.58064095219352,None
70,70000,95,6.23,6.235,109.522871,9.13051302316573,203.964521534388,211.800936035017,211.82637,0.16035359892355,68.2875100685,67.1611868484362,68.12,9,109.507445,2350387,1.58402709243741,None
70,70000,95,6.23,6.36666666666667,109.38184,9.14228541044839,209.554288533757,217.059900490052,217.085933,0.15704223786623,69.6397714666667,68.3115183246073,69.47,9,109.36536,2344013,1.57872175660359,None
70,70000,95,6.23,6.09333333333333,109.484042,9.13375120001507,206.780676469602,211.154467491247,211.18227,0.164099323599015,66.7122762586667,65.3583150984683,66.56,7,109.471004,2342216,1.57720816254777,None
70,70000,95,6.23,6.09166666666667,109.505366,9.13197258296913,203.368135024824,209.506056106156,209.537931,0.164118144782216,66.7070187883333,65.7729138166895,66.55,9,109.489466,2347682,1.58176395172814,None
70,70000,95,6.23,6.175,109.606642,9.12353468506042,203.314265108427,211.758417289609,211.785528,0.161931605503914,67.682101435,65.8434547908232,67.53,8,109.589328,2343679,1.57843282649759,None
70,70000,95,6.23,6.22166666666667,109.218469,9.15596060955588,229.187927139509,228.357531039111,228.384971,0.160512213877311,67.9520907961667,67.4792392177873,67.8,10,109.201454,2351477,1.58493385311065,None
80,70000,95,7.12,7.14166666666667,108.761003,9.19447202964835,283.330769052718,286.689855731622,286.719148,0.140022548402801,77.6734829758333,76.2543757292882,77.47,12,108.742823,2364100,1.59550801400504,None
80,70000,95,7.12,7.06,108.94383,9.17904208067589,263.323676459967,269.394485915722,269.419657,0.141557015500472,76.91434398,77.0302171860245,76.72,11,108.923747,2361848,1.59362683530704,None
80,70000,95,7.12,7.03666666666667,108.926687,9.18048668826217,309.739805548119,304.081754830175,304.105133,0.142045056450024,76.6480787523333,77.2974893415443,76.45,16,108.910524,2355010,1.58792581109085,None
80,70000,95,7.12,7.03166666666667,109.282564,9.15059057362527,296.680425311044,294.420839549893,294.44369,0.142206623788339,76.8438562526667,76.0843801848779,76.65,14,109.263542,2358016,1.59043243752403,None
80,70000,95,7.12,7.15666666666667,108.689719,9.2005022112533,316.637484871277,311.047636585934,311.069759,0.139700004313461,77.7856088976667,79.6576618537494,77.59,14,108.673799,2364830,1.59611713650148,None
80,70000,95,7.12,7.14166666666667,108.82648,9.18894004473911,286.663879997113,289.834582864411,289.859074,0.140021792329288,77.7202444666667,77.3745624270712,77.53,10,108.806545,2359550,1.59171585826773,None
80,70000,95,7.12,7.03666666666667,109.133088,9.16312383646654,291.024816210502,289.781032984841,289.804027,0.142112173763856,76.793316256,77.3685457129323,76.6,11,109.116952,2358385,1.59073972967756,None
80,70000,95,7.12,7.055,108.854983,9.18653397796222,303.276724691738,300.079474382235,300.103172,0.141723955524687,76.7971905065,77.8407748641625,76.61,17,108.841339,2357045,1.58962287965523,None
80,70000,95,7.12,7.16333333333333,108.87862,9.18453962770652,297.973171804346,298.554981372732,298.580079,0.139591532057701,77.9933847933334,78.1177291763611,77.79,14,108.858744,2364909,1.59618408079785,None
90,70000,95,8.01,8.02166666666667,108.561273,9.21138793204829,473.085027655336,473.018355696655,473.040171,0.124656257398712,87.0842344915,86.7546228963225,86.7,19,108.541416,2371787,1.60196599041611,None
90,70000,95,8.01,8.07166666666667,108.369065,9.22772564292218,394.130818158908,405.669284078464,405.689693,0.123875608921949,87.4718969658333,86.1346272971299,87.09,17,108.349506,2373950,1.60377107210334,None
90,70000,95,8.01,7.95333333333333,108.538293,9.21333819023669,393.061930835715,400.802298396689,400.821601,0.125688440493713,86.324122366,86.0959765297569,86.08,16,108.517024,2375390,1.60496579977061,None
90,70000,95,8.01,8.025,108.463043,9.21973026333034,465.549312086128,466.809061984839,466.828071,0.124565302465421,87.0415920075,86.8016614745587,86.8,18,108.447715,2372187,1.60229995422787,None
90,70000,95,8.01,8.00333333333333,108.511957,9.21557427998465,446.229627007073,448.026469065389,448.055003,0.124943432340483,86.8457362523333,87.3698458975427,86.6,17,108.492861,2373411,1.6033190998919,None
90,70000,95,8.01,8.005,108.513727,9.21542396198409,440.985054755102,444.451115181345,444.472791,0.124896678454924,86.8652384635,86.7062252758692,86.62,17,108.49763,2374014,1.60382183107634,None
90,70000,95,8.01,7.88,108.633199,9.20528907557993,472.573479519355,466.583514774323,466.607269,0.126818165742809,85.602960812,86.5270727580372,85.37,19,108.615272,2373875,1.60369908915065,None
100,70000,95,8.9,8.84666666666667,108.253973,9.23753625190274,903.784309304918,922.060798839864,922.079431,0.113034470767898,95.7686814473333,95.8647324792766,95.33,35,108.236667,2384762,1.61282882094125,None
100,70000,95,8.9,8.94833333333333,108.183667,9.24353950767818,1547.83358075326,1555.84092693742,1555.860543,0.111747914879121,96.8063513538333,96.5449804432855,96.05,47,108.163344,2385607,1.61353715725108,None
100,70000,95,8.9,8.91166666666667,108.182583,9.24363212884277,1567.57463665525,1566.83688349486,1566.854839,0.112114438227417,96.4087118835,96.1380213203666,95.96,61,108.163634,2384639,1.61272977733598,None
100,70000,95,8.9,8.93166666666667,108.163814,9.24523611935504,1460.8856104108,1468.43885242135,1468.455779,0.111960202047584,96.6083132043333,96.1839895502892,95.84,45,108.143338,2386316,1.61412698648207,None
100,70000,95,8.9,8.89166666666667,108.089475,9.25159457014663,1702.49866270118,1694.86684992765,1694.885806,0.112444848002812,96.1095581875,96.2230552952203,95.83,57,108.07061,2384643,1.61273239272336,None
100,70000,95,8.9,8.85833333333333,108.173996,9.24436590102486,1260.92662719066,1264.4480592937,1264.46666,0.11285522484158,95.8241314566667,96.0771401693321,95.38,44,108.153926,2384758,1.61282576321243,None
100,70000,95,8.9,8.90166666666667,108.002207,9.25907004844818,1406.37680740788,1410.82253788935,1410.841715,0.112322495394495,96.1399645978333,96.5081445422206,95.69,41,107.984671,2386933,1.61464046004426,None
100,70000,95,8.9,8.97166666666667,108.124265,9.24861778251163,1513.38201545387,1525.2324917076,1525.248501,0.111439802436002,97.0054864158333,96.5725431915289,96.39,41,108.105606,2387201,1.61486772765044,None
10,80000,75,0.89,0.835,121.217463,8.24963644058447,136.254437233318,128.458636027944,128.666373,1.19561219184631,10.1216581605,10.5788423153693,10.2,2,121.193391,2010607,1.30055338770619,None
10,80000,75,0.89,0.83,121.258,8.24687855646638,128.223738326801,128.437311829317,128.626335,1.20178068692771,10.064414,10.2409638554217,10.15,2,121.238674,2013944,1.30333406646885,None
10,80000,75,0.89,0.82,121.79161,8.21074620821582,123.93416617093,129.072189247968,129.252876,1.21604309044919,9.98691202,9.7560975609756,10.07,2,121.769074,2051274,1.33444289787459,None
10,80000,75,0.89,0.896666666666667,120.728989,8.28301477783434,118.157571067288,127.335824451673,127.526484,1.11335786043123,10.8253660136667,10.0371747211896,10.91,2,120.709908,2078669,1.35727675303591,None
10,80000,75,0.89,0.881666666666667,121.095457,8.25794810783034,92.1952108518766,125.696107810964,125.861974,1.13376374908318,10.6765827921667,7.93950850661625,10.76,2,121.078561,2049410,1.33289280001343,None
10,80000,75,0.89,0.89,121.185112,8.25183872421556,105.205571687077,127.4281402603,127.588999,1.12185805943633,10.785474968,8.42696629213484,10.85,2,121.166763,2069789,1.34987624042333,None
10,80000,75,0.89,0.85,120.96909,8.26657454395995,189.158016147636,132.327496554902,132.54482,1.17640863865686,10.28237265,14.4117647058824,10.36,2,120.954298,2010874,1.30077664007122,None
10,80000,75,0.89,0.935,120.624633,8.29018066318179,156.328938964988,131.047371639929,131.208371,1.0692548638877,11.2784031855,12.8342245989305,11.37,3,120.59077,2059695,1.34146680333172,None
10,80000,75,0.89,0.866666666666667,120.880652,8.27262248717851,148.668639053254,129.884024575,130.054575,1.14661108508846,10.4763231733333,12.1153846153846,10.57,2,120.862337,2011611,1.30139180399217,None
10,80000,75,0.89,0.883333333333333,120.875871,8.27294969398814,149.519401922392,130.664999686792,130.832185,1.13138781349057,10.677368605,11.8867924528302,10.75,3,120.83697,2070340,1.35033494088237,None
20,80000,75,1.78,1.88666666666667,115.08103,8.68952945589729,125.719512042852,130.882676884276,130.959739,0.52995668020583,21.7119543266667,21.952296819788,21.74,3,115.067501,2219869,1.47500273845991,None
20,80000,75,1.78,1.785,115.581449,8.65190745272626,114.555626172038,128.496786720822,128.583905,0.560178038064426,20.6312886465,18.6274509803922,20.66,2,115.567792,2213520,1.46970604174461,None
20,80000,75,1.78,1.80666666666667,114.990877,8.69634205850956,140.929453574979,133.566412303506,133.652467,0.553124452468635,20.7750184446667,20.2029520295203,20.81,4,114.973847,2211983,1.46842590415074,None
20,80000,75,1.78,1.81,114.918062,8.70185228149775,119.298352716136,128.859503088398,128.958161,0.552410442167588,20.800169222,19.7513812154696,20.84,3,114.901989,2196155,1.45523529315642,None
20,80000,75,1.78,1.80166666666667,115.052491,8.69168491102031,121.688127534635,129.66141387234,129.760926,0.553949826909343,20.7286237951667,19.2414431082331,20.79,4,115.039331,2210707,1.46736240672134,None
20,80000,75,1.78,1.705,115.349814,8.66928142597612,119.824677577019,128.602503331378,128.696437,0.584894451808407,19.667143287,18.6705767350929,19.72,2,115.337011,2201087,1.45933981514562,None
20,80000,75,1.78,1.73,115.221503,8.67893556292179,138.104625391204,130.82042310212,130.911008,0.576632622217726,19.933320019,21.0019267822736,19.98,4,115.200558,2220313,1.47536369955358,None
20,80000,75,1.78,1.79166666666667,114.938033,8.70034029553995,138.885884261763,131.448898853023,131.534877,0.558074954376744,20.5930642458333,21.906976744186,20.63,4,114.921081,2172666,1.43565893343783,None
20,80000,75,1.78,1.83166666666667,114.67425,8.72035352313183,122.205562008973,128.618632846224,128.703094,0.543921505640582,21.004500125,19.8362147406733,21.05,4,114.66074,2226662,1.4806603516378,None
30,80000,75,2.67,2.67833333333333,112.678529,8.87480524350828,140.680416147618,137.543766033603,137.608216,0.373349790328563,30.1790660171667,32.1406347230865,30.17,3,112.666428,2247129,1.49776470502041,None
30,80000,75,2.67,2.70666666666667,112.655386,8.8766284108245,134.224319930112,136.996603143473,137.061828,0.368355281981527,30.4920578106667,29.064039408867,30.49,4,112.641301,2285754,1.5299566032198,None
30,80000,75,2.67,2.585,112.678847,8.87478019720951,130.320863684377,134.91659973372,134.981969,0.386835072498388,29.1274819495,28.9813023855577,29.14,3,112.66438,2260643,1.50902191786578,None
30,80000,75,2.67,2.76333333333333,112.87384,8.85944874383648,146.346041636049,141.094400845597,141.15604,0.361853262107961,31.1908044533333,32.7804583835947,31.2,6,112.855349,2263952,1.51179045573231,None
30,80000,75,2.67,2.71166666666667,112.722237,8.87136404150674,147.102766808871,140.13502273571,140.189651,0.368585584722188,30.5665132665,32.0835894283958,30.58,4,112.707653,2273848,1.52003456933046,None
30,80000,75,2.67,2.70666666666667,112.332207,8.90216641074274,145.599262297071,138.599515930419,138.655601,0.368557399870074,30.404584028,33.128078817734,30.42,4,112.315871,2254733,1.50410321071709,None
30,80000,75,2.67,2.655,112.512553,8.88789715757316,148.720331298773,139.45074799435,139.512825,0.376542644060264,29.8720828215,30.3201506591337,29.88,5,112.496492,2262451,1.51053258886373,None
30,80000,75,2.67,2.695,112.79719,8.86546907773146,137.913151430247,137.666388823748,137.72612,0.370900358517007,30.398842705,30.7977736549165,30.41,3,112.781019,2255362,1.50462736945477,None
40,80000,75,3.56,3.66833333333333,111.142161,8.99748566162934,155.313319438255,150.886057371649,150.925254,0.272418352129487,40.7706493935,41.6174466151749,40.73,5,111.126832,2306011,1.54689362380795,None
40,80000,75,3.56,3.485,111.369964,8.97908164898033,154.5188884246,149.617575779053,149.66498,0.286786008191296,38.812432454,40.076518412243,38.78,6,111.35481,2301615,1.54321946817999,None
40,80000,75,3.56,3.48,111.345414,8.98106140231335,146.224181970318,147.876269678161,147.919048,0.287337335564176,38.748204072,39.2480842911877,38.71,4,111.328042,2295247,1.53791185632836,None
40,80000,75,3.56,3.555,111.337525,8.98169776991181,149.153051999818,148.751244948429,148.800455,0.281115182116268,39.5804901375,40.365682137834,39.54,4,111.313661,2302682,1.54411278878156,None
40,80000,75,3.56,3.51833333333333,111.463983,8.9715078636657,149.585274489876,148.947846703932,148.989119,0.284105477126954,39.2167446855,38.986262434865,39.19,5,111.443889,2311048,1.55108334688804,None
40,80000,75,3.56,3.54666666666667,111.581051,8.96209518585732,148.264811464752,147.229827348684,147.274682,0.281799250864192,39.5740794213333,39.9436090225564,39.55,4,111.564562,2302752,1.54417118192905,None
40,80000,75,3.56,3.62666666666667,111.404038,8.9763353102156,152.059904844291,151.341568335018,151.39167,0.275588725226103,40.4025311146667,41.1764705882353,40.38,4,111.390588,2295174,1.53785990426112,None
40,80000,75,3.56,3.55666666666667,111.551798,8.96444537810139,151.84599939042,148.654108885661,148.69537,0.281151246532802,39.6752561553333,40.8388003748828,39.65,5,111.537669,2306614,1.54739040429802,None
40,80000,75,3.56,3.60666666666667,111.15113,8.99675963708151,143.5650076363,147.895364989372,147.936355,0.27721027489695,40.0885075533333,39.6719038817006,40.06,5,111.137862,2296407,1.53888581574077,None
50,80000,75,4.45,4.42833333333333,110.259184,9.06953927756258,162.713472015393,162.475106308619,162.510782,0.225795006957847,48.8264419813333,49.3978170869402,48.76,5,110.246143,2321479,1.55982831051428,None
50,80000,75,4.45,4.35333333333333,110.657761,9.03687180151784,162.168246917865,162.163022336907,162.200541,0.229520474513017,48.1730119553333,48.468606431853,48.11,7,110.644838,2317296,1.55633851155826,None
50,80000,75,4.45,4.50333333333333,110.263278,9.06920253178035,162.639621608798,164.472438382309,164.509839,0.222024275412657,49.655229526,49.6484085862324,49.57,7,110.23961,2328942,1.56605269526444,None
50,80000,75,4.45,4.47333333333333,110.422701,9.05610885211004,155.137998983512,161.357981469821,161.361161,0.223429417675857,49.395754914,47.7556341963122,49.33,5,110.411231,2320935,1.55937798328933,None
50,80000,75,4.45,4.615,110.083279,9.08403173564625,164.645958368205,165.603084085952,165.639851,0.216452186664139,50.8034332585,51.6431924882629,50.73,6,110.069373,2328071,1.56533302387706,None
50,80000,75,4.45,4.38833333333333,110.357485,9.06146057967885,161.712143729511,161.612958424611,161.64707,0.227844394029624,48.4285430008333,49.582225598177,48.36,6,110.338082,2326690,1.56416924164356,None
50,80000,75,4.45,4.43166666666667,110.494427,9.05023019848775,152.073163711598,158.871668456563,158.91274,0.225615270616021,48.9674468988333,47.1605866867243,48.89,5,110.479057,2328004,1.56526725002356,None
50,80000,75,4.45,4.41833333333333,110.282537,9.06761874729088,180.48319808714,170.959542410788,170.998049,0.226171672682007,48.7265009311667,50.8110147114297,48.66,6,110.267322,2313132,1.55287099706161,None
50,80000,75,4.45,4.265,110.442815,9.05445954089453,155.028318781104,157.53521969324,157.570612,0.234422736279406,47.1038605975,45.4474404064088,47.04,6,110.426979,2319722,1.55835469336644,None
50,80000,75,4.45,4.325,110.43162,9.05537743628138,174.680076180293,168.059740439306,168.093994,0.231100418872447,47.76167565,47.4373795761079,47.7,6,110.414195,2313829,1.55344675834727,None
60,80000,75,5.34,5.4,109.53964,9.12911526822619,200.617283950617,194.785596821914,194.81307,0.184962986567593,59.1514056,60.5246913580247,59.03,7,109.525333,2340553,1.57578120519116,None
60,80000,75,5.34,5.33,109.756067,9.11111364805009,195.038643993021,191.175531745466,191.20729,0.18760770303127,58.499983711,59.4277673545966,58.38,9,109.744784,2340923,1.57608606088523,None
60,80000,75,5.34,5.32,109.752463,9.11141283453475,191.444306254358,189.204148414787,189.238596,0.187951217258145,58.388310316,58.9129072681704,58.26,7,109.733641,2346857,1.58103121115286,None
60,80000,75,5.34,5.36666666666667,109.722124,9.11393220933273,190.270437097334,189.597097276398,189.627612,0.186311095784783,58.8842065466667,59.6739130434783,58.77,8,109.708638,2350069,1.58371109090113,None
60,80000,75,5.34,5.34166666666667,109.665338,9.11865151047088,179.730870982109,183.545832395008,183.573828,0.187206520196568,58.5795680483333,57.4570982839314,58.48,8,109.650972,2332457,1.56903045568014,None
60,80000,75,5.34,5.33666666666667,109.509738,9.13160800366448,196.043931006581,192.250514072455,192.286278,0.187301856916302,58.441696846,58.0262336039975,58.34,9,109.49327,2343641,1.57835121144763,None
60,80000,75,5.34,5.41666666666667,109.534752,9.1295226559695,182.144378698225,184.953136124923,184.981047,0.184588520840923,59.331324,59.9538461538462,59.22,7,109.521477,2337562,1.57328932565086,None
60,80000,75,5.34,5.44833333333333,109.486689,9.13353037829101,177.05746605416,184.002972600489,184.030466,0.183530511456103,59.6519977235,58.9629856225145,59.54,8,109.473325,2351140,1.58460793475468,None
70,80000,75,6.23,6.13666666666667,109.211007,9.15658620380636,223.16680145435,221.72323234981,221.749109,0.162906277859859,67.019154629,67.6127104834329,66.86,9,109.194047,2361202,1.59303440204543,None
70,80000,75,6.23,6.06833333333333,109.102479,9.16569457601417,207.854321088045,211.088940786872,211.113769,0.164736859017852,66.2070210065,65.7374347706674,66.07,9,109.087202,2367227,1.59805183305646,None
70,80000,75,6.23,6.33666666666667,109.062532,9.16905175097164,238.917416869385,236.333645445292,236.370504,0.15779761930142,69.1092911106667,69.3187795896896,68.94,10,109.047777,2364368,1.59568462980689,None
70,80000,75,6.23,6.21,109.089693,9.16676885322246,220.023285905804,221.577962379495,221.604035,0.16102131129576,67.744699353,67.4584004294149,67.59,8,109.077619,2355264,1.58808913492498,None
70,80000,75,6.23,6.24,108.884757,9.18402196553554,221.636669953978,221.630939458333,221.657629,0.160213862089744,67.944088368,68.75,67.79,11,108.869403,2360727,1.59264358593823,None
70,80000,75,6.23,6.36,108.979259,9.17605798732766,217.946118956265,223.144552369235,223.1677,0.157231729266509,69.310808724,68.2651991614256,69.15,9,108.960988,2365346,1.596500937948,None
70,80000,75,6.23,6.04166666666667,109.140004,9.16254318627293,211.725089179548,211.591813654621,211.617021,0.16548396436,65.9387524166667,66.3172413793104,65.79,8,109.123652,2359210,1.59136823974486,None
70,80000,75,6.23,6.33166666666667,108.890715,9.18351945801807,228.340384943572,228.239544038431,228.264547,0.157910110357199,68.9459710475,69.4261647802053,68.79,10,108.875149,2362264,1.59393013849002,None
70,80000,75,6.23,6.095,109.200283,9.15748542519803,214.541296844265,213.647266210282,213.676646,0.163997598032814,66.5575724885,67.760459392945,66.41,8,109.187914,2362305,1.59395127474592,None
80,80000,75,7.12,7.08,108.568304,9.21079139267019,332.459542277123,321.731953099106,321.752082,0.141236989576036,76.866359232,77.6247645951036,76.67,14,108.55334,2376798,1.60608755265346,None
80,80000,75,7.12,7.11666666666667,108.604207,9.207746436563,288.072659862118,289.239869924824,289.264206,0.140481429681967,77.2899939816667,77.1779859484778,77.09,12,108.590019,2377431,1.60661748055917,None
80,80000,75,7.12,7.06333333333333,108.358475,9.22862747929961,294.609465147428,292.405716468617,292.407737,0.141531461075507,76.5372028416667,77.1853249970508,76.34,15,108.343773,2379880,1.60865461281902,None
80,80000,75,7.12,7.18166666666667,108.600158,9.20808973408676,305.970422159043,304.453590336737,304.47673,0.13920013698097,77.9930134703333,79.136690647482,77.79,12,108.582207,2373194,1.60308974190761,None
80,80000,75,7.12,7.17166666666667,108.274829,9.23575690893033,304.069889681839,302.262771260748,302.283835,0.139408964574018,77.6510981978334,78.0037183360446,77.45,12,108.259287,2378502,1.60751215750354,None
80,80000,75,7.12,7.14166666666667,108.257387,9.23724493738243,270.962313244351,277.274979787165,277.30067,0.139981529775263,77.3138172158333,76.7444574095683,77.11,13,108.239014,2380885,1.60949654173233,None
80,80000,75,7.12,7.11,108.655615,9.20338999507757,316.653511921364,310.751739912096,310.7753,0.140621430174168,77.254142265,77.6605719643694,77.06,17,108.640522,2376188,1.6055812597348,None
80,80000,75,7.12,6.98333333333333,108.52303,9.21463398137704,255.945227015112,263.027007664678,263.052107,0.143115439569928,75.7852492833333,74.5346062052506,75.6,9,108.508091,2378613,1.60759447371624,None
90,80000,75,8.01,7.99333333333333,108.158545,9.24568650586045,415.862085516079,421.570518363845,421.592397,0.125069709062135,86.4547303033333,86.6034195162636,86.21,16,108.145299,2387451,1.61501976018871,None
90,80000,75,8.01,8.13166666666667,108.191192,9.24289659365247,545.767524912474,540.588588729863,540.611144,0.122941178310924,87.9774709613333,88.5324861651978,87.58,27,108.175935,2386705,1.61440552636994,None
90,80000,75,8.01,8.18833333333333,108.276536,9.23561130548174,515.097440011461,517.091319026664,517.113198,0.122124080314879,88.6604368946667,88.5304294728272,88.41,22,108.258907,2386754,1.61445096320844,None
90,80000,75,8.01,8.10333333333333,108.293795,9.23413940752561,438.647180486656,446.712126129988,446.734802,0.123403023849445,87.7540718816667,87.0526532291238,87.21,18,108.277779,2387169,1.61479023918087,None
90,80000,75,8.01,8.04,108.214124,9.24093790196925,452.636795293846,454.681246466833,454.704218,0.124368470232173,87.004155696,86.5257048092869,86.76,18,108.197958,2383880,1.61204625325556,None
90,80000,75,8.01,8.05166666666667,108.274465,9.23578795794558,429.705156200505,436.060332150487,436.078496,0.124194922179259,87.1789900691666,86.8039743324364,86.79,18,108.260693,2387849,1.61535471784326,None
90,80000,75,8.01,7.95833333333333,108.217062,9.24068701846665,406.936213371344,413.409907653613,413.428545,0.125625026405445,86.122745175,86.1047120418848,85.89,15,108.199099,2383482,1.6117096981901,None
90,80000,75,8.01,8.02666666666667,108.332555,9.23083555077234,531.658039094491,523.82171720162,523.840018,0.124557775797758,86.9549308133333,87.0743355481728,86.71,22,108.317023,2384423,1.61249858604588,None
90,80000,75,8.01,7.84166666666667,108.160449,9.24552374962867,357.825859617541,367.109347114347,367.130022,0.127408252222317,84.8158187575,84.3995749202976,84.58,16,108.143801,2384512,1.61256099340276,None
100,80000,75,8.9,8.74166666666667,108.046728,9.25525481900757,753.946970240849,770.130472921068,770.150631,0.114366978552145,94.45084806,94.2516682554814,94.17,27,108.0318,2390005,1.61719271792718,None
100,80000,75,8.9,8.84666666666667,108.03354,9.2563846375857,1307.93177919155,1306.51345525396,1306.531121,0.112994300094009,95.57367172,95.5821401657875,95.12,46,108.016309,2389950,1.61715213730687,None
100,80000,75,8.9,8.785,108.063951,9.25377973640812,1006.47360418747,1012.23776094916,1012.257245,0.113829087749763,94.9341809535,94.4317966230317,94.49,32,108.047193,2389957,1.61715448083137,None
100,80000,75,8.9,8.92666666666667,108.212775,9.24105310117036,1388.83698724038,1397.84011064264,1397.859675,0.112008591213406,96.59793715,96.8726661687827,96.14,38,108.194845,2390736,1.61781296517916,None
100,80000,75,8.9,8.835,107.920789,9.26605531025167,930.791480224925,945.434922139408,945.455074,0.113174686293907,95.3480170815,94.5293340879079,94.91,37,107.902339,2390823,1.61787866565342,None
100,80000,75,8.9,8.90833333333333,108.121762,9.248831886406,1245.65679087753,1256.18451134799,1256.204016,0.11224067687203,96.3184696483333,96.1927034611787,95.86,43,108.104883,2389681,1.6169320117889,None
100,80000,75,8.9,9.00333333333333,108.096063,9.25103072440298,1525.34110188049,1542.30792791281,1542.327687,0.111030147156609,97.322488721,97.3435764531655,97.03,38,108.07817,2389649,1.61691182111454,None
100,80000,75,8.9,8.905,108.141751,9.24712232558543,1307.85550852191,1317.31704965806,1317.336756,0.112282354585626,96.3002292655,96.060265768295,95.69,36,108.124706,2390607,1.61770294191962,None
100,80000,75,8.9,8.695,108.203183,9.24187230240722,918.691194344847,922.441478214875,922.459533,0.115006040278129,94.0826676185,94.0099674142227,93.5,35,108.186137,2389708,1.61694144043475,None
10,80000,80,0.89,0.846666666666667,121.558597,8.22648520696566,132.52526505053,130.437230751969,130.639075,1.17993000822047,10.2919612126667,10.0393700787402,10.36,2,121.5418,2017100,1.30596512297024,None
10,80000,80,0.89,0.925,121.233164,8.24856802384536,118.82152422693,128.719568045045,128.906242,1.07945880793333,11.21406767,10.990990990991,11.29,1,121.215445,2070687,1.35062670901244,None
10,80000,80,0.89,0.883333333333333,120.840795,8.27535105177022,155.927376290495,130.379992258491,130.579894,1.1274345223434,10.674270225,12.8301886792453,10.75,2,120.822248,2030853,1.31742812325308,None
10,80000,80,0.89,0.881666666666667,121.44644,8.23408244819692,103.987621542233,128.01143162949,128.198772,1.13412450400945,10.7075277933333,8.79017013232513,10.79,2,121.430554,2051055,1.3342638170695,None
10,80000,80,0.89,0.86,121.606461,8.22324728288902,135.208220659816,129.659770868217,129.846493,1.15943425999225,10.458155646,10.8527131782946,10.55,2,121.587007,2059255,1.34109620956592,None
10,80000,80,0.89,0.933333333333333,120.232988,8.31718496424625,139.668367346939,128.985555694643,129.183419,1.07102536606786,11.2217455466667,12.5,11.3,2,120.212491,2045971,1.33002944274162,None
10,80000,80,0.89,0.92,121.222485,8.24929467499367,139.807813484562,131.611777378623,131.788619,1.08386907479348,11.15246862,11.7753623188406,11.23,2,121.204433,2083997,1.36171843418259,None
10,80000,80,0.89,0.816666666666667,122.099075,8.19007023599483,89.9625156184923,126.941382097959,127.124996,1.21890674209184,9.97142445833333,6.73469387755102,10.06,3,122.080507,2036736,1.32232751118004,None
10,80000,80,0.89,0.881666666666667,121.674315,8.21866143236557,132.93262960038,129.923167092628,130.109189,1.13274114990359,10.7276187725,10.7750472589792,10.82,2,121.657827,2066539,1.3471676815667,None
20,80000,80,1.78,1.77,115.006142,8.69518777527552,138.051007054167,130.358604077213,130.454841,0.564720892356874,20.356087134,21.9868173258004,20.39,3,114.986218,2198502,1.45718894585778,None
20,80000,80,1.78,1.79,115.568383,8.65288562530117,121.402445206423,129.608598708566,129.61827,0.557930051434823,20.686740557,19.4974406700791,20.73,3,115.550995,2210684,1.46734293137799,None
20,80000,80,1.78,1.825,114.263999,8.75166289252663,129.104897729405,129.452675727854,129.533277,0.547744793369863,20.8531798175,20.6392694063927,20.91,4,114.244492,2177081,1.43933972480375,None
20,80000,80,1.78,1.745,115.695387,8.64338696580876,126.709413989486,128.400669702006,128.483513,0.572964258533906,20.1888450315,20.0095510983763,20.23,3,115.682242,2213286,1.46950882370345,None
20,80000,80,1.78,1.865,114.769165,8.71314172234328,124.82420391627,130.813249811439,130.89867,0.536126521768543,21.4044492725,20.5093833780161,21.45,3,114.737936,2215121,1.47104434288141,None
20,80000,80,1.78,1.78166666666667,115.130106,8.68582540869024,118.134938101668,129.051774392891,129.136792,0.560629514173994,20.512347219,19.0832553788587,20.56,3,115.116914,2200792,1.45909825500603,None
20,80000,80,1.78,1.78666666666667,115.206179,8.68008998024316,114.342002673201,128.549870073694,128.64188,0.558960774918843,20.5835039813333,18.6567164179105,20.64,3,115.190391,2201930,1.4600470510596,None
20,80000,80,1.78,1.93666666666667,114.309272,8.74819673420718,135.975423701198,132.51562145525,132.603977,0.51548189577883,22.1378956773333,22.2030981067126,22.18,3,114.295902,2214800,1.47078057595887,None
30,80000,80,2.67,2.70833333333333,112.75283,8.86895699203293,137.126627218935,138.082807224,138.147009,0.369073208165539,30.5372247916667,30.6769230769231,30.55,3,112.73889,2269505,1.51641493683078,None
30,80000,80,2.67,2.70166666666667,112.643775,8.87754338843847,147.052051631102,139.421590736582,139.479403,0.369641205204195,30.4325932125,32.2023442319556,30.45,4,112.627457,2275633,1.52152150992719,None
30,80000,80,2.67,2.74166666666667,112.714247,8.87199290787082,129.045370977726,136.77388116231,136.83675,0.364677205931307,30.9024893858333,28.936170212766,30.91,4,112.699539,2275992,1.52182312962315,None
30,80000,80,2.67,2.77666666666667,112.376278,8.89867521684603,133.270595152827,136.86560634994,136.925498,0.360128904739496,31.2031465246667,30.2220888355342,31.21,4,112.361321,2276582,1.52231642225831,None
30,80000,80,2.67,2.67,112.506795,8.88835203242613,134.429341600153,136.651992942572,136.70571,0.374048640573658,30.039314265,29.8377028714107,30.04,4,112.488984,2251059,1.50103930138807,None
30,80000,80,2.67,2.72333333333333,112.414773,8.89562797942936,139.328138740863,137.999325332313,138.062441,0.365851007047736,30.614289847,31.0893512851897,30.63,4,112.402784,2257298,1.50624199083297,None
30,80000,80,2.67,2.65333333333333,112.638729,8.87794108543253,132.217305118558,135.940684562814,136.004272,0.376267109959799,29.886809428,29.3027638190955,29.91,4,112.626283,2264431,1.51218288357225,None
30,80000,80,2.67,2.675,112.412124,8.89583760555934,138.585611552683,137.548308502804,137.60666,0.373645761250467,30.07024317,30.1557632398754,30.07,4,112.397441,2276997,1.52265626654104,None
40,80000,80,3.56,3.47166666666667,111.670988,8.95487734020944,135.241993975877,143.849348198272,143.899416,0.287773278933269,38.7684446673333,36.5338454152664,38.75,4,111.656937,2294534,1.53731783848483,None
40,80000,80,3.56,3.49666666666667,111.228247,8.99052198494147,144.629094302895,146.48212979695,146.528041,0.285647978529075,38.8928103676667,38.417540514776,38.86,4,111.213324,2310987,1.55103073963571,None
40,80000,80,3.56,3.675,111.168051,8.99539023131745,144.877905810851,147.747280279819,147.787264,0.272011818671655,40.8542587425,40.6349206349206,40.82,5,111.154916,2294230,1.53707548994239,None
40,80000,80,3.56,3.58666666666667,111.300704,8.98466913560583,155.729605726842,150.922284953996,150.973546,0.278732116966078,39.9198525013333,40.0092936802974,39.89,6,111.285109,2320712,1.55914132531031,None
40,80000,80,3.56,3.66,111.359447,8.97992965069232,147.962667880719,149.940086007286,149.944877,0.27296451108561,40.757557602,39.9043933530617,40.72,5,111.3406,2310464,1.55060482412844,None
40,80000,80,3.56,3.555,111.406001,8.97617714507139,139.130388912297,144.766465254102,144.816324,0.281058049998125,39.6048333555,38.8185654008439,39.57,4,111.394284,2297920,1.54014417869521,None
40,80000,80,3.56,3.65333333333333,111.686374,8.95364370948241,145.477582716181,149.467912328011,149.508447,0.273190221673358,40.8027553013333,39.7810218978102,40.77,5,111.667549,2302750,1.54417602940842,None
40,80000,80,3.56,3.65666666666667,111.405798,8.97619350116769,149.575082120875,149.51049451732,149.554429,0.273389330305378,40.737386802,40.975387420237,40.7,7,111.391982,2309330,1.54965960995702,None
40,80000,80,3.56,3.63166666666667,111.328346,8.98243830910773,145.386276150522,148.525011845342,148.565161,0.275074140558513,40.4307443223333,40.3396053235429,40.41,5,111.311754,2295206,1.53788673358769,None
40,80000,80,3.56,3.44666666666667,111.38696,8.97771157413758,151.942279704739,148.474491048839,148.524276,0.290067810988395,38.3913722133333,39.1924564796905,38.38,5,111.371734,2307913,1.54846622721402,None
50,80000,80,4.45,4.44333333333333,110.628375,9.0392722481913,169.762995887757,166.757286384846,166.790137,0.224980116210803,49.155874625,50,49.1,9,110.610689,2311688,1.55166985934725,None
50,80000,80,4.45,4.41,110.478013,9.05157481425739,160.298435322731,162.924714325775,162.958329,0.226701773273621,48.720803733,47.9591836734694,48.65,5,110.464533,2322129,1.56036945837242,None
50,80000,80,4.45,4.40333333333333,110.62406,9.03962483387429,154.509263679192,160.225245683952,160.262072,0.227054502730886,48.7114610866667,48.3156699470098,48.64,6,110.602649,2312021,1.55194493114884,None
50,80000,80,4.45,4.48333333333333,110.315724,9.06489087629974,166.954574978234,166.38825923829,166.423717,0.223042963452416,49.45821626,49.3866171003717,49.38,6,110.302108,2315823,1.55511766704269,None
50,80000,80,4.45,4.505,110.581214,9.04312734349254,163.833254701583,165.260542825749,165.297412,0.221742576646319,49.816836907,49.6115427302997,49.74,8,110.565329,2318322,1.55720238844407,None
50,80000,80,4.45,4.47666666666667,110.689212,9.03430408376202,156.68237001767,161.594336192107,161.632536,0.223217877943038,49.551870572,48.0081906180194,49.48,6,110.675902,2318663,1.5574851965472,None
50,80000,80,4.45,4.4,110.401707,9.05783096270423,154.829545454545,160.217633413258,160.255676,0.227188787970076,48.57675108,47.405303030303,48.5,5,110.386643,2319017,1.55777496737558,None
50,80000,80,4.45,4.545,110.204988,9.07399944546975,168.385008651214,167.918290994866,167.95033,0.219859811694169,50.088167046,49.2849284928493,50.02,9,110.185851,2322630,1.56079439331549,None
60,80000,80,5.34,5.20833333333333,109.762748,9.1105590760173,182.59968,183.419673408,183.452735,0.19196305363232,57.1680979166667,56.752,57.07,7,109.748169,2341030,1.57616813086156,None
60,80000,80,5.34,5.32666666666667,109.761856,9.1106331146587,183.887164963714,184.805009733104,184.838574,0.187705837173967,58.4664819626667,58.8078848560701,58.35,8,109.749666,2334851,1.57102507648808,None
60,80000,80,5.34,5.28666666666667,109.442014,9.13725874964253,181.045052150834,182.472453284678,182.508718,0.189037590600252,57.8583447346667,56.3682219419924,57.75,6,109.428464,2341107,1.57623599913634,None
60,80000,80,5.34,5.275,109.756027,9.11111696854698,178.732133899358,181.268638535861,181.300652,0.189497488477093,57.8963042425,57.5039494470774,57.79,7,109.740295,2347416,1.581494561706,None
60,80000,80,5.34,5.33833333333333,109.694956,9.11618944448093,192.354010918386,189.301045024664,189.331708,0.187296569187949,58.5588240113333,59.491102091789,58.44,7,109.67922,2345707,1.58007370152245,None
60,80000,80,5.34,5.32333333333333,109.730355,9.11324856280653,179.088922600258,183.019479346274,183.052954,0.187734851014402,58.413125645,57.9524107701941,58.3,7,109.718217,2344150,1.57877522954667,None
60,80000,80,5.34,5.395,109.630898,9.12151608937838,186.788359683834,188.260921326537,188.288139,0.185340987029966,59.145869471,57.8776645041705,59.03,8,109.614399,2342454,1.57736563206424,None
60,80000,80,5.34,5.29833333333333,109.816649,9.10608736567804,179.239328239417,181.514560608682,181.545355,0.18873597376911,58.1845211951667,58.477508650519,58.07,7,109.800882,2340189,1.57547261266327,None
60,80000,80,5.34,5.37666666666667,109.530676,9.12986239580955,182.789094650601,184.645221534718,184.67709,0.185968734484191,58.8909934626667,58.6639801611903,58.78,8,109.517489,2344389,1.57897703788283,None
70,80000,80,6.23,6.22,109.284491,9.15042922238619,222.891960725523,223.000013700697,223.028492,0.16075058071463,67.974953402,68.2877813504823,67.81,8,109.270764,2356667,1.58925972370063,None
70,80000,80,6.23,6.27166666666667,108.925211,9.18061108919954,224.954942275053,225.843071059261,225.868553,0.159391395855169,68.3142614988333,68.6951900079724,68.15,11,108.905909,2363058,1.59458842495566,None
70,80000,80,6.23,6.15333333333333,109.233188,9.1547268582878,224.44652077814,223.599310621614,223.625229,0.162449743205038,67.2148216826667,66.4003250270856,67.06,12,109.218938,2358922,1.59113514253903,None
70,80000,80,6.23,6.175,109.374117,9.14293095504488,241.439986626729,235.275270351147,235.278725,0.161941315676923,67.5385172475,68.3038726217784,67.38,12,109.35846,2352738,1.58598259337045,None
70,80000,80,6.23,6.19166666666667,109.152666,9.16148030685755,209.807462743343,214.691420325437,214.716702,0.16148141285895,67.583692365,67.4966352624495,67.43,7,109.138072,2364060,1.59541963641636,None
70,80000,80,6.23,6.085,109.539413,9.12913418661464,220.040794307432,219.751203911257,219.779323,0.164300382854013,66.6547328105,67.8581210627226,66.5,8,109.522899,2357226,1.58971848455739,None
70,80000,80,6.23,6.14,109.294218,9.14961484970779,233.02634510711,229.151893620793,229.175896,0.162861591992128,67.106649852,67.385993485342,66.95,11,109.276067,2353714,1.58679373234517,None
70,80000,80,6.23,6.15166666666667,109.083875,9.1672577638079,205.520160376045,210.445941324031,210.474154,0.162539110129504,67.1047637708333,66.2557572473585,66.95,8,109.071082,2362983,1.59451933796467,None
70,80000,80,6.23,6.295,109.216,9.15616759449165,216.834344743266,221.475903320095,221.498522,0.158855951404819,68.751472,67.5006619009796,68.59,10,109.202441,2361574,1.59335393322493,None
80,80000,80,7.12,7.135,108.671532,9.20204198464783,303.945645980258,302.746781581873,302.767348,0.140122261988788,77.537138082,77.1782293856576,77.34,17,108.653345,2369148,1.59971487331595,None
80,80000,80,7.12,7.12333333333333,108.535003,9.21361747232826,314.631635626851,308.633386226486,308.653899,0.140366896727188,77.3131004703333,78.6733738886289,77.12,11,108.51994,2369311,1.59984952721074,None
80,80000,80,7.12,7.06333333333333,108.66261,9.2027975400186,283.25264951524,285.041739462718,285.066766,0.141501369354177,76.75202353,75.5191127890514,76.43,13,108.64852,2368901,1.59950399705194,None
80,80000,80,7.12,7.15,108.314591,9.23236648698604,289.646258647541,291.262459473427,291.264762,0.139850170710723,77.444932565,77.6716000466146,77.25,13,108.296831,2372860,1.60280837714751,None
80,80000,80,7.12,7.22333333333333,108.550106,9.2123355457617,312.512710585791,311.812926372174,311.833237,0.138428524722889,78.4093599006667,77.814951545916,78.21,13,108.535957,2375664,1.60515083442662,None
80,80000,80,7.12,7.12666666666667,108.726206,9.19741465088923,289.496228870254,290.07579501333,290.099843,0.14024494978087,77.4855428093333,78.098690364827,77.29,13,108.712545,2370314,1.6006864742742,None
80,80000,80,7.12,7.28166666666667,108.652734,9.20363402912623,329.214532505253,326.472007089952,326.492753,0.137320366968414,79.117299141,78.702220187686,78.93,19,108.637476,2371080,1.60133396170488,None
80,80000,80,7.12,7.21,108.653374,9.20357981704277,300.556644563754,300.732771242719,300.756074,0.138689849373786,78.339082654,79.461396208969,78.14,13,108.636315,2372401,1.60243069092577,None
80,80000,80,7.12,7.17,108.584742,9.20939702559684,314.342458212489,312.009301280567,312.030191,0.139424658485356,77.855260014,77.3128777312878,77.66,19,108.573825,2372267,1.6023163595906,None
80,80000,80,7.12,7.035,108.697687,9.19982777554411,290.522882255053,288.786911869225,288.810914,0.142119813008055,76.4688228045,77.8606965174129,76.27,13,108.682058,2372031,1.60211200505995,None
90,80000,80,8.01,8.06166666666667,108.10527,9.25024284200021,372.96494199641,387.587922760182,387.608125,0.124029141564606,87.150865165,86.406863758528,86.9,17,108.091467,2385895,1.61372659983543,None
90,80000,80,8.01,7.96333333333333,108.295971,9.23395386519042,364.295262172918,375.467854923608,375.489121,0.125530463289452,86.239691573,85.7576391795731,86.01,14,108.279476,2382754,1.61110354954906,None
90,80000,80,8.01,7.975,108.322589,9.2316848150666,375.887291463986,386.875652201254,386.894514,0.125387700572414,86.3872647275,86.1859979101358,86.16,16,108.304323,2381694,1.61022083320987,None
90,80000,80,8.01,8.005,108.308948,9.23284750212882,543.643150368101,532.72409234416,532.745779,0.124864364823027,86.701312874,87.2059129710598,86.32,24,108.294296,2380754,1.60943819535446,None
90,80000,80,8.01,7.895,108.372515,9.22743188159839,397.233961738957,401.984062884737,402.006078,0.126638044863627,85.5601005925,86.2887903736542,85.33,22,108.353891,2382664,1.61102477465468,None
90,80000,80,8.01,7.88833333333333,108.239034,9.23881120372896,423.203325487208,423.766979588844,423.79006,0.12676693455187,85.382557987,85.4109444327065,85.14,15,108.22353,2380185,1.60895740217629,None
90,80000,80,8.01,8.08166666666667,108.238433,9.23886250274891,514.570765090897,511.561556299856,511.582672,0.123726754169107,87.4746936028333,87.3479067849041,87.09,21,108.222603,2385130,1.61308999650618,None
90,80000,80,8.01,7.845,108.523142,9.21462447152516,399.549557325329,403.059425920969,403.061421,0.127464322145528,85.136404899,85.0238980350505,84.9,17,108.504923,2379301,1.60821923687913,None
90,80000,80,8.01,7.90333333333333,108.261379,9.23690432577993,433.085285951202,433.487639039857,433.507452,0.12652137760038,85.5625765363334,85.7971320118094,85.33,19,108.243139,2381329,1.60991201050743,None
90,80000,80,8.01,8.12833333333333,108.135903,9.24762241084721,471.357544455613,474.551591849498,474.57345,0.123018247797006,87.8964664885,87.5845806848472,87.65,27,108.117956,2382979,1.61130015648776,None
100,80000,80,8.9,8.93333333333333,107.979973,9.26097657016454,1211.04366228559,1224.57757899216,1224.596563,0.111938066426119,96.4621092133334,95.9421641791045,95.86,39,107.964367,2390889,1.61793894696989,None
100,80000,80,8.9,8.87833333333333,107.879705,9.26958411686424,1618.61066784218,1609.1091053456,1609.125967,0.112625843666792,95.7791980891667,95.1098179087667,95.02,45,107.861236,2390060,1.61724327402873,None
100,80000,80,8.9,8.915,108.131016,9.24804035874406,1326.27093275254,1336.02803609329,1336.046702,0.112161471675453,96.398800764,96.2329407365863,96.12,50,108.112552,2390405,1.61753694719885,None
100,80000,80,8.9,8.87333333333333,108.101508,9.25056475622893,1465.82590156365,1464.79902293802,1464.8197,0.112618403763712,95.922071432,95.820811419985,95.63,64,108.081608,2390029,1.61722081448311,None
100,80000,80,8.9,8.88,108.116943,9.24924412633457,1119.25692584476,1130.93255487162,1130.952325,0.112602933031156,96.007845384,95.9177927927928,95.41,40,108.098408,2389244,1.61656525490642,None
100,80000,80,8.9,8.94666666666667,107.996124,9.25959157571248,1579.02934206347,1583.08120100298,1583.100592,0.11176633522187,96.620532272,96.2090163934426,96.17,64,107.980281,2390593,1.61769393293274,None
100,80000,80,8.9,8.85666666666667,108.035698,9.25619974242218,1090.68807811833,1101.0194352898,1101.04011,0.112908399430561,95.6836165286667,95.8882197967633,95.24,31,108.018119,2389136,1.61647428922544,None
100,80000,80,8.9,8.78833333333333,108.297631,9.23381232595937,950.165348961674,962.411450045136,962.431603,0.11374557297345,95.1755680438334,95.1735255073014,94.89,33,108.278776,2390382,1.61751095774307,None
10,80000,85,0.89,0.866666666666667,121.802501,8.21001204236356,97.6331360946746,126.809300515385,127.002627,1.15317491811923,10.5562167533333,8.46153846153847,10.63,1,121.77861,2063654,1.34476253332934,None
10,80000,85,0.89,0.905,120.658114,8.28788024981063,138.375914451126,128.604208639042,128.790749,1.10465425542357,10.919559317,11.7863720073665,11,2,120.640135,2033761,1.31985270804511,None
10,80000,85,0.89,0.92,121.26249,8.24657319835672,137.838689350977,129.686195097826,129.865945,1.08484461714674,11.15614908,11.9565217391304,11.24,3,121.244109,2079855,1.35826670788543,None
10,80000,85,0.89,0.87,121.321437,8.24256639822029,123.309992513322,128.834021739464,129.033858,1.14650934572414,10.554965019,10.3448275862069,10.64,2,121.298479,2011705,1.30147046616118,None
10,80000,85,0.89,0.92,120.678636,8.2864708547087,149.653434152489,131.438818639493,131.621167,1.08468510835688,11.102434512,12.1376811594203,11.18,3,120.660064,2056110,1.33847830295002,None
10,80000,85,0.89,0.953333333333333,120.168574,8.32164322762123,95.3591862682772,126.403490314685,126.604712,1.04705694242832,11.4560707213333,9.09090909090909,11.54,1,120.14886,2060111,1.34181429305327,None
10,80000,85,0.89,0.916666666666667,120.707258,8.28450597394897,107.107438016529,125.987611390909,126.169938,1.08297994190182,11.0648319833333,9.45454545454545,11.14,2,120.689612,2038319,1.32365181934166,None
10,80000,85,0.89,0.87,121.541591,8.22763625004711,110.09820760118,128.351696729885,128.517534,1.14743041608621,10.574118417,9.19540229885058,10.65,2,121.524851,2049143,1.33266977068113,None
10,80000,85,0.89,0.87,121.57399,8.2254436166815,118.906064209275,128.029094934866,128.245898,1.14891518578927,10.57693713,10.3448275862069,10.65,1,121.539908,2053301,1.33613487336381,None
10,80000,85,0.89,0.873333333333333,121.69889,8.21700181488919,111.44455451314,127.387603587786,127.57911,1.14224019142176,10.6283697266667,9.54198473282443,10.72,2,121.678403,2071748,1.35150816519403,None
20,80000,85,1.78,1.75,115.302142,8.67286576514771,119.183673469388,129.493824358095,129.593352,0.569184493845714,20.17787485,17.8095238095238,20.23,3,115.274238,2188379,1.44875182200011,None
20,80000,85,1.78,1.74333333333333,115.576992,8.65224109656704,118.45179121775,130.77171851434,130.86016,0.573442655968451,20.148922272,18.642447418738,20.19,2,115.561405,2201466,1.4596580650452,None
20,80000,85,1.78,1.74166666666667,115.38641,8.6665318732076,122.524667475561,128.939107581818,129.03867,0.57395531878756,20.0964664083333,18.5645933014354,20.12,3,115.371143,2207423,1.46462215229815,None
20,80000,85,1.78,1.73333333333333,115.328405,8.67089074890093,124.260355029586,129.577683739423,129.666491,0.576362985481731,19.9902568666667,19.3269230769231,20.04,3,115.312867,2190124,1.45020510561663,None
20,80000,85,1.78,1.78833333333333,114.992368,8.69622930106109,121.685460889112,128.627833595527,128.71707,0.558610245779124,20.5644684773333,19.4315004659832,20.61,2,114.978264,2191728,1.4515447436598,None
20,80000,85,1.78,1.72166666666667,115.086897,8.68908647350184,125.950131619762,129.903854084221,130.019069,0.580561169331075,19.8141274335,18.4898354307841,19.86,3,115.064976,2202309,1.46035891929666,None
20,80000,85,1.78,1.78833333333333,114.937198,8.70040350209338,119.340344940499,128.652324701771,128.754644,0.558539565899348,20.5546022423333,19.1053122087605,20.6,3,114.920955,2185137,1.44605187800404,None
20,80000,85,1.78,1.71,115.35873,8.66861138294432,117.700033058605,127.621751896686,127.707783,0.584770431711501,19.72634283,18.5672514619883,19.77,3,115.341753,2196343,1.45538651952864,None
30,80000,85,2.67,2.66333333333333,112.729419,8.87079884621777,134.515766735954,136.410958727159,136.476115,0.375401359864205,30.023601927,30.1939924906133,30.02,3,112.715389,2260141,1.50860816252749,None
30,80000,85,2.67,2.65166666666667,112.433255,8.89416569857379,139.613104985183,137.362109042112,137.427427,0.376784358181018,29.8135514508333,30.2954116907605,29.81,4,112.41823,2260988,1.5093129538377,None
30,80000,85,2.67,2.68833333333333,112.731155,8.87066224062017,138.021476925892,137.73480533106,137.806125,0.371946223518909,30.3058921691667,31.0291382517049,30.31,4,112.713865,2262625,1.51067985694561,None
30,80000,85,2.67,2.695,112.694842,8.87352058224635,132.520540683806,136.586226510204,136.641337,0.371009411567718,30.371259919,30.6431663574521,30.37,3,112.681879,2253640,1.50319203899897,None
30,80000,85,2.67,2.67833333333333,112.492405,8.88948902817039,131.735418589099,135.730295262601,135.797648,0.372388691638457,30.1292158058333,30.0560049782203,30.15,4,112.473619,2258716,1.50742124420883,None
30,80000,85,2.67,2.655,112.782143,8.86665187768245,138.080561968972,137.270642006905,137.341211,0.376207619450094,29.9436589665,29.6924042686755,29.95,3,112.762789,2259917,1.50842111344759,None
40,80000,85,3.56,3.655,111.348861,8.98078337774825,151.208639852085,150.280235685363,150.331153,0.273280718516644,40.6980086955,41.358869129047,40.67,4,111.334487,2299502,1.54146852247588,None
40,80000,85,3.56,3.52,111.15529,8.9964229322779,148.233040633609,147.578225654356,147.632879,0.28387717644697,39.12666208,39.4886363636364,39.09,5,111.142149,2293780,1.53669124579898,None
40,80000,85,3.56,3.55333333333333,111.238753,8.98967287056877,140.84494647804,145.060538566135,145.10906,0.281173634139775,39.5268368993333,39.0712945590994,39.49,4,111.225283,2298693,1.54078798987184,None
40,80000,85,3.56,3.58833333333333,111.195677,8.99315537239816,152.154858395451,149.354258710636,149.401059,0.278622849688806,39.9007154301667,41.453785415699,39.89,4,111.179744,2289185,1.53286590916084,None
40,80000,85,3.56,3.59166666666667,111.458503,8.97194895933601,156.911300003768,151.500542109513,151.547174,0.278212981113225,40.0321789941667,40.9048723897912,39.99,7,111.444761,2292325,1.53548339781183,None
40,80000,85,3.56,3.56166666666667,111.539497,8.9654340112364,158.186236264633,151.61461469022,151.666064,0.280420455066916,39.7266508481667,40.711277491811,39.68,5,111.526028,2296715,1.53914048728216,None
40,80000,85,3.56,3.63,111.169739,8.99525364541874,159.622774198281,152.743214999541,152.793104,0.275107977028926,40.354615257,41.2764003673095,40.33,5,111.156792,2301616,1.54322857392966,None
40,80000,85,3.56,3.655,111.048749,9.00505416769711,162.836536377689,153.606560645691,153.611396,0.273565645268126,40.5883177595,42.7399133804422,40.56,5,111.036165,2298589,1.54070701674534,None
40,80000,85,3.56,3.54166666666667,111.226994,8.99062326542782,137.854671280277,144.772402552941,144.820904,0.282351543652706,39.3928937083333,38.3764705882353,39.36,4,111.213932,2299604,1.54154654675669,None
50,80000,85,4.45,4.45,110.799132,9.02534146206127,168.875983672095,166.783753550562,166.823307,0.224658311431835,49.30561374,48.9325842696629,49.22,8,110.785941,2318969,1.55773883357791,None
50,80000,85,4.45,4.43666666666667,110.423386,9.05605267347987,159.943688080738,162.437640659654,162.484016,0.225221208069497,48.9911755886667,48.5349361382419,48.91,6,110.408602,2327975,1.56524318803139,None
50,80000,85,4.45,4.42333333333333,110.380185,9.059597064455,165.466637212517,164.31983293896,164.3549,0.225985006382442,48.824835165,49.698568198945,48.75,5,110.366303,2331015,1.56777600131377,None
50,80000,85,4.45,4.495,110.404416,9.05760871014435,165.924070868509,165.846520494994,165.887351,0.222468960281424,49.626784992,49.2584352984798,49.57,6,110.389407,2316260,1.5554829042257,None
50,80000,85,4.45,4.49833333333333,110.431968,9.05534890041985,149.74052799872,158.660427818451,158.692345,0.222157127618377,49.675980272,47.9436828454983,49.6,5,110.415272,2326044,1.56363752396887,None
50,80000,85,4.45,4.48666666666667,110.55262,9.0454663127839,171.301683045246,167.096942830981,167.130642,0.222869984230684,49.6012755066667,51.1329866270431,49.52,5,110.535785,2318733,1.55754375297896,None
50,80000,85,4.45,4.59,110.113334,9.08155228503026,170.439353018703,167.764284433914,167.802821,0.21776784737037,50.542020306,50.599128540305,50.47,8,110.098149,2321837,1.56013589074795,None
50,80000,85,4.45,4.49333333333333,110.583796,9.04291619723382,168.317278482685,166.740543379822,166.77841,0.222469285255564,49.6889856693333,50.5192878338279,49.61,6,110.570706,2316495,1.55567897943006,None
50,80000,85,4.45,4.43833333333333,110.680918,9.03498107957507,169.299628897357,166.65432637439,166.691806,0.225221695063838,49.1238807723333,49.1550882463387,49.04,6,110.665755,2310780,1.55091276780798,None
50,80000,85,4.45,4.43333333333333,110.166474,9.07717169925943,154.969189892023,160.749245189098,160.781935,0.225429929346617,48.84047014,47.9511278195489,48.78,6,110.150926,2321785,1.56008345278711,None
60,80000,85,5.34,5.26333333333333,110.009964,9.09008569441946,189.211552352941,187.1628165019,187.191909,0.189954654995884,57.901911052,59.1671944268524,57.8,7,109.992963,2341876,1.57687720696394,None
60,80000,85,5.34,5.18333333333333,109.958263,9.09435973902207,168.143422834752,174.94554726881,174.979609,0.192869898841801,56.9950329883333,56.9292604501608,56.89,6,109.945994,2333230,1.56966612480505,None
60,80000,85,5.34,5.27,109.826245,9.1052917269456,186.602767445964,185.824830334282,185.857303,0.189702922223593,57.878431115,57.6059456040481,57.77,7,109.812476,2341091,1.57622277223082,None
60,80000,85,5.34,5.23166666666667,111.254543,8.9883969951681,183.86694191735,187.941067291494,187.970681,0.191116264352023,58.2046684128333,56.8811723478815,58.09,6,111.234396,2339650,1.57502348192238,None
60,80000,85,5.34,5.27333333333333,109.869703,9.10169020844627,184.059448824561,184.83752730531,184.869382,0.189431791247156,57.9379567153333,58.3754740834387,57.84,7,109.85678,2335172,1.57128985837485,None
60,80000,85,5.34,5.365,109.7358,9.11279637091997,175.420463365959,182.249143763281,182.282166,0.186378120002796,58.8732567,57.735321528425,58.76,7,109.717264,2344059,1.57870188419613,None
60,80000,85,5.34,5.35333333333333,109.977226,9.09279162942335,174.790131651388,182.46970696264,182.501298,0.186770519012453,58.8744749853333,56.5224159402242,58.76,7,109.960329,2346565,1.58079055897855,None
60,80000,85,5.34,5.35,109.489057,9.13333284074225,202.550441086558,195.0522389919,195.083413,0.186878625518692,58.576645495,58.9563862928349,58.46,9,109.472679,2346196,1.58048137659428,None
60,80000,85,5.34,5.33666666666667,109.875451,9.10121406464125,191.508586334041,190.271029039975,190.29836,0.187383006954716,58.6368656836667,58.3073079325422,58.52,8,109.863143,2336056,1.57203032705708,None
60,80000,85,5.34,5.415,109.934528,9.09632322249112,189.389902482957,190.085568125885,190.116862,0.184627207027393,59.529546912,59.1258848876577,59.42,7,109.920795,2332327,1.56892718842394,None
70,80000,85,6.23,6.14833333333333,109.258127,9.15263722212628,226.839833074688,224.317061154242,224.347211,0.162593957787476,67.1755384171667,68.1214421252372,67.03,8,109.244641,2356611,1.58920878591309,None
70,80000,85,6.23,6.09166666666667,109.465129,9.13532929742402,196.181981843735,204.415458916279,204.44325,0.164112983309986,66.6825077491667,65.1025991792066,66.54,8,109.446266,2357185,1.58968453020204,None
70,80000,85,6.23,6.21,109.067466,9.16863696090638,232.621358551952,229.485471995706,229.509442,0.161010650654321,67.730896386,67.7536231884058,67.57,13,109.053196,2360992,1.59286325650081,None
70,80000,85,6.23,6.20833333333333,109.385785,9.14195569378599,213.648183794077,216.915984374228,216.918405,0.160988131633289,67.9103415208333,67.6419272580862,67.76,10,109.371786,2347578,1.58168385572192,None
70,80000,85,6.23,6.38833333333333,109.012387,9.17326945606649,217.548607942791,221.844749470389,221.869316,0.156484893405948,69.6407465618333,69.0581789720845,69.49,9,108.995188,2362927,1.59448657965214,None
70,80000,85,6.23,6.19833333333333,109.279909,9.15081289095876,227.294401307328,225.733988006185,225.758019,0.161295700476203,67.7353302618333,69.4407098682441,67.58,9,109.262877,2347812,1.5818779125497,None
70,80000,85,6.23,6.03,109.322684,9.14723242616327,219.351922898865,217.025468613875,217.05364,0.165826652687396,65.921578452,65.7683803206191,65.77,9,109.310406,2352548,1.58581544766317,None
70,80000,85,6.23,6.29833333333333,109.362895,9.14386913404222,213.621872829478,220.225392337391,220.251454,0.15876170396163,68.8803967008333,67.5972479491929,68.72,10,109.345164,2355485,1.58827950817111,None
80,80000,85,7.12,7.12833333333333,108.732473,9.19688454064684,273.534911056737,277.568436731588,277.594608,0.140188709645546,77.5081311701667,77.3439326630816,77.32,10,108.713458,2369092,1.59966808673751,None
80,80000,85,7.12,7.09166666666667,108.688843,9.20057636458601,257.099893537844,265.561631552056,265.582581,0.141003566733255,77.0785044941667,77.027027027027,76.88,10,108.673578,2369844,1.60029247034551,None
80,80000,85,7.12,6.95333333333333,108.983519,9.1756993091772,273.084775552489,275.239821319271,275.261336,0.143801958159875,75.7798735446667,75.6351869606903,75.58,10,108.970266,2371164,1.60138555793254,None
80,80000,85,7.12,7.145,108.697423,9.19985011972179,313.020159732346,309.209892177747,309.232821,0.139883967067413,77.6643087335,77.7700023326335,77.47,15,108.680469,2372002,1.60209443349942,None
80,80000,85,7.12,7.10166666666667,108.684051,9.20098202817265,302.641737186043,301.132571631307,301.155894,0.140789527098803,77.1837902185,76.543065008214,77,18,108.672842,2366444,1.59745918937363,None
80,80000,85,7.12,7.10166666666667,108.72368,9.1976283363477,270.80123557229,275.342523506923,275.367454,0.140758500937104,77.2119334133333,77.8338418211687,77.01,9,108.705068,2366741,1.59770679728221,None
80,80000,85,7.12,6.99333333333333,109.051838,9.16995089986471,265.403248452155,270.413320068637,270.433925,0.142886513566015,76.2635853746667,76.4537654909438,76.08,10,109.036628,2364211,1.59559291378408,None
80,80000,85,7.12,7.10833333333333,108.757961,9.19472920239834,284.67448487641,287.16172291864,287.16372,0.14066614320422,77.3087839441667,77.4704020630641,77.1,15,108.744989,2367952,1.59871667437042,None
90,80000,85,8.01,7.93333333333333,108.512351,9.21554081894328,495.423169267707,487.813783416387,487.835502,0.126034835551681,86.0864651266667,85.6827731092437,85.85,28,108.493556,2378484,1.60754348217116,None
90,80000,85,8.01,7.96833333333333,108.36252,9.22828298935831,458.334844477161,456.549132052709,456.570801,0.125495929481071,86.34686802,87.0633758627902,86.11,24,108.347014,2380860,1.60952539055013,None
90,80000,85,8.01,8.06,108.416035,9.22372783693851,530.245655515807,523.585139705542,523.606487,0.12406549347622,87.38332421,87.9755996691481,87,31,108.398258,2382620,1.61099732572605,None
90,80000,85,8.01,8.04833333333333,108.338817,9.2303020070821,452.111627475354,454.848211936219,454.871869,0.124225358442328,87.1946912155,87.3162145371713,86.95,20,108.3195,2381408,1.6099868051223,None
90,80000,85,8.01,7.98333333333333,108.531526,9.21391264691146,488.308541193597,484.184089648017,484.205565,0.125241254487474,86.6443349233334,86.9415448851775,86.4,19,108.516221,2379533,1.60842089237335,None
90,80000,85,8.01,7.94333333333333,108.466736,9.2194163563657,392.665455002026,400.473994027067,400.496742,0.125839083995174,86.1587439626667,86.0365086026018,85.92,15,108.451699,2382773,1.61111888940631,None
90,80000,85,8.01,8.11,108.260669,9.23696490366229,530.518766062409,526.304183719688,526.324293,0.123283871485615,87.799402559,87.3510069872585,87.56,29,108.241689,2380123,1.60891907931412,None
90,80000,85,8.01,8.05333333333333,108.313024,9.2325000546564,415.611911210035,424.126698497103,424.146777,0.124145098812293,87.2280886613333,86.5583609271523,86.99,16,108.294629,2380524,1.60925018102219,None
90,80000,85,8.01,7.97333333333333,108.456166,9.22031486895821,414.608407624076,419.959991311246,419.982307,0.125403585738085,86.4757163573333,86.3607859531773,86.23,20,108.438522,2380820,1.60949271170708,None
100,80000,85,8.9,9.16666666666667,108.117644,9.24918415721304,2728.91900826447,2764.04874355982,2764.067713,0.109085156765091,99.1078403333333,99.1727272727273,98.63,62,108.099539,2391204,1.61821687586624,None
100,80000,85,8.9,8.82,107.893119,9.26843165966868,1056.54065607094,1062.56892518859,1062.585858,0.113375611608466,95.161730958,94.8696145124717,94.74,37,107.874171,2388794,1.61618644413081,None
100,80000,85,8.9,8.87,107.964926,9.26226726631573,983.558494721238,999.141299176062,999.162132,0.112739239236753,95.764889362,95.5373919579106,95.48,31,107.948414,2388897,1.61627639922668,None
100,80000,85,8.9,8.92833333333333,108.023242,9.25726706110154,1148.57944342022,1164.16934110472,1164.18597,0.111996426374463,96.4467512323333,96.5185738286354,95.99,36,108.004278,2388234,1.6157265767348,None
100,80000,85,8.9,8.58833333333333,108.26813,9.23632836366528,762.523561475666,766.893666732001,766.913931,0.116428553905104,92.9842789816667,92.4412963322337,92.56,25,108.253392,2386241,1.61404632087542,None
100,80000,85,8.9,8.805,108.180645,9.24379772370557,971.670136917155,983.180893804089,983.198697,0.113570705135718,95.2530579225,95.9587355669127,94.97,31,108.162469,2389236,1.61655614880037,None
100,80000,85,8.9,9.07833333333333,108.105945,9.25018508464081,1887.93935276092,1909.5645733009,1909.58372,0.110151136806315,98.1421804025,97.9713603818616,97.68,52,108.086916,2391012,1.61805156489291,None
100,80000,85,8.9,8.85833333333333,108.14203,9.24709846856028,1358.32044949906,1358.59322367564,1358.609651,0.11285468291985,95.7958149083333,95.9078080903104,95.51,51,108.124304,2388435,1.6158914630894,None
10,80000,90,0.89,0.905,120.988831,8.26522573806833,101.746995919946,128.083022106814,128.25996,1.10465893790976,10.9494892055,9.02394106813996,11.03,2,120.965005,2056557,1.33885009922679,None
10,80000,90,0.89,0.853333333333333,122.360817,8.17255085833564,135.040283203125,130.906502962891,131.097807,1.17160315278906,10.441456384,10.15625,10.51,2,122.336215,2043518,1.32798146837955,None
10,80000,90,0.89,0.86,121.496365,8.23069891844089,135.208220659816,130.068950129845,130.26396,1.16008477758721,10.44868739,10.8527131782946,10.53,2,121.473538,2028995,1.31587870854229,None
10,80000,90,0.89,0.885,120.862136,8.27388984752015,153.212678349133,129.759184433145,129.919982,1.12524253888889,10.696299036,12.6177024482109,10.77,2,120.844661,2037883,1.32328672633267,None
10,80000,90,0.89,0.911666666666667,120.891699,8.27186654064643,152.401832832569,130.649960546618,130.850509,1.0927981176691,11.0212932255,12.9798903107861,11.1,2,120.873467,2028720,1.31565221655144,None
10,80000,90,0.89,0.87,121.531163,8.22834222363198,120.007046285287,127.503117810345,127.689873,1.1493333422433,10.573211181,10.4406130268199,10.65,1,121.513384,2039183,1.32436952471685,None
10,80000,90,0.89,0.865,121.457728,8.23331719164054,151.46958913874,131.85531061079,132.045668,1.15294837675145,10.506093472,11.5606936416185,10.59,2,121.433735,2019886,1.3082879338175,None
10,80000,90,0.89,0.841666666666667,122.170536,8.18527963239844,143.515341633173,129.819938942574,130.027069,1.18701934836238,10.28268678,11.0891089108911,10.36,3,122.153313,2038584,1.32386897240849,None
20,80000,90,1.78,1.80666666666667,114.652788,8.72198589710701,124.589806783677,129.800347214945,129.892447,0.552993575531365,20.713937032,20.6642066420664,20.74,2,114.63124,2185660,1.4464884458545,None
20,80000,90,1.78,1.82,114.899241,8.70327768309627,130.318399549169,130.781734337912,130.878976,0.549300128590659,20.911661862,20.970695970696,20.96,3,114.874082,2197465,1.45632763458477,None
20,80000,90,1.78,1.785,115.265969,8.67558750145934,131.817432855495,130.500413064426,130.606966,0.559865838456583,20.5749754665,21.1017740429505,20.6,3,115.251071,2228202,1.48194143510103,None
20,80000,90,1.78,1.85,114.591618,8.72664176885957,129.778427075724,130.479482455856,130.570103,0.540529142506306,21.19944933,20.9459459459459,21.25,3,114.567067,2190026,1.45012957905434,None
20,80000,90,1.78,1.78833333333333,115.276423,8.67480074394744,138.101272529399,131.60222912302,131.688858,0.558784941616962,20.6152669798333,21.901211556384,20.66,3,115.261242,2217740,1.47322291057623,None
20,80000,90,1.78,1.74333333333333,115.450751,8.66170199273974,143.677635643753,133.076714391013,133.176638,0.57213324608413,20.1269142576667,21.5105162523901,20.17,4,115.436845,2211308,1.46786008992879,None
20,80000,90,1.78,1.66333333333333,115.666766,8.64552571652258,127.710330480601,130.180010387776,130.268998,0.59977889888477,19.2392387446667,19.438877755511,19.29,2,115.653465,2177211,1.43943988584662,None
20,80000,90,1.78,1.86666666666667,115.019818,8.69415390659025,143.016581632653,133.546251191964,133.649598,0.534970703532143,21.4703660266667,22.9464285714286,21.51,3,115.003411,2223949,1.47840175805068,None
20,80000,90,1.78,1.83666666666667,115.075569,8.68994182422856,113.141919822399,128.817044389292,128.901278,0.543527526108893,21.135546173,18.3303085299456,21.19,3,115.061225,2238385,1.49043081716359,None
20,80000,90,1.78,1.705,115.721636,8.64142639670252,122.117972841651,128.85307943695,128.952299,0.586161403260997,19.730538938,18.7683284457478,19.78,3,115.706324,2215208,1.47110826904989,None
30,80000,90,2.67,2.63833333333333,113.135667,8.83894554667716,138.633435080325,136.775405831333,136.836013,0.378911796846494,29.8489601435,30.3221730890714,29.86,4,113.122987,2265514,1.51308519602043,None
30,80000,90,2.67,2.73666666666667,112.718585,8.87165146723586,134.190650123657,137.840031709501,137.901015,0.365329702494519,30.8473194283333,30.1461632155907,30.85,3,112.703972,2256781,1.50581227204452,None
30,80000,90,2.67,2.62666666666667,113.099512,8.84177112983476,134.794764101111,137.246063781726,137.313534,0.380356040924492,29.7074718186667,29.6954314720812,29.72,4,113.082742,2266122,1.51359116912923,None
30,80000,90,2.67,2.59333333333333,112.922989,8.85559272611886,133.573661289577,134.981193577121,135.053065,0.385081268363111,29.2846951473333,29.4987146529563,29.29,4,112.909542,2275064,1.5210411836023,None
30,80000,90,2.67,2.66333333333333,112.603554,8.88071436892658,129.934006995603,135.716188733417,135.780254,0.375291492575094,29.990079882,28.9111389236546,30.01,3,112.57928,2258960,1.50762386127027,None
30,80000,90,2.67,2.6,112.710156,8.87231493140689,147.435897435897,138.206691839744,138.274494,0.384366752288462,29.30464056,31.5384615384615,29.31,4,112.685442,2251542,1.5014380237948,None
30,80000,90,2.67,2.625,113.045402,8.8460033075914,149.478458049887,140.658812269206,140.719933,0.380754284201905,29.674418025,32.1269841269841,29.68,3,113.031214,2275736,1.5216032872629,None
30,80000,90,2.67,2.76666666666667,112.649329,8.87710569496601,147.626651183045,140.484887803615,140.54319,0.361426943036747,31.1663143566667,32.078313253012,31.17,6,112.630583,2262562,1.51063186444451,None
30,80000,90,2.67,2.79,112.57172,8.8832257337811,142.812485279823,139.602330727599,139.654444,0.358104224086619,31.40750988,31.5412186379928,31.41,5,112.557412,2268359,1.51546437913584,None
40,80000,90,3.56,3.575,111.016595,9.00766232291668,155.965246874338,149.222256989744,149.273398,0.279719190843357,39.6884327125,42.5641025641026,39.65,4,110.999721,2294934,1.53765599710106,None
40,80000,90,3.56,3.5,111.451444,8.97251721565851,154.69387755102,149.280338182857,149.327742,0.285641877984762,39.0080054,39.047619047619,38.99,5,111.437121,2290476,1.53393708186964,None
40,80000,90,3.56,3.60833333333333,111.57289,8.96275071838688,142.85638090768,147.459098564434,147.509394,0.276988942437413,40.2592178083333,38.9838337182448,40.21,5,111.555127,2301909,1.54347212747715,None
40,80000,90,3.56,3.51333333333333,111.540131,8.96538305123561,148.053498194283,147.497830477704,147.540474,0.28454418930408,39.1877660246667,39.4924098671727,39.15,4,111.522101,2290695,1.53412045153521,None
40,80000,90,3.56,3.62666666666667,111.378959,8.97835649550289,153.136995836938,151.877544220129,151.928413,0.275682940717831,40.3934357973333,40.8777573529412,40.37,5,111.364664,2290361,1.5338485671628,None
40,80000,90,3.56,3.46,111.229429,8.99042644550481,142.490004120864,146.073176120424,146.122799,0.288946128679191,38.485382434,38.4152215799615,38.45,4,111.21159,2284572,1.52901368745905,None
40,80000,90,3.56,3.52,111.563661,8.9634921535965,148.300297004132,147.805861136364,147.849152,0.283975764479167,39.270408672,39.2045454545455,39.25,6,111.550862,2300824,1.54256273790391,None
40,80000,90,3.56,3.69333333333333,111.165432,8.99560215805215,137.456176934406,144.97565795352,145.020167,0.270721808136282,41.057099552,39.2824909747292,41.02,6,111.152829,2290062,1.53360282413247,None
40,80000,90,3.56,3.65166666666667,111.541376,8.96528298162648,145.672902361243,148.422267152442,148.461788,0.273833476151985,40.7311924693333,39.8219990871748,40.69,6,111.526071,2295891,1.53845912174605,None
50,80000,90,4.45,4.50166666666667,110.526668,9.04759021596489,159.059111349739,162.821872623843,162.858678,0.222099497592373,49.7554217113333,49.7223250647908,49.68,4,110.508963,2325163,1.5629036873031,None
50,80000,90,4.45,4.41666666666667,110.357308,9.06147511318417,165.667497330011,163.802446935472,163.835355,0.22632854752566,48.7411443666667,49.0377358490566,48.68,6,110.340935,2329688,1.56666963982897,None
50,80000,90,4.45,4.49166666666667,110.574361,9.04368780390239,165.137804151851,165.783951043414,165.825697,0.222560891430427,49.6663171491667,49.2764378478664,49.6,8,110.557058,2321865,1.56015454333193,None
50,80000,90,4.45,4.38166666666667,110.693566,9.03394873013667,167.369804074025,164.863513042221,164.9035,0.228146890035755,48.5022308356667,48.6877139596805,48.43,8,110.677923,2327330,1.56470302450738,None
50,80000,90,4.45,4.54,110.57808,9.04338364348522,165.076946961905,165.606459150881,165.645465,0.220139618301395,50.20244832,50.6240822320117,50.14,5,110.562665,2326833,1.56429802826096,None
50,80000,90,4.45,4.60666666666667,110.348856,9.06216916285929,161.472393665926,165.10659758068,165.14909,0.216814240075977,50.834039664,49.8371924746744,50.76,7,110.336856,2324931,1.56271614957523,None
60,80000,90,5.34,5.48666666666667,109.712611,9.11472246340031,185.969447639183,188.720340755468,188.747132,0.182018318481167,60.1956525686667,60.0546780072904,60.07,8,109.697825,2346548,1.58078351793229,None
60,80000,90,5.34,5.46833333333333,109.968134,9.09354340776574,194.798662066681,193.078074896983,193.109815,0.18274870246175,60.1342412756667,60.4388905821396,60.01,8,109.954184,2346643,1.58086237134793,None
60,80000,90,5.34,5.32166666666667,109.802411,9.10726814550548,204.742424633278,196.64475102756,196.679744,0.187858944240839,58.4331830538333,59.880989664892,58.32,8,109.785458,2336167,1.57212175869903,None
60,80000,90,5.34,5.45,109.805556,9.10700729933921,197.710630418315,194.902941026606,194.933132,0.183462535286239,59.84402802,59.6788990825688,59.73,7,109.789032,2343188,1.5779812025672,None
60,80000,90,5.34,5.35,109.544745,9.12868983354701,186.682970856261,187.825581791589,187.859402,0.186803822346106,58.606438575,57.8816199376947,58.5,7,109.528414,2337032,1.57284368444767,None
60,80000,90,5.34,5.36833333333333,109.815209,9.10620677323484,187.405281680943,188.06767,188.097939,0.18627042444986,58.9524646981667,58.6929524992238,58.85,8,109.803778,2343416,1.57816645230431,None
60,80000,90,5.34,5.35666666666667,109.72175,9.11396327528498,188.106328527688,186.939534540137,186.971181,0.186664768116366,58.7742840833333,59.9719975108899,58.67,8,109.705586,2341163,1.57628766769342,None
60,80000,90,5.34,5.38666666666667,109.864355,9.10213326242165,197.734520512695,194.048557784344,194.082236,0.185553368848391,59.1802658933333,59.8855198019802,59.07,8,109.85121,2336781,1.57263757229237,None
60,80000,90,5.34,5.355,109.972864,9.09315228891374,196.941521706722,192.432576074074,192.465128,0.186653073762839,58.890468672,59.9595393713041,58.78,8,109.954697,2342977,1.57780017876197,None
60,80000,90,5.34,5.46,109.910513,9.0983107321135,181.417077021473,185.857415760379,185.889155,0.183124421288156,60.011140098,58.8980463980464,59.9,8,109.898198,2335789,1.57181526521686,None
70,80000,90,6.23,6.17333333333333,109.534755,9.12952240592495,204.97658243496,211.0915141196,211.114919,0.161896151398218,67.61945542,67.4946004319654,67.46,8,109.518718,2354964,1.58783837801724,None
70,80000,90,6.23,6.33,109.328408,9.14675351350584,219.580106599715,222.863220010532,222.889075,0.157965447509479,69.204882264,69.0231700895208,69.03,9,109.311657,2356959,1.58950977063056,None
70,80000,90,6.23,6.22,109.496362,9.13272351459494,214.060717596661,218.523091583333,218.551158,0.16076995147508,68.106737164,67.8858520900322,67.85,9,109.481868,2348172,1.58217943909677,None
70,80000,90,6.23,6.3,109.252336,9.15312236435842,248.59326446628,241.830715653704,241.857156,0.158700431347884,68.82897168,69.5238095238095,68.67,10,109.238919,2359633,1.59173656223699,None
70,80000,90,6.23,6.255,109.531626,9.12978320982836,223.343840248877,224.34830219611,224.376915,0.159801967188383,68.512032063,68.9048760991207,68.36,9,109.517381,2350386,1.58402756696355,None
70,80000,90,6.23,6.105,109.639943,9.12076358886834,219.451079401939,219.684539714715,219.711449,0.163746281412503,66.9351852015,66.4482664482665,66.79,9,109.623596,2343625,1.57838379658935,None
70,80000,90,6.23,6.22833333333333,109.219108,9.15590704146751,211.619350972409,216.5906323749,216.618766,0.16052778487209,68.0253010993333,66.6443671394166,67.86,8,109.203903,2350926,1.58447492689824,None
70,80000,90,6.23,6.45333333333333,108.915932,9.18139322353685,241.582659569019,239.557759106663,239.582651,0.154908777542355,70.2870814506667,71.0743801652893,70.13,10,108.899114,2363594,1.59504602810897,None
70,80000,90,6.23,6.3,109.159578,9.16090020062188,228.919963046947,228.571758410053,228.599559,0.158663298287831,68.77053414,68.9285714285714,68.62,9,109.1421,2355636,1.58840481934134,None
70,80000,90,6.23,6.185,109.27764,9.15100289501128,235.965221270766,232.169837282404,232.200513,0.161349757581245,67.58822034,68.0274858528698,67.43,10,109.26456,2346310,1.5806251944198,None
80,80000,90,7.12,7.12666666666667,108.843752,9.18748188687946,339.900469126965,329.264444625819,329.287775,0.140240275777362,77.5693139253333,78.3793264733396,77.37,17,108.826327,2367296,1.59817137253101,None
80,80000,90,7.12,7.055,108.653184,9.20359591118839,291.690797039829,290.363838132294,290.38731,0.141721416744153,76.654821312,77.5927238365226,76.46,14,108.633569,2372977,1.60290155116468,None
80,80000,90,7.12,7.09166666666667,108.694093,9.20013197037304,273.553889044616,277.532127998355,277.556159,0.14094030032644,77.0822276191667,77.0622796709753,76.88,12,108.680523,2365522,1.59669003319909,None
80,80000,90,7.12,7.11166666666667,108.849477,9.18699866605698,281.491659741327,284.862185812046,284.885646,0.140573372620577,77.4101197265,77.1385048043122,77.21,11,108.832756,2367136,1.5980371322668,None
80,80000,90,7.12,6.93666666666667,108.884253,9.18406447624708,273.290227293877,274.446327129745,274.469818,0.144156105418789,75.529376831,75.6967803940413,75.34,13,108.86559,2365975,1.5970591651757,None
80,80000,90,7.12,7.01166666666667,108.911329,9.18178126354514,278.967293296869,279.950136674828,279.975309,0.142616945080105,76.3649935171667,76.6698359876396,76.17,11,108.898081,2365436,1.59661445687219,None
80,80000,90,7.12,7.08333333333333,108.611967,9.20708857063605,310.721107266436,306.104170243765,306.12895,0.141108094509412,76.933476625,77.4352941176471,76.74,13,108.595568,2367793,1.59858216938755,None
80,80000,90,7.12,7.19666666666667,108.93274,9.17997656168384,307.914283648637,307.951273061371,307.975183,0.138945805827003,78.3952618866667,78.520148216767,78.2,12,108.919371,2369890,1.6003380656732,None
80,80000,90,7.12,7.15666666666667,108.974912,9.17642401950277,273.537300018288,279.749201646949,279.77306,0.13971672234327,77.9897120213333,76.839776432231,77.78,13,108.960301,2366981,1.59791106632505,None
90,80000,90,8.01,8.16166666666667,108.582087,9.20962220960074,516.117001031959,517.310016034103,517.333437,0.122511870338575,88.6210800065,88.7584235246069,88.38,23,108.56484,2378950,1.60794586452676,None
90,80000,90,8.01,8.03333333333333,108.426507,9.22283699501636,459.857784817754,461.010255053734,461.029338,0.124436497584647,87.10262729,87.5103734439834,86.86,18,108.409359,2378513,1.60757322505723,None
90,80000,90,8.01,7.96833333333333,108.466233,9.21945911037585,419.341865182113,423.391383221711,423.409892,0.125457252165656,86.4295099955,85.808408282786,86.18,17,108.447579,2378253,1.60735275603414,None
90,80000,90,8.01,7.90666666666667,108.665996,9.20251078359416,427.428167007442,429.647936756745,429.670262,0.126464991105396,85.9185808373333,85.9612141652614,85.68,22,108.651545,2380658,1.60935464316816,None
90,80000,90,8.01,8.17333333333333,108.383098,9.22653087476795,502.906207004835,507.114436288132,507.134616,0.122346554879894,88.5851187653333,88.0199836867863,88.19,26,108.364667,2382519,1.61091971293737,None
90,80000,90,8.01,8.03833333333333,108.34211,9.23002145703088,434.923559182711,440.072909929297,440.090833,0.124394691680697,87.0889994216667,87.1241965581588,86.69,20,108.326158,2379369,1.60828579286095,None
90,80000,90,8.01,7.90833333333333,108.56266,9.21127024706285,396.108820665311,402.104185269547,402.125608,0.126412701329399,85.8549702833333,85.1211801896733,85.62,17,108.54512,2377060,1.60635526428782,None
90,80000,90,8.01,8.13666666666667,108.321465,9.23178060784167,473.375680815295,479.431831535641,479.449564,0.122850001044654,88.137565355,86.8394100778369,87.89,22,108.304486,2380573,1.6092959923026,None
90,80000,90,8.01,8.21,108.659396,9.20306974649482,575.509007117767,573.44675159054,573.467631,0.121790230991271,89.209364116,88.8652050345108,88.95,28,108.641688,2378526,1.60759558803525,None
90,80000,90,8.01,7.93166666666667,108.454477,9.22045846018879,413.915863335176,417.909883532675,417.932325,0.12607525845892,86.0224760071667,85.0493801218744,85.78,20,108.43604,2377951,1.60709882342146,None
100,80000,90,8.9,9.10166666666667,107.876968,9.26981930007525,1460.23872361428,1490.15733613734,1490.176602,0.109863183919795,98.1860203746667,98.1047427211134,97.73,41,107.857896,2390507,1.61763089433219,None
100,80000,90,8.9,8.875,108.350587,9.22929932996118,941.337036302321,962.442362629671,962.460826,0.112656470732394,96.1611459625,95.830985915493,95.71,36,108.335103,2387344,1.61498316195477,None
100,80000,90,8.9,8.96,108.109676,9.24986584919559,1160.47761878189,1182.68835511644,1182.709302,0.111548641360119,96.866269696,96.5215773809524,96.58,45,108.094264,2389871,1.61709437732933,None
100,80000,90,8.9,8.73833333333333,108.060487,9.25407637668707,835.772819932767,846.721271164028,846.741694,0.114433174748045,94.4268555568333,94.2876215906924,93.98,38,108.043574,2386944,1.61464016456969,None
100,80000,90,8.9,9,108.022351,9.2573434177525,1352.91152263374,1371.53391987907,1371.552203,0.111108218342963,97.2201159,96.9166666666667,96.6,39,108.005726,2388781,1.61618591067299,None
100,80000,90,8.9,8.955,108.309259,9.23282099086284,1850.79709193859,1853.31257611595,1853.332498,0.111612928710032,96.9909414345,96.4731062721013,96.54,58,108.292413,2388352,1.61582798229222,None
100,80000,90,8.9,9.045,108.129473,9.24817232763171,1818.36553571027,1835.83112789386,1835.850185,0.110549668401511,97.8031083285,97.5400773908237,97.18,55,108.111188,2390453,1.61758283345595,None
100,80000,90,8.9,8.86,108.148042,9.24658441805169,1132.47923131668,1140.77854467005,1140.798297,0.112862045891272,95.819165212,95.9462001504891,95.23,51,108.129515,2386658,1.61440868663614,None
100,80000,90,8.9,8.765,108.282166,9.23513111106403,1048.78746965379,1051.22272642061,1051.239654,0.114037130484313,94.909318499,94.4476136147557,94.63,35,108.264562,2385714,1.61361849232144,None
100,80000,90,8.9,8.88833333333333,108.162772,9.24532518452837,1362.59453774458,1366.33273575661,1366.353436,0.112505524428277,96.1386771793333,96.0247515469717,95.69,53,108.143497,2388677,1.61609418034655,None
10,80000,95,0.89,0.9,121.109302,8.25700407389021,117.283950617284,128.744663905556,128.921082,1.11060489343333,10.89983718,10,10.99,2,121.091329,2035433,1.32124603682819,None
10,80000,95,0.89,0.861666666666667,121.285693,8.24499555772007,125.706632147226,129.452841758221,129.645645,1.15991870661315,10.4507838801667,10.0580270793037,10.53,2,121.268352,2036299,1.32196555355038,None
10,80000,95,0.89,0.91,121.031317,8.26232437014628,128.808920017711,128.350926672161,128.553459,1.09739131228022,11.013849847,11.5384615384616,11.09,2,121.014232,2053059,1.33593529539858,None
10,80000,95,0.89,0.848333333333333,121.81853,8.20893176103833,152.847951026899,130.755668284872,130.955733,1.17068750719843,10.3342719616667,12.1807465618861,10.43,2,121.799661,2009633,1.29974276978775,None
10,80000,95,0.89,0.858333333333333,121.448249,8.23395979961803,137.996041097182,130.238876537864,130.452106,1.16365179818447,10.4243080391667,10.873786407767,10.51,2,121.429223,2037348,1.32283965134642,None
10,80000,95,0.89,0.89,121.793403,8.21062533247388,153.600134663132,131.621455724719,131.808356,1.12257457742697,10.839612867,12.7340823970038,10.91,2,121.769431,2021151,1.30934363127332,None
10,80000,95,0.89,0.845,121.754969,8.21321715420091,119.043450859564,127.861905205128,128.067365,1.18267955383826,10.2882948805,9.86193293885602,10.36,2,121.730825,2053015,1.33589515241423,None
10,80000,95,0.89,0.866666666666667,121.226185,8.24904289448686,113.165680473373,128.370559086539,128.581149,1.15294649455769,10.5062693666667,9.42307692307692,10.59,2,121.207882,2037778,1.3231983731749,None
20,80000,95,1.78,1.79,115.236737,8.67778822998086,128.221133339575,129.807161337058,129.907284,0.558583788403166,20.627375923,21.1824953445065,20.67,2,115.223194,2205445,1.46297653937371,None
20,80000,95,1.78,1.84666666666667,114.852424,8.7068253779302,122.672001459683,129.406658285199,129.503155,0.541078609732852,21.2094142986667,20.3971119133574,21.25,3,114.832315,2194456,1.45382146400694,None
20,80000,95,1.78,1.85666666666667,115.009259,8.69495211685522,140.451701697669,132.012864842011,132.105774,0.538520126290844,21.3533857543333,22.3070017953321,21.39,4,114.995273,2188826,1.4491302304876,None
20,80000,95,1.78,1.85333333333333,115.037508,8.6928169549709,147.022669634077,133.665883702338,133.760606,0.539488176598022,21.320284816,22.7967625899281,21.36,4,115.019011,2186618,1.44728996886294,None
20,80000,95,1.78,1.86,114.580334,8.72750117834357,119.4743130227,128.843771020609,128.928627,0.536477927741936,21.311942124,20.2508960573477,21.36,3,114.563771,2204533,1.46222002285142,None
20,80000,95,1.78,1.715,115.738755,8.64014823729528,135.365323538699,132.08811974344,132.095793,0.582335142226433,19.8491964825,20.6896551724138,19.89,3,115.724909,2188489,1.44884176844035,None
20,80000,95,1.78,1.87333333333333,114.739358,8.71540522302731,131.78974430415,130.424009715303,130.519002,0.533796231576513,21.4945063986667,22.1975088967972,21.54,2,114.725379,2214881,1.47084479317197,None
20,80000,95,1.78,1.68,115.774582,8.63747450195933,131.684618291761,129.772185808532,129.866191,0.595022770520833,19.450129776,19.7420634920635,19.5,3,115.757877,2179295,1.44117770693271,None
20,80000,95,1.78,1.75833333333333,115.224689,8.67869558754027,155.791648884796,133.566741548815,133.660308,0.568616143377251,20.2603411491667,23.1279620853081,20.32,4,115.207923,2204518,1.46220220580108,None
20,80000,95,1.78,1.72,115.520622,8.65646308587223,129.011177212908,130.875169751938,130.970044,0.58114009721124,19.869546984,19.4767441860465,19.91,3,115.502499,2195589,1.45475886438808,None
30,80000,95,2.67,2.75166666666667,112.671198,8.87538268653183,126.018003515297,135.639475057541,135.691114,0.363371074915203,31.003357983,29.2247122955784,31,4,112.656429,2246560,1.49729482228397,None
30,80000,95,2.67,2.69833333333333,112.824912,8.86329075975703,147.644497991539,140.320796646078,140.391105,0.370399524086473,30.443922088,30.9450277949351,30.45,3,112.811802,2268228,1.51535015374585,None
30,80000,95,2.67,2.56166666666667,112.85675,8.86079033819422,145.277896890791,138.003969750163,138.080643,0.390018434646064,28.9101374583333,30.188679245283,28.92,4,112.835925,2264644,1.51235519960331,None
30,80000,95,2.67,2.705,112.978906,8.85120980017279,148.284309538371,140.342196298213,140.404294,0.369545848015404,30.560794073,30.7455329636476,30.57,5,112.960926,2267429,1.51468489492262,None
30,80000,95,2.67,2.805,112.585378,8.88214808853775,135.993467229705,138.71955062448,138.785602,0.35604182702555,31.580198529,30.4218657159834,31.59,4,112.570655,2259145,1.50778631764541,None
30,80000,95,2.67,2.74333333333333,112.456291,8.89234378181653,145.71943619718,140.922027985419,140.983581,0.363507403744836,30.8505091643333,32.0777642770352,30.85,4,112.444398,2275125,1.52110025094827,None
30,80000,95,2.67,2.62666666666667,113.021078,8.84790711339702,131.775168131104,134.590168740482,134.656627,0.380658078779822,29.6868698213333,29.5368020304569,29.69,4,113.0071,2264234,1.51201754817583,None
30,80000,95,2.67,2.71166666666667,112.628063,8.87878183610421,133.616457679244,138.227377214505,138.293061,0.368732179360172,30.5409764168333,29.840196681008,30.55,5,112.610969,2256678,1.50572486150831,None
30,80000,95,2.67,2.72166666666667,112.40863,8.89611411508173,138.598839234721,137.266208052664,137.33081,0.367336308957134,30.5938821316667,31.2308634415187,30.6,3,112.395965,2255808,1.50500006141638,None
40,80000,95,3.56,3.475,111.650317,8.9565352510374,153.339199144282,148.15511632518,148.207776,0.287683922215348,38.7984851575,40.2398081534772,38.78,5,111.636612,2305205,1.54621145767031,None
40,80000,95,3.56,3.58,111.405538,8.97621444994952,152.994080501025,149.476642223929,149.526109,0.279307117322626,39.883182604,40.8985102420857,39.85,5,111.391838,2301703,1.54329852021613,None
40,80000,95,3.56,3.54,111.407589,8.9760491989464,136.854033004565,144.878058516008,144.926959,0.282256635042373,39.438286506,38.8418079096045,39.42,4,111.389471,2292928,1.53598292312901,None
40,80000,95,3.56,3.74666666666667,111.207227,8.99222134187376,152.864230442877,152.092906504448,152.137055,0.266856895246886,41.6656410493333,41.5702846975089,41.61,4,111.190021,2298418,1.54057009671044,None
40,80000,95,3.56,3.51166666666667,111.643065,8.95711704081216,150.221345036287,148.988055604651,149.033322,0.28471643805458,39.2053229925,39.6060749881348,39.17,4,111.626446,2294515,1.53730423806226,None
40,80000,95,3.56,3.64833333333333,111.715232,8.95133082657878,141.556655740182,148.036967501142,148.080146,0.27405478786889,40.7574404746667,38.9904065783463,40.73,5,111.702879,2292008,1.53522313463241,None
40,80000,95,3.56,3.645,111.501276,8.96850723035672,157.711150303743,152.709519229538,152.713357,0.274342623933699,40.642215102,41.3942857142857,40.6,5,111.488492,2308267,1.54877314106223,None
40,80000,95,3.56,3.62,111.107478,9.00029429162275,153.510780094218,150.360337574125,150.407064,0.276234955379834,40.220907036,40.7688766114181,40.19,6,111.091349,2302286,1.54378622252412,None
40,80000,95,3.56,3.46333333333333,111.351895,8.98053867875351,148.885477911036,147.491069087103,147.534161,0.288662021138595,38.5648729683333,39.3647738209817,38.55,4,111.33916,2285218,1.52955260828445,None
50,80000,95,4.45,4.41833333333333,110.382559,9.05940221951187,161.700651455555,163.390513706526,163.43011,0.226109134333082,48.7706939848333,48.2082233119578,48.7,6,110.370048,2314997,1.55442558888187,None
50,80000,95,4.45,4.385,110.734845,9.03058111473403,175.349865453866,168.395897509692,168.436433,0.227916444518814,48.5572295325,50.5131128848347,48.5,6,110.71937,2319680,1.55832754193772,None
50,80000,95,4.45,4.395,110.763833,9.02821772157343,166.700964613579,165.47466271369,165.515856,0.227482101596511,48.6807046035,48.3503981797497,48.61,6,110.747599,2315050,1.5544692784014,None
50,80000,95,4.45,4.51333333333333,110.581589,9.04309667678948,169.324328157284,166.51516170901,166.549144,0.221486140956795,49.9091571686667,50.6277695716396,49.83,5,110.5638,2322520,1.56070169065351,None
50,80000,95,4.45,4.41333333333333,110.765962,9.02804419285412,168.32477141767,165.40065977719,165.403826,0.226566810470921,48.8847112293333,49.216537662828,48.81,6,110.752148,2312812,1.55260509873037,None
50,80000,95,4.45,4.49833333333333,110.50778,9.04913663092318,161.395250062426,163.795160944053,163.831336,0.222269666812894,49.7100830366667,50.0370507595406,49.64,6,110.493727,2326301,1.56385193596271,None
50,80000,95,4.45,4.44,110.429411,9.05555857759669,167.862118875632,166.293670298423,166.33329,0.225009778273273,49.030658484,49.0803303303303,48.96,6,110.414934,2320402,1.55893176485281,None
50,80000,95,4.45,4.515,110.37507,9.06001690417954,166.296913573434,165.753761455888,165.800106,0.221393265629014,49.834344105,50.5906238464378,49.76,6,110.361941,2328731,1.56587786365138,None
50,80000,95,4.45,4.51166666666667,110.594547,9.04203712683954,167.156828695569,166.864515216476,166.904425,0.221277914714814,49.8965731215,51.0343553749538,49.83,6,110.581359,2318948,1.55772461125742,None
60,80000,95,5.34,5.18333333333333,110.110717,9.08176812616705,172.020553964496,177.794989429904,177.826572,0.192921033352412,57.0740549783333,57.2508038585209,56.97,6,110.094595,2332257,1.5688555957598,None
60,80000,95,5.34,5.23,109.998632,9.09102215016638,183.923215941759,184.170472064054,184.205965,0.191171435505099,57.529284536,58.0783938814532,57.43,7,109.979504,2341718,1.57674351003096,None
60,80000,95,5.34,5.4,109.996086,9.09123257349357,195.644718792867,193.316863761111,193.348454,0.185141908680556,59.39788644,60.7098765432099,59.28,9,109.981373,2337704,1.57340800372347,None
60,80000,95,5.34,5.32833333333333,109.816164,9.10612758245681,192.959285316847,190.829649707851,190.860638,0.187623287753519,58.513712718,59.2430403503284,58.4,7,109.799069,2339547,1.57493931644619,None
60,80000,95,5.34,5.27,110.274064,9.06831546536636,196.024421888484,192.842645873498,192.879843,0.189742759313093,58.114431728,57.1948134092347,58,9,110.25576,2334226,1.57050226418076,None
60,80000,95,5.34,5.46333333333333,109.765269,9.11034983205845,187.53343327175,189.472091633618,189.504182,0.183029385010067,59.968425297,59.6857840146431,59.85,7,109.744162,2336706,1.57257928833364,None
60,80000,95,5.34,5.38166666666667,109.74972,9.11164055817181,189.729170289268,189.434156459895,189.469587,0.185667674090121,59.06364098,59.6779188603283,58.95,7,109.730356,2335410,1.57149423466295,None
60,80000,95,5.34,5.42166666666667,109.869535,9.10170412571601,182.51732728634,186.288604033508,186.316119,0.184428839296957,59.5675995591667,58.1770673224716,59.45,6,109.855435,2338282,1.57389067158209,None
60,80000,95,5.34,5.32,109.97608,9.09288638038381,172.776866979479,179.101531806078,179.135396,0.187962837095551,58.50727456,57.0175438596491,58.4,7,109.959762,2339928,1.57525686804039,None
60,80000,95,5.34,5.17833333333333,109.827164,9.10521553665904,171.544905867323,176.420726847763,176.452217,0.193104687235597,56.8721664246667,56.6301898937882,56.77,7,109.811574,2338275,1.57387030635156,None
70,80000,95,6.23,6.23,109.436654,9.13770627526679,214.662307291304,218.394081410915,218.420649,0.160509848884698,68.179035442,67.9106474050294,68.02,9,109.423806,2347084,1.58127352646522,None
70,80000,95,6.23,6.28166666666667,109.473535,9.13462783493746,233.06693860156,232.457267541788,232.48608,0.159171803036084,68.7676255691667,68.20111435394,68.6,14,109.45722,2341695,1.576784992507,None
70,80000,95,6.23,6.11833333333333,109.34706,9.14519329554905,223.623966192794,223.102425517298,223.131374,0.163429749702806,66.90217621,66.9663533578532,66.64,13,109.329826,2348585,1.58251708120623,None
70,80000,95,6.23,6.45166666666667,109.487628,9.13345204628965,242.848660838788,242.715889529837,242.740436,0.154979630484888,70.637767998,69.3490054249548,70.46,11,109.471145,2356373,1.58902915695417,None
70,80000,95,6.23,6.22166666666667,109.191548,9.1582179968728,212.05157639716,216.056202923922,216.083692,0.160723072808465,67.9353414473333,68.1355478167694,67.79,9,109.178408,2352266,1.58559142260862,None
70,80000,95,6.23,6.115,109.442677,9.13720339644104,211.803073952568,215.058795404742,215.087642,0.163399568204961,66.9241969855,66.9119651131098,66.78,9,109.426639,2355958,1.58866315200298,None
70,80000,95,6.23,6.25833333333333,109.178279,9.15933104239535,209.723032405971,214.384761357657,214.410583,0.159772978393875,68.3274062741667,68.0559254327563,68.17,7,109.162933,2355283,1.58810813886424,None
70,80000,95,6.23,6.13666666666667,109.227292,9.15522102296558,221.883343399382,222.599635020641,222.628407,0.162888783200163,67.0291481906667,66.1732753938077,66.88,12,109.214494,2350223,1.5838836422445,None
70,80000,95,6.23,6.31666666666667,109.165029,9.16044276413832,229.363482571132,230.115339320844,230.141142,0.158277381927441,68.955909985,68.9841688654354,68.79,9,109.150175,2359825,1.59189724944469,None
80,80000,95,7.12,7.07833333333333,108.812138,9.19015119434562,278.32774269836,280.988342633388,281.013217,0.141275066838239,77.0208583476667,76.1831881327996,76.83,13,108.793895,2364179,1.59557035301401,None
80,80000,95,7.12,7.025,109.117735,9.1644130993005,282.620534187764,283.709884275682,283.733953,0.142344189732147,76.6552088375,75.8600237247924,76.45,12,109.103567,2366958,1.59788459580553,None
80,80000,95,7.12,7.09,108.899149,9.18280821459863,283.612602558415,284.600679409967,284.625329,0.140935067651857,77.209496641,77.3154677950165,77.01,15,108.880218,2360326,1.59235981841778,None
80,80000,95,7.12,7.13833333333333,108.722997,9.19768611602934,293.784008570826,294.540284459958,294.563544,0.140067220221807,77.6100993585,77.6441746439412,77.41,13,108.707074,2369022,1.59961023524962,None
80,80000,95,7.12,7.21166666666667,108.845459,9.18733780157057,331.182156381622,325.589604222094,325.615338,0.138660250324012,78.4957168488333,78.980818118789,78.29,17,108.825156,2366878,1.59782801345529,None
80,80000,95,7.12,7.04166666666667,109.004031,9.17397265794693,292.846889114527,291.542926648047,291.564284,0.141973318588876,76.7570051625,77.0059171597633,76.55,16,108.989418,2362875,1.59448191990642,None
80,80000,95,7.12,7.08,108.871351,9.18515285072562,272.760461553194,276.874840526365,276.896375,0.141233526810264,77.080916508,76.6949152542373,76.89,11,108.855254,2360347,1.59237666538735,None
80,80000,95,7.12,7.26333333333333,108.739233,9.19631279724035,317.183444709092,315.623362907985,315.647556,0.137585157001147,78.980929569,80.335016062414,78.77,14,108.721445,2365441,1.5966328853755,None
80,80000,95,7.12,7.28166666666667,108.826727,9.18891918894152,307.871460220814,310.351644161593,310.373599,0.137299045769741,79.2439950438333,78.2330052643626,79.04,13,108.81088,2369112,1.5996942058004,None
90,80000,95,8.01,8.085,108.391384,9.22582555085744,575.288303886237,564.198450430633,564.218883,0.123659618618223,87.634433964,88.2601525458668,87.39,24,108.374919,2374327,1.60408696657906,None
90,80000,95,8.01,8.03166666666667,108.599262,9.20816570558279,468.406835862454,469.374010421664,469.392831,0.124474315529155,87.223307263,87.9331811579166,86.98,18,108.581861,2374524,1.60424891568783,None
90,80000,95,8.01,8.02,108.329637,9.23108419536198,447.512245985203,448.996828830424,449.018115,0.124680386482544,86.880368874,87.5415627597673,86.62,18,108.311365,2373794,1.60363845355505,None
90,80000,95,8.01,8,108.404894,9.2246757789367,413.385416666667,419.893709642292,419.911784,0.124981450560208,86.7239152,86.15625,86.48,20,108.390606,2379692,1.60855386567027,None
90,80000,95,8.01,8.09833333333333,108.212844,9.24104720877681,446.088652458689,451.310151800988,451.331959,0.123469156981478,87.634368166,87.4562667215477,87.39,16,108.194404,2375592,1.60514138958513,None
90,80000,95,8.01,7.98166666666667,108.433216,9.22226635793962,458.125983969755,456.472139092086,456.492389,0.125284596498225,86.5477785706667,87.25203591564,86.31,20,108.415429,2374785,1.60446277887387,None
90,80000,95,8.01,8.06,108.322294,9.2317099562164,410.306694826026,419.05630060029,419.075021,0.124062117163565,87.307768964,87.0037220843672,87.06,16,108.307503,2373941,1.60376340514508,None
90,80000,95,8.01,8.1,108.482405,9.21808472074342,529.174922521973,525.456542946502,525.474341,0.12343975052428,87.87074805,88.09670781893,87.47,28,108.464214,2380031,1.60884189727512,None
90,80000,95,8.01,8.03166666666667,108.502788,9.21635303970254,456.043964798157,459.058720707408,459.078393,0.12443851668977,87.145822562,86.2627101058311,86.91,17,108.486887,2378909,1.60790358062652,None
100,80000,95,8.9,8.93333333333333,108.112068,9.24966119416012,1023.58543105369,1046.17372488806,1046.190561,0.111939575673881,96.58011408,96.3899253731343,96.29,39,108.09384,2389144,1.61648677460069,None
100,80000,95,8.9,8.90666666666667,108.187384,9.24322192687458,1036.36290293664,1054.5494983765,1054.56699,0.112262784273765,96.3588966826667,95.4622005988024,95.27,52,108.169404,2383458,1.61174153441835,None
100,80000,95,8.9,8.925,108.012452,9.25819182403155,1577.62451385783,1578.48786227955,1578.505825,0.112020328970868,96.40111341,96.4612511671335,96.11,46,107.996843,2389358,1.61666415843599,None
100,80000,95,8.9,8.73333333333333,108.273374,9.23588102094242,1017.15007866674,1020.74588903053,1020.765646,0.114474179426527,94.5587466266667,94.2080152671756,94.28,34,108.253874,2384780,1.61283801860352,None
100,80000,95,8.9,9.17833333333333,108.168149,9.24486560272008,2085.3067504194,2127.19385812421,2127.212542,0.108936854622844,99.2803327571667,98.665335028146,98.33,83,108.149184,2389491,1.61678732187299,None
100,80000,95,8.9,8.70833333333333,108.257084,9.23727079144308,925.275520249078,929.336570553876,929.356807,0.114791086678086,94.2738773166667,94.0765550239235,93.85,32,108.239931,2382834,1.61121355062482,None
100,80000,95,8.9,9.08666666666667,108.101029,9.2506057458528,2155.27670555381,2173.13970128577,2173.156518,0.110037107283199,98.2278016846667,98.3584005869406,97.76,55,108.083506,2388589,1.61603229250867,None
100,80000,95,8.9,8.97,108.129605,9.24816103785823,1383.39450176007,1397.00383242122,1397.025326,0.11147936836715,96.992255685,96.4604236343367,96.22,46,108.109978,2389130,1.6164747170143,None
100,80000,95,8.9,8.785,108.170336,9.24467868898919,834.756213242269,849.468054191615,849.488643,0.113803245005122,95.027640176,94.2989944981977,94.27,36,108.151446,2386763,1.61449089677554,None
100,80000,95,8.9,8.72166666666667,108.222588,9.24021517578197,865.919871061834,873.636541698643,873.657089,0.114621010235429,94.388133834,94.1716032868336,94.12,30,108.20785,2384898,1.61293549291775,None
10,90000,75,0.89,0.916666666666667,121.154804,8.25390299834912,101.157024793388,127.449084705455,127.66034,1.09021563014364,11.1058570333333,9.09090909090909,11.17,2,121.121548,2096924,1.37249097906241,None
10,90000,75,0.89,0.816666666666667,121.299652,8.24404673477546,128.696376509788,127.821486173469,127.997058,1.22436095107755,9.90613824666667,9.48979591836735,9.98,2,121.274988,2047202,1.33104904222432,None
10,90000,75,0.89,0.858333333333333,121.520873,8.22903897341159,125.553775096616,128.611389867961,128.834357,1.16500685676699,10.4305415991667,9.80582524271844,10.49,3,121.492479,2085727,1.36315656697627,None
10,90000,75,0.89,0.865,121.314805,8.24301700027462,126.96715560159,128.879771942197,129.07847,1.15437457272832,10.4937306325,10.7899807321773,10.57,2,121.291875,2090500,1.36713457087162,None
10,90000,75,0.89,0.901666666666667,120.12591,8.32459874809689,133.250877234942,128.690418876155,128.877277,1.10822417233272,10.831352885,11.460258780037,10.92,2,120.104486,2051040,1.33425193496762,None
10,90000,75,0.89,0.95,120.386314,8.30659205995791,134.810710987996,129.077917508772,129.258026,1.05172257359298,11.43669983,11.9298245614035,11.52,2,120.36656,2102385,1.37704366009387,None
10,90000,75,0.89,0.946666666666667,120.188806,8.32024240260778,119.024003173973,128.919307975352,129.096223,1.05607179050176,11.3778736346667,10.7394366197183,11.46,2,120.167654,2088649,1.365596335914,None
10,90000,75,0.89,0.88,120.903361,8.27106865953875,126.980027548209,129.716712700758,129.928338,1.13541748570265,10.639495768,9.84848484848484,10.72,3,120.879918,2063419,1.34456712482237,None
20,90000,75,1.78,1.685,115.525908,8.65606700100552,116.228900492212,128.470127251236,128.574281,0.593026590343225,19.466115498,18.001978239367,19.52,2,115.509242,2208141,1.4652174469882,None
20,90000,75,1.78,1.79,115.187584,8.68149122738784,130.041717382936,131.378383427374,131.457275,0.558245533462756,20.618577536,20.9497206703911,20.64,3,115.169022,2211027,1.46762831977544,None
20,90000,75,1.78,1.795,114.925775,8.70126827511061,128.80098695696,129.589818681523,129.697164,0.556681797084494,20.6291766125,20.5199628597957,20.67,3,114.91052,2229223,1.48279267904313,None
20,90000,75,1.78,1.77166666666667,115.019011,8.69421490678615,138.056884746396,131.983183673565,132.081511,0.563745078204139,20.3775347821667,20.8842897460019,20.42,3,115.004008,2224935,1.47921785039354,None
20,90000,75,1.78,1.76666666666667,115.019261,8.69419600948401,142.310430758277,132.431304409434,132.531829,0.564966286337736,20.3200694433333,21.9339622641509,20.37,3,115.003703,2194141,1.45355447124624,None
20,90000,75,1.78,1.73,115.000494,8.69561482057634,108.590330448729,126.390340577071,126.500046,0.577559501716763,19.895085462,17.3410404624277,19.95,3,114.980672,2214502,1.47052077628271,None
20,90000,75,1.78,1.82333333333333,114.929017,8.70102282350505,120.317236446765,128.810948964351,128.901275,0.547409472083181,20.9553907663333,20.2010968921389,20.99,3,114.909393,2225172,1.47941830265957,None
20,90000,75,1.78,1.76833333333333,115.591169,8.65117991842439,122.321605442201,129.477213912347,129.580537,0.565382266506126,20.4403717181667,19.1800188501414,20.48,3,115.567459,2226167,1.48024488511727,None
20,90000,75,1.78,1.77,115.620335,8.64899760063833,129.273197357081,130.541354744821,130.621511,0.562891873783428,20.464799295,20.6214689265537,20.52,3,115.603693,2225245,1.47947671439491,None
30,90000,75,2.67,2.66166666666667,112.668836,8.87556875088334,126.567934790067,134.631194331246,134.685423,0.375244305010019,29.9886885153333,28.6161552911709,30,3,112.654763,2286627,1.53068156684918,None
30,90000,75,2.67,2.685,112.847919,8.86148374610258,132.469162774085,136.725780651769,136.782243,0.372398625587213,30.2996662515,29.4227188081937,30.3,5,112.832681,2271625,1.51818043681636,None
30,90000,75,2.67,2.65,112.848275,8.86145579097244,142.636762786282,139.384093289937,139.45496,0.377076785707547,29.904792875,30,29.92,5,112.83142,2267919,1.5150898447386,None
30,90000,75,2.67,2.675,112.555093,8.88453799243007,142.545200454188,139.37860704486,139.443141,0.37311471110405,30.1084873775,30.8411214953271,30.13,4,112.539435,2277092,1.52273575663882,None
30,90000,75,2.67,2.58666666666667,112.861094,8.86044928821973,136.878586991179,136.025288291882,136.093323,0.386585179762242,29.1934029813333,29.6069587628866,29.2,3,112.847654,2263701,1.51157077277162,None
30,90000,75,2.67,2.63,112.909795,8.85662754059557,132.164216146925,134.246212400507,134.300043,0.380174299686312,29.695276085,29.6261089987326,29.71,4,112.888914,2290017,1.53350526274522,None
30,90000,75,2.67,2.64833333333333,112.754883,8.86879550928185,143.766874290324,139.023644721838,139.091274,0.377497071016363,29.8612515145,31.1516677155444,29.86,4,112.741084,2278310,1.52374941534032,None
40,90000,75,3.56,3.69,111.431939,8.97408776131949,144.314451274594,148.3280006215,148.370709,0.270912353809847,41.118385491,41.1472448057814,41.09,5,111.418336,2299037,1.54108321764573,None
40,90000,75,3.56,3.48833333333333,111.518786,8.96709905002015,135.185448548834,144.35599839226,144.408644,0.286575169907788,38.9014698496667,37.3626373626374,38.87,5,111.506887,2304552,1.54566771322526,None
40,90000,75,3.56,3.625,111.035744,9.00610887967752,145.350772889417,148.32906664092,148.371385,0.275698242605058,40.2504572,38.5747126436782,40.23,5,111.02359,2310536,1.55066220566923,None
40,90000,75,3.56,3.52,111.506945,8.96805127250146,164.038287706612,153.92310852983,153.97212,0.284023163198864,39.25044464,40.8854166666667,39.23,5,111.493059,2300155,1.54200507034437,None
40,90000,75,3.56,3.68666666666667,111.222488,8.99098750605183,150.338937048942,151.380326558318,151.4279,0.270842788086799,41.0040239093333,41.1392405063291,40.97,5,111.206798,2310813,1.55089702999256,None
40,90000,75,3.56,3.53,111.499704,8.96863367457908,135.490480890893,144.286306631728,144.331897,0.283216671793201,39.359395512,37.5354107648725,39.35,4,111.484028,2307620,1.54822722485132,None
40,90000,75,3.56,3.57,111.227496,8.99058268829499,142.344519507149,146.859549083567,146.909272,0.279817838762839,39.708216072,38.8188608776844,39.68,4,111.215388,2310477,1.55061008685632,None
40,90000,75,3.56,3.53833333333333,111.548364,8.96472134723554,136.517059973211,144.669004556759,144.720359,0.282522038910975,39.469529462,37.6589731512011,39.44,5,111.535117,2316070,1.55527014588109,None
40,90000,75,3.56,3.46666666666667,111.246466,8.98904959371923,158.723187869823,150.158259794712,150.212475,0.288377259935096,38.5654415466667,40.3125,38.56,7,111.228739,2304384,1.54552604162813,None
40,90000,75,3.56,3.535,111.320141,8.98310037174674,145.110490034657,146.266446432343,146.316745,0.282874587719001,39.3516698435,39.2032060348892,39.32,4,111.299877,2304261,1.54542759140003,None
50,90000,75,4.45,4.47166666666667,110.503539,9.04948392648312,157.991489602888,162.515399819232,162.55119,0.223581691722326,49.4134991895,48.7700335445397,49.35,6,110.489009,2339110,1.57452600407314,None
50,90000,75,4.45,4.43333333333333,110.409922,9.05715701891357,169.512126180112,166.310487649624,166.347709,0.2253684017,48.9483987533333,49.1729323308271,48.87,6,110.390096,2326147,1.5637194316254,None
50,90000,75,4.45,4.425,110.377694,9.0598015211298,177.088320725207,169.585451759322,169.626366,0.22596641339774,48.842129595,49.9623352165725,48.77,8,110.364511,2326954,1.56439148350055,None
50,90000,75,4.45,4.38166666666667,110.462096,9.05287909800299,169.887295940284,164.912553604793,164.94603,0.228199833626474,48.4008083973333,50.1331304678585,48.33,6,110.448483,2317868,1.55681642446315,None
50,90000,75,4.45,4.45833333333333,110.548607,9.04579467021235,171.180015721897,167.669146079626,167.707913,0.22417224613757,49.2862539541667,51.1588785046729,49.21,6,110.530403,2319852,1.55847471389646,None
50,90000,75,4.45,4.35833333333333,110.78697,9.02633224827793,165.52541046836,164.661090903633,164.702114,0.229383317536903,48.284654425,48.1835564053537,48.22,5,110.771213,2318838,1.5576242750409,None
50,90000,75,4.45,4.565,110.236609,9.07139659929126,164.313532133113,165.885876276378,165.926492,0.219033677181088,50.3230120085,50.0730193501278,50.25,5,110.218816,2329041,1.56613887903672,None
50,90000,75,4.45,4.41833333333333,110.541745,9.04635619783277,156.663513949812,161.038742374198,161.071828,0.226284133787627,48.8410276658333,47.9630328178046,48.77,6,110.527135,2326100,1.56367972025688,None
50,90000,75,4.45,4.56333333333333,110.44057,9.05464359700425,170.916479427328,168.43308731775,168.467176,0.219131133323594,50.3977134433333,50.4930606281958,50.32,6,110.424258,2322186,1.56042595722231,None
60,90000,75,5.34,5.38333333333333,109.639165,9.12082830984713,193.493659481065,191.605034650464,191.63798,0.185711601539938,59.0224171583333,59.5510835913313,58.91,7,109.626452,2343213,1.57799758394239,None
60,90000,75,5.34,5.285,109.64831,9.12006760523715,189.393769875829,186.681669485651,186.713209,0.189157822210344,57.949131835,59.2872910753706,57.84,8,109.633434,2352052,1.58535878897584,None
60,90000,75,5.34,5.33333333333333,109.652268,9.11973840796435,184.482421875,185.928076503125,185.955791,0.187492738058125,58.4812096,59.421875,58.37,8,109.638235,2344788,1.57930736305843,None
60,90000,75,5.34,5.28666666666667,109.616129,9.12274506610245,196.6688346487,191.591187284678,191.618744,0.189011628125473,57.9503935313333,59.3001261034048,57.85,8,109.598769,2349279,1.58304763820466,None
60,90000,75,5.34,5.25166666666667,109.743082,9.11219169149997,178.571410586233,181.849278033958,181.882868,0.190327607017772,57.6334085636667,55.7918121231355,57.51,8,109.728808,2343702,1.57839754233675,None
60,90000,75,5.34,5.355,109.826449,9.10527481408417,190.867923058839,189.422723971366,189.459557,0.186717664310302,58.8120634395,58.5278555866791,58.71,8,109.813537,2341837,1.57684964326367,None
60,90000,75,5.34,5.18666666666667,109.591972,9.12475596296415,179.357954282618,180.750269471722,180.77988,0.192742343385925,56.8417028106667,56.0089974293059,56.74,6,109.575464,2343862,1.57852671209927,None
60,90000,75,5.34,5.345,109.592679,9.12469709769573,192.107827737675,188.541166155597,188.573167,0.187031120688494,58.5772869255,59.3389460555036,58.46,8,109.578063,2351872,1.58521214601573,None
70,90000,75,6.23,6.38333333333333,109.212044,9.1564992593674,228.831064360654,230.817924960052,230.841506,0.15662641784987,69.7136880866667,69.8041775456919,69.55,9,109.198213,2362665,1.59426853281458,None
70,90000,75,6.23,6.125,109.021549,9.1724985488878,206.114119117035,211.025364432925,211.05582,0.163198339838912,66.7756987625,66.3537414965986,66.62,8,109.007968,2362625,1.59421914116485,None
70,90000,75,6.23,6.37833333333333,108.813086,9.19007112802591,211.082547238895,218.317498559969,218.347,0.156770166695584,69.4046133536667,68.7483668669976,69.23,9,108.801462,2368629,1.59923773708375,None
70,90000,75,6.23,6.25166666666667,109.058412,9.1693981386782,219.445613401165,221.153319895228,221.184761,0.159955869334577,68.179683902,68.7150093308451,68.02,9,109.046853,2366329,1.59731406187717,None
70,90000,75,6.23,6.39333333333333,109.035707,9.17130752405723,210.636622845135,218.096145158238,218.098707,0.15641093388634,69.7101620086667,68.9300143359833,69.54,7,109.023451,2364142,1.59549954952765,None
70,90000,75,6.23,6.17,109.196244,9.15782414640562,232.298105102415,228.890243576715,228.91538,0.1619425065208,67.374082548,67.7741761210157,67.22,9,109.182127,2364839,1.59606777333172,None
70,90000,75,6.23,6.28,109.034307,9.17142528360363,218.729849937759,220.902691657643,220.906219,0.159224415481953,68.473544796,68.6878068196895,68.32,10,109.020042,2364185,1.59552870166965,None
70,90000,75,6.23,6.11333333333333,109.123562,9.16392373628713,212.074661459479,214.317110324973,214.347165,0.163539745495911,66.7108709026667,66.3576881134133,66.56,8,109.104634,2360357,1.59232846241627,None
70,90000,75,6.23,6.25,109.004537,9.17393007228681,224.597333333333,224.821820225867,224.851072,0.159969378943467,68.127835625,68.4666666666667,67.98,11,108.989414,2365882,1.59694127193404,None
80,90000,75,7.12,7.24166666666667,108.329305,9.2311124861366,295.280079347318,297.312882631531,297.338052,0.138048552073648,78.4484717041667,78.7571921749137,78.24,13,108.315381,2381988,1.61042214700521,None
80,90000,75,7.12,7.19666666666667,108.354561,9.22896083719079,283.924097259959,287.571545541918,287.593074,0.138882991373089,77.979165733,78.1611857341362,77.78,11,108.342367,2380557,1.60922684817392,None
80,90000,75,7.12,7.16,108.521249,9.21478520764168,311.449913132133,308.840892883846,308.866475,0.13964774789432,77.701214284,77.0135009310987,77.51,15,108.506513,2379420,1.60827765341185,None
80,90000,75,7.12,7.16833333333333,108.471178,9.21903881231934,298.336074171231,298.087464002093,298.1128,0.139478305097419,77.7557560963333,77.5052313415485,77.55,16,108.455579,2382684,1.61099846104953,None
80,90000,75,7.12,7.09666666666667,108.28891,9.23455596699607,290.145414119495,288.632598417567,288.658393,0.140879811979803,76.8490297966667,77.536402066698,76.65,16,108.274904,2380309,1.60901389979135,None
80,90000,75,7.12,7.12,108.584441,9.20942255437867,267.567357867273,274.586243326077,274.612272,0.140446240503043,77.312121992,76.3693820224719,77.11,12,108.566802,2378846,1.60779701048719,None
80,90000,75,7.12,7.03833333333333,108.531035,9.2139543311275,279.515293744791,280.976849921146,281.001495,0.141925856944589,76.3877601341667,75.9175941273976,76.2,12,108.517658,2379804,1.6085904934722,None
80,90000,75,7.12,7.17333333333333,108.484952,9.21786829937483,305.418535191609,303.851165388244,303.875357,0.139321530072491,77.8198722346667,78.3224907063197,77.61,11,108.46748,2381913,1.61035615379675,None
90,90000,75,8.01,8.13166666666667,108.158127,9.24572223777507,509.157016902712,509.04627377024,509.068822,0.122968619789711,87.9505836055,88.1430621028899,87.72,32,108.14022,2387892,1.61539570927886,None
90,90000,75,8.01,8.05833333333333,108.068472,9.25339260834557,466.928816401434,467.83330002544,467.855485,0.124059927748501,87.08517702,87.7042399172699,86.84,18,108.052851,2388489,1.61588845689696,None
90,90000,75,8.01,8.08166666666667,108.338829,9.23030098470051,427.439504123733,436.422994227676,436.441367,0.123678024835842,87.5558303035,87.5541348731697,87.32,15,108.322788,2388021,1.61550102058187,None
90,90000,75,8.01,8.17666666666667,108.219819,9.24045160341656,507.830956179186,509.619712655116,509.638656,0.122243279605381,88.487738669,88.4936812066857,88.25,22,108.204779,2387157,1.61478599350485,None
90,90000,75,8.01,7.9,108.075142,9.25282152301035,410.350905303637,411.681380312658,411.706054,0.12656272015654,85.37936218,85.6856540084388,85.14,23,108.059998,2387403,1.61497382717221,None
90,90000,75,8.01,7.8,108.069384,9.25331451875399,439.157352618891,432.803272811539,432.826195,0.128138453220727,84.29411952,85.0427350427351,84.07,19,108.053556,2385146,1.61308663043495,None
90,90000,75,8.01,8.06333333333333,108.367048,9.22789739552562,471.01534103464,472.930628193468,472.952093,0.123991285638074,87.3799630373333,86.9057461761058,86.98,20,108.348391,2386716,1.61441137468174,None
90,90000,75,8.01,7.97666666666667,108.00735,9.25862915810822,442.171928886471,442.829386818011,442.847604,0.125358880273924,86.15386285,85.7814458838278,85.92,21,107.991144,2387948,1.61543242042781,None
100,90000,75,8.9,8.70166666666667,108.10429,9.25032669841317,792.909720556351,802.858869469642,802.879238,0.114917475089063,94.0687496816667,94.0049798889102,93.62,34,108.086305,2390610,1.61769396786324,None
100,90000,75,8.9,8.52833333333333,108.128734,9.24823553376663,659.32267985615,667.572532519445,667.592525,0.117217291928865,92.2157886463333,92.4076607387141,91.8,22,108.111719,2391408,1.61834904884407,None
100,90000,75,8.9,8.79666666666667,108.033038,9.25642764947516,898.666215988608,911.323851674498,911.343573,0.113658090068966,95.0330624273333,95.4054566123532,94.76,27,108.014352,2391418,1.61837379815006,None
100,90000,75,8.9,8.865,108.015053,9.25796888698467,1069.08509512717,1080.49574553488,1080.51606,0.112794945581688,95.7553444845,95.8168828727204,95.15,31,107.996445,2391771,1.61867020533528,None
100,90000,75,8.9,8.92666666666667,108.036239,9.25615339127087,1177.10847271018,1191.58063636875,1191.601012,0.112008715875467,96.4403493473333,96.1071695294996,96.15,36,108.017504,2392308,1.61912337109689,None
100,90000,75,8.9,8.95,107.944541,9.26401641746756,1118.46280286716,1135.68972219628,1135.710963,0.111702403192365,96.610364195,96.731843575419,96.32,36,107.926688,2391958,1.61883256929669,None
100,90000,75,8.9,9.13833333333333,108.018248,9.25769505167312,1564.7489534495,1601.00499869944,1601.025692,0.109417519731716,98.7106756306667,97.9664417289805,97.44,55,108.001369,2392297,1.61912135793771,None
100,90000,75,8.9,8.78166666666667,108.183413,9.24356121025688,1137.56895532048,1136.98194462972,1137.002288,0.113868468794079,95.0030671828333,94.2778515847409,93.79,60,108.165419,2391687,1.61859264445785,None
10,90000,80,0.89,0.92,121.236473,8.24834288935476,124.054820415879,129.678589942029,129.885653,1.08572229394384,11.153755516,11.231884057971,11.24,2,121.209325,2060834,1.34241537880206,None
10,90000,80,0.89,0.891666666666667,120.940731,8.26851294622984,121.582670975631,127.911221994393,128.103082,1.12051495937757,10.7838818475,10.4672897196262,10.86,2,120.918951,2050563,1.33385413759877,None
10,90000,80,0.89,0.896666666666667,121.148366,8.2543416227339,132.668149970288,127.471319319703,127.679322,1.11440519683829,10.8629701513333,11.7100371747212,10.93,2,121.12714,2065456,1.34626568122637,None
10,90000,80,0.89,0.835,122.066763,8.19223820983932,131.473579786535,128.920740704591,129.127759,1.19702432066068,10.1925747105,10.5788423153693,10.28,2,122.043279,2064714,1.3456442171106,None
10,90000,80,0.89,0.94,121.099069,8.25770179950764,115.059604647654,128.411993047872,128.603186,1.05991305706915,11.383312486,10.4609929078014,11.46,2,121.07442,2077384,1.35620853656424,None
10,90000,80,0.89,0.835,122.115929,8.18893987204569,109.959721276011,128.81653106986,129.021387,1.19635029948104,10.1966800715,8.78243512974052,10.28,2,122.071443,2079789,1.35820707645719,None
10,90000,80,0.89,0.97,120.214701,8.31845017024998,123.994756793141,128.215891668385,128.37695,1.02793572168041,11.660825997,11.340206185567,11.73,2,120.194773,2070022,1.35007463692111,None
10,90000,80,0.89,0.836666666666667,121.821692,8.20871869026413,152.378533674069,130.62948098008,130.834758,1.19236953037251,10.1924148973333,11.7529880478088,10.29,2,121.789856,2067082,1.34761765482202,None
10,90000,80,0.89,0.91,120.460584,8.301470628766,138.872116894095,128.116072192308,128.312948,1.0962580625641,10.961913144,12.0879120879121,11.05,2,120.432353,2091110,1.36764524661044,None
20,90000,80,1.78,1.695,115.407027,8.66498363223584,135.165316463774,131.415757442478,131.523754,0.589626500947886,19.5614910765,20.15732546706,19.6,3,115.389749,2214527,1.47053981350753,None
20,90000,80,1.78,1.795,115.339717,8.67004034698646,141.991449476649,133.539811307335,133.632895,0.556940137357475,20.7034792015,21.7734447539462,20.75,4,115.312424,2216543,1.47222581580687,None
20,90000,80,1.78,1.84333333333333,114.695609,8.71872958972649,129.98309402274,130.806656659132,130.909815,0.542490366999096,21.1422239256667,21.4285714285714,21.19,3,114.679527,2202343,1.46039404622731,None
20,90000,80,1.78,1.715,115.184823,8.68169932422434,117.298064581934,128.54256749757,128.647569,0.582717699756074,19.7541971445,17.8814382896016,19.79,4,115.169048,2201759,1.45990020325453,None
20,90000,80,1.78,1.73333333333333,115.301913,8.67288299024146,121.486686390533,128.483438738462,128.584697,0.576333437067308,19.98566492,19.5192307692308,20.03,3,115.285944,2216142,1.47188792991886,None
20,90000,80,1.78,1.71,115.607143,8.64998454291012,136.794227283609,130.090693135478,130.195638,0.583600225874269,19.768821453,21.0526315789474,19.82,3,115.590415,2205890,1.46334304627258,None
20,90000,80,1.78,1.745,115.317746,8.67169221292272,150.245071879541,133.721076274117,133.816345,0.572976271458453,20.122946677,22.3018147086915,20.16,3,115.300979,2209597,1.46643412533558,None
20,90000,80,1.78,1.76,115.053482,8.69161004618704,131.284435261708,129.928847655303,130.022612,0.567738267590909,20.249412832,20.4545454545455,20.3,3,115.038082,2229526,1.48304328073144,None
20,90000,80,1.78,1.81666666666667,114.780681,8.71226752871418,141.402238868782,131.881922730275,131.976846,0.550095127583486,20.851823715,21.2844036697248,20.9,4,114.762459,2217215,1.47278661933157,None
20,90000,80,1.78,1.86333333333333,115.05623,8.69140245599912,118.5672088863,129.694282568873,129.791201,0.536326629557245,21.4388108566667,20.1252236135957,21.49,2,115.040028,2231823,1.48496371394874,None
30,90000,80,2.67,2.73166666666667,112.621117,8.87932944227502,128.540111178076,136.060958603417,136.115247,0.366046006947529,30.7643351271667,29.3166564978645,30.78,3,112.606566,2278861,1.52421348164074,None
30,90000,80,2.67,2.725,112.844575,8.86174634447425,137.137726902898,137.444684933945,137.507675,0.366882399081346,30.7501466875,30.4587155963303,30.75,4,112.825719,2292936,1.53594349337147,None
30,90000,80,2.67,2.69833333333333,112.775166,8.86720042602287,132.994501291603,136.275250665843,136.337188,0.370308824216183,30.430498959,29.6479308214948,30.43,4,112.759473,2264757,1.51245730363714,None
30,90000,80,2.67,2.75333333333333,112.715555,8.87188995343189,136.638251968412,138.210763542373,138.27403,0.363184278741525,31.0343494766667,31.2651331719128,31.04,3,112.698091,2290151,1.53362400147502,None
30,90000,80,2.67,2.62166666666667,112.92329,8.8555691213035,134.824431189223,136.349860442467,136.414641,0.380997411631278,29.6047225283333,29.0527654164018,29.61,4,112.908388,2276863,1.52254216192078,None
30,90000,80,2.67,2.64833333333333,112.880142,8.85895412853042,134.142810804774,136.434178144745,136.500047,0.377535178610447,29.894424273,29.3580868470736,29.9,3,112.862857,2270607,1.51732992592629,None
30,90000,80,2.67,2.66166666666667,112.55921,8.88421302885832,135.154792819505,136.31060497057,136.379991,0.375652621527865,29.9595097283333,29.8998121477771,29.96,3,112.543569,2288271,1.53205146897073,None
30,90000,80,2.67,2.64,112.946833,8.85372323808318,136.067110498929,136.891580877525,136.963091,0.378710943782828,29.817963912,30.4924242424243,29.82,4,112.927841,2273021,1.51934133830632,None
40,90000,80,3.56,3.42333333333333,111.540927,8.96531907072998,143.496575897695,144.837113489289,144.886206,0.292014251099805,38.184177343,37.8286270691334,38.15,5,111.526796,2304501,1.54562136118289,None
40,90000,80,3.56,3.54833333333333,110.896793,9.01739331632431,143.757248809248,145.827615398779,145.881494,0.281791058464068,39.3498787161667,38.8445279473931,39.32,4,110.87994,2312453,1.55225500497373,None
40,90000,80,3.56,3.46166666666667,111.692515,8.95315142648547,145.412685280634,147.508445798267,147.563974,0.288876292314877,38.6642256091667,38.3967260471834,38.64,4,111.678837,2308237,1.54873764765633,None
40,90000,80,3.56,3.575,111.614724,8.95939141506097,150.162192120234,149.080288439161,149.126979,0.279638105257343,39.90226383,40.8391608391608,39.87,6,111.601812,2303848,1.54508632526621,None
40,90000,80,3.56,3.525,111.344429,8.98114085258814,151.233170698992,148.872447243026,148.927707,0.283638812812766,39.2489112225,39.3144208037825,39.22,5,111.331615,2314462,1.55392881813412,None
40,90000,80,3.56,3.54,111.244149,8.98923681819886,147.22780810112,147.399128170433,147.441493,0.28228639447646,39.380428746,39.924670433145,39.36,4,111.22554,2317360,1.55634483397666,None
40,90000,80,3.56,3.52333333333333,111.370935,8.97900336384893,144.394848417855,146.729265261589,146.781244,0.2837653123193,39.239692765,37.3462630085147,39.21,5,111.352999,2304396,1.54553951593127,None
40,90000,80,3.56,3.53166666666667,111.48149,8.97009898235124,157.076772970947,151.244790177442,151.286947,0.282975425180746,39.3715462183333,40.1368570080227,39.34,6,111.465982,2304006,1.5452151750009,None
40,90000,80,3.56,3.45666666666667,111.560079,8.9637799557313,144.926997151675,145.294580520251,145.343527,0.289145917891996,38.562600641,39.6335583413693,38.53,4,111.546931,2299845,1.54174297579669,None
50,90000,80,4.45,4.505,110.49475,9.05020374271176,161.082169973512,163.839216866445,163.874482,0.221944293954865,49.777884875,48.3351831298557,49.7,6,110.47763,2321630,1.55995922131,None
50,90000,80,4.45,4.565,110.364933,9.06084906516457,166.352955384217,165.108638129609,165.148341,0.219016344732384,50.3815919145,52.5374224169405,50.3,7,110.348275,2321987,1.56025999298484,None
50,90000,80,4.45,4.48166666666667,110.4349,9.0551084847272,158.199991397815,162.517520383414,162.554511,0.223095700306062,49.4932410166667,49.1818519895872,49.42,6,110.417016,2332727,1.56920648562111,None
50,90000,80,4.45,4.39,110.672642,9.03565670728273,168.594323746072,165.406207776765,165.444594,0.22775268318489,48.585289838,49.2596810933941,48.51,5,110.658536,2328574,1.56574026283414,None
50,90000,80,4.45,4.48166666666667,110.316909,9.06479350323349,161.270224642881,162.746195709929,162.787701,0.222879028261807,49.4403613835,48.8099665303087,49.37,5,110.296008,2334466,1.57065558091069,None
50,90000,80,4.45,4.52166666666667,110.281213,9.06772761014154,163.687445561493,164.863995468117,164.900064,0.220989548573166,49.8654884781667,49.5023958717287,49.79,6,110.265466,2343404,1.57810721968902,None
50,90000,80,4.45,4.465,110.625998,9.03946647333297,161.891230661773,163.318586040314,163.355488,0.223605672743561,49.394508107,49.645390070922,49.32,6,110.614023,2320264,1.55881868606716,None
60,90000,80,5.34,5.29333333333333,109.918346,9.09766236839117,187.816447664791,187.95576310296,187.989534,0.18890103026039,58.1834444826667,58.8318639798489,58.07,7,109.903325,2344505,1.5790698604908,None
60,90000,80,5.34,5.34333333333333,109.799906,9.10747592078995,190.76832311842,189.032699224579,189.063756,0.187135764095758,58.6697497726667,59.2014971927636,58.56,8,109.785014,2347295,1.58139790319526,None
60,90000,80,5.34,5.345,109.688436,9.11673132070185,188.403349431771,188.346078024945,188.37772,0.187060124250078,58.628469042,58.1384471468662,58.51,8,109.672675,2345554,1.5799465615101,None
60,90000,80,5.34,5.43333333333333,109.722886,9.11386891518694,187.803455154503,189.030906965337,189.057399,0.183996887876074,59.6161013933333,59.1564417177914,59.5,7,109.707578,2345960,1.58029033533815,None
60,90000,80,5.34,5.37666666666667,109.481654,9.13395042424186,191.927108056096,189.780026785183,189.810361,0.185881130711407,58.8646359673333,59.5474271543707,58.76,7,109.470396,2346762,1.58095475248698,None
60,90000,80,5.34,5.34666666666667,109.894752,9.09961560311816,184.437985460289,186.604644112843,186.638731,0.187017628926122,58.757060736,58.0579800498753,58.64,8,109.881802,2342445,1.57735601248531,None
70,90000,80,6.23,6.15166666666667,109.294507,9.14959065600616,228.708066609408,225.790431211867,225.817334,0.162534983096722,67.2343375561667,67.8948794364671,67.09,8,109.275289,2354628,1.58755630529173,None
70,90000,80,6.23,6.1,109.233483,9.15470213469253,219.228701961838,219.1150288847,219.141389,0.163922335138525,66.63242463,66.9125683060109,66.48,9,109.218028,2357334,1.58980839188733,None
70,90000,80,6.23,6.25,109.087198,9.16697851199735,211.328,216.5597411696,216.583013,0.1599496468608,68.17949875,67.4133333333333,68.04,9,109.073318,2358756,1.59100214348426,None
70,90000,80,6.23,6.12166666666667,109.51356,9.13128931248331,212.653998846188,215.170282248843,215.202017,0.163318430198475,67.04055098,67.2883201742445,66.88,9,109.495068,2352942,1.58614989724382,None
70,90000,80,6.23,6.31833333333333,109.23461,9.1546076834073,227.948282459094,228.354299597995,228.383883,0.158229692375627,69.0180677516667,70.377209179636,68.86,9,109.219291,2357746,1.59016480052276,None
70,90000,80,6.23,6.07166666666667,109.327342,9.14684269923987,210.858663586772,212.234008918474,212.259511,0.164653723173209,66.3799178176667,66.9228657699698,66.24,8,109.310551,2353277,1.58642562352591,None
70,90000,80,6.23,6.22166666666667,109.198086,9.15766966831268,220.124605955427,221.266915696491,221.293744,0.160697344569247,67.939409173,67.8944548620412,67.78,10,109.185917,2360161,1.59217177557386,None
70,90000,80,6.23,6.22166666666667,109.318772,9.14755976219711,225.119120242142,225.540388321189,225.569734,0.160724083924725,68.0144959793333,67.5060273238682,67.87,9,109.298619,2356473,1.58909835438107,None
70,90000,80,6.23,6.28166666666667,109.121657,9.1640837162141,205.042307618934,212.864380070841,212.891992,0.159172423601221,68.5465875388333,67.4316794905811,68.38,8,109.103001,2364389,1.59569906293996,None
80,90000,80,7.12,7.21166666666667,108.404448,9.22471373130372,301.619474175221,301.94077422556,301.962125,0.138662525918882,78.177674416,78.8652646175179,77.98,15,108.388681,2379475,1.60832608986669,None
80,90000,80,7.12,7.30166666666667,108.442835,9.22144833266301,299.153432829538,302.751844595526,302.775924,0.136942731145857,79.1813433558333,78.2583884957772,78.98,13,108.427846,2379335,1.60821491508475,None
80,90000,80,7.12,7.00333333333333,108.598767,9.20820767698035,276.981043681518,278.012669594479,278.033656,0.142737808699667,76.055336489,76.1066158971918,75.87,12,108.578904,2369632,1.60011021623855,None
80,90000,80,7.12,7.095,108.717009,9.19819271334074,289.916604491431,291.429042679117,291.432137,0.140860630978623,77.1347178855,76.8173810921903,76.94,15,108.698966,2374180,1.60390690696914,None
80,90000,80,7.12,7.14333333333333,108.84235,9.18760023097627,283.165909953491,287.305514281381,287.327511,0.139962323130891,77.7497186833333,76.7498833411106,77.55,13,108.829364,2372448,1.60246662038274,None
80,90000,80,7.12,7.28666666666667,108.45546,9.22037488937855,291.047830785444,296.172107927264,296.191952,0.137146478071821,79.02787852,79.1056724611162,78.83,11,108.441565,2377953,1.60706216822111,None
80,90000,80,7.12,7.14833333333333,108.592169,9.20876716257505,302.682375780496,300.558201960131,300.578984,0.139824201862206,77.6253021401667,78.747959897412,77.31,13,108.576654,2375471,1.60498500867639,None
80,90000,80,7.12,7.065,108.766266,9.19402712602086,290.181139077421,289.783569076905,289.821934,0.141541043888417,76.843366929,77.5536683179995,76.66,12,108.754825,2371838,1.60195328252169,None
90,90000,80,8.01,8.01666666666667,108.229242,9.2396470817009,442.827442827443,445.998548273181,446.02567,0.124730507007484,86.76377567,86.7671517671518,86.39,19,108.21684,2387678,1.61520996881165,None
90,90000,80,8.01,7.93166666666667,108.167831,9.2448927814777,460.939714936555,456.040109669468,456.061808,0.126023929745325,85.7951179548333,86.4362260979197,85.57,23,108.152034,2383482,1.61170792960912,None
90,90000,80,8.01,7.815,108.334903,9.23063548596153,381.598511210471,386.344268287268,386.364322,0.127924965597142,84.6637266945,84.4529750479846,84.45,20,108.318448,2381413,1.6099771677521,None
90,90000,80,8.01,7.98333333333333,108.495154,9.21700152616955,437.197362284857,440.103124709603,440.126996,0.125258381172651,86.6152979433333,86.6910229645094,86.38,27,108.479122,2384796,1.61280766952112,None
90,90000,80,8.01,8.035,108.292456,9.23425358457103,448.850425829642,451.847780916822,451.868669,0.12443464878967,87.012988396,87.2121966397013,86.78,18,108.277686,2386170,1.61395515794977,None
90,90000,80,8.01,7.97,108.377808,9.22698122848176,428.599091007842,431.33810684839,431.35908,0.125413950890004,86.377112976,86.3969050606441,86.15,18,108.361874,2380656,1.60935557062759,None
90,90000,80,8.01,7.86833333333333,108.256046,9.23735936189652,419.233069726224,420.370332325567,420.390974,0.127076049618937,85.1794655276667,84.9714043634823,84.8,22,108.24315,2387622,1.61515448802651,None
100,90000,80,8.9,8.87333333333333,108.132723,9.24789436773917,1198.79445302758,1207.35714548479,1207.374687,0.112659264558039,95.949769542,95.9522915101427,95.34,51,108.115194,2391632,1.61855539501948,None
100,90000,80,8.9,8.99666666666667,107.965805,9.26219185787574,1281.75173904515,1302.98517579696,1303.007387,0.111148970014635,97.1332358983333,96.6376435716932,96.53,35,107.946977,2392010,1.61887707902802,None
100,90000,80,8.9,8.78166666666667,108.046759,9.25525216355634,918.725896547488,929.956900727842,929.977388,0.113861706193775,94.8830621951667,94.6574302524198,94.46,38,108.029125,2391472,1.61841714641261,None
100,90000,80,8.9,8.995,108.093909,9.25121507077702,1479.1430357363,1493.02704566259,1493.043954,0.111169187193441,97.2304711455,96.9334815638318,96.95,47,108.07523,2392244,1.61907446120091,None
100,90000,80,8.9,8.91666666666667,108.25648,9.23732232934232,1479.52484933182,1484.17499574654,1484.19256,0.112141511156822,96.5286946666667,97.0934579439252,96.09,46,108.23853,2390987,1.61802191059018,None
100,90000,80,8.9,8.91666666666667,108.045097,9.2553945321554,1022.7094069351,1041.78679211776,1041.808127,0.112146127044299,96.3402114916667,96.2897196261682,95.91,42,108.026048,2391543,1.61848436961643,None
100,90000,80,8.9,8.91666666666667,107.963164,9.26241843004897,1471.29705651149,1472.57927712617,1472.599887,0.112148493204673,96.2671545666667,95.9158878504673,95.83,60,107.945716,2391750,1.61865647197341,None
100,90000,80,8.9,8.86833333333333,108.077866,9.25258831442879,1194.60498785701,1204.09927301898,1204.116617,0.112745189366285,95.8470541643333,95.404999060327,95.25,43,108.062426,2390894,1.61793973290642,None
10,90000,85,0.89,0.933333333333333,119.825541,8.3454661807035,141.581632653061,128.904306733929,129.102384,1.06848043198393,11.18371716,12.1428571428571,11.27,2,119.791297,2055798,1.33821872389009,None
10,90000,85,0.89,0.81,122.553728,8.15968650092798,131.957925722914,129.750617705761,129.767357,1.23278354160905,9.926851968,9.66084275436793,10,3,122.531279,2093889,1.36995605307632,None
10,90000,85,0.89,0.85,121.619497,8.22236585964502,108.419838523645,128.217782543137,128.450068,1.17075124306667,10.337657245,8.82352941176471,10.42,2,121.599175,2055717,1.33814716999805,None
10,90000,85,0.89,0.896666666666667,120.457057,8.30171369702316,124.376390597145,129.210415141264,129.437556,1.11469697931227,10.8009827776667,10.4089219330855,10.88,2,120.438336,2094039,1.37008532953132,None
10,90000,85,0.89,0.906666666666667,121.372705,8.23908472666898,113.538062283737,128.426397060662,128.605509,1.10050585761581,11.0044585866667,9.92647058823529,11.08,2,121.353276,2111830,1.38491259108732,None
10,90000,85,0.89,0.935,121.165298,8.253188136425,135.357983737977,130.102626502674,130.261824,1.06014261444029,11.328955363,11.5864527629233,11.41,2,121.141294,2139879,1.40828911584033,None
10,90000,85,0.89,0.811666666666667,122.152746,8.18647171468417,123.96223789787,129.063300110883,129.312982,1.23025730231622,9.914731217,9.85626283367557,10,2,122.130143,2080125,1.35848573391684,None
10,90000,85,0.89,0.85,121.347444,8.24079986390154,145.328719723183,129.596474284314,129.778258,1.16608021647451,10.31453274,11.7647058823529,10.41,2,121.319132,2051386,1.33453785111874,None
10,90000,85,0.89,0.87,121.0202,8.26308335302702,112.300171753204,127.919386492337,128.123741,1.14254422581226,10.5287574,9.19540229885058,10.61,2,120.998861,2064558,1.34551579319932,None
20,90000,85,1.78,1.71,115.438096,8.66265153922844,135.369287416071,130.89627419883,131.006579,0.584759797255361,19.739914416,19.7368421052632,19.79,3,115.42371,2233632,1.48646249920896,None
20,90000,85,1.78,1.725,115.842469,8.63241269486409,126.584050969684,130.255263527536,130.36195,0.579469222034783,19.9828259025,20,20.01,3,115.826656,2225112,1.47936324334364,None
20,90000,85,1.78,1.715,115.252748,8.67658270499546,141.097671888414,132.377434575316,132.473279,0.581396081628766,19.765846282,20.8940719144801,19.81,3,115.234741,2201790,1.45992614012059,None
20,90000,85,1.78,1.82,115.267955,8.67543802611923,138.117377128366,133.275922656593,133.368676,0.54935080478663,20.97876781,21.1080586080586,21,3,115.250943,2228771,1.48241769617601,None
20,90000,85,1.78,1.85333333333333,114.867235,8.70570271844708,131.738134672118,130.927300998201,131.027901,0.539514853250899,21.2887275533333,22.1672661870504,21.32,3,114.848986,2244737,1.49572513926686,None
20,90000,85,1.78,1.75333333333333,115.04466,8.69227654721219,144.212002486663,131.833022867871,131.930197,0.570036414458175,20.17116372,22.8136882129278,20.21,2,115.022711,2199362,1.45790473520741,None
20,90000,85,1.78,1.79333333333333,115.841128,8.63251262539502,135.518442254806,131.783586082714,131.885153,0.557525471828067,20.7741756213333,20.957249070632,20.82,3,115.824512,2236224,1.48862795906783,None
20,90000,85,1.78,1.79333333333333,115.062704,8.69091343446961,140.959909343431,132.063416578996,132.163045,0.557254432370818,20.6345782506667,22.1189591078067,20.68,3,115.046694,2238274,1.49033566475478,None
20,90000,85,1.78,1.73166666666667,116.156395,8.60908260797867,147.287546976854,133.32414213282,133.424191,0.577379183604427,20.1144157341667,22.8103946102021,20.17,3,116.139744,2219900,1.47502049177813,None
30,90000,85,2.67,2.76666666666667,112.405109,8.89639277873037,147.300043547685,139.944817515663,140.005752,0.361393108620482,31.0987468233333,32.7409638554217,31.1,4,112.391108,2278217,1.5236784594828,None
30,90000,85,2.67,2.59833333333333,112.873693,8.85946028185682,135.034999245005,136.103473033355,136.15891,0.384385046097498,29.3283478978333,29.5702373316228,29.33,3,112.858226,2279408,1.524661690056,None
30,90000,85,2.67,2.67333333333333,112.885752,8.85851387161774,151.118463193637,140.220891530549,140.287461,0.374054006980673,30.178124368,32.8865336658354,30.2,4,112.86792,2292592,1.53565387834358,None
30,90000,85,2.67,2.675,112.575066,8.88296170308263,135.907066119312,136.167812271651,136.23791,0.373809627285981,30.113830155,29.5638629283489,30.12,4,112.556963,2280196,1.52532258729457,None
30,90000,85,2.67,2.68666666666667,112.803997,8.86493410335451,151.584887537021,141.731590524194,141.798199,0.372157033188586,30.3066738606667,31.544665012407,30.31,6,112.790319,2285123,1.5294297715013,None
30,90000,85,2.67,2.59166666666667,112.987421,8.85054275201131,131.140083332472,135.344095751125,135.408089,0.385820972838585,29.2825732758333,28.5209003215434,29.28,3,112.972574,2276135,1.52193370356307,None
30,90000,85,2.67,2.645,112.811616,8.86433538900817,133.289975378876,136.524986725898,136.588611,0.378059328163201,29.838672432,29.521109010712,29.85,4,112.793778,2285567,1.52979736481249,None
30,90000,85,2.67,2.7,112.779038,8.86689599178883,137.517146776406,138.952790074691,139.011359,0.370329870334568,30.45034026,29.9074074074074,30.46,4,112.764561,2274535,1.52060648514213,None
30,90000,85,2.67,2.71,113.008747,8.84887255674112,132.986569718096,138.019053327798,138.086689,0.368227382104551,30.625370437,30.2583025830258,30.63,3,112.993307,2287051,1.53103827070087,None
40,90000,85,3.56,3.59166666666667,111.479281,8.970276727924,145.089658216741,148.866658492343,148.916784,0.278372905155917,40.0396417591667,38.2830626450116,40.01,8,111.461069,2312180,1.55203117950451,None
40,90000,85,3.56,3.515,111.486152,8.96972388104309,150.305618051779,148.525467705548,148.529967,0.284420089920816,39.187382428,40.4124200047405,39.16,5,111.472282,2310598,1.55070814526049,None
40,90000,85,3.56,3.49666666666667,111.692307,8.95316809957198,145.106193105968,147.710286092469,147.760692,0.285807954323165,39.055076681,38.6796949475691,39.03,5,111.675538,2298919,1.5409738917636,None
40,90000,85,3.56,3.56166666666667,111.292613,8.98532232323452,141.369094867728,146.158514756668,146.21029,0.280766902272344,39.6387189968333,39.3542349087506,39.62,4,111.27964,2306987,1.54770111144194,None
40,90000,85,3.56,3.39333333333333,111.682988,8.95391516566516,142.42649982052,144.950568031434,145.004421,0.294583432649804,37.8977605946667,38.0157170923379,37.88,5,111.666603,2305468,1.54642583666162,None
40,90000,85,3.56,3.46333333333333,111.383011,8.97802987207807,147.148596460838,147.132275622233,147.184259,0.288593054662656,38.5756494763333,38.1616939364774,38.56,4,111.370702,2309333,1.54965065079918,None
40,90000,85,3.56,3.55,111.306418,8.98420790075196,137.142101434901,144.29226199061,144.345791,0.28143993743615,39.51377839,38.4507042253521,39.49,4,111.28705,2305690,1.54661946391606,None
40,90000,85,3.56,3.47833333333333,111.627524,8.95836406798739,134.517441923202,143.499270561093,143.540986,0.287464302015333,38.8277737646667,36.9669381887877,38.81,5,111.613393,2317660,1.55659190555386,None
40,90000,85,3.56,3.57166666666667,111.272001,8.98698676228533,153.251565776778,149.975463602893,150.017672,0.279897101755016,39.7426496905,40.2239850676622,39.71,6,111.255153,2294769,1.53751880119738,None
40,90000,85,3.56,3.68333333333333,111.167086,8.9954683169441,148.338486107983,150.017476220815,150.063794,0.2714746657,40.9465433433333,39.8868778280543,40.92,5,111.154991,2302115,1.54364760343176,None
50,90000,85,4.45,4.46333333333333,110.364475,9.0608866666561,156.615935671455,160.682483249813,160.724422,0.224023670441374,49.2593440083333,48.8237490664675,49.19,5,110.349354,2324742,1.56255016407287,None
50,90000,85,4.45,4.28333333333333,110.875291,9.01914205573539,162.424866387076,161.950721059533,161.996167,0.23321395566965,47.4915829783333,48.2295719844358,47.43,5,110.863139,2331959,1.56855563699735,None
50,90000,85,4.45,4.41333333333333,110.756408,9.02882296435616,161.81054389792,163.231388622357,163.270145,0.226545138757553,48.8804947306667,49.3202416918429,48.82,5,110.737469,2321673,1.55999032212506,None
50,90000,85,4.45,4.465,110.505649,9.04931113521626,166.865425458765,166.257304143337,166.298238,0.223868672868608,49.3407722785,49.4587532661441,49.28,6,110.492107,2319097,1.55784583750456,None
50,90000,85,4.45,4.34666666666667,110.506891,9.04920942893959,157.549681960179,159.553568370015,159.594518,0.230059617747699,48.0336619546667,47.3734662576687,47.96,5,110.490763,2330608,1.56743251931223,None
50,90000,85,4.45,4.37666666666667,110.456481,9.05333929658686,166.012265881811,164.0771036508,164.118785,0.228267694930312,48.343119851,48.4386900228484,48.26,6,110.443747,2329214,1.56627231791308,None
50,90000,85,4.45,4.51333333333333,110.533815,9.04700520831566,165.028832999876,165.485745828287,165.53358,0.221507133789513,49.88759517,49.9630723781389,49.81,7,110.521538,2329383,1.56642154228325,None
50,90000,85,4.45,4.41166666666667,110.517493,9.04834133362037,157.52270463501,159.669742131847,159.714477,0.22663421970646,48.7566339951667,47.9599546656592,48.68,5,110.504838,2330583,1.56741557418913,None
50,90000,85,4.45,4.51333333333333,110.427786,9.05569183466198,175.747116154553,171.268109879616,171.306704,0.221467351423929,49.839740748,50.4431314623338,49.76,8,110.413728,2324334,1.56221318964374,None
60,90000,85,5.34,5.20833333333333,110.027015,9.08867699446359,195.90144,189.84651547168,189.878895,0.1919323214608,57.3057369791667,59.232,57.19,7,110.011467,2335400,1.57147636899405,None
60,90000,85,5.34,5.44,109.989858,9.09174735001476,182.274771121684,186.489167110907,186.521736,0.18380300123315,59.834482752,58.7775735294118,59.71,8,109.976933,2343157,1.57795525627411,None
60,90000,85,5.34,5.29166666666667,109.856519,9.10278251216025,179.750759501519,183.594859499213,183.630337,0.188908070746457,58.1324079708333,57.1653543307087,58.02,7,109.842988,2343174,1.57796024293398,None
60,90000,85,5.34,5.26333333333333,109.87434,9.10130609203204,194.02456481343,190.048557683344,190.080389,0.189836626544332,57.83052762,58.80303989867,57.72,7,109.854396,2341612,1.57665673720272,None
60,90000,85,5.34,5.37166666666667,109.967919,9.09356118669482,188.587900204174,189.4501840695,189.481943,0.186157518147999,59.0711004895,59.1529630778778,58.96,8,109.953851,2345650,1.58002902212555,None
60,90000,85,5.34,5.41833333333333,109.823929,9.10548374207228,186.801004181947,189.870229074131,189.897773,0.184550074642572,59.5062655298333,57.8898800369117,59.39,8,109.808272,2346100,1.58040642290564,None
60,90000,85,5.34,5.28666666666667,110.138512,9.07947621445984,182.08862540928,184.076991019231,184.108562,0.189153632803279,58.2265600106667,58.5750315258512,58.11,7,110.116035,2343395,1.57814492838083,None
60,90000,85,5.34,5.37333333333333,109.761387,9.11067204353021,172.077132424927,179.422649693238,179.4499,0.186030443477978,58.978451948,57.3511166253102,58.87,7,109.747105,2340704,1.57590619077365,None
70,90000,85,6.23,6.375,109.245482,9.15369662609938,226.948609509163,228.504634697255,228.532011,0.156596740459346,69.643994775,70.1176470588235,69.49,8,109.230686,2355852,1.58858960630043,None
70,90000,85,6.23,6.31666666666667,109.344302,9.14542396548473,226.690151140691,227.774476513457,227.802262,0.158260757769657,69.0691507633333,68.6543535620053,68.9,10,109.331065,2354536,1.58748950636187,None
70,90000,85,6.23,6.05833333333333,109.264473,9.15210564370726,222.504346970554,220.07948493205,220.103921,0.165034220714993,66.1960598925,66.9050894085282,66.04,9,109.249914,2354813,1.58770476738369,None
70,90000,85,6.23,6.22333333333333,109.362211,9.14392632387434,231.259874303187,229.614707540975,229.640409,0.1606723421797,68.0597493123333,67.7959292983396,67.9,9,109.342067,2355577,1.588351710568,None
70,90000,85,6.23,6.165,109.462699,9.13553209573245,237.586406268808,231.574657786158,231.604422,0.162201113931333,67.4837539335,69.3565828602325,67.33,8,109.449554,2357371,1.58984387725336,None
70,90000,85,6.23,6.05833333333333,109.361337,9.14399940081201,216.760102094682,216.318688018707,216.350443,0.164946607646492,66.2547433325,66.2448418156809,66.12,11,109.349356,2350017,1.5837078022262,None
70,90000,85,6.23,6.19833333333333,109.376162,9.1427600101748,227.511305975051,226.916562030922,226.946385,0.161222076388276,67.7949910796667,66.8728152729228,67.64,9,109.362014,2357822,1.59022147586666,None
70,90000,85,6.23,5.97666666666667,109.401383,9.14065227127887,220.181414430351,215.869832581428,215.894399,0.16726002754406,65.3855599063333,67.4288901282766,65.24,8,109.383694,2352787,1.58601175928988,None
70,90000,85,6.23,6.24166666666667,108.955547,9.17805497319012,232.89798057401,229.89224456235,229.921322,0.160198550271295,68.0064205858333,68.7716955941255,67.85,13,108.940205,2353023,1.58622270230707,None
80,90000,85,7.12,7.21666666666667,108.488703,9.21754959131551,290.641050941655,294.246121090531,294.27165,0.138516374617321,78.292680665,77.9214780600462,78.1,16,108.473695,2372788,1.60275304096594,None
80,90000,85,7.12,7.135,108.83974,9.18782055157427,314.61844656078,311.684238382621,311.709415,0.140135204946508,77.65715449,77.5636533520206,77.45,17,108.821291,2376175,1.60557257292866,None
80,90000,85,7.12,7.09833333333333,108.701427,9.19951124468679,310.567001713042,306.49426361282,306.514654,0.140848899983799,77.1598962655,76.285513031228,76.97,16,108.688136,2376047,1.6054632386782,None
80,90000,85,7.12,7.07166666666667,108.915551,9.18142534118016,283.451986382973,284.39893659769,284.42271,0.141314328923875,77.0214471488333,77.4334197501768,76.81,11,108.897105,2367689,1.59849586852828,None
80,90000,85,7.12,7.02333333333333,108.610457,9.20721657584039,281.369377145677,281.892725437352,281.918693,0.1423240495458,76.2807442996667,76.0204081632653,76.09,14,108.592357,2371201,1.60141920190289,None
80,90000,85,7.12,7.10333333333333,108.818547,9.1896099292706,314.044139813585,309.030531472548,309.058146,0.140777985452135,77.297441219,77.7686532144533,77.12,15,108.803088,2370180,1.600573849277,None
80,90000,85,7.12,7.07166666666667,108.786199,9.19234249557704,300.582418011527,298.190865300259,298.214862,0.141387560223191,76.9299737261667,77.1977374499175,76.61,16,108.767186,2371034,1.60128286470579,None
80,90000,85,7.12,7.09166666666667,108.635634,9.20508274476495,288.2514660985,288.731816383079,288.756204,0.140984641436663,77.040770445,77.9200940070505,76.84,12,108.618482,2373062,1.60297449057652,None
90,90000,85,8.01,8.065,108.415099,9.22380746984329,532.483860019856,526.616262237239,526.637946,0.123989706704484,87.4367773435,88.0243852035545,87.05,19,108.397827,2380117,1.60891126339938,None
90,90000,85,8.01,7.945,108.311615,9.23262015805046,421.306910856485,424.835733716174,424.857499,0.125844394893224,86.0535781175,86.102370463604,85.68,15,108.292931,2383225,1.61149431983277,None
90,90000,85,8.01,8.00666666666667,108.563611,9.21118955779759,443.713294707921,447.505326121149,447.523705,0.124847454865529,86.9232645406667,87.2189841798501,86.67,18,108.545451,2380969,1.60961933740121,None
90,90000,85,8.01,8.04333333333333,108.286962,9.234722089627,534.480570346182,526.574889570037,526.59349,0.124303736628264,87.098813102,87.0493162038956,86.86,27,108.268387,2383840,1.61201346463964,None
90,90000,85,8.01,7.97,108.400304,9.22506637988764,433.571207796699,435.831541654956,435.854544,0.125451510476579,86.395042288,87.1497281472187,86.15,15,108.384993,2384229,1.61233378438626,None
90,90000,85,8.01,8.04333333333333,108.344803,9.22979203718705,484.323643354359,483.340296323871,483.342676,0.124323344338168,87.1453365463333,86.9677820366725,86.75,20,108.327233,2382251,1.61068837029537,None
90,90000,85,8.01,7.86833333333333,108.637585,9.204917432581,475.42962999422,467.619723853845,467.643011,0.127090969264351,85.4796731308333,86.1575937301419,85.24,16,108.618746,2379386,1.60829196283413,None
90,90000,85,8.01,8.15,108.289946,9.23446762084451,457.462958083983,465.617138265849,465.638993,0.122696696973211,88.25630599,88.1799591002045,88,21,108.269621,2385415,1.61333258754129,None
90,90000,85,8.01,8.01166666666667,108.243992,9.23838802988715,497.233573758607,491.906997321614,491.930796,0.124807053739339,86.7214782573334,86.1348034116913,86.48,23,108.224866,2385967,1.61378429066102,None
90,90000,85,8.01,7.965,108.504407,9.21621552201101,441.222039244461,443.385788516845,443.407088,0.125547101202553,86.4237601755,85.8233940154844,85.88,24,108.488171,2380929,1.60958163452147,None
100,90000,85,8.9,8.775,108.142945,9.24702022864275,959.927273317587,968.367134273694,968.389909,0.113950275651282,94.8954342375,94.7483380816714,94.47,37,108.126734,2391018,1.61803876908085,None
100,90000,85,8.9,8.90166666666667,107.999951,9.25926346022139,1049.48485924261,1065.88282374499,1065.902827,0.112336676056918,96.1379563818333,95.6094364351245,95.21,41,107.9799,2390426,1.61754940782463,None
100,90000,85,8.9,8.88333333333333,108.106437,9.25014298639775,1098.99714526082,1113.69996064296,1113.720782,0.112567353892871,96.034551535,96.0694183864916,95.59,37,108.089963,2390404,1.61753317592349,None
100,90000,85,8.9,8.78666666666667,107.974161,9.26147506716908,935.94354807141,946.106484770296,946.127685,0.113767394179439,94.873296132,94.7363429438543,94.59,37,107.954759,2389814,1.61703583698275,None
100,90000,85,8.9,8.76666666666667,108.224631,9.24004074451407,1163.15112261273,1160.70475632491,1160.725628,0.114014865206654,94.87692651,94.8384030418251,94.44,46,108.211004,2391037,1.61805444024625,None
100,90000,85,8.9,8.73833333333333,108.26774,9.23636163459217,966.77771573691,972.623195963952,972.640666,0.114420406743468,94.6079601366667,94.4020598893763,94.16,32,108.249964,2390535,1.61763444489363,None
100,90000,85,8.9,8.78333333333333,108.028551,9.25681211812237,950.836966971401,959.00774207704,959.028236,0.113840143904364,94.885077295,94.7153700189753,94.3,29,108.010079,2389860,1.61707257334009,None
10,90000,90,0.89,0.955,120.954417,8.26757736346247,153.504564019627,130.491550649215,130.668918,1.04646846478011,11.5511468235,13.0890052356021,11.62,2,120.932289,2079090,1.35763101992386,None
10,90000,90,0.89,0.886666666666667,121.931403,8.20133267883418,108.118039459551,128.719418554511,128.901164,1.12611213916353,10.811251066,9.58646616541353,10.88,1,121.907903,2106087,1.38012563348468,None
10,90000,90,0.89,0.933333333333333,121.212715,8.24995958551048,104.272959183674,129.257111191071,129.439149,1.07138398302857,11.3131867333333,9.19642857142857,11.4,2,121.190047,2083440,1.36125507429492,None
10,90000,90,0.89,0.856666666666667,122.206014,8.18290333894697,116.958621629396,129.198555568093,129.384262,1.16725996062646,10.468981866,9.63035019455253,10.56,2,122.182874,2082727,1.36065683206343,None
10,90000,90,0.89,0.938333333333333,120.685505,8.28599921755309,155.220226583672,131.106940863233,131.273223,1.06371034517762,11.3243232191667,12.4333925399645,11.4,3,120.662287,2095880,1.37162206980438,None
10,90000,90,0.89,0.871666666666667,122.18529,8.18429125142642,111.871136150097,129.173031837476,129.386791,1.14681080535755,10.650484445,9.17782026768641,10.73,2,122.163273,2087498,1.36463360510493,None
10,90000,90,0.89,0.931666666666667,121.434759,8.23487449750693,142.088638989251,130.745092135957,130.931322,1.0716009437102,11.3136717135,11.9856887298748,11.4,2,121.412652,2107275,1.38111820435666,None
20,90000,90,1.78,1.75666666666667,115.574706,8.65241223282887,121.791386567481,130.521428505693,130.605812,0.56924815172296,20.302623354,19.876660341556,20.34,3,115.558913,2190429,1.4504608102056,None
20,90000,90,1.78,1.74,115.511513,8.65714571672176,116.153609019245,129.736789264368,129.842911,0.574609949265326,20.099003262,18.1034482758621,20.13,3,115.492553,2216446,1.47214179132091,None
20,90000,90,1.78,1.82333333333333,115.091221,8.68876002279965,149.393901921399,134.439391476234,134.531912,0.548037831833638,20.9849659623333,22.1206581352834,21.02,3,115.075016,2220919,1.47587408348857,None
20,90000,90,1.78,1.705,115.745099,8.63967466994002,113.80477750736,128.255105772239,128.343401,0.586488592474096,19.7345393795,18.7194525904203,19.8,2,115.725858,2195085,1.45433828122408,None
20,90000,90,1.78,1.83166666666667,115.057105,8.69133635858472,131.147432399874,130.354748764331,130.45556,0.545775838969973,21.0746263991667,21.2920837124659,21.12,3,115.041428,2218274,1.4736703022747,None
20,90000,90,1.78,1.8,115.357725,8.66868690414968,111.111111111111,128.667649262037,128.745513,0.554599040431481,20.7643905,17.5925925925926,20.8,3,115.342778,2215825,1.47162770482954,None
20,90000,90,1.78,1.72666666666667,115.40699,8.66498641026856,147.862285893174,132.748924555019,132.849649,0.579022328047297,19.9269402733333,21.9594594594595,19.96,4,115.387927,2187724,1.4482045882603,None
20,90000,90,1.78,1.75666666666667,115.671754,8.64515290396651,101.537830042956,127.398839624288,127.49767,0.568728030126186,20.3196714526667,16.6982922201139,20.37,2,115.656328,2200690,1.45901228058128,None
20,90000,90,1.78,1.84666666666667,115.059185,8.6911792396235,137.089627129247,131.498973126354,131.588759,0.541483403541516,21.2475961633333,22.3375451263538,21.29,3,115.038764,2199965,1.45841277284443,None
20,90000,90,1.78,1.81833333333333,115.269476,8.67532355226461,129.489896303114,130.661552780018,130.671268,0.54981987060495,20.9598330526667,21.3467704993129,21.01,2,115.252993,2197240,1.45614037839721,None
30,90000,90,2.67,2.715,112.8379,8.86227056689286,135.210452355839,137.364185847146,137.430291,0.368163511528545,30.63548985,30.2639656230817,30.65,3,112.823973,2282279,1.52706137094672,None
30,90000,90,2.67,2.68833333333333,112.631327,8.87852453340979,138.828620065809,137.748701439554,137.806122,0.371646379822691,30.2790550751667,31.8660880347179,30.29,3,112.615659,2255001,1.50432588319836,None
30,90000,90,2.67,2.65333333333333,113.028355,8.84733746677991,135.05814247115,137.412766039573,137.482595,0.376830244638819,29.9901901933333,30.2449748743719,30,4,113.013275,2269178,1.51613951969416,None
30,90000,90,2.67,2.60833333333333,112.82789,8.86305682043686,146.250344496729,138.299983667732,138.368965,0.382734230366773,29.4292746416667,31.5015974440895,29.45,4,112.814272,2276996,1.52265215960249,None
30,90000,90,2.67,2.73333333333333,112.938108,8.85440722984309,136.079714455681,138.125184385976,138.192916,0.365726027262805,30.86974952,30.6707317073171,30.88,3,112.918103,2287655,1.5315429730862,None
30,90000,90,2.67,2.65666666666667,112.942045,8.8540985777263,140.623007545548,138.703179292974,138.770527,0.376165602587829,30.0049366216667,30.4893350062735,30.01,4,112.924943,2251309,1.5012474955256,None
30,90000,90,2.67,2.64166666666667,112.787358,8.86624190629592,142.105106031506,138.851606146372,138.918308,0.378092325364669,29.794660405,29.3375394321767,29.81,4,112.772247,2281180,1.526141016244,None
30,90000,90,2.67,2.61833333333333,113.026252,8.84750208296742,134.803271096388,136.542821734564,136.619176,0.381871934520688,29.5940403153333,30.0127307447486,29.6,3,113.012265,2269081,1.51605657499606,None
40,90000,90,3.56,3.53,111.512567,8.96759914064215,138.968025316523,144.268553968839,144.341248,0.28315196379509,39.363936151,38.7629839471199,39.34,4,111.496427,2308749,1.54916810766472,None
40,90000,90,3.56,3.53,111.613042,8.95952643240384,142.512445596493,147.965280965061,148.019767,0.283238837415486,39.399403826,37.6062322946176,39.37,6,111.596563,2300172,1.54201998526657,None
40,90000,90,3.56,3.64166666666667,111.527354,8.96641015978914,160.324418219312,153.662308529519,153.671666,0.274480840138215,40.6145447483333,41.3177762525738,40.58,6,111.514012,2293874,1.53677751301129,None
40,90000,90,3.56,3.51833333333333,111.805388,8.94411278282939,175.436195013779,157.299726568925,157.342707,0.284125393684983,39.3368623446667,42.0180009474183,39.31,5,111.788144,2298589,1.54070035428812,None
40,90000,90,3.56,3.57833333333333,111.569427,8.96302891292971,150.468293514699,150.350238610154,150.396724,0.279403857883093,39.9232599615,38.7983232417327,39.9,5,111.5504,2307170,1.54785512621605,None
40,90000,90,3.56,3.55833333333333,111.341794,8.98135339906594,141.5024488699,146.680310792506,146.726292,0.280581959908197,39.6191216983333,38.9227166276347,39.59,5,111.321492,2298797,1.54087519910653,None
40,90000,90,3.56,3.62,111.531666,8.96606350343588,160.442294191264,152.470061434162,152.526487,0.276242245349908,40.374463092,41.7817679558011,40.34,4,111.518664,2290953,1.53434179654542,None
40,90000,90,3.56,3.455,111.588465,8.96149973924276,144.578178677965,145.957875038109,146.006499,0.289413309287506,38.5538146575,39.0014471780029,38.53,5,111.576104,2307012,1.54771611612029,None
40,90000,90,3.56,3.565,111.504395,8.96825636334783,143.924327932401,146.893837331931,146.939915,0.280474367697055,39.7513168175,39.9018232819074,39.72,4,111.486376,2309291,1.54962185859046,None
40,90000,90,3.56,3.62,111.406171,8.97616344789374,141.141465709617,147.737079242634,147.740788,0.276163424509208,40.329033902,38.2508630609897,40.29,4,111.393322,2303111,1.5444743334531,None
50,90000,90,4.45,4.46,110.769775,9.02773342276808,168.83173466857,166.671283528774,166.715,0.224014457084828,49.40331965,49.6636771300449,49.32,7,110.756794,2323830,1.56179076055287,None
50,90000,90,4.45,4.52,110.62831,9.0392775592432,170.415981413319,168.909547596608,168.951111,0.221204339344764,50.00399612,49.7234513274336,49.92,7,110.613135,2337727,1.57337643562246,None
50,90000,90,4.45,4.40333333333333,110.547327,9.04589940921864,167.145069943915,165.216245733914,165.253199,0.227097137596518,48.677672989,48.883421650265,48.61,6,110.53227,2333791,1.57008889082727,None
50,90000,90,4.45,4.48166666666667,110.634257,9.03879166468303,167.618139325249,167.12373119524,167.155641,0.223024467633321,49.5825861788333,49.7582744514689,49.51,7,110.616607,2334874,1.57099638559264,None
50,90000,90,4.45,4.54333333333333,110.547563,9.04588009778198,172.707155733571,169.328753642333,169.369496,0.219958811303742,50.2254427896667,50.8070432868672,50.16,9,110.535643,2320694,1.55918158880383,None
50,90000,90,4.45,4.575,110.404572,9.05759591187945,160.490509321469,163.920366793443,163.958729,0.218516847595993,50.51009169,49.7814207650273,50.43,5,110.385183,2326629,1.56412956908861,None
50,90000,90,4.45,4.45,110.630013,9.03913841174366,160.922442452552,161.93843527191,161.975598,0.224710017770037,49.230355785,49.7940074906367,49.15,5,110.616188,2322568,1.56073803401329,None
50,90000,90,4.45,4.51166666666667,110.582333,9.04303583466628,161.711847501224,164.161681322497,164.202103,0.221539905964906,49.8910625718333,49.021056520133,49.83,5,110.565654,2327726,1.56504062551803,None
50,90000,90,4.45,4.42833333333333,110.447353,9.05408751624858,161.991056495868,162.765564123824,162.806865,0.225797003441852,48.9097694868333,47.8359051561912,48.84,6,110.431119,2320010,1.5586044081266,None
50,90000,90,4.45,4.40666666666667,110.664651,9.03630916434192,172.514024274411,167.300468344554,167.340437,0.226706313712935,48.766222874,49.8865355521936,48.7,7,110.647894,2317111,1.55618749427307,None
60,90000,90,5.34,5.25666666666667,109.916138,9.09784512261521,183.358672483211,183.532686052632,183.568833,0.190203596487318,57.7792498753333,58.0374128091313,57.66,6,109.901406,2342123,1.5770823130741,None
60,90000,90,5.34,5.21666666666667,110.084525,9.08392891734783,174.91247231267,179.359260477955,179.396178,0.19168154340607,57.4274272083333,57.2364217252396,57.32,7,110.070866,2342195,1.57714047613367,None
60,90000,90,5.34,5.325,109.96537,9.09377197566834,176.802074838179,182.566825448513,182.600656,0.187625998470736,58.556559525,57.6838810641628,58.45,6,109.948479,2338134,1.57376189618389,None
60,90000,90,5.34,5.34666666666667,109.781543,9.10899931512167,181.260533205639,184.574465482544,184.605803,0.186860664610349,58.6965316573333,57.6683291770574,58.6,7,109.768045,2345752,1.58011207791279,None
60,90000,90,5.34,5.225,110.079816,9.08431751012375,181.467152003541,183.427181626156,183.457062,0.191355163112919,57.51670386,57.4641148325359,57.41,8,110.066091,2340522,1.57574657555062,None
60,90000,90,5.34,5.42,109.887688,9.10020056114021,185.466338058215,187.600987738315,187.630848,0.184463121131611,59.559126896,59.1943419434194,59.45,6,109.870163,2338193,1.57381649264654,None
60,90000,90,5.34,5.29833333333333,110.141755,9.0792088795026,179.595550819554,183.144976231205,183.176532,0.188724253489148,58.3567731908333,57.8326517772885,58.25,7,110.12308,2348376,1.58229719523869,None
60,90000,90,5.34,5.21666666666667,109.762893,9.11054704070163,173.871326644143,178.517969644089,178.546568,0.191616599146965,57.259642515,56.9169329073483,57.15,6,109.746647,2344349,1.57893483829689,None
60,90000,90,5.34,5.33833333333333,109.839207,9.10421722181589,174.048506078783,180.747499055261,180.779106,0.187319330402747,58.6358300035,56.9778332812988,58.53,8,109.827466,2342489,1.57739208764113,None
70,90000,90,6.23,6.19333333333333,109.324597,9.14707236469392,237.829083438678,232.233512449946,232.260175,0.161432470375135,67.7083670753333,69.0931108719053,67.55,11,109.31127,2353494,1.58661363922591,None
70,90000,90,6.23,6.14666666666667,109.502217,9.13223519483628,211.170307875457,215.422659758677,215.447924,0.162667456391811,67.307362716,66.2554229934924,67.16,8,109.485597,2352971,1.58617559610652,None
70,90000,90,6.23,6.13333333333333,109.310397,9.14826061788066,231.938208884688,227.026664427446,227.05612,0.163026148979348,67.04371016,68.1657608695652,66.89,10,109.292605,2357202,1.58970061254883,None
70,90000,90,6.23,6.30166666666667,109.06196,9.16909984012758,227.623732325515,228.574020838138,228.599251,0.158660365449617,68.7272117933333,68.1962443797937,68.58,9,109.044612,2363082,1.59461078493848,None
70,90000,90,6.23,6.38333333333333,109.187287,9.15857539348881,215.967114098535,221.619099940992,221.645948,0.156633633894517,69.6978848683333,69.0208877284595,69.53,10,109.167815,2351392,1.58487243907528,None
70,90000,90,6.23,6.29833333333333,109.322468,9.14725049932096,239.040543900741,236.394749207992,236.417799,0.158678445481874,68.8549344286667,69.184969568669,68.69,10,109.305144,2361343,1.59316194403318,None
70,90000,90,6.23,6.25333333333333,109.494097,9.13291243453974,217.900843785944,221.073736953891,221.100816,0.159912022993337,68.4703086573333,68.5101279317697,68.32,8,109.479868,2352883,1.58610857786958,None
70,90000,90,6.23,6.28666666666667,109.390111,9.14159416110292,235.395260495092,233.814087006098,233.838069,0.159049860894486,68.7699164486667,68.9156945917285,68.6,11,109.375352,2355458,1.58825634844869,None
70,90000,90,6.23,6.27166666666667,109.334556,9.1462391816911,239.870018500485,235.823148458677,235.852239,0.159406326425193,68.570989038,69.1602444857826,68.4,10,109.321,2351056,1.5845862245657,None
80,90000,90,7.12,7.11166666666667,108.799799,9.19119345064231,292.415856089284,292.719343680806,292.740029,0.140599105374033,77.3747903888333,77.5369111788142,77.06,15,108.782822,2369594,1.60008508147504,None
80,90000,90,7.12,7.09166666666667,108.800054,9.19117190879335,310.040996905555,305.442280529965,305.468406,0.140925530081316,77.1573716283333,77.3090481786134,76.96,18,108.783781,2363980,1.59540519683543,None
80,90000,90,7.12,6.975,108.842904,9.1875534669674,270.071898699486,271.344854647312,271.37138,0.143338273057109,75.91792554,77.1445639187575,75.72,10,108.827291,2364464,1.59580181797221,None
80,90000,90,7.12,7.12333333333333,108.760743,9.19449400966303,283.510070248791,286.38937493285,286.412931,0.140365731231867,77.473902597,76.8951801591015,77.29,11,108.745778,2371090,1.60133328001557,None
80,90000,90,7.12,7.26666666666667,108.879703,9.1844482713183,305.829686053363,307.665562083716,307.685092,0.137480985391514,79.1192508466667,79.2431192660551,78.9,17,108.862362,2367010,1.5979413854768,None
80,90000,90,7.12,7.23666666666667,108.764992,9.19413481867401,283.324149985116,289.433171389913,289.453724,0.138162260867573,78.7095992106667,78.5467526485491,78.51,12,108.749687,2370443,1.60080070322211,None
80,90000,90,7.12,7.14833333333333,108.834473,9.18826519240829,298.605296365349,299.871998098158,299.896303,0.139846732232688,77.7985091161667,76.7078573093961,77.59,15,108.819419,2368188,1.59891607399144,None
80,90000,90,7.12,7.02333333333333,109.125335,9.16377484660185,316.323039187971,309.54591016635,309.569888,0.1423566012729,76.6423602816667,77.562885619364,76.44,13,109.108225,2363702,1.59517063046448,None
80,90000,90,7.12,7.08333333333333,108.848593,9.18707327709785,280.060899653979,282.796238342353,282.819202,0.141168071696235,77.1010867083333,76.6470588235294,76.91,13,108.836345,2361583,1.59340699527754,None
90,90000,90,8.01,7.95666666666667,108.336885,9.23046661347149,416.057583240037,420.450582191873,420.4745,0.125671636945748,86.200048165,86.4788437369083,85.97,18,108.318347,2379334,1.60825264677672,None
90,90000,90,8.01,7.91833333333333,108.169997,9.24470766140448,460.978182660899,456.887680003578,456.910382,0.126288390012418,85.6526092911667,86.2870974531678,85.28,21,108.153676,2381086,1.6097091863637,None
90,90000,90,8.01,7.79333333333333,108.417233,9.2236259156328,477.078044814684,464.837290248503,464.861662,0.128296216266039,84.4931635846667,84.9764756201882,84.13,21,108.402654,2378845,1.60783489973948,None
90,90000,90,8.01,8.00666666666667,108.340535,9.23015563842287,472.272447121154,470.63385769463,470.655848,0.124870941851998,86.7446550233333,86.511240632806,86.5,21,108.321714,2383416,1.61165805630958,None
90,90000,90,8.01,7.91,108.451825,9.22068393039951,386.006074447948,393.192607717657,393.215398,0.126405891234935,85.785393575,85.8512431521281,85.41,15,108.435484,2381653,1.61018251642103,None
90,90000,90,8.01,8.17666666666667,108.530974,9.21395950984463,495.37916997731,499.728721843661,499.753628,0.122293811399103,88.7421597406667,88.9013452914798,88.34,21,108.511505,2379197,1.60815152780397,None
90,90000,90,8.01,8.04333333333333,108.465748,9.21950033479694,414.597920608584,422.287559008496,422.308581,0.124302165432035,87.2426166413333,87.0596767509325,87,18,108.446418,2379883,1.60871594024263,None
90,90000,90,8.01,8.01166666666667,108.361943,9.22833212763636,439.082990796525,442.061188606823,442.082405,0.124805577284585,86.8159766668333,87.466195132099,86.43,18,108.344196,2379969,1.60878447861686,None
90,90000,90,8.01,7.845,108.626392,9.20586591884595,391.020899266826,395.845993111111,395.870403,0.127440379623327,85.217404524,84.4486934353091,84.98,15,108.609242,2378448,1.6075086768305,None
90,90000,90,8.01,8.07333333333333,108.407142,9.22448449014549,510.468312421029,507.243296549752,507.265274,0.123850482977498,87.520699308,87.1490503715937,87.28,22,108.389326,2384582,1.61263426975368,None
100,90000,90,8.9,8.92166666666667,108.082585,9.25218433663481,1154.44255407568,1170.7727660269,1170.789668,0.112039315033439,96.4276795841667,95.9088361666355,96.15,39,108.064163,2389003,1.61636846757214,None
100,90000,90,8.9,8.94333333333333,108.079211,9.25247316988648,1144.40683315624,1163.56213956131,1163.580518,0.111810427107156,96.6588410376667,96.6548639582557,96.37,42,108.060056,2389302,1.61661891977003,None
100,90000,90,8.9,9.01166666666667,108.064463,9.25373589280687,1418.47030657674,1437.37281537119,1437.392657,0.110966369837063,97.3840919068333,96.8651747734418,96.61,46,108.044824,2390123,1.61730460003107,None
100,90000,90,8.9,8.875,108.119674,9.24901049923624,939.53845136547,958.697669345352,958.718371,0.112672408574272,95.956210675,96.1032863849765,95.67,31,108.100213,2388008,1.6155364211587,None
100,90000,90,8.9,8.88833333333333,108.117063,9.24923386052394,852.272937037939,875.20074215151,875.220528,0.112469010765985,96.0980494965,96.2591411963248,95.81,23,108.098628,2388771,1.61617319922672,None
100,90000,90,8.9,8.97,108.066911,9.25352627133018,1453.89458316607,1467.01590288666,1467.035131,0.111474627329431,96.936019167,96.7205499814196,96.65,45,108.04867,2390459,1.61758489702126,None
100,90000,90,8.9,8.905,108.294217,9.23410342400832,1039.83771390587,1061.08183022909,1061.084167,0.112292991781022,96.4360002385,96.2384205109011,95.99,35,108.276865,2390523,1.61763458622388,None
100,90000,90,8.9,8.94666666666667,108.314597,9.23236597556653,1960.76240280206,1956.64463664195,1956.661222,0.111772830994225,96.9054594493333,97.0659463487332,96.61,61,108.298418,2389930,1.61714372346204,None
100,90000,90,8.9,8.875,107.994721,9.25971187054597,992.480327977253,1009.07799338873,1009.094512,0.112634549963005,95.8453148875,95.8967136150235,95.57,30,107.977247,2389287,1.61660198419712,None
10,90000,95,0.89,0.938333333333333,121.541154,8.22766583243072,132.505071473867,131.082204738899,131.281578,1.0650338083286,11.404611617,11.9005328596803,11.47,2,121.519599,2089556,1.36635224180204,None
10,90000,95,0.89,0.87,121.805749,8.20979311904235,136.521777425464,130.355281157088,130.558304,1.14721987324521,10.597100163,11.3026819923372,10.67,2,121.784474,2038823,1.32406961037899,None
10,90000,95,0.89,0.923333333333333,121.650421,8.22027570295051,127.070599121584,129.590870021661,129.774446,1.08232702163899,11.2323888723333,11.1913357400722,11.3,2,121.62777,2054820,1.33740384127358,None
10,90000,95,0.89,0.85,122.658258,8.15273277401347,143.021914648212,131.1455101,131.315709,1.1759177951902,10.42595193,11.7647058823529,10.51,2,122.633702,2071557,1.35134798503949,None
10,90000,95,0.89,0.898333333333333,121.312208,8.24319346326629,105.328014153882,128.224778367347,128.439697,1.10854943238776,10.8978800186667,9.09090909090909,10.97,2,121.289678,2042800,1.3273852964957,None
10,90000,95,0.89,0.883333333333333,121.774454,8.211902966118,128.159487362051,128.337840798113,128.534653,1.13110195893396,10.7567434366667,11.1320754716981,10.85,2,121.754333,2072712,1.35231214729633,None
10,90000,95,0.89,0.881666666666667,123.01639,8.12899809529446,122.096852792966,130.459902107751,130.475169,1.12986541814934,10.8459450516667,10.0094428706327,10.91,2,122.993415,2087996,1.36504948899125,None
10,90000,95,0.89,0.933333333333333,120.855578,8.27433881454772,132.015306122449,129.3090038,129.474216,1.06292255748036,11.2798539466667,11.4285714285714,11.36,3,120.834242,2101193,1.3760495153601,None
10,90000,95,0.89,0.926666666666667,121.731838,8.21477779707885,130.039853009679,129.746297077338,129.930814,1.07056313126978,11.2804836546667,10.7913669064748,11.37,2,121.703527,2112664,1.38560903317919,None
10,90000,95,0.89,0.906666666666667,121.14938,8.25427253527835,148.004974048443,130.841734351103,131.040096,1.10121785698713,10.9842104533333,11.9485294117647,11.05,3,121.12761,2053359,1.33618511266015,None
20,90000,95,1.78,1.78333333333333,115.674038,8.64498220421768,122.630797449559,130.189457730841,130.298358,0.560308086607477,20.6285367766667,19.7196261682243,20.67,3,115.65085,2211214,1.46778431587942,None
20,90000,95,1.78,1.80666666666667,115.57765,8.65219183812787,120.504895085851,130.326799050738,130.4225,0.553363706104244,20.8810287666667,19.1881918819188,20.91,3,115.560997,2202414,1.4604517864351,None
20,90000,95,1.78,1.81666666666667,115.602128,8.65035979268479,143.356510985197,133.72880156422,133.737172,0.550077970517431,21.0010532533333,23.016964695094,21.02,3,115.585977,2227545,1.48139607311413,None
20,90000,95,1.78,1.80833333333333,115.625405,8.64861835510976,127.163456433562,129.953659127189,130.046405,0.552931042702304,20.9089274041667,20.5069124423963,20.95,2,115.602674,2214182,1.47025922905575,None
20,90000,95,1.78,1.78,115.638353,8.64764997128591,134.137103901023,131.625842481273,131.713164,0.561163027003745,20.583626834,20.5056179775281,20.64,3,115.619782,2212225,1.46862671044507,None
20,90000,95,1.78,1.76333333333333,115.861837,8.63096966087289,144.189021622993,132.861562655955,132.958712,0.566830127547259,20.4303039243333,21.9281663516068,20.47,3,115.84113,2210979,1.46758744591948,None
20,90000,95,1.78,1.855,115.258736,8.6761319332879,126.900172671418,129.733124536388,129.828075,0.53896569682929,21.380495528,21.1141060197664,21.42,3,115.238921,2221202,1.47611199082401,None
20,90000,95,1.78,1.755,115.31121,8.67218373651616,134.198044929289,130.859436554606,130.945954,0.569262023017094,20.237117355,19.8480531813865,20.29,4,115.29254,2209608,1.46644395858923,None
30,90000,95,2.67,2.69166666666667,113.188643,8.83480863004957,138.715026502698,138.87603436966,138.930631,0.371320775082972,30.4666097408333,29.7213622291022,30.47,5,113.175061,2270767,1.51746627166049,None
30,90000,95,2.67,2.63166666666667,113.160661,8.83699327277701,142.585494141962,138.522577756175,138.587992,0.379875343433819,29.7801139531667,30.2406586447118,29.77,4,113.144888,2253666,1.50321057201758,None
30,90000,95,2.67,2.66,113.194505,8.83435110211401,131.673167882111,137.121891191103,137.177061,0.375867363607143,30.10973833,28.8847117794486,30.11,4,113.179134,2277308,1.52291566611736,None
30,90000,95,2.67,2.75166666666667,112.690454,8.87386610404463,128.98960709164,136.004287582072,136.070378,0.363196770752877,31.0086565923333,29.3155663234403,31,3,112.675878,2285564,1.52980095933277,None
30,90000,95,2.67,2.65666666666667,113.166911,8.83650522191951,141.921792669814,138.610551668758,138.682764,0.37598138931995,30.0646760223333,30.1129234629862,30.08,4,113.153927,2262362,1.51045946522316,None
30,90000,95,2.67,2.655,113.160106,8.83703661429939,127.913671276051,135.689692733208,135.755687,0.376499453096673,30.044008143,28.6880100439422,30.07,4,113.146128,2287416,1.5313394930192,None
30,90000,95,2.67,2.605,113.255153,8.82962031758502,136.800753509357,137.282736422265,137.352285,0.383742738893154,29.5029673565,28.9187460012796,29.52,6,113.236135,2261267,1.50954395253029,None
30,90000,95,2.67,2.64166666666667,113.252793,8.82980431219917,142.702186308949,138.609748934385,138.670421,0.378519301871924,29.9176128175,31.4511041009464,29.92,4,113.236526,2266627,1.51401308843496,None
30,90000,95,2.67,2.59833333333333,113.290122,8.82689489909809,147.378235007803,140.572514722258,140.64194,0.384639568677999,29.436550033,30.4041051956382,29.44,4,113.275476,2260930,1.50926267671762,None
40,90000,95,3.56,3.45833333333333,111.583419,8.96190499414613,146.877631005952,147.184128926265,147.239782,0.289055815210602,38.5892657375,39.2771084337349,38.56,5,111.566025,2289826,1.53339307328865,None
40,90000,95,3.56,3.48333333333333,111.716001,8.9512692098601,144.433506558916,146.512130226316,146.558857,0.287040394021053,38.914407015,39.0191387559809,38.89,4,111.701876,2293048,1.53608011602568,None
40,90000,95,3.56,3.66,111.620336,8.95894095857228,146.316701006301,149.442301065574,149.489859,0.273121519642987,40.853042976,39.8451730418944,40.82,6,111.607976,2296091,1.53862649942565,None
40,90000,95,3.56,3.57666666666667,111.749931,8.94855138657759,157.448479105451,151.18200843616,151.234141,0.279581370961789,39.969225321,41.7287977632805,39.93,5,111.737176,2297337,1.53966020961133,None
40,90000,95,3.56,3.625,111.547727,8.96477254081565,149.853349187475,149.602202547126,149.652653,0.275855417889655,40.4360510375,39.9770114942529,40.4,5,111.533277,2284354,1.52884233042345,None
40,90000,95,3.56,3.55666666666667,111.672226,8.95477806630272,148.15689918831,149.614416211809,149.663829,0.281125451469072,39.7180883806667,38.8706654170572,39.68,5,111.656766,2297472,1.53977139026702,None
40,90000,95,3.56,3.51166666666667,111.856057,8.94006124317434,150.28892098997,149.304280408163,149.350601,0.284715608984813,39.2801186831667,38.7755102040816,39.26,5,111.843783,2286880,1.53094152184875,None
40,90000,95,3.56,3.51166666666667,111.624103,8.95863861947451,149.883465267875,147.920268067869,147.973289,0.284716603664926,39.1986641701667,39.3925011865211,39.16,4,111.608346,2296750,1.53916688780439,None
50,90000,95,4.45,4.32,110.80151,9.02514776197545,142.800497256516,153.897521217207,153.940796,0.231336814436728,47.86625232,45.9104938271605,47.81,4,110.788389,2320131,1.55869971384833,None
50,90000,95,4.45,4.405,110.665481,9.03624139129708,171.881987536302,167.497388058267,167.500984,0.227004755676126,48.7481443805,49.3474560242103,48.65,6,110.653871,2328363,1.56556516162728,None
50,90000,95,4.45,4.51833333333333,110.766707,9.02798347160397,160.908445598019,164.699025881962,164.740745,0.221229636710808,50.0480904461667,49.834009590557,49.97,5,110.751944,2325644,1.5633061399299,None
50,90000,95,4.45,4.38166666666667,110.848445,9.02132637043307,151.440157265113,159.411713488018,159.451384,0.22818403403081,48.5700936508333,45.81589958159,48.5,6,110.835523,2325477,1.56315902721182,None
50,90000,95,4.45,4.57333333333333,110.66768,9.03606183846991,164.551972392456,167.23463697121,167.274889,0.218507601823615,50.6120189866667,49.8177842565598,50.53,6,110.654194,2325778,1.56342084220969,None
50,90000,95,4.45,4.42333333333333,110.842025,9.02184888809096,155.329942320219,159.073025261869,159.11353,0.226026024797664,49.0291223916667,48.8131122833459,48.96,5,110.828774,2323611,1.5616062958321,None
50,90000,95,4.45,4.50333333333333,110.510593,9.04890628901068,164.776372574856,165.561819045892,165.601877,0.221931845337898,49.7666037143333,48.6306439674315,49.69,9,110.492262,2329797,1.56676594182029,None
50,90000,95,4.45,4.37166666666667,110.47941,9.05146035808844,174.764165032371,167.709761512772,167.751108,0.228613214370187,48.297915405,49.0659550133435,48.24,8,110.466397,2316747,1.5558816486824,None
50,90000,95,4.45,4.415,110.834161,9.02248901401437,159.935564051821,162.171843423179,162.212708,0.226492683841827,48.9332820815,47.7161192902982,48.86,6,110.819293,2317704,1.5566825877909,None
50,90000,95,4.45,4.57333333333333,110.765133,9.02811176148726,159.770801281779,163.880094338192,163.917637,0.218523243200073,50.656587492,50.6924198250729,50.58,6,110.753352,2325958,1.56357113297155,None
60,90000,95,5.34,5.39,109.910037,9.09835013521104,182.086664991515,185.803834551639,185.837918,0.185412658562771,59.241509943,59.3692022263451,59.12,8,109.897912,2342958,1.57778619000747,None
60,90000,95,5.34,5.18333333333333,110.135973,9.07968552654454,187.405010287321,185.540587613826,185.569739,0.192806493285531,57.087146005,57.588424437299,56.98,8,110.120717,2338093,1.57371975425594,None
60,90000,95,5.34,5.32666666666667,110.186246,9.07554287673981,182.35991171693,186.22653799781,186.261737,0.187708153770964,58.6925403693333,55.9292866082603,58.6,6,110.172388,2340790,1.5759764036682,None
60,90000,95,5.34,5.34166666666667,109.821242,9.10570652624745,193.691117379485,190.362729980343,190.39001,0.187116640856474,58.6628467683333,58.6271450858034,58.55,8,109.806739,2333826,1.57017185347161,None
60,90000,95,5.34,5.25833333333333,109.897409,9.09939560085534,187.100193137952,186.333982902694,186.367915,0.189970151699842,57.7877208991667,57.8129952456418,57.69,8,109.883913,2331706,1.5684002491703,None
60,90000,95,5.34,5.29666666666667,109.930607,9.09664766974315,192.718900908187,189.655353820957,189.692356,0.188753100183449,58.2265781743333,58.7161736941473,58.1,7,109.913032,2340316,1.57557862589916,None
60,90000,95,5.34,5.23833333333333,110.363782,9.06094356208271,178.934972484041,182.745520222399,182.775281,0.190886701280942,57.8122278043333,57.6678332803054,57.7,6,110.348227,2337842,1.57351445753549,None
60,90000,95,5.34,5.41,109.810598,9.10658914725152,186.722062586912,188.768639834258,188.802329,0.184833552808072,59.407533518,58.0560690080099,59.28,9,109.794262,2345895,1.58023496297857,None
60,90000,95,5.34,5.24,110.373227,9.06016818734493,187.622613289824,187.015675071247,187.045453,0.190784517745229,57.835570948,57.6017811704835,57.74,9,110.35784,2329018,1.5661601596187,None
70,90000,95,6.23,6.15,109.350789,9.14488143290855,222.70694251658,221.518640046342,221.548924,0.162521818327371,67.250735235,67.6964769647696,67.1,8,109.33362,2355449,1.58824065429804,None
70,90000,95,6.23,6.3,109.504167,9.13207257217892,207.336020828084,215.175635269577,215.201547,0.158691926530688,68.98762521,68.7433862433862,68.83,7,109.489887,2352003,1.58537788657561,None
70,90000,95,6.23,6.31333333333333,109.246855,9.15358158365291,218.984755951379,222.529439633316,222.559329,0.158390715535639,68.9711811233333,68.3738120380148,68.8,8,109.229578,2352181,1.58552608469122,None
70,90000,95,6.23,6.28833333333333,109.457399,9.13597444426758,228.463585722736,229.365311478134,229.392238,0.158926219948052,68.8304610711667,68.8841770474424,68.66,11,109.442379,2352172,1.58551781966547,None
70,90000,95,6.23,6.24333333333333,109.42833,9.13840136279152,218.962871661789,222.472015301388,222.502943,0.160134107557128,68.31975403,67.2183662573412,68.17,10,109.415106,2353377,1.58651950424467,None
70,90000,95,6.23,6.26,109.317872,9.14763507288177,206.35779345167,214.012477371406,214.042866,0.159735082029287,68.432987872,67.2124600638978,68.29,7,109.303918,2358657,1.59092099517777,None
70,90000,95,6.23,6.135,109.272838,9.15140503626345,210.114407184009,213.896381270579,213.924801,0.162985139134746,67.038886113,66.0554197229014,66.77,9,109.261867,2354076,1.5870944726568,None
70,90000,95,6.23,6.24666666666667,109.343442,9.14549589540084,235.493793061031,232.179375541889,232.206146,0.160050065772412,68.303203436,69.0101387406617,68.14,9,109.327136,2352570,1.58584671302604,None
80,90000,95,7.12,7.22666666666667,108.869844,9.18527999360411,298.453860922373,301.344909007841,301.369767,0.13836868821679,78.676607264,78.1480627306273,78.47,13,108.851478,2367733,1.59854165692436,None
80,90000,95,7.12,7.145,108.916612,9.18133590126729,285.204851420711,288.193243261022,288.213533,0.139917109039422,77.820919274,77.9099603452298,77.61,13,108.901815,2367720,1.59852609959627,None
80,90000,95,7.12,7.09166666666667,108.838943,9.18788783165599,293.686421311211,293.754194464865,293.780237,0.140881811226322,77.1849504108333,76.4159811985899,76.99,14,108.821876,2371345,1.60154417611497,None
80,90000,95,7.12,7.155,109.044164,9.17059623658539,287.419609352198,289.370194165851,289.396871,0.139759122557186,78.021099342,78.6745865362218,77.83,11,109.030524,2364905,1.59618096609257,None
80,90000,95,7.12,7.05833333333333,108.878947,9.18451204345318,285.176238380059,285.956652722314,285.982367,0.141672242520189,76.8503900908333,76.8476977567887,76.65,16,108.865404,2363266,1.59480837063772,None
80,90000,95,7.12,7.15,108.65166,9.20372500521391,300.634097836895,299.589124313054,299.615577,0.139857331461072,77.6859369,78.3100233100233,77.36,17,108.639488,2369623,1.60011090172742,None
80,90000,95,7.12,7.00833333333333,109.019265,9.17269071663618,305.734213134525,300.459595070868,300.485774,0.142628146778597,76.4043348875,77.0035671819263,76.21,12,109.003379,2364552,1.59587785338769,None
80,90000,95,7.12,7.055,109.035843,9.17129608471959,292.075878450225,291.722315656745,291.746649,0.141704217257973,76.9247872365,75.7736829671628,76.75,15,109.01826,2364369,1.59572828159676,None
90,90000,95,8.01,7.85666666666667,108.464342,9.21961984520221,405.075269343666,407.353074436148,407.376131,0.127251761082096,85.2168180313333,85.8612643190496,84.99,18,108.447007,2380003,1.60880487176645,None
90,90000,95,8.01,8.13,108.543867,9.21286506219647,440.855269561306,449.310162512095,449.33024,0.122977746901599,88.246163871,88.2021320213202,88,17,108.530142,2379859,1.60870145381555,None
90,90000,95,8.01,7.95166666666667,108.541763,9.21304364661923,437.938764874839,439.65004346615,439.65178,0.125747263318382,86.3087918788333,86.4612805197527,86.06,17,108.525051,2380769,1.60944926302043,None
90,90000,95,8.01,8.00666666666667,108.507047,9.2159912894874,414.439188547429,421.012170623439,421.036235,0.12488080229413,86.8779756313333,86.6673605328893,86.63,19,108.490981,2377637,1.606841780571,None
90,90000,95,8.01,8,108.670149,9.20215909522679,444.524007915842,448.526798059792,448.52946,0.124965870463125,86.9361192,85.6264972398708,86.56,25,108.650933,2380933,1.60958872286673,None
90,90000,95,8.01,7.995,108.458092,9.22015113450456,444.409504950392,445.760271025641,445.780898,0.125075558107984,86.712244554,86.9084844694601,86.48,19,108.442597,2380384,1.60913067110351,None
90,90000,95,8.01,8.025,108.595939,9.20844747242344,462.136966202401,463.882149592731,463.884425,0.124610260096158,87.1482410475,87.5402346589139,86.9,24,108.575899,2376119,1.60557796326928,None
90,90000,95,8.01,8.08666666666667,108.515277,9.21529233160415,414.550157030629,425.608717287304,425.632091,0.12357581397939,87.752687334,86.7168178070899,87.51,16,108.498084,2376602,1.6059839222215,None
100,90000,95,8.9,8.88666666666667,108.203494,9.24184573928823,1171.47863485001,1181.99526337528,1182.015638,0.112517132211928,96.1568383346667,95.6957989497374,95.54,36,108.184384,2390439,1.61756207320067,None
100,90000,95,8.9,8.95166666666667,108.273927,9.23583384945482,1368.23666101502,1383.78093223832,1383.801874,0.111691568415379,96.9232103195,96.9744926456898,96.64,47,108.255125,2388150,1.61566015750378,None
100,90000,95,8.9,9.10333333333333,108.179334,9.24390974712416,1795.42797673644,1823.70006921659,1823.720691,0.109818622187843,98.479253718,97.8121567191505,97.53,51,108.161264,2390559,1.61767313080442,None
100,90000,95,8.9,8.96166666666667,108.100961,9.25061156486851,968.417095814702,994.462185393156,994.482881,0.111552464802306,96.8764778828333,96.550120885252,96.27,35,108.081407,2389339,1.6166492073318,None
100,90000,95,8.9,8.79333333333333,108.12194,9.24881666015242,1128.03209751224,1129.69020006198,1129.71156,0.11370652247138,95.0752259066667,95.1383623957544,94.64,39,108.103749,2388232,1.61571743355264,None
100,90000,95,8.9,8.81166666666667,108.222798,9.2401972456857,919.00618512871,932.751632904672,932.77163,0.113416410945338,95.362322171,95.2808776243616,95.07,36,108.203629,2387168,1.61483291359592,None
100,90000,95,8.9,8.95,108.154544,9.24602853487136,1240.19225367498,1257.98848969386,1258.00872,0.111713217432775,96.79831688,96.3594040968343,96.04,42,108.134662,2391429,1.61839006514488,None
100,90000,95,8.9,8.93166666666667,108.35704,9.22874969637414,1553.33350209571,1558.68657535063,1558.708551,0.111955634487778,96.7808962266667,95.9227467811159,95.7,56,108.338795,2388209,1.61570413188173,None
100,90000,95,8.9,9.06333333333333,108.015043,9.25796974408463,1402.17160620758,1429.56827046433,1429.587465,0.110309269023906,97.8976339723333,97.5358587716072,97.43,40,107.996045,2390031,1.61723245719578,None
10,100000,75,0.89,0.871666666666667,121.749345,8.2135965495338,106.387256927053,127.109849923518,127.320478,1.14715577980497,10.6124845725,9.27342256214149,10.68,1,121.726785,2109045,1.38258973002041,None
10,100000,75,0.89,1.01166666666667,120.043183,8.33033559265085,123.762040336655,128.743728680395,128.937948,0.987966633049423,12.1443686801667,11.6968698517298,12.22,2,120.018547,2117487,1.38963250052567,None
10,100000,75,0.89,0.915,120.388123,8.30646724178929,153.284162958982,129.381555817851,129.586516,1.08467686407104,11.0155132545,12.9326047358834,11.1,2,120.372919,2093946,1.37000889538182,None
10,100000,75,0.89,0.921666666666667,121.030436,8.26238451293359,142.245650062621,129.801449853526,129.968964,1.0849093283038,11.1549718513333,11.8444846292948,11.23,2,121.01456,2088701,1.36563855667528,None
10,100000,75,0.89,0.873333333333333,121.114339,8.25666067500067,113.629741856535,126.969409688931,127.18054,1.14359988765458,10.5773189393333,9.54198473282443,10.65,2,121.098025,2111236,1.38441547074741,None
10,100000,75,0.89,0.93,120.349184,8.30915480075046,136.817358461479,129.064621037634,129.234791,1.07408963139964,11.192474112,12.0071684587814,11.29,2,120.335504,2103543,1.37800756915756,None
10,100000,75,0.89,0.82,122.052742,8.19317930604132,127.652191156058,129.016979213415,129.245595,1.21943980774187,10.008324844,9.85772357723577,10.09,2,122.037598,2079343,1.35783448305922,None
10,100000,75,0.89,0.941666666666667,120.689146,8.28574924210666,126.869762706555,129.153445088496,129.311638,1.06186055517522,11.3648945816667,11.0619469026549,11.44,2,120.673928,2092068,1.36844549641354,None
10,100000,75,0.89,0.85,121.971106,8.19866305057527,133.663651552688,129.623392094118,129.647861,1.17260310241765,10.36754401,11.1655239960823,10.44,2,121.954622,2087273,1.36444469591649,None
10,100000,75,0.89,0.93,120.448669,8.30229182524217,123.328323120207,128.00229894086,128.19766,1.06886042676703,11.201726217,11.1111111111111,11.28,2,120.435711,2117654,1.38976705613534,None
20,100000,75,1.78,1.8,115.198271,8.68068584119635,152.520576131687,134.055557793519,134.159511,0.555547565112963,20.73568878,23.6574074074074,20.76,4,115.186304,2236725,1.48904517206387,None
20,100000,75,1.78,1.77333333333333,115.072772,8.69015304506613,133.82257335067,130.749848012218,130.858709,0.56381895224906,20.4062382346667,21.1936090225564,20.45,3,115.05696,2252631,1.50229931849762,None
20,100000,75,1.78,1.72666666666667,115.511253,8.65716520277033,128.016875121122,131.094704494209,131.181249,0.578810083616795,19.944943018,20.1737451737452,20,3,115.487107,2228709,1.48236085856216,None
20,100000,75,1.78,1.805,114.914255,8.70214056558953,124.819995754074,129.118114352724,129.205935,0.55349126588181,20.7420230275,20.4986149584488,20.77,3,114.902258,2244068,1.49516474424525,None
20,100000,75,1.78,1.825,114.642683,8.72275468291334,125.852254957153,129.89005706484,129.990425,0.547896572109589,20.9222896475,19.9543378995434,20.97,3,114.630181,2224251,1.47865065468122,None
20,100000,75,1.78,1.76,115.133108,8.68559893301934,123.751721763085,128.894109568182,129.001137,0.566084847939394,20.263427008,19.9810606060606,20.3,2,115.121373,2243928,1.49504562532356,None
20,100000,75,1.78,1.80833333333333,114.483678,8.7348696117188,120.537705196543,129.007525425806,129.106352,0.552665217137327,20.702465105,19.8617511520737,20.73,2,114.47242,2211523,1.46804213837429,None
20,100000,75,1.78,1.69833333333333,115.797599,8.63575763777278,136.368758071615,131.426278909715,131.51281,0.588679899864573,19.6662922301667,20.215897939156,19.71,3,115.785507,2240454,1.49214739665094,None
30,100000,75,2.67,2.685,112.495887,8.88921387854829,142.178944338677,138.325115214773,138.381613,0.371213998949721,30.2051456595,30.5400372439479,30.22,4,112.482506,2297320,1.53959431597514,None
30,100000,75,2.67,2.72,112.284315,8.90596340192306,131.785250865052,136.62020227451,136.677912,0.367451481903186,30.54133368,29.4730392156863,30.54,3,112.269185,2279618,1.52484310036895,None
30,100000,75,2.67,2.61333333333333,112.31015,8.90391473967402,130.804872969596,135.3376295625,135.397438,0.382139045117985,29.3503858666667,28.4757653061224,29.36,4,112.29484,2282418,1.52717038687461,None
30,100000,75,2.67,2.65166666666667,112.596544,8.88126726163105,137.479797778279,136.700682899434,136.78039,0.376891064983658,29.8568502506667,30.4211187932118,29.86,3,112.582465,2271522,1.51809227867704,None
30,100000,75,2.67,2.65666666666667,112.600172,8.88098110542851,133.420653674617,137.475213617942,137.547218,0.376139881695734,29.9141123613333,29.0464240903388,29.91,4,112.588298,2291591,1.5348181005949,None
30,100000,75,2.67,2.73333333333333,112.265579,8.90744971795852,132.693036774927,136.125708990244,136.131605,0.365382627615244,30.6859249266667,29.9908564462054,30.68,4,112.249792,2300636,1.54236033564189,None
30,100000,75,2.67,2.72666666666667,112.404177,8.89646654323175,130.244917235072,135.747846119804,135.82023,0.366405682992054,30.648872262,30.1344743276284,30.66,3,112.391761,2289516,1.53309277171152,None
30,100000,75,2.67,2.685,112.899496,8.85743546631953,132.700348049432,135.847236303538,135.915656,0.371989675220981,30.313514676,30.1675977653631,30.31,3,112.886653,2290794,1.53415600340837,None
30,100000,75,2.67,2.615,113.04638,8.84592677801801,142.580859799144,138.639355745061,138.694689,0.382091010752709,29.56162837,30.5289993626514,29.58,3,113.032428,2271586,1.51814414158334,None
30,100000,75,2.67,2.69,112.771295,8.86750480252976,129.328413556105,136.175586570632,136.233132,0.371684105213755,30.335478355,28.7174721189591,30.34,4,112.754572,2295562,1.53812983153848,None
40,100000,75,3.56,3.56333333333333,111.449272,8.97269207823987,153.444158489833,149.728145855472,149.782438,0.280559340531338,39.7130905893333,40.5051449953227,39.68,6,111.434797,2313625,1.55323370983695,None
40,100000,75,3.56,3.60333333333333,111.153198,8.9965922527933,144.921831209496,147.105844124884,147.149072,0.2772068181716,40.052202346,38.8066604995375,40.01,6,111.136423,2319612,1.55822520234273,None
40,100000,75,3.56,3.48833333333333,111.388525,8.97758543799732,167.509426114715,153.479553881988,153.524789,0.286608215355471,38.8560304708333,41.2326803631152,38.83,5,111.375593,2308098,1.54862281875171,None
40,100000,75,3.56,3.62833333333333,111.207218,8.99222206961422,140.71612247219,145.360822988976,145.401741,0.275547486393202,40.3496855976667,39.4809370693615,40.31,4,111.189655,2332858,1.56926638740426,None
40,100000,75,3.56,3.56333333333333,111.112833,8.99986052916138,146.881106373074,148.020592896632,148.074313,0.280434208280636,39.593206159,39.4293732460243,39.56,5,111.102048,2317723,1.55664844197366,None
40,100000,75,3.56,3.605,111.137628,8.99785264447069,157.960514358925,151.509923060564,151.516193,0.277217698129912,40.065114894,40.8134966489485,40.03,6,111.123486,2322552,1.56067558281228,None
40,100000,75,3.56,3.51833333333333,111.621371,8.95885788752765,137.736935916421,145.179079562293,145.230823,0.284167585631454,39.2721190301667,37.9914732354335,39.23,4,111.608401,2307155,1.54783904044308,None
40,100000,75,3.56,3.455,111.486912,8.96966273494058,150.09323233106,146.887926521467,146.931391,0.289249537081042,38.518728096,39.4597202122528,38.49,4,111.472386,2321577,1.55985470207499,None
40,100000,75,3.56,3.535,111.339893,8.98150674529569,139.642171935925,144.966731052805,145.008242,0.282680285370108,39.3586521755,38.5667138142386,39.33,4,111.324794,2315512,1.55480450423733,None
40,100000,75,3.56,3.505,111.397388,8.97687116326282,157.915836557109,151.853214416072,151.901098,0.285058499271992,39.044784494,39.3723252496434,39.02,5,111.384384,2295979,1.53852357244645,None
50,100000,75,4.45,4.34833333333333,110.596845,9.0418492498588,158.707049528264,161.065464879647,161.10927,0.22995165434381,48.0911947675,47.3553085473361,48.02,5,110.582983,2331547,1.56821544812137,None
50,100000,75,4.45,4.37833333333333,110.595417,9.04196599756028,156.843901918078,160.88136351123,160.923914,0.228231886357823,48.4223600765,47.5827940616673,48.36,5,110.579446,2332772,1.56923825699484,None
50,100000,75,4.45,4.425,110.497105,9.05001085775053,152.205155699662,159.060305723541,159.063045,0.225940080077213,48.8949689625,47.2415740915082,48.82,5,110.484975,2329590,1.56658871835927,None
50,100000,75,4.45,4.53166666666667,110.344796,9.06250259414137,164.588992150777,165.625353985657,165.65865,0.220624494227657,50.0045833873333,50.4965060684075,49.94,6,110.330005,2328532,1.5657129792483,None
50,100000,75,4.45,4.43833333333333,110.355492,9.06162422799945,175.09524337985,169.287273667668,169.319234,0.225259641462261,48.979445866,49.1738640630868,48.91,7,110.344566,2332463,1.5689836970265,None
50,100000,75,4.45,4.46333333333333,110.43402,9.05518064089309,163.601742631159,163.827444562733,163.866225,0.224013791581777,49.29038426,49.0851381628081,49.22,5,110.422051,2337253,1.57297758702098,None
50,100000,75,4.45,4.60833333333333,110.287992,9.06717025004862,175.403601594459,170.404990728029,170.445794,0.216988850290054,50.82438298,51.627486437613,50.74,6,110.276319,2339595,1.5749377670598,None
50,100000,75,4.45,4.55666666666667,109.999303,9.09096669457987,166.961971735265,165.452442247257,165.492905,0.219372940167154,50.1230157336667,50.9875640087784,50.04,5,109.985571,2335727,1.57171018737667,None
50,100000,75,4.45,4.20166666666667,110.721409,9.03167697224662,146.9921599461,154.753104153511,154.796602,0.237953260625942,46.5214453481667,44.6449821499405,46.46,6,110.707626,2333837,1.57011559419315,None
50,100000,75,4.45,4.49166666666667,110.466441,9.05252301918553,166.790008295442,166.448402470872,166.489647,0.222600301849351,49.6178430825,49.7031539888683,49.55,6,110.447791,2326651,1.56414315736295,None
60,100000,75,5.34,5.375,109.584666,9.12536430963799,206.352983594736,198.282810297985,198.316438,0.185868082586047,58.901757975,60.062015503876,58.79,8,109.566545,2353229,1.58634496399933,None
60,100000,75,5.34,5.295,109.764031,9.11045258532825,174.204169902715,181.029169614101,181.058781,0.188783366495121,58.1200544145,56.7988668555241,58.02,7,109.750655,2351683,1.58505222104022,None
60,100000,75,5.34,5.33833333333333,109.580907,9.12567734085282,179.955394221913,183.91093592507,183.945331,0.187065565278177,58.4979408535,57.695910084296,58.38,7,109.566008,2349923,1.58358727922858,None
60,100000,75,5.34,5.375,109.384828,9.14203567609943,199.545700378583,194.354847746977,194.389129,0.185976477269457,58.79434505,59.6589147286822,58.68,7,109.373511,2351838,1.58518500783015,None
60,100000,75,5.34,5.31333333333333,109.766436,9.11025297386899,188.382878706064,186.994347935069,187.022934,0.18814383844793,58.322566328,58.9711417816813,58.21,7,109.753258,2348832,1.58267703897186,None
60,100000,75,5.34,5.34333333333333,109.692806,9.11636812353948,173.606178994547,179.337271920462,179.37052,0.187139127060512,58.6125226726667,57.9538365564566,58.5,6,109.678457,2352902,1.58607083720903,None
60,100000,75,5.34,5.30833333333333,109.515357,9.13113948028312,194.061153020561,189.296853521193,189.330964,0.188373500681633,58.1344020075,59.6703296703297,58.02,6,109.500453,2347026,1.58117076116941,None
70,100000,75,6.23,6.23333333333333,109.323448,9.14716850130816,216.019903342961,219.841097176471,219.871908,0.160425784497059,68.1449492533333,66.7780748663102,67.98,8,109.309848,2368926,1.59947841843237,None
70,100000,75,6.23,6.105,109.18357,9.15888718421645,206.304137508069,209.870321817363,209.897854,0.163776583689326,66.656569485,66.7076167076167,66.51,8,109.169555,2361008,1.59287078915598,None
70,100000,75,6.23,6.22,108.952508,9.17831097564087,210.118967614754,213.539926185155,213.56367,0.160765257653001,67.768459976,68.4217577706324,67.62,8,108.942789,2369206,1.59970981816618,None
70,100000,75,6.23,6.1,109.233612,9.15469132339961,217.705813849324,217.868106951366,217.893695,0.163918633377869,66.63250332,66.7622950819672,66.49,8,109.223756,2365001,1.59619879529045,None
70,100000,75,6.23,6.18333333333333,109.156098,9.16119225881453,214.710732993803,217.5568440062,217.581602,0.161543805926954,67.49485393,67.5202156334232,67.35,11,109.144256,2367406,1.59820805375583,None
70,100000,75,6.23,6.235,108.80606,9.1906645640877,222.185209217439,223.268232343758,223.297084,0.160370940987169,67.84057841,67.8027265437049,67.7,8,108.79632,2368026,1.59872673909027,None
70,100000,75,6.23,6.11166666666667,108.950441,9.17848510590242,217.678602091532,216.852308824925,216.884397,0.163608340676575,66.5868778578333,67.0439050995364,66.44,8,108.937374,2361188,1.59302043365776,None
70,100000,75,6.23,6.26,108.85721,9.1863460399178,217.330652213115,219.763212455804,219.798401,0.159691508176251,68.14461346,67.6517571884984,68,10,108.839835,2365184,1.59635960492799,None
80,100000,75,7.12,7.11666666666667,108.535703,9.21355804918866,303.555660372184,300.574660039813,300.601366,0.14047493597541,77.2412419683333,77.7985948477752,77.04,13,108.520333,2376780,1.60607458862513,None
80,100000,75,7.12,6.95666666666667,108.624692,9.20600999264513,264.816146868526,268.724229056301,268.745912,0.143670663688309,75.5665774013334,74.3890752275994,75.38,11,108.609803,2375172,1.60472515884461,None
80,100000,75,7.12,6.98666666666667,108.456415,9.22029370046945,295.870951940446,290.882362269084,290.907437,0.143124897605916,75.7748819466667,75.5486641221374,75.58,14,108.440997,2377734,1.60686170935674,None
80,100000,75,7.12,7.26666666666667,108.410043,9.22423764742903,290.221782678226,294.582591995184,294.605073,0.137596857979817,78.77796458,78.4862385321101,78.57,11,108.392874,2383299,1.61151670855965,None
80,100000,75,7.12,7.04666666666667,108.50136,9.2164743372802,263.146353230121,268.350076323084,268.377352,0.141839795449149,76.45729168,75.6149479659413,76.27,14,108.484545,2379784,1.60857420954853,None
80,100000,75,7.12,7.20333333333333,108.424214,9.22303204337732,307.521262136983,306.447436875289,306.468422,0.13878195471217,78.1015754846667,78.7482646922721,77.9,12,108.408504,2383059,1.61131296252526,None
80,100000,75,7.12,6.98666666666667,108.662707,9.20278932495212,289.400748790863,287.275811141699,287.301922,0.143128018480916,75.9190112906667,76.1331106870229,75.72,16,108.643979,2379502,1.60833612500276,None
80,100000,75,7.12,7.06833333333333,108.577486,9.21001246980428,285.720941654827,285.932997224004,285.9591,0.141437161417354,76.7461863543333,76.1612827163405,76.56,15,108.563098,2381085,1.60966020746793,None
80,100000,75,7.12,7.04166666666667,108.672718,9.2019415581379,271.503098631,275.116886413965,275.138004,0.142008807355503,76.5237055916667,76.7692307692308,76.33,10,108.658397,2381509,1.61001234595749,None
80,100000,75,7.12,7.17833333333333,108.405079,9.22466003645457,308.308529982536,305.377827536104,305.398836,0.139293698009287,77.8167792088333,77.9080566519619,77.61,13,108.388302,2382675,1.61099129092778,None
90,100000,75,8.01,8.13,108.142281,9.24707700589375,547.907693099071,542.111458213612,542.133228,0.123000273308323,87.919674453,87.9868798687987,87.66,21,108.124837,2388769,1.61612638865391,None
90,100000,75,8.01,8.115,108.236102,9.23906147322268,473.869477665419,476.195009602177,476.217862,0.123223127613062,87.833596773,88.3651673855001,87.59,19,108.218386,2389997,1.61714958366321,None
90,100000,75,8.01,7.95666666666667,108.055917,9.25446775857726,528.443676814557,516.021564468161,516.042164,0.125644006971512,85.976491293,87.4633431085044,85.74,31,108.03921,2388315,1.61573733003497,None
90,100000,75,8.01,7.81,108.417066,9.22364012322562,414.302444473226,414.265194515152,414.284341,0.1280258566035,84.673728546,84.6350832266325,84.44,15,108.398447,2389141,1.61641862566956,None
90,100000,75,8.01,8.06166666666667,108.054965,9.25454929350077,448.681172012871,451.777424467852,451.801586,0.124011011132313,87.1103109508334,87.3578664461443,86.73,21,108.037148,2389175,1.61645965229786,None
90,100000,75,8.01,7.98666666666667,108.073555,9.25295739554417,447.506068823666,447.51234374687,447.533803,0.125174543453673,86.3147459266667,86.3209515859766,85.93,25,108.060153,2388820,1.61615931621602,None
90,100000,75,8.01,8.07,108.134242,9.24776445929126,429.648772333368,435.584620834366,435.603398,0.123900747968402,87.264333294,87.9491945477076,87.01,13,108.118431,2390321,1.61741643471795,None
90,100000,75,8.01,7.96,108.104822,9.25028117617177,390.167967138877,397.608199487228,397.631495,0.125622105345896,86.051438312,85.427135678392,85.81,16,108.087388,2389643,1.61684464860351,None
90,100000,75,8.01,8.075,108.259325,9.23707957720963,448.286989555477,452.995934855315,453.018766,0.123779590678638,87.4194049375,87.2755417956656,87.17,19,108.240362,2390875,1.61787910019229,None
90,100000,75,8.01,8.04166666666667,108.292418,9.23425682488685,554.65005771967,544.508145311503,544.530734,0.124348094669016,87.0851528083333,87.2849740932643,86.84,31,108.275458,2387528,1.61508743005234,None
100,100000,75,8.9,9.025,108.123969,9.24864310151249,1850.06765346081,1863.99913373647,1864.017698,0.110736665605171,97.5818820225,97.4976915974146,96.96,49,108.109815,2393540,1.62015480805289,None
100,100000,75,8.9,9.11666666666667,108.134863,9.24771135096366,1847.2906897854,1878.98096347002,1879.002342,0.109681028924863,98.5829501016667,98.254113345521,97.79,59,108.119848,2393445,1.62008022645905,None
100,100000,75,8.9,8.83833333333333,108.163326,9.24527783104599,985.618906360888,999.528022704695,999.530357,0.113132459211013,95.598352963,95.4181201093617,95.15,28,108.144364,2392787,1.61951709616581,None
100,100000,75,8.9,9.02,107.970683,9.26177340195208,1515.52024490211,1534.29261586789,1534.309878,0.110829570329268,97.389556066,97.4039172209904,96.94,40,107.951893,2394026,1.62055980629533,None
100,100000,75,8.9,8.825,108.005151,9.25881766509451,1684.55462018527,1662.93394347951,1662.950388,0.113308304573938,95.3145457575,95.1935788479698,94.86,57,107.987472,2391961,1.61882697211078,None
100,100000,75,8.9,8.99,108.057306,9.25434879896043,1844.31224410759,1851.35366467371,1851.373239,0.111199911402114,97.143518094,97.1913236929922,96.85,60,108.041962,2393569,1.62017837071706,None
100,100000,75,8.9,8.83,108.076537,9.25270209203687,1084.96250855576,1092.55200772027,1092.574066,0.113222774309551,95.431582171,95.403926009815,95.15,35,108.062125,2392163,1.61899695849036,None
100,100000,75,8.9,8.74166666666667,108.067087,9.25351120087099,1278.78836896731,1264.40661893651,1264.42315,0.114363496038132,94.4686452191667,95.071496663489,94.19,47,108.046957,2392880,1.6195892900214,None
100,100000,75,8.9,8.75,108.021542,9.25741274828312,848.152380952381,859.835197095238,859.857147,0.114277601792952,94.51884925,94.5428571428571,94.23,33,108.003726,2393258,1.61990459455886,None
100,100000,75,8.9,9.00166666666667,108.013053,9.25814031013455,1102.96594186769,1129.05381646936,1129.070967,0.111088998916682,97.2297498755,97.0468431771894,96.78,33,107.996203,2393749,1.62032802259709,None
10,100000,80,0.89,0.881666666666667,121.25556,8.24704450666015,103.987621542233,128.635712667297,128.850501,1.13408866735539,10.69069854,8.60113421550095,10.76,2,121.237994,2122583,1.39387212570003,None
10,100000,80,0.89,0.878333333333333,121.320443,8.24263393103502,112.339726856036,128.036095246679,128.215982,1.13748061721822,10.6559789101667,9.4876660341556,10.72,2,121.291256,2096389,1.37204294437497,None
10,100000,80,0.89,0.93,120.725337,8.28326534304891,144.525378656492,130.047595394265,130.256728,1.07472340208602,11.227456341,12.5448028673835,11.3,2,120.699927,2091954,1.36834981427455,None
10,100000,80,0.89,0.873333333333333,120.961851,8.2670692597123,135.352462177719,129.00682033397,129.024667,1.14499394879199,10.564001654,11.3441372735939,10.64,2,120.927678,2077774,1.35652959621693,None
10,100000,80,0.89,0.868333333333333,121.08075,8.25895115449814,141.467206501597,129.867428856046,130.072714,1.15050858789827,10.513845125,11.5163147792706,10.59,2,121.067246,2082529,1.36049197208408,None
10,100000,80,0.89,0.855,121.496591,8.23068360823391,109.435381826887,127.847253559454,128.057762,1.16369403414425,10.3879585305,9.16179337231969,10.47,2,121.47527,2103668,1.37810773915043,None
10,100000,80,0.89,0.906666666666667,121.121785,8.25615309417707,119.620458477509,129.414204363971,129.622673,1.10227995120588,10.9817085066667,9.92647058823529,11.07,2,121.106093,2094842,1.37075543938481,None
10,100000,80,0.89,0.863333333333333,121.150913,8.25416808868787,140.87446519879,130.109155501931,130.283739,1.15790803544981,10.4593621556667,11.3899613899614,10.54,2,121.137023,2070105,1.35013809365813,None
10,100000,80,0.89,0.861666666666667,121.849277,8.20686034928217,105.503780552136,127.926820156673,128.10563,1.1598377909884,10.4993460348333,8.89748549323018,10.58,2,121.828086,2086845,1.36408869634505,None
20,100000,80,1.78,1.74833333333333,115.19775,8.68072510096769,144.49278035916,132.029168114395,132.136005,0.569740120732126,20.140406625,22.0209723546235,20.18,3,115.185334,2237773,1.4899155462576,None
20,100000,80,1.78,1.71833333333333,115.300744,8.67297092202631,129.261562747834,129.700914963143,129.803803,0.581656314315228,19.8125111773333,19.9806013579049,19.86,3,115.282518,2221223,1.47612145697851,None
20,100000,80,1.78,1.76666666666667,115.920356,8.6266125683741,121.484514061944,130.396247209434,130.500181,0.565945136988679,20.4792628933333,19.4811320754717,20.53,2,115.904328,2215843,1.4716413184122,None
20,100000,80,1.78,1.745,115.093923,8.68855604131245,133.551175004037,131.001914124164,131.091257,0.572482847772684,20.0838895635,20.4393505253104,20.12,3,115.082077,2224074,1.47849876247115,None
20,100000,80,1.78,1.78833333333333,114.884579,8.7043884279717,126.115124347602,130.482234400746,130.581012,0.558646299648649,20.5451922111667,19.5712954333644,20.59,3,114.872322,2225413,1.47961708360862,None
20,100000,80,1.78,1.79166666666667,115.287428,8.67397267289197,130.319091400757,131.955214698605,132.054674,0.558131725373954,20.6556641833333,20.5116279069767,20.69,3,115.275085,2228522,1.48220858212772,None
20,100000,80,1.78,1.77833333333333,114.47217,8.73574773676432,132.280592961373,130.26541260731,130.346711,0.562322446948454,20.356967565,20.4779756326148,20.41,3,114.459614,2228165,1.48190961833363,None
20,100000,80,1.78,1.79833333333333,115.259926,8.67604235664701,140.434841239915,132.817083188137,132.92215,0.555982860263207,20.7275766923333,22.3818350324375,20.78,3,115.250011,2239352,1.4912345690419,None
20,100000,80,1.78,1.805,115.082412,8.689425105202,124.762395386859,130.516691970453,130.532056,0.553824160705448,20.772375366,19.7508075680665,20.8,3,115.061483,2241615,1.49312061537417,None
30,100000,80,2.67,2.57333333333333,112.72146,8.87142519268292,135.909688850707,136.626792410622,136.692089,0.388441194639896,29.00698904,28.4326424870466,28.99,3,112.704441,2283755,1.52828268520373,None
30,100000,80,2.67,2.62333333333333,112.547309,8.88515246508471,136.469535930923,137.359796670902,137.427893,0.381119774053367,29.5249107276667,29.3202033036849,29.52,4,112.535666,2271596,1.51815215956011,None
30,100000,80,2.67,2.66166666666667,112.807981,8.86462102357811,127.861844904092,135.400475286788,135.454453,0.375673741762054,30.0257242761667,28.4596117720726,30.03,3,112.79598,2294101,1.53691057969039,None
30,100000,80,2.67,2.66,112.512506,8.88790087032636,137.444174345639,137.441997075815,137.497854,0.375929533053258,29.928326596,29.9812030075188,29.95,4,112.497688,2299019,1.54100882900441,None
30,100000,80,2.67,2.575,113.510692,8.80974278616855,141.640745279166,138.088137879612,138.165002,0.388272117034304,29.22900319,30.0647249190939,29.23,3,113.494331,2267344,1.51460701049403,None
30,100000,80,2.67,2.62333333333333,112.521769,8.88716920189906,133.200079435684,135.98084283418,136.035005,0.381031058867853,29.5182107343333,29.2884371029225,29.54,4,112.510454,2255158,1.50445280561529,None
30,100000,80,2.67,2.82,112.173826,8.91473559972894,138.113441644451,138.288055367021,138.355171,0.354600459109929,31.633018932,32.1513002364066,31.63,4,112.160149,2293774,1.53664656700144,None
30,100000,80,2.67,2.72833333333333,112.677811,8.87486179510534,137.922335843127,138.365033862553,138.423806,0.36607247225901,30.7422627678333,30.3604153940134,30.77,3,112.656926,2289390,1.53298834670349,None
30,100000,80,2.67,2.76833333333333,112.397985,8.89695664917836,140.05475328942,138.379232467791,138.447201,0.360923883787477,31.1155088475,32.691149909693,31.12,3,112.381524,2277699,1.52324686109127,None
30,100000,80,2.67,2.56833333333333,113.136403,8.83888804560987,133.616704024477,136.343184107722,136.347963,0.389032750489942,29.0571995038333,28.6084982160234,29.05,4,113.121872,2278851,1.5241960059323,None
40,100000,80,3.56,3.66,111.35557,8.98024229950958,148.120775976191,149.808352583333,149.863231,0.273215635423953,40.75613862,40.2322404371585,40.73,5,111.343693,2304447,1.54559014276313,None
40,100000,80,3.56,3.515,111.532252,8.96601639497067,142.854541297305,145.745962219061,145.789925,0.284389961198672,39.203586578,39.0232337600759,39.19,4,111.520388,2307792,1.54836971766984,None
40,100000,80,3.56,3.625,111.232359,8.99018962638381,151.565596512089,150.771704715862,150.811083,0.275770996098391,40.3217301375,39.9770114942529,40.29,6,111.217869,2319728,1.55832338588652,None
40,100000,80,3.56,3.72666666666667,111.171113,8.9951424701487,158.589642250249,153.536911029517,153.58513,0.268279756369857,41.4297681113333,42.7325581395349,41.39,5,111.153063,2314954,1.55435051124927,None
40,100000,80,3.56,3.52333333333333,111.51382,8.96749837822792,149.161019611564,148.318030605487,148.3725,0.283735057139546,39.2900359133333,40.6811731315043,39.27,4,111.501656,2302219,1.54372547163451,None
40,100000,80,3.56,3.66333333333333,111.182437,8.99422630932258,152.632759866899,150.770715034122,150.811587,0.272787464654686,40.7298327543333,40.582347588717,40.7,6,111.170356,2314219,1.55373423802364,None
40,100000,80,3.56,3.43833333333333,111.46187,8.97167793793519,146.406141586088,146.778172746486,146.832214,0.290791301832768,38.3243063016667,38.5118759088706,38.31,5,111.44681,2302200,1.54370451176565,None
40,100000,80,3.56,3.485,111.358094,8.98003875676967,157.400679416533,150.794097293161,150.835306,0.286935696032042,38.808295759,39.0004782400765,38.78,6,111.338778,2318798,1.55754017999397,None
40,100000,80,3.56,3.51666666666667,111.463697,8.97153088327942,144.134228790908,146.354461979147,146.408402,0.284331919851659,39.1980667783333,39.8341232227488,39.15,4,111.448642,2319567,1.55818307256364,None
40,100000,80,3.56,3.605,111.422885,8.97481697767923,155.816874775172,151.860203461396,151.913817,0.27736872157374,40.1679500425,39.5515487748497,40.14,5,111.406755,2312178,1.55203020964416,None
50,100000,80,4.45,4.46333333333333,110.635014,9.03872981839185,164.103716783952,164.643112690441,164.674663,0.224010185437267,49.380094582,49.5332337565347,49.31,6,110.618603,2332973,1.569410918745,None
50,100000,80,4.45,4.49,110.263491,9.06918501247163,157.571969715759,161.236748273942,161.278402,0.222591133998886,49.508307459,48.4038604305865,49.44,5,110.249559,2331310,1.56802559802338,None
50,100000,80,4.45,4.50166666666667,110.360772,9.06119069192448,167.941419532662,167.570172547575,167.614033,0.222007079886709,49.680740862,48.4635320251759,49.61,8,110.346729,2342405,1.57727362666954,None
50,100000,80,4.45,4.45833333333333,110.47581,9.0517553118642,161.663027338632,163.283794671028,163.323898,0.224155399993645,49.253798625,48.9719626168224,49.19,5,110.459777,2337487,1.57317245112283,None
50,100000,80,4.45,4.50333333333333,110.367411,9.06064562844552,172.008452767668,167.335698221318,167.376188,0.221796307823834,49.702124087,51.0732790525537,49.63,5,110.352828,2332446,1.56897342253264,None
50,100000,80,4.45,4.54,110.433732,9.05520425588805,159.295412938992,162.34156320815,162.373637,0.220193396371145,50.136914328,50.6424375917768,50.07,5,110.419623,2330086,1.56700886159291,None
50,100000,80,4.45,4.48166666666667,110.493232,9.05032807801296,182.761857358346,172.555557795463,172.588433,0.22311749339643,49.5193834746667,51.1900334696913,49.45,5,110.479616,2327088,1.56450683463446,None
60,100000,80,5.34,5.33833333333333,109.770904,9.10988215966592,184.546391442069,187.314102290665,187.353972,0.187301842788011,58.5993675853333,57.9300655635342,58.49,7,109.754263,2346679,1.58088410531261,None
60,100000,80,5.34,5.28166666666667,109.858277,9.10263684546955,193.456629240291,189.761989432313,189.794157,0.18929291513853,58.0234799688333,59.5140422846324,57.91,8,109.847066,2344908,1.57940487810992,None
60,100000,80,5.34,5.44333333333333,109.699949,9.11577452055151,192.007766934952,191.278309138396,191.31046,0.183602321520821,59.7133389056667,60.3490508266993,59.6,7,109.688238,2349339,1.58310717963165,None
60,100000,80,5.34,5.49833333333333,109.600477,9.12404788165292,188.240789804584,190.390047045165,190.415891,0.18182841544074,60.2619956038333,60.7759927250682,60.14,7,109.585236,2355156,1.58795843255546,None
60,100000,80,5.34,5.40833333333333,109.885435,9.10038714411969,198.774456850767,195.040766595994,195.077542,0.184687476162096,59.4297060958333,59.1525423728814,59.31,9,109.871341,2343454,1.57820062379591,None
60,100000,80,5.34,5.39666666666667,109.61236,9.12305874994389,202.353079417861,196.892148929586,196.925542,0.185096857384805,59.1541369466667,60.0988264360717,59.03,8,109.599127,2351427,1.58484436027683,None
60,100000,80,5.34,5.29833333333333,110.062473,9.08574896368175,192.746101069647,190.288508852469,190.323319,0.18864906945486,58.3147669445,58.9336269267065,58.2,8,110.046293,2343348,1.57810624441889,None
60,100000,80,5.34,5.43333333333333,109.868866,9.10175954669451,192.743422785954,193.85096066227,193.88203,0.184003628740798,59.6954171933333,58.9263803680982,59.59,11,109.854754,2350730,1.5842664840264,None
70,100000,80,6.23,6.12166666666667,109.130362,9.16335272488146,223.70586932894,222.016727495508,222.045167,0.163342704995372,66.8059699376667,67.356384426899,66.66,9,109.113007,2364543,1.59581799010372,None
70,100000,80,6.23,6.215,109.176336,9.15949405006594,223.078146173142,223.649024144811,223.678744,0.160898843485653,67.853092824,68.5304371145079,67.69,8,109.16278,2365088,1.59627788970016,None
70,100000,80,6.23,6.25166666666667,109.197475,9.1577209088397,231.876316142408,230.592359278592,230.621949,0.159863851942149,68.2666214541667,67.5419888029859,68.1,12,109.183433,2361709,1.5934637712953,None
70,100000,80,6.23,6.155,109.230837,9.1549238975437,228.658385691594,226.530631450582,226.559859,0.162459652610886,67.2315801735,67.2759274302735,67.08,9,109.218381,2361491,1.59327648486488,None
70,100000,80,6.23,6.21,109.335787,9.14613620515669,215.312514315992,218.725561867955,218.753359,0.160983286198068,67.897523727,67.4449812130972,67.74,8,109.319086,2358938,1.59115219789437,None
70,100000,80,6.23,6.18,109.217814,9.1560155195928,210.469447673708,213.966861327131,213.992032,0.161806171002967,67.496609052,67.8398058252427,67.34,9,109.20219,2361014,1.59288033409627,None
70,100000,80,6.23,6.11666666666667,109.026514,9.17208083897831,205.139246709085,209.269895567575,209.300324,0.163409054311989,66.6878843966667,66.8392370572207,66.55,9,109.013193,2361680,1.59343111184449,None
70,100000,80,6.23,6.23333333333333,109.241104,9.15406347412966,230.840172724413,229.562151336096,229.590676,0.160412543721123,68.0936214933333,67.9411764705882,67.94,10,109.22725,2357197,1.58970218426588,None
80,100000,80,7.12,7.11,108.64111,9.20461876724198,281.837945406818,283.957985568683,283.979794,0.14063996119714,77.24382921,77.1331458040319,77.05,12,108.626835,2373439,1.60328988015659,None
80,100000,80,7.12,7.24,108.572425,9.21044178574809,315.876728427093,313.568263574586,313.59487,0.138096720953269,78.6064357,79.1321362799263,78.41,13,108.55385,2379031,1.60795838167532,None
80,100000,80,7.12,7.16833333333333,108.741108,9.19615422715759,279.734667502694,284.775900952802,284.795968,0.139453610099279,77.949250918,78.5049988374797,77.75,11,108.723435,2377858,1.60697702931268,None
80,100000,80,7.12,7.11333333333333,108.569301,9.21070680928488,291.521261953343,292.534600994142,292.561108,0.140516212881209,77.228962778,77.4015932521087,77.04,11,108.556036,2371769,1.60189786012539,None
80,100000,80,7.12,6.98166666666667,108.601566,9.20797035284003,275.215225954413,276.206288974457,276.23217,0.143167730155884,75.821993329,76.8679875865362,75.64,10,108.584387,2377986,1.60707208436525,None
80,100000,80,7.12,7.16833333333333,108.382991,9.22653998356624,302.568826691273,302.644315067659,302.67073,0.139462091428738,77.6925407151667,77.4819809346664,77.5,15,108.365604,2377273,1.60648804574046,None
80,100000,80,7.12,7.01666666666667,108.632945,9.20531059891638,274.863039590163,276.830352340618,276.856051,0.142476363187411,76.2241164083333,75.083135391924,76.03,13,108.619701,2377846,1.60695754350469,None
80,100000,80,7.12,7.14,108.455047,9.22041000083657,299.384459666219,297.001896305556,297.024928,0.140050769351774,77.436903558,78.0228758169935,77.24,14,108.440491,2375806,1.60526384976613,None
90,100000,80,8.01,7.92,108.2125,9.2410765854222,402.86067748189,407.378102900042,407.400247,0.126222701877525,85.7043,85.3430134680135,85.32,18,108.192019,2386364,1.61410878474656,None
90,100000,80,8.01,7.84333333333333,108.44385,9.22136202283486,381.12227177321,386.090088629622,386.108523,0.12744743071122,85.05612635,85.2103697407565,84.82,15,108.426682,2384865,1.6128565565066,None
90,100000,80,8.01,7.87166666666667,108.504761,9.2161854538346,427.189481703032,426.307644043405,426.328186,0.127035579801186,85.4113310338333,85.9940715646835,85.19,18,108.484306,2386207,1.6139772010449,None
90,100000,80,8.01,7.94333333333333,108.29225,9.23427115052093,451.06801939673,449.783866019933,449.801625,0.125868669596937,86.0201439166667,86.4561477129669,85.78,20,108.272522,2387980,1.6154583182555,None
90,100000,80,8.01,7.91,108.391617,9.22580571890537,384.714148796804,392.581844228403,392.606073,0.12640882950295,85.737769047,84.8398651495997,85.5,14,108.373117,2387090,1.61471492471107,None
90,100000,80,8.01,8.02166666666667,108.238076,9.2388929751486,440.086926082224,444.321094742572,444.343362,0.124658395867027,86.8249766313333,86.5260752129649,86.58,16,108.222656,2387229,1.61483676394662,None
90,100000,80,8.01,7.89333333333333,108.17161,9.24456980902845,417.611544980369,418.815394931799,418.839663,0.126635371002112,85.3834574933333,85.7791385135135,85.15,20,108.154106,2388122,1.61557319116143,None
90,100000,80,8.01,7.82166666666667,108.243043,9.23846902567216,428.200752724872,424.546731324739,424.570099,0.127843570782868,84.6641001331667,84.6686554442787,84.44,22,108.229342,2385268,1.61319036733855,None
100,100000,80,8.9,8.97666666666667,108.048249,9.25512453237442,1682.69525770558,1689.20742443947,1689.227251,0.111397890231155,96.991311519,96.8900854066097,96.53,51,108.028675,2392959,1.6196681247795,None
100,100000,80,8.9,8.88833333333333,107.975355,9.26137265304661,1135.57631760386,1147.85124991581,1147.871698,0.112497840836302,95.9720947025,95.7153572098256,95.53,40,107.955554,2393024,1.61971675705379,None
100,100000,80,8.9,8.90166666666667,108.071318,9.25314892523102,1238.68933353072,1249.02694838326,1249.044336,0.112330211338139,96.2014849063334,96.1898520876241,95.93,32,108.051814,2391153,1.61815939377405,None
100,100000,80,8.9,8.855,108.172522,9.24449186827686,1311.26330767899,1313.97496451214,1313.995485,0.112929868038961,95.786768231,95.7745153397327,95.34,40,108.157164,2392664,1.61941562316815,None
100,100000,80,8.9,8.91333333333333,108.056837,9.25438896568849,1268.70976728731,1280.31013156264,1280.331426,0.11217173696466,96.3146607126667,96.1667913238594,96.02,42,108.039059,2393381,1.62001705552159,None
100,100000,80,8.9,8.92,107.977884,9.26115573815097,1577.25706663449,1574.69194270329,1574.7091,0.112105887762145,96.316272528,96.0855754857997,95.7,61,107.961477,2392965,1.61966852061455,None
100,100000,80,8.9,8.76666666666667,108.059552,9.25415644884406,871.972993682141,883.826104943156,883.844094,0.11406408461635,94.7322072533333,94.8954372623574,94.3,33,108.039928,2391973,1.6188338687078,None
100,100000,80,8.9,8.965,108.072344,9.25306107916009,2241.81602308538,2232.48788782562,2232.504543,0.111525313146124,96.886856396,96.7744934002603,96.28,61,108.052702,2393130,1.61980927575821,None
10,100000,85,0.89,0.865,121.285785,8.24498930356925,115.829685811977,127.55106161079,127.754001,1.15246850212139,10.4912204025,10.019267822736,10.56,1,121.269993,2067278,1.34778228710456,None
10,100000,85,0.89,0.876666666666667,121.298249,8.24414208980049,121.441686304558,128.409136743346,128.585991,1.13557129589924,10.6338131623333,9.69581749049429,10.73,3,121.283162,2108184,1.38187245312069,None
10,100000,85,0.89,0.86,121.052281,8.26089348948328,123.940868938165,129.571262151163,129.789195,1.15912232846512,10.410496166,10.4651162790698,10.48,2,121.036568,2043401,1.32788382338111,None
10,100000,85,0.89,0.86,121.801366,8.21008854695439,141.968631692807,130.681786916667,130.871566,1.16179389315892,10.474917476,11.046511627907,10.56,3,121.785822,2105668,1.37977489380862,None
10,100000,85,0.89,0.865,121.426318,8.23544694816489,142.559613307049,129.749795146435,129.972288,1.15476625714644,10.503376507,11.5606936416185,10.57,2,121.405154,2092888,1.36912462940079,None
10,100000,85,0.89,0.846666666666667,122.585913,8.15754417067481,93.000186000372,127.127724757874,127.311587,1.18070115374016,10.378940634,7.67716535433071,10.45,2,122.571067,2096299,1.37196662969589,None
10,100000,85,0.89,0.865,121.544191,8.22746024941661,142.559613307049,129.650737181118,129.860449,1.15537621570713,10.5135725215,11.5606936416185,10.59,2,121.530879,2051256,1.33443037080843,None
10,100000,85,0.89,0.863333333333333,122.14339,8.18709878610705,118.513438976759,129.070842810811,129.282109,1.15386023159459,10.5450460033333,9.45945945945947,10.62,2,122.12689,2087904,1.36497141598257,None
20,100000,85,1.78,1.72666666666667,115.705148,8.64265780118963,146.464721754297,132.429167975869,132.541559,0.57652201676834,19.9784222213333,22.2972972972973,20.02,3,115.690837,2231788,1.48492693818849,None
20,100000,85,1.78,1.77,115.505863,8.65756918330631,113.31354336238,129.39872273258,129.498139,0.564012259589454,20.444537751,17.7024482109228,20.5,3,115.493036,2207613,1.46478243971987,None
20,100000,85,1.78,1.76166666666667,114.856088,8.70654762331797,136.943510354451,130.723232025544,130.821043,0.565799942151372,20.2338141693333,21.5704824976348,20.28,3,114.844861,2221326,1.47620945839466,None
20,100000,85,1.78,1.79,115.486424,8.65902644972365,135.243386078254,131.955940178771,132.056969,0.558204490409684,20.672069896,21.7877094972067,20.72,4,115.463463,2219797,1.47493748462211,None
20,100000,85,1.78,1.68333333333333,115.913694,8.62710837254484,134.104499558867,131.347761668317,131.441103,0.592873804389109,19.51213849,19.9009900990099,19.56,3,115.901269,2233293,1.48617879258436,None
20,100000,85,1.78,1.70166666666667,115.573509,8.65250184624921,126.625871392242,130.304616988247,130.413475,0.58750530706856,19.6667587815,18.9030362389814,19.72,3,115.559394,2226671,1.48066098501791,None
20,100000,85,1.78,1.76,115.662655,8.64583300461156,143.121556473829,133.233207287879,133.331054,0.567998004056818,20.35662728,22.1117424242424,20.4,3,115.649958,2235099,1.48768822800276,None
20,100000,85,1.78,1.81666666666667,115.219532,8.67908402891274,128.019526975844,130.40642056422,130.50926,0.55041473756422,20.9315483133333,21.2385321100917,20.97,3,115.206556,2210141,1.46689163524612,None
20,100000,85,1.78,1.76666666666667,115.574181,8.65245153673207,138.305446778213,131.990956027359,132.074817,0.565621389316038,20.41810531,21.5094339622641,20.45,3,115.560435,2214596,1.47060168156594,None
30,100000,85,2.67,2.60666666666667,113.242437,8.83061179617673,134.172984216482,137.383362209079,137.456565,0.383360047496164,29.518528578,28.7084398976982,29.52,3,113.228801,2279745,1.52494355070019,None
30,100000,85,2.67,2.645,112.722072,8.87137702720724,141.270697765279,137.462629405797,137.538261,0.377350788860113,29.814988044,30.5608065532451,29.82,4,112.708578,2283772,1.52830124836792,None
30,100000,85,2.67,2.62833333333333,112.858553,8.86064878042518,130.039900616383,134.838740728599,134.904933,0.380429474972099,29.6629896801667,29.0107799619531,29.67,3,112.844509,2277741,1.52327420576802,None
30,100000,85,2.67,2.65333333333333,112.924516,8.85547297807325,131.862200449484,136.92440275691,137.002106,0.376385659461055,29.9626382453333,28.4547738693467,29.98,4,112.913476,2273068,1.51938135154891,None
30,100000,85,2.67,2.60833333333333,112.967712,8.85208686885683,141.105860016944,138.38817485623,138.445771,0.383082185941214,29.46574488,30.5431309904153,29.47,3,112.951056,2291572,1.53479992791812,None
30,100000,85,2.67,2.57166666666667,112.908958,8.85669319523788,139.866072984889,136.473809016202,136.54241,0.388693293161374,29.0364203656667,30.4601425793908,29.06,3,112.898075,2289149,1.53277841936444,None
30,100000,85,2.67,2.56166666666667,113.085768,8.84284572396413,129.784974320269,134.021247246584,134.083973,0.390294891703318,28.968804236,29.2127521145088,28.98,3,113.072733,2286383,1.53047280884647,None
30,100000,85,2.67,2.69666666666667,112.788437,8.86615708665242,139.576244382954,138.193333427689,138.258235,0.370756868799135,30.4152818443333,30.902348578492,30.43,4,112.776784,2271414,1.51800527336207,None
30,100000,85,2.67,2.70833333333333,112.804923,8.86486133233742,129.855621301775,136.181726572308,136.253487,0.368531610481846,30.5513333125,30.1846153846154,30.57,4,112.790947,2283250,1.5278701830717,None
30,100000,85,2.67,2.605,112.871275,8.85965007483082,133.116711673378,136.035621396033,136.09116,0.383703636982086,29.4029671375,28.5988483685221,29.42,4,112.859455,2289885,1.53339371381448,None
40,100000,85,3.56,3.57166666666667,111.345586,8.98104752890698,144.236767789909,146.754705853943,146.809129,0.279876763576762,39.7689317996667,40.0373308446104,39.74,5,111.332876,2321279,1.55961307036915,None
40,100000,85,3.56,3.59166666666667,111.554973,8.96419023829624,149.030205479083,149.605425396288,149.65841,0.278387589015777,40.0668278025,39.2807424593968,40.03,6,111.542952,2315904,1.5551349657348,None
40,100000,85,3.56,3.52166666666667,111.468153,8.97117224145627,144.867517222056,147.402148241363,147.456323,0.283819620666351,39.2553678815,39.0913393279697,39.24,5,111.456475,2314040,1.55357722040525,None
40,100000,85,3.56,3.55166666666667,110.9371,9.01411700864724,154.916330867811,150.103260775223,150.144279,0.281448869271234,39.4011600166667,40.8493664946035,39.37,5,110.924149,2322941,1.56099623054063,None
40,100000,85,3.56,3.48166666666667,111.453968,8.97231402295161,143.403145932294,145.258133804213,145.310221,0.287032688280517,38.8045565253333,39.2053614169459,38.77,4,111.439738,2308738,1.54915588850003,None
40,100000,85,3.56,3.44166666666667,111.49663,8.96888094285899,153.228312295904,148.375858511864,148.4228,0.290415087352058,38.3734234916667,39.9031476997579,38.36,5,111.485022,2291837,1.53506802356945,None
40,100000,85,3.56,3.51166666666667,111.51545,8.96736730201959,145.964059954287,148.239160689132,148.297481,0.2845082163028,39.1605088583333,39.0602752728999,39.13,4,111.503654,2298570,1.54068355983699,None
40,100000,85,3.56,3.625,111.396074,8.97697705217152,140.84819659136,145.745994617931,145.794942,0.275858858709885,40.381076825,39.4252873563218,40.35,4,111.380373,2302766,1.54418712160076,None
40,100000,85,3.56,3.625,111.267357,8.9873618549239,148.331351565597,148.091466199081,148.140281,0.275833471672184,40.3344169125,40.6666666666667,40.3,5,111.25087,2313797,1.55338038543864,None
40,100000,85,3.56,3.6,111.249016,8.98884355076004,138.631687242798,145.108232746759,145.15915,0.277752484752315,40.04964576,39.6527777777778,40.01,4,111.237165,2328684,1.56578604399886,None
50,100000,85,4.45,4.39,110.566535,9.04432792435794,162.756869602517,161.850922889522,161.894161,0.227730994538345,48.538708865,48.8610478359909,48.49,5,110.550608,2331654,1.56830716782167,None
50,100000,85,4.45,4.38,110.615608,9.04031554028072,173.621970628914,167.257259186073,167.301708,0.228273681477169,48.449636304,49.486301369863,48.39,7,110.59927,2332198,1.56876002153175,None
50,100000,85,4.45,4.44666666666667,110.550367,9.04565065803897,169.930027490003,166.237676821589,166.281131,0.224880242163044,49.1580631926667,50.4122938530735,49.1,6,110.53854,2330965,1.56773622075876,None
50,100000,85,4.45,4.37333333333333,110.699882,9.03343329670397,167.659689173111,165.937727600991,165.98119,0.228608079679116,48.4127483946667,48.3612804878049,48.34,6,110.685671,2328508,1.565684337522,None
50,100000,85,4.45,4.37166666666667,110.529337,9.04737173986668,167.874759325007,164.224756385055,164.265865,0.228731888856653,48.3197418251667,49.1803278688525,48.24,6,110.512408,2326688,1.56416692733802,None
50,100000,85,4.45,4.30833333333333,110.763552,9.02824062558052,158.973994440475,160.836913353192,160.873506,0.232076170104062,47.72063032,46.9439071566731,47.66,5,110.750147,2325241,1.56295780492039,None
50,100000,85,4.45,4.47666666666667,110.228531,9.0720613885347,169.115498636376,166.326754939687,166.36756,0.223373506080417,49.3456390443333,50.2792256142964,49.28,5,110.215034,2334490,1.57067509646902,None
50,100000,85,4.45,4.405,110.301065,9.06609559934893,163.454060003874,162.653254099887,162.695165,0.226916911554673,48.5876191325,49.7162315550511,48.52,4,110.282011,2339034,1.57445816033075,None
50,100000,85,4.45,4.55166666666667,110.439233,9.05475321437627,172.075339340641,169.339141533138,169.377471,0.2196502467803,50.2682575538333,51.0801904064445,50.2,6,110.425956,2325850,1.56347907089693,None
60,100000,85,5.34,5.44333333333333,109.703206,9.11550388053381,187.254681742041,190.139951749847,190.168647,0.183570375054501,59.7151117993333,59.2774035517453,59.6,10,109.689028,2346803,1.58099349582206,None
60,100000,85,5.34,5.33666666666667,109.992797,9.09150441914846,173.776851678819,181.134605686758,181.167,0.18734877348376,58.6994893323333,56.9800124921924,58.59,5,109.981059,2348454,1.58236405727567,None
60,100000,85,5.34,5.27,109.745128,9.11202181111858,180.811750543395,182.782984111954,182.819103,0.189601346640101,57.835682456,58.7919038583175,57.72,9,109.724203,2338271,1.57387212337302,None
60,100000,85,5.34,5.26166666666667,109.915617,9.09788824639905,178.284596959319,181.645101748812,181.675105,0.190050451574913,57.8339338115,57.7605321507761,57.73,5,109.904893,2337622,1.57333125738158,None
60,100000,85,5.34,5.39,109.945765,9.09539353334801,196.715555846221,193.034955453927,193.066219,0.185494922875077,59.260767335,59.1991341991342,59.14,9,109.93072,2345380,1.57980496413577,None
60,100000,85,5.34,5.27333333333333,109.938055,9.09603139695349,179.38454260238,182.439801059102,182.480137,0.189563618020228,57.9740010033333,57.5379266750948,57.86,6,109.92268,2341041,1.57618158742261,None
60,100000,85,5.34,5.24666666666667,109.738305,9.11258835280898,180.183380182089,181.442291396125,181.479782,0.190420084510483,57.57603069,57.6556543837357,57.46,7,109.722657,2348490,1.5823879085525,None
60,100000,85,5.34,5.32666666666667,110.017929,9.08942759684197,173.37486029287,180.306863560075,180.310643,0.187606779516896,58.602883514,57.9383700922884,58.48,6,110.005194,2342685,1.57755517596467,None
60,100000,85,5.34,5.11333333333333,110.101982,9.08248863312924,206.244294895876,194.536560246089,194.566432,0.195355529514994,56.2988134626667,57.1544980443286,56.19,9,110.090017,2346561,1.58077324120797,None
60,100000,85,5.34,5.23166666666667,109.951768,9.09489695518129,171.840539854532,177.547470047467,177.58199,0.191112015566422,57.5230999586667,56.6581713921631,57.42,7,109.935172,2343648,1.57835204603526,None
70,100000,85,6.23,6.24,109.176268,9.15949975502002,211.727653133903,216.438723723024,216.467489,0.160246972687767,68.125991232,68.3894230769231,67.97,7,109.160692,2357828,1.59022828102633,None
70,100000,85,6.23,6.18,109.225926,9.1553355198838,228.034024221224,226.079453886462,226.104749,0.16178648432767,67.501622268,68.6218985976268,67.35,9,109.206088,2350662,1.58425210549344,None
70,100000,85,6.23,6.1,109.159845,9.160877793478,216.003762429455,215.956827223497,215.986471,0.163899401598634,66.58750545,65.8060109289617,66.45,9,109.146416,2361828,1.59355392035617,None
70,100000,85,6.23,6.18,109.29839,9.14926560217401,214.85513697315,216.683307980043,216.712958,0.161796813606257,67.54640502,68.433117583603,67.4,7,109.283761,2356058,1.58874988802066,None
70,100000,85,6.23,6.27166666666667,109.290563,9.14992083991735,218.217734548225,222.319812053415,222.349064,0.159424706681637,68.5433980948333,68.2567100717513,68.39,8,109.274638,2356910,1.58946543172567,None
70,100000,85,6.23,6.11,109.323719,9.14714582660694,215.944633885227,216.120050523732,216.153351,0.163655647291053,66.796792309,66.9258046917621,66.65,9,109.306885,2353090,1.58627199857038,None
70,100000,85,6.23,6.135,109.461476,9.13563416594163,216.712309538154,218.298676794349,218.32981,0.162971634862537,67.154615526,66.9519152404238,67,9,109.444855,2353562,1.58666731495333,None
70,100000,85,6.23,6.105,109.33256,9.14640615750697,217.572944845672,217.055381183456,217.087926,0.163784173791155,66.74752788,67.3901173901174,66.6,10,109.315316,2357148,1.58965401910501,None
70,100000,85,6.23,6.275,109.008542,9.1735930198938,221.477965958212,222.001315511023,222.027083,0.159330247622045,68.402860105,68.4860557768924,68.26,8,108.990991,2359255,1.59141925908573,None
70,100000,85,6.23,6.11666666666667,109.183795,9.1588683100821,207.366600093549,211.377918180109,211.4032,0.163374054967575,66.7840879416667,66.7029972752044,66.65,8,109.172771,2365268,1.59642221398865,None
80,100000,85,7.12,7.08333333333333,108.989312,9.17521160240006,297.051903114187,295.561964803294,295.590203,0.141130737524235,77.2007626666667,77.9176470588235,77.01,14,108.971354,2371365,1.60156095632649,None
80,100000,85,7.12,7.18,108.733972,9.19675775294956,280.830766365872,285.73387102623,285.760279,0.139265059660631,78.070991896,77.7274837511606,77.86,12,108.719584,2367950,1.59871918035419,None
80,100000,85,7.12,7.12,108.930015,9.18020620854592,316.011235955056,311.502136325843,311.526325,0.14042937811236,77.55817068,77.9611423220974,77.37,14,108.912916,2371406,1.60159710988751,None
80,100000,85,7.12,7.075,108.890016,9.18357840998021,300.465731873291,298.560729428975,298.587296,0.141240353898469,77.03968632,75.9952885747939,76.85,15,108.872733,2372184,1.60224272247706,None
80,100000,85,7.12,7.10833333333333,108.735307,9.19664483956439,283.289514010959,286.09778469449,286.125927,0.140678480182415,77.2926807258333,77.010550996483,77.1,14,108.72164,2374897,1.60450541599335,None
80,100000,85,7.12,7.13666666666667,108.845424,9.18734075582268,265.173768690767,272.231200803129,272.257523,0.140109858262261,77.679350928,77.7557216254087,77.35,9,108.830043,2375815,1.60527195737217,None
80,100000,85,7.12,7.01,108.876842,9.18468961471164,285.204954812872,284.780458343081,284.807433,0.142637771099382,76.322666242,76.0461245839277,76.13,12,108.86145,2369284,1.5998215834281,None
80,100000,85,7.12,6.985,108.879623,9.18445501965046,268.496404761405,271.242330217848,271.268521,0.143060140720115,76.0524166655,76.1632068718683,75.86,11,108.865791,2369454,1.59996179664728,None
90,100000,85,8.01,8.05333333333333,108.313413,9.23246689678221,396.222856179554,407.367966429429,407.386746,0.124095599251656,87.228401936,86.4341887417219,86.84,20,108.298124,2383299,1.6115624118152,None
90,100000,85,8.01,8.12,108.185805,9.24335683410592,519.443062599594,516.94447255275,516.967522,0.123121605398194,87.84687366,87.7976190476191,87.6,21,108.167463,2385690,1.61355959754869,None
90,100000,85,8.01,7.97833333333333,108.210798,9.24122193424726,447.891543880441,447.918936198663,447.940115,0.125327985858993,86.334181671,87.1213703781074,85.95,16,108.191084,2383568,1.61178171360557,None
90,100000,85,8.01,7.985,108.453646,9.22052910973597,452.620213725197,453.303225329159,453.3263,0.12522002667752,86.600236331,86.5894385305782,86.21,16,108.43862,2385373,1.61328767812224,None
90,100000,85,8.01,8.025,108.289383,9.23451563113994,473.908444211528,473.729353873728,473.754056,0.124537737770509,86.9022298575,86.0020768431983,86.66,19,108.27108,2385810,1.61365442164299,None
90,100000,85,8.01,8.015,108.47605,9.21862475634022,492.980319833355,489.230792983365,489.254201,0.12476418554606,86.943554075,87.0347265543772,86.7,19,108.456697,2387074,1.61470823037927,None
90,100000,85,8.01,7.85166666666667,108.549784,9.2123628730574,422.528719079771,422.780948532796,422.805051,0.127357954493101,85.2296720706667,85.6612184249629,84.86,21,108.531289,2382317,1.61073294299585,None
100,100000,85,8.9,8.70166666666667,108.171098,9.24461356581589,1123.43000936834,1114.35359088527,1114.374892,0.114907776428462,94.1268837763333,94.9530741237311,93.85,41,108.152482,2390330,1.61746184856563,None
100,100000,85,8.9,9.06666666666667,108.172063,9.24453109487244,1916.49207936851,1935.25504033511,1935.27505,0.110280951791912,98.0760037866667,97.3621323529412,97.13,60,108.152719,2392499,1.61928801711719,None
100,100000,85,8.9,8.86,107.969878,9.2618424557264,909.718011301968,926.921104879985,926.937418,0.112865904671558,95.661311908,95.1373212942062,94.9,30,107.951774,2391768,1.61866631816609,None
100,100000,85,8.9,9.02833333333333,107.962452,9.26247951463718,2188.33979367902,2190.16497613532,2190.186063,0.110757263166697,97.472100414,97.3324718478863,97.18,66,107.942442,2391674,1.61860060859717,None
100,100000,85,8.9,8.68333333333333,108.260492,9.23698000559613,1063.56814187982,1057.86901678906,1057.888466,0.115122484179655,94.0061938866667,94.510556621881,93.73,41,108.244594,2390452,1.61756287662453,None
100,100000,85,8.9,8.97666666666667,107.971187,9.26173016880883,1179.75127439778,1200.36190541664,1200.380504,0.111270061963238,96.9221355303333,96.8900854066097,96.48,47,107.950532,2391597,1.61853254263641,None
100,100000,85,8.9,8.80166666666667,107.937275,9.26464004209852,1050.92118706036,1056.10750888222,1056.124999,0.113595918447453,95.0027915458333,95.0482863094111,94.57,43,107.920027,2391321,1.61829188995437,None
100,100000,85,8.9,9.11166666666667,108.066231,9.25358449856551,2002.49002202851,2025.91086294513,2025.932424,0.109736183618255,98.4663474795,98.1982805926468,97.84,61,108.04809,2393320,1.61997630892936,None
100,100000,85,8.9,8.64666666666667,108.147565,9.24662520140883,882.935027692754,882.45822454202,882.480156,0.115648979426176,93.5115945366667,93.6488049344642,93.25,30,108.128116,2391564,1.61848712310749,None
100,100000,85,8.9,8.945,108.069445,9.25330929570333,1039.99734209941,1062.40797852208,1062.427157,0.11176641556512,96.6681185525,96.7672815353084,96.21,30,108.049613,2392407,1.61920622601984,None
10,100000,90,0.89,0.865,122.475296,8.16491188557732,153.697083096662,132.662678379576,132.83678,1.15504245505588,10.594113104,11.7533718689788,10.65,2,122.462562,2063737,1.34483179774968,None
10,100000,90,0.89,0.85,122.550339,8.15991214842743,166.089965397924,132.732520852941,132.93321,1.17611593680392,10.416778815,13.3333333333333,10.5,3,122.532823,2113856,1.38659813354113,None
10,100000,90,0.89,0.94,121.642123,8.22083646139586,132.03561189075,129.742533494681,129.947661,1.0636015388883,11.434359562,11.1702127659574,11.52,3,121.626742,2110452,1.38376637558412,None
10,100000,90,0.89,0.895,121.419833,8.2358868011291,120.678713731365,128.111677067039,128.269653,1.11400980695531,10.8670750535,10.4283054003724,10.95,2,121.392906,2067677,1.34811666674032,None
10,100000,90,0.89,0.85,122.017485,8.19554672840536,149.942329873126,131.23809014902,131.463515,1.1747105320549,10.371486225,11.5686274509804,10.45,2,122.00269,2047767,1.33152212036186,None
10,100000,90,0.89,0.953333333333333,121.192198,8.2513562465465,140.165511344551,129.172293776224,129.186712,1.0485181891049,11.5536562093333,12.8384279475983,11.62,2,121.177799,2104768,1.37903004513663,None
10,100000,90,0.89,0.845,123.485858,8.09809330555083,95.7015977498454,129.035762932939,129.271912,1.17918325428994,10.434555001,8.08678500986193,10.51,1,123.46082,2091022,1.36756929274611,None
10,100000,90,0.89,0.923333333333333,121.542156,8.22759800311589,115.341005356515,128.453810666065,128.66205,1.08191202767509,11.222392404,10.2888086642599,11.3,2,121.527567,2137599,1.40638851028439,None
10,100000,90,0.89,0.93,121.358345,8.24005963495959,125.25532816896,129.704086933692,129.872297,1.0697381461595,11.286326085,10.3942652329749,11.37,3,121.344311,2112664,1.38560903317919,None
10,100000,90,0.89,0.873333333333333,121.908617,8.20286559398832,102.703805139561,128.224094727099,128.384119,1.13962345423473,10.6466858846667,8.77862595419848,10.74,2,121.89033,2070616,1.35056489974882,None
20,100000,90,1.78,1.80333333333333,115.265881,8.67559412485643,117.875776015526,129.140931580407,129.225548,0.554228063158965,20.7862805403333,18.8539741219963,20.83,3,115.239997,2236021,1.48845883444968,None
20,100000,90,1.78,1.79,115.153766,8.68404078074181,130.561884252468,130.761968310987,130.846596,0.558063295910615,20.612524114,20.9497206703911,20.65,2,115.140594,2238967,1.49091304223461,None
20,100000,90,1.78,1.785,115.216568,8.67930730240116,123.448072039273,129.861409111111,129.974506,0.559902279472456,20.566157388,20.1680672268908,20.62,3,115.202595,2246537,1.49722158176573,None
20,100000,90,1.78,1.71,115.864061,8.63080399020366,135.084299442564,130.667081926901,130.761629,0.584438191898636,19.812754431,20.4678362573099,19.87,3,115.841669,2224858,1.47915084263181,None
20,100000,90,1.78,1.76666666666667,116.142741,8.61009471095572,129.227483090068,131.640441617925,131.727074,0.564876454396226,20.51855091,20.7547169811321,20.57,2,116.12993,2239259,1.49115597415853,None
20,100000,90,1.78,1.795,115.334546,8.67042906641346,126.990531317003,130.531514446611,130.638017,0.557050554453111,20.702551007,20.2878365831012,20.74,3,115.319977,2243329,1.49454871926573,None
20,100000,90,1.78,1.71833333333333,115.987862,8.62159180070066,129.261562747834,129.917851661494,130.026725,0.581641190265761,19.9305809536667,20.4655674102813,19.98,2,115.972512,2226349,1.48039397919907,None
20,100000,90,1.78,1.79,115.049316,8.69192477424203,121.719047470429,128.991796738361,129.091659,0.558146196180633,20.593827564,19.7392923649907,20.65,3,115.03184,2218801,1.47410707662203,None
30,100000,90,2.67,2.68333333333333,112.963183,8.85244177299784,147.679487674087,139.539851944099,139.609499,0.372541325819255,30.3117874383333,32.111801242236,30.33,4,112.949347,2288074,1.53188925168417,None
30,100000,90,2.67,2.63166666666667,112.894619,8.85781810380174,133.079794532498,136.56941181064,136.640292,0.378625826057632,29.7101005668333,29.6390120329322,29.73,3,112.881963,2274027,1.52017926663009,None
30,100000,90,2.67,2.74833333333333,112.58843,8.88190731498787,141.3282798881,137.654544604609,137.724078,0.36358793144148,30.9430535116667,32.1710127349909,30.95,4,112.576677,2271881,1.5183972123591,None
30,100000,90,2.67,2.69,113.165823,8.83659017793738,136.353376358351,137.450556923792,137.521194,0.371250006351921,30.441606387,30.8550185873606,30.44,3,113.152244,2288244,1.53203151396436,None
30,100000,90,2.67,2.655,113.243223,8.83055050455426,146.001279136713,139.120391023227,139.193282,0.376584425263026,30.0660757065,31.0420590081607,30.07,5,113.231242,2263415,1.51133698618531,None
30,100000,90,2.67,2.62333333333333,112.758099,8.86854256029982,145.3091775662,139.21358262643,139.285371,0.380866971710928,29.580207971,30.6861499364676,29.59,4,112.740268,2272649,1.51903010052608,None
30,100000,90,2.67,2.655,112.826932,8.86313207559344,137.962342309752,137.917595426868,137.979825,0.376609831501569,29.955550446,29.5982423101067,29.96,3,112.812095,2287743,1.53161143228993,None
30,100000,90,2.67,2.65666666666667,112.917931,8.85598939994747,126.572513928487,135.440933212045,135.509801,0.376299970720828,29.9985303356667,28.7954830614806,30,3,112.903615,2286896,1.53090575222856,None
30,100000,90,2.67,2.605,113.237277,8.8310141897884,138.397171638281,137.827184128599,137.894323,0.38383974215675,29.4983106585,30.2943058221369,29.5,3,113.223081,2270971,1.51763117812643,None
30,100000,90,2.67,2.71333333333333,113.028928,8.8472926152144,121.340907581694,134.93387513145,135.012646,0.367957025914005,30.6685157973333,28.0712530712531,30.68,4,113.014819,2285362,1.52963091570471,None
40,100000,90,3.56,3.62833333333333,111.568226,8.96312539736896,154.832044789463,152.249478131374,152.291226,0.27548250277446,40.4806713336667,40.5144694533762,40.45,7,111.553372,2297194,1.5395437996045,None
40,100000,90,3.56,3.49833333333333,111.488376,8.96954495058749,156.884071704555,150.45370982182,150.510776,0.285635292182468,39.002350204,41.5435921867556,38.98,5,111.477489,2315080,1.55444258596785,None
40,100000,90,3.56,3.62833333333333,111.371498,8.97895797361009,148.818535282104,148.492651274231,148.536427,0.275586977860358,40.4092918576667,40.2158934313275,40.38,5,111.358816,2322871,1.56094333095048,None
40,100000,90,3.56,3.61,111.340464,8.9814606844103,149.246859677258,149.909106100646,149.962763,0.276841425293167,40.193907504,39.9815327793167,40.17,5,111.327117,2311478,1.5514469719528,None
40,100000,90,3.56,3.565,111.334087,8.9819751250127,147.792908956552,147.988034342216,148.03673,0.280314735221131,39.6906020155,39.6914446002805,39.66,5,111.313683,2308498,1.54896063104312,None
40,100000,90,3.56,3.695,111.412802,8.97562921000766,155.399017189719,152.626289525936,152.664979,0.270569456711322,41.167030339,41.6328371673433,41.13,5,111.400384,2330358,1.56718725137196,None
40,100000,90,3.56,3.55,111.655827,8.95609326327412,152.64551401344,149.545544359624,149.54909,0.281612533690141,39.637818585,39.967143862943,39.6,5,111.640555,2311849,1.55175311757025,None
40,100000,90,3.56,3.645,111.174762,8.99484722980563,150.973171684784,149.658361245542,149.709378,0.274237693068587,40.523200749,40.0320073159579,40.49,5,111.159221,2305281,1.54628393861404,None
50,100000,90,4.45,4.53,110.437731,9.05487636286189,161.623840409859,163.389812676233,163.430819,0.22060254194702,50.028292143,50.2759381898455,49.95,5,110.424518,2331294,1.56801501981486,None
50,100000,90,4.45,4.305,110.704482,9.03305793888273,165.470378778784,162.373876608982,162.416348,0.232061959788231,47.658279501,48.5094850948509,47.59,7,110.692203,2327832,1.56511688008452,None
50,100000,90,4.45,4.4,110.496582,9.05005369306356,169.808884297521,165.392185515152,165.435794,0.227223749355682,48.61849608,49.7159090909091,48.54,6,110.485297,2332044,1.56863248204977,None
50,100000,90,4.45,4.38,110.532839,9.047085092965,159.591473627878,161.680894755327,161.723483,0.228270401243912,48.413383482,47.8310502283105,48.34,5,110.519649,2330726,1.5675329194726,None
50,100000,90,4.45,4.42666666666667,110.929837,9.01470719730707,167.59904830164,166.116879946913,166.160292,0.225832654143072,49.1049411786667,49.7552710843374,49.05,5,110.914642,2324923,1.56270026330731,None
50,100000,90,4.45,4.425,110.607861,9.04094872605845,159.80933533361,161.761114684746,161.800396,0.225774627711111,48.9439784925,49.3220338983051,48.88,5,110.595155,2329127,1.56620315665923,None
50,100000,90,4.45,4.43,110.496225,9.05008293269748,166.327811436831,163.843506170805,163.886691,0.225715115739278,48.949827675,49.9435665914221,48.89,6,110.4787,2320732,1.55920642562542,None
50,100000,90,4.45,4.35166666666667,110.707401,9.03281976604256,159.564145505251,161.467443156645,161.502077,0.229792385632325,48.1761706685,47.7786288778246,48.12,5,110.687224,2333579,1.56990954882537,None
50,100000,90,4.45,4.46,110.706982,9.03285395314995,159.196176610563,163.393595010463,163.434125,0.224204016059791,49.375313972,48.636023916293,49.31,7,110.690189,2324338,1.56221409808597,None
60,100000,90,5.34,5.23666666666667,110.020698,9.08919883420482,187.466496707308,186.491908119669,186.526267,0.19046448705156,57.614172186,58.115849777212,57.51,7,110.007391,2336892,1.57272163419514,None
60,100000,90,5.34,5.23,110.133121,9.07992065347898,174.295961305748,179.330145962396,179.366122,0.191183737883684,57.599622283,58.0783938814532,57.49,6,110.11577,2343316,1.57807571552181,None
60,100000,90,5.34,5.435,109.782183,9.10894621215539,189.860544186022,191.057358498007,191.094488,0.183914210431463,59.6666164605,59.5982827353573,59.57,8,109.767526,2350791,1.58431721676831,None
60,100000,90,5.34,5.225,109.850776,9.10325840574854,169.257419320376,176.084537112281,176.120025,0.191226254396172,57.39703046,56.2838915470494,57.29,6,109.836391,2350945,1.58443314225289,None
60,100000,90,5.34,5.23333333333333,110.126983,9.08042672884265,183.445575885432,183.525382992675,183.558879,0.191030691965287,57.6331211033333,58.5509554140127,57.52,6,110.114866,2344387,1.57896852137928,None
60,100000,90,5.34,5.26,110.179117,9.07613009822905,183.819100078552,184.996775142269,185.033939,0.190109050087136,57.954215542,57.2401774397972,57.84,7,110.166869,2350662,1.58420026921664,None
60,100000,90,5.34,5.3,109.838331,9.10428983120656,188.619912187018,187.544183726415,187.580367,0.188655713021698,58.21431543,57.4842767295598,58.1,7,109.823099,2346019,1.58033189421998,None
60,100000,90,5.34,5.18,109.965363,9.0937725545452,178.639753929329,181.46670526834,181.500808,0.193048536592986,56.962058034,56.4189189189189,56.86,7,109.948919,2346513,1.58073688048547,None
60,100000,90,5.34,5.45,109.857514,9.10270006656076,204.191566366468,198.077698603976,198.108484,0.183453488222324,59.87234513,62.0183486238532,59.74,8,109.84019,2342243,1.57719362599484,None
60,100000,90,5.34,5.375,109.966476,9.09368051405048,198.161168199027,194.527507939845,194.565314,0.185985238066667,59.10698085,59.5348837209302,58.98,8,109.953929,2347473,1.58154854689255,None
70,100000,90,6.23,6.34666666666667,109.254111,9.15297365789741,228.482937292564,229.640204903099,229.671378,0.15750358711187,69.339942448,68.9338235294118,69.18,12,109.240076,2370689,1.60095445958559,None
70,100000,90,6.23,6.095,109.430965,9.13818131824023,232.733788661569,227.70988704676,227.74146,0.164035488948865,66.6981731675,66.8580803937654,66.55,12,109.418637,2348177,1.58217652811459,None
70,100000,90,6.23,6.345,109.479732,9.13411077769171,219.474598138761,223.218271222485,223.247548,0.157571800221172,69.464889954,69.2277383766746,69.3,9,109.467182,2356652,1.58925536359935,None
70,100000,90,6.23,6.3,109.201363,9.15739485779129,235.082703010226,232.995221431217,232.997817,0.158703522660053,68.79685869,69.660097870652,68.64,9,109.183451,2361106,1.59296413253772,None
70,100000,90,6.23,6.20666666666667,109.352754,9.1447171051586,237.468707728126,233.792031731203,233.794185,0.161073917647422,67.871609316,68.3447442609746,67.71,10,109.339511,2351795,1.5851984123043,None
70,100000,90,6.23,6.1,109.377962,9.14260955054182,208.142972319269,213.010500373224,213.034458,0.163933036256284,66.72055682,65.4508196721312,66.57,9,109.365417,2358429,1.59072155287074,None
70,100000,90,6.23,6.34666666666667,109.373746,9.14296196822225,250.123027152037,244.211689776786,244.24276,0.157541441465336,69.4158707946667,71.3760504201681,69.26,12,109.36117,2364164,1.59551635144258,None
70,100000,90,6.23,6.295,109.414409,9.13956405869724,246.422738017805,241.259269434207,241.288911,0.158838423359809,68.8763704655,69.1024622716442,68.72,10,109.395703,2356683,1.58927803240319,None
70,100000,90,6.23,6.42,109.162753,9.16063375572802,234.392943909059,235.52067701324,235.543966,0.155736106426532,70.082487426,69.7429906542056,69.92,10,109.15106,2357963,1.5903514642057,None
70,100000,90,6.23,6.23,109.589519,9.12496020718916,203.819692250085,210.352890919208,210.383756,0.160366675903959,68.274270337,68.1781701444623,68.11,9,109.575752,2363261,1.59475740450455,None
80,100000,90,7.12,7.26333333333333,108.745619,9.19577275108435,314.008451064344,313.39677322235,313.416886,0.137676050510096,78.9855679336667,79.7498852684718,78.78,12,108.73103,2373952,1.60372699497209,None
80,100000,90,7.12,7.20333333333333,108.80196,9.19101089723016,289.612722940374,293.503156474086,293.505487,0.138811387403748,78.37367852,77.2816657027183,78.15,12,108.785471,2369182,1.59974766260867,None
80,100000,90,7.12,6.98666666666667,108.728627,9.19720985716117,289.042241492337,286.621684073712,286.65133,0.143129268244513,75.9650673973333,76.180820610687,75.77,13,108.713922,2368882,1.59948453499698,None
80,100000,90,7.12,6.86666666666667,108.737536,9.19645631845106,258.618861344142,261.906302887379,261.933509,0.14561532486068,74.6664413866667,73.131067961165,74.48,11,108.718823,2371942,1.60202797755183,None
80,100000,90,7.12,7.235,108.952774,9.17828856748521,310.27981380664,310.082677236581,310.10336,0.138166919310528,78.827331989,78.9564616447823,78.62,15,108.936934,2371164,1.60140227262049,None
80,100000,90,7.12,7.00833333333333,108.86736,9.1854895718974,280.607567435826,281.19087303805,281.19333,0.142683958084661,76.2978748,77.1965283557247,76.1,13,108.848411,2368973,1.59956219706539,None
80,100000,90,7.12,7.05666666666667,108.868355,9.18540562131209,295.68651461536,294.354418062352,294.376898,0.141693274341757,76.8247691783333,77.3382144544166,76.64,11,108.852283,2372529,1.60252912865822,None
80,100000,90,7.12,7.04666666666667,108.932525,9.17999468019308,277.260261588956,280.95326074527,280.979425,0.141869054825686,76.7611192833333,75.9933774834437,76.57,12,108.920283,2372240,1.60228785891357,None
80,100000,90,7.12,7.265,108.895773,9.18309290113584,282.318488284833,290.3254730624,290.351023,0.137636804921083,79.1127790845,77.9995411791695,78.91,16,108.881857,2373080,1.60300088436325,None
80,100000,90,7.12,7.17833333333333,108.600634,9.20804937473938,271.775327651936,278.853938420943,278.876823,0.139286658114233,77.9571551063333,76.7471557928953,77.76,10,108.587499,2375408,1.60493497602473,None
90,100000,90,8.01,7.91833333333333,108.262171,9.23683675251626,456.632090349456,452.94856735824,452.971756,0.126286536306883,85.7255957368333,85.7187960429383,85.35,22,108.2447,2379537,1.60841843295675,None
90,100000,90,8.01,7.925,108.451237,9.2207339230257,433.984482547012,434.702235739853,434.723507,0.126161788216614,85.9476053225,85.6887486855941,85.56,19,108.433067,2384625,1.61266060110809,None
90,100000,90,8.01,8.03166666666667,108.401887,9.22493166562682,436.085097719432,441.849624704918,441.873965,0.124503277801411,87.0647822421667,86.5636024071384,86.82,22,108.386313,2384447,1.61251919906725,None
90,100000,90,8.01,8.07666666666667,108.469443,9.21918627350193,444.831644191235,450.110270042509,450.134203,0.123803137333884,87.607153463,87.4948411060669,87.36,20,108.451391,2378831,1.60784104712131,None
90,100000,90,8.01,7.98666666666667,108.406737,9.22451895217546,481.643201942024,478.197315275459,478.220831,0.125199955653172,86.580847284,86.3418196994992,86.19,24,108.386738,2382356,1.61077279786214,None
90,100000,90,8.01,8.05,108.414396,9.22386728050397,400.614688219333,411.361705579917,411.38495,0.124209781290269,87.27358878,86.4906832298137,86.89,18,108.395428,2381944,1.6104332484621,None
90,100000,90,8.01,8.005,108.451669,9.22069719369648,457.461848160432,458.712013571101,458.730387,0.124861406818239,86.8155610345,87.1850926504268,86.57,20,108.434481,2385754,1.61360724583573,None
100,100000,90,8.9,8.90333333333333,107.926231,9.26558808488365,1128.30502922455,1140.54766320067,1140.569015,0.112311870579184,96.0903210003334,95.4230625233995,95.47,35,107.906526,2390682,1.61776423898866,None
100,100000,90,8.9,8.895,108.175878,9.24420507130065,1396.97381321842,1399.98639023871,1400.00651,0.112380588730748,96.222443481,95.9246767847105,95.62,37,108.157885,2390571,1.61767254590398,None
100,100000,90,8.9,9.05333333333333,107.949445,9.26359556549828,1606.62229606478,1626.30938393152,1626.330879,0.110447972218152,97.7302308733333,98.0578055964654,97.44,56,107.935253,2392345,1.61916136878301,None
100,100000,90,8.9,8.97333333333333,108.145139,9.24683262925022,1625.85499051728,1635.51442227972,1635.532414,0.111420338405461,97.0422380626667,96.9075037147103,96.43,43,108.125225,2390996,1.61803129763678,None
100,100000,90,8.9,8.63166666666667,108.086676,9.25183414836441,1013.53584538925,1004.41515184167,1004.431498,0.1158428571257,93.296815834,93.4446804402394,92.86,45,108.071834,2389273,1.6165753003674,None
100,100000,90,8.9,8.765,108.130738,9.24806413510282,923.839359620055,932.703344542689,932.724858,0.114055178489257,94.776591857,94.6948088990302,94.5,30,108.112963,2391655,1.61856990832647,None
100,100000,90,8.9,9.00166666666667,107.961238,9.26258366914985,1925.39452283436,1931.42964206869,1931.431554,0.111063317403074,97.1831077396667,97.2600203647135,96.88,65,107.942816,2392235,1.6190665708798,None
100,100000,90,8.9,9.03,108.091427,9.25142749757573,1712.0855914026,1729.02978442728,1729.045882,0.110739490915467,97.606558581,97.203765227021,96.83,52,108.071096,2391554,1.61849864061974,None
100,100000,90,8.9,8.85666666666667,108.051995,9.25480367113999,1581.94125515305,1570.21393673617,1570.234711,0.112903315924163,95.6980502383334,95.5871283402334,95.26,50,108.036815,2389169,1.61650190731329,None
10,100000,95,0.89,0.981666666666667,121.495926,8.23072865834201,108.866107647844,129.295213808149,129.309784,1.0171895672309,11.926850069,10.5173876166243,11.99,2,121.480941,2073142,1.35267597165546,None
10,100000,95,0.89,0.915,123.008584,8.12951395327012,121.432908318154,131.405675566485,131.60163,1.08946845742623,11.255285436,10.7468123861567,11.33,2,122.993757,2112028,1.38507882051648,None
10,100000,95,0.89,0.895,123.093766,8.12388825604702,120.678713731365,131.145760715084,131.357123,1.11408977197207,11.016892057,10.2420856610801,11.11,2,123.078252,2098980,1.37420407362141,None
10,100000,95,0.89,0.895,122.108844,8.18941501075876,139.404721034508,131.338338204842,131.512534,1.11656318331285,10.928741538,11.9180633147114,11,2,122.093046,2071325,1.35115699951545,None
10,100000,95,0.89,0.931666666666667,122.059398,8.19273252519237,120.967354815173,130.975509821109,131.189385,1.06768096007692,11.371867247,10.5545617173524,11.45,2,122.045489,2103043,1.3775916696467,None
10,100000,95,0.89,0.908333333333333,122.986414,8.13097941045748,119.181887046545,131.125755291743,131.339214,1.09994228500917,11.1712659383333,9.90825688073394,11.26,3,122.962937,2082970,1.36086271900572,None
10,100000,95,0.89,0.928333333333333,122.057631,8.19285112947997,137.30906465452,129.972874906643,130.168569,1.07397168275584,11.3310167445,12.2082585278277,11.41,2,122.03688,2108754,1.38235079235077,None
10,100000,95,0.89,0.951666666666667,122.289232,8.17733486133922,126.977895418061,129.942110192645,130.13416,1.04853991000701,11.6378585786667,11.3835376532399,11.72,2,122.268831,2078208,1.35689647805352,None
10,100000,95,0.89,0.863333333333333,122.540801,8.16054727763694,105.096823243541,129.612587739382,129.793809,1.15431245561197,10.5793558196667,8.49420849420849,10.66,2,122.526591,2041081,1.32595128558359,None
20,100000,95,1.78,1.845,115.860155,8.63109496098982,134.39971798092,133.309981623306,133.408477,0.541965986723577,21.3761985975,21.5447154471545,21.41,4,115.829625,2218343,1.47372929738236,None
20,100000,95,1.78,1.85166666666667,115.656661,8.64628108189981,140.482095014182,134.06977840234,134.181376,0.53874733910171,21.4157583951667,22.5022502250225,21.45,3,115.644189,2226717,1.48070825297935,None
20,100000,95,1.78,1.75166666666667,116.158761,8.60890725237677,120.586528529306,130.549040073264,130.650092,0.570386161448145,20.3471429685,19.4100856327307,20.39,2,116.143049,2231226,1.48446049305867,None
20,100000,95,1.78,1.84666666666667,115.420402,8.66397952764018,134.890328298297,131.861313185921,131.964443,0.541056727241877,21.3143009026667,21.028880866426,21.35,3,115.403011,2216552,1.47223640008298,None
20,100000,95,1.78,1.76333333333333,116.225595,8.60395681347125,131.056564263278,131.398298644613,131.507863,0.567095854330813,20.494446585,20.2741020793951,20.53,3,116.212662,2222282,1.47700745827376,None
20,100000,95,1.78,1.795,115.800549,8.63553764326281,125.697348717034,129.947542896936,130.034525,0.557042509948004,20.7861985455,20.2878365831012,20.81,3,115.787148,2221085,1.47601134336053,None
20,100000,95,1.78,1.75833333333333,115.580104,8.65200813454883,126.681790615665,130.773589399052,130.884305,0.568361879909005,20.3228349533333,20.4739336492891,20.38,3,115.557137,2224957,1.47923597839945,None
20,100000,95,1.78,1.80666666666667,115.611407,8.64966551267731,144.75905829169,133.656987324723,133.756378,0.552050215300738,20.8871275313333,22.0940959409594,20.93,4,115.592329,2221366,1.47624614169477,None
30,100000,95,2.67,2.67,113.240382,8.83077204737794,144.014738131643,139.053622658552,139.115417,0.374172625465044,30.235181994,31.210986267166,30.24,4,113.227601,2262834,1.51085367100739,None
30,100000,95,2.67,2.64333333333333,113.159539,8.8370808933748,150.036018185606,141.317189305801,141.377018,0.378025072433165,29.9118381423333,31.7780580075662,29.93,4,113.143824,2268122,1.51525907808228,None
30,100000,95,2.67,2.56333333333333,113.622023,8.80111067904503,143.059823018427,138.555197085176,138.618398,0.389991797090377,29.1251118956667,30.2990897269181,29.13,4,113.610351,2259807,1.50832514231038,None
30,100000,95,2.67,2.71,113.412341,8.81738258096621,143.879667578964,140.776208270603,140.836067,0.368704520456335,30.734744411,31.3653136531365,30.74,4,113.399732,2259618,1.50817606529985,None
30,100000,95,2.67,2.72666666666667,112.994959,8.84995232397934,146.385423329607,141.576520494499,141.644114,0.366694716249389,30.8099588206667,31.3264058679707,30.81,5,112.981866,2272223,1.51868149926739,None
30,100000,95,2.67,2.695,113.358388,8.82157922005736,138.142624227968,139.678885994434,139.749419,0.371055571842919,30.550085566,29.6536796536797,30.55,4,113.344747,2273400,1.51966104608322,None
30,100000,95,2.67,2.66333333333333,113.356212,8.8217485601936,136.982868134605,137.678131600125,137.751071,0.375199016419274,30.190537796,30.6007509386733,30.21,3,113.337735,2289706,1.53324872933723,None
30,100000,95,2.67,2.635,113.225321,8.83194669856577,156.627503789665,142.140491748261,142.203409,0.379351744471853,29.8348720835,32.5426944971537,29.84,5,113.214873,2255965,1.50512693023142,None
40,100000,95,3.56,3.645,111.637803,8.95753923068515,137.299656343163,145.645463134431,145.688865,0.274263192399177,40.6919791935,39.73479652492,40.65,4,111.618161,2314615,1.55406400703984,None
40,100000,95,3.56,3.725,111.664014,8.95543661899885,156.149122411903,153.089453903803,153.143263,0.268291308494855,41.594845215,41.923937360179,41.55,5,111.647342,2304401,1.54555618670831,None
40,100000,95,3.56,3.46333333333333,111.751794,8.94840220641111,140.61792220809,146.001932848412,146.057124,0.288734642982194,38.703371322,37.5601539942252,38.67,4,111.739429,2310916,1.55097054844691,None
40,100000,95,3.56,3.555,111.757343,8.94795789839062,147.043017665603,148.779524696671,148.831631,0.281075170881388,39.7297354365,39.803094233474,39.69,5,111.745643,2314057,1.55359380324358,None
40,100000,95,3.56,3.51666666666667,111.617588,8.95916152569074,143.527773410301,148.020080430332,148.073667,0.284138418652607,39.2521851133333,38.436018957346,39.24,4,111.604606,2309556,1.5498401457409,None
40,100000,95,3.56,3.52333333333333,111.470202,8.97100733701012,139.15877302195,145.49319606386,145.536316,0.283771390410596,39.274667838,38.2686849574267,39.25,5,111.456543,2323357,1.56134228869666,None
40,100000,95,3.56,3.57166666666667,111.532947,8.96596052465107,138.39058735016,144.948584164256,144.952602,0.279954700004666,39.8358509035,38.4651271285281,39.79,4,111.52099,2295324,1.5379817780931,None
40,100000,95,3.56,3.52666666666667,111.688118,8.95350389913455,152.497310973017,150.271012601134,150.321676,0.283502836344045,39.3886762813333,39.1776937618147,39.37,6,111.671752,2307682,1.54827900419617,None
40,100000,95,3.56,3.66166666666667,111.855928,8.94007155347189,150.90715211644,151.404762450159,151.454802,0.273098302991807,40.9579123026667,40.0318616294948,40.92,5,111.840957,2305860,1.54676879211037,None
50,100000,95,4.45,4.52333333333333,110.855574,9.0207462188595,151.429662184508,160.500186195284,160.538402,0.221002117569639,50.143671306,48.5261606484893,50.07,6,110.835587,2327824,1.56512359896959,None
50,100000,95,4.45,4.38833333333333,110.386193,9.05910397688957,165.260550415575,163.440729385492,163.475487,0.227808675170908,48.4411410281667,48.7086973034561,48.36,6,110.371241,2331878,1.56849315674426,None
50,100000,95,4.45,4.47166666666667,110.765385,9.02809122181989,164.409503161011,164.546417348491,164.591316,0.223618567801342,49.5305879925,50.5218039508013,49.45,5,110.750551,2319134,1.55787758925883,None
50,100000,95,4.45,4.45,111.013346,9.00792594793062,160.838277995203,162.942725826966,162.984467,0.224655151855431,49.40093897,48.3895131086142,49.33,5,110.994507,2319057,1.55781276847176,None
50,100000,95,4.45,4.37833333333333,110.626422,9.03943182759721,163.016804931483,163.562668312143,163.60287,0.228235154698515,48.435935099,47.773125237914,48.36,6,110.612293,2327224,1.56461430152478,None
50,100000,95,4.45,4.49833333333333,110.629819,9.03915426273996,167.94330945511,166.963026089292,167.002318,0.222241309503149,49.7649802468333,50.6113375324194,49.69,5,110.611594,2323878,1.56183275982648,None
50,100000,95,4.45,4.46333333333333,110.854345,9.02084622844508,156.615935671455,160.759855286781,160.801892,0.224046410861837,49.4779893183333,49.1038088125467,49.41,5,110.842858,2321762,1.56006767524945,None
50,100000,95,4.45,4.45333333333333,110.867336,9.01978920103212,156.983936318979,161.926454816617,161.969225,0.224505019979042,49.3729202986667,48.4655688622755,49.32,5,110.850933,2324691,1.56250835901956,None
60,100000,95,5.34,5.46666666666667,109.91823,9.09767196942673,180.221966091612,185.776290380183,185.807121,0.182853952914939,60.0886324,59.6036585365854,59.97,8,109.903617,2338325,1.57392933033798,None
60,100000,95,5.34,5.44333333333333,110.085248,9.08386925739587,190.235906774281,191.719408737906,191.75443,0.183678839752909,59.9230699946667,59.8897734231476,59.81,7,110.07004,2345330,1.57976693430609,None
60,100000,95,5.34,5.44333333333333,109.984208,9.09221440227128,193.807751860078,192.700318552051,192.727952,0.183707011936007,59.8680705546667,60.793018983466,59.74,7,109.972638,2344731,1.5792673039785,None
60,100000,95,5.34,5.24833333333333,110.187615,9.07543011980067,186.089410652326,187.124674283265,187.159642,0.190457642478882,57.8301332725,57.4150523975865,57.72,8,110.171865,2340752,1.57593995543273,None
60,100000,95,5.34,5.29833333333333,109.903256,9.09891150085672,189.985376073578,188.282414811891,188.317932,0.188647950560239,58.2304084706667,58.7606165460837,58.12,8,109.892074,2350017,1.58366420849042,None
60,100000,95,5.34,5.22833333333333,110.01199,9.0899182898155,177.547100231699,180.79616621358,180.827502,0.191239419636277,57.5179354383333,56.8218042715971,57.41,7,109.99904,2343233,1.5780061031117,None
60,100000,95,5.34,5.395,109.984332,9.09220415140586,182.780025785039,186.189116358665,186.218592,0.185274110862218,59.336547114,58.1711461229534,59.23,8,109.971208,2348394,1.58231753421444,None
60,100000,95,5.34,5.33833333333333,109.897477,9.0993899705268,190.424037564689,188.918437186388,188.954569,0.187269956190134,58.6669364718333,59.1008429597253,58.55,9,109.883218,2345919,1.58025099528596,None
60,100000,95,5.34,5.38166666666667,109.988333,9.09187340806411,178.277515788945,183.117166172499,183.146264,0.185814296508826,59.1920545428333,58.4546299163828,59.09,7,109.971224,2344694,1.57923293155164,None
70,100000,95,6.23,6.29833333333333,109.437102,9.13766886846108,243.998235117946,240.001607071448,240.034483,0.158753322481609,68.927134743,69.0526594337126,68.77,13,109.422365,2360395,1.59237223089987,None
70,100000,95,6.23,6.22333333333333,109.509037,9.13166645781024,236.144131045541,231.030006009909,231.054041,0.160635906049545,68.1511240263334,69.1483663631494,68,11,109.493239,2355378,1.58818639206763,None
70,100000,95,6.23,6.30666666666667,109.322752,9.14722673648025,222.925950592011,225.480783125793,225.509101,0.15855266400185,68.9462155946667,68.6442917547569,68.78,9,109.309963,2358212,1.59055277080591,None
70,100000,95,6.23,6.24,109.526459,9.13021391479478,228.806260957703,228.648361079861,228.678821,0.160227351403045,68.344510416,68.3092948717949,68.18,9,109.511731,2356831,1.58939843821068,None
70,100000,95,6.23,6.23666666666667,109.362458,9.143905671908,226.287128557313,225.925005504009,225.955362,0.160272035840727,68.2057196393333,68.6798503474078,68.05,10,109.345559,2359911,1.59196488043145,None
70,100000,95,6.23,6.24666666666667,109.365297,9.14366830640985,219.903834873441,222.76773439301,222.792287,0.160029457462647,68.316855526,68.1430096051227,68.16,9,109.347861,2357263,1.58975839718765,None
70,100000,95,6.23,6.20666666666667,109.517094,9.130994655501,216.127917615121,218.950124457573,218.979708,0.161084548636681,67.973609676,68.0182599355532,67.83,9,109.505569,2352629,1.58589419788004,None
80,100000,95,7.12,7.09666666666667,109.07486,9.16801543453734,267.22831126489,272.255326811414,272.281095,0.140815298586426,77.4067923133333,77.8769375293565,77.21,10,109.058726,2366850,1.59779874772961,None
80,100000,95,7.12,7.075,108.928507,9.18033329879386,287.713252340105,288.629659280565,288.651533,0.141312171167491,77.0669187025,77.0671378091873,76.73,13,108.912295,2367467,1.59831038981414,None
80,100000,95,7.12,7.025,108.974376,9.17646915454694,278.19640919779,281.01064878624,281.038749,0.142271921459312,76.55449914,75.5278766310795,76.35,13,108.957535,2371824,1.60193990843365,None
80,100000,95,7.12,7.11333333333333,108.936461,9.17966299639567,281.755027936151,285.618832483599,285.647044,0.140543846756092,77.4901359246667,76.8626991565136,77.29,13,108.919851,2371772,1.60190173557692,None
80,100000,95,7.12,7.185,108.890223,9.18356095202413,266.896662048357,275.2080913447,275.233438,0.139178017899095,78.2376252255,76.8963117606124,78.03,11,108.873393,2369562,1.60006373879216,None
80,100000,95,7.12,7.01666666666667,109.027814,9.17197147509534,298.59344056962,296.121962553682,296.144538,0.142478448250356,76.5011828233333,76.5795724465558,76.31,12,109.006707,2368849,1.59945999535671,None
80,100000,95,7.12,7.10666666666667,109.048206,9.17025631765093,300.516519471011,298.997239530488,299.023815,0.140706346622186,77.496925064,77.4038461538462,77.31,15,109.029155,2366541,1.59754174116124,None
80,100000,95,7.12,7.105,109.171049,9.15993763145026,325.931047028727,319.818841695051,319.843652,0.140702077378372,77.5660303145,77.891156462585,77.36,14,109.155648,2365826,1.59694605394621,None
80,100000,95,7.12,7.05833333333333,108.950567,9.1784744910965,309.329824409786,304.968398438253,304.991372,0.14163075305974,76.9009418741667,76.5643447461629,76.71,14,108.932641,2370079,1.60048741129688,None
90,100000,95,8.01,8.02833333333333,108.509749,9.2157618021953,432.465134876915,437.423609688395,437.442205,0.124549214868798,87.1152434888333,87.440315549097,86.86,15,108.494221,2381778,1.61029471599708,None
90,100000,95,8.01,8.04166666666667,108.566717,9.21092603362041,425.723106660582,431.893046765596,431.918197,0.124272023449534,87.3057349208333,87.4922279792746,87.06,17,108.550002,2378503,1.60756599276384,None
90,100000,95,8.01,8.00166666666667,108.654438,9.20348969086748,486.034443719872,483.5736538819,483.5942,0.124969915444074,86.941659473,87.450531139346,86.7,24,108.637305,2376508,1.605901106192,None
90,100000,95,8.01,7.95166666666667,108.502274,9.21639669966733,463.658532931508,461.854675307064,461.877478,0.125743729738,86.2773915423333,86.6170614127017,86.04,19,108.483452,2380484,1.60921159574974,None
90,100000,95,8.01,7.925,108.516195,9.21521437422313,430.494880036621,432.829972570768,432.854102,0.126169520621872,85.9990845375,85.4153522607781,85.76,20,108.497118,2378720,1.60773969939848,None
90,100000,95,8.01,7.995,108.413486,9.22394470370596,447.877380106365,448.582992279133,448.603333,0.125044540657494,86.676582057,86.5645194913488,86.44,28,108.394899,2381281,1.60987813011021,None
90,100000,95,8.01,8.075,108.398059,9.2252574374971,437.858441404915,444.540987872239,444.562877,0.123837908126109,87.5314326425,87.6883384932921,87.14,17,108.37968,2378764,1.60778398672316,None
100,100000,95,8.9,8.87,108.21014,9.24127812790927,1164.53071570775,1175.96471635926,1175.987229,0.112729722751221,95.98239418,96.1762495302518,95.7,41,108.191616,2390026,1.61721870175716,None
100,100000,95,8.9,8.87666666666667,108.093601,9.25124143102606,1398.1073863908,1397.9985155154,1398.022833,0.112653242914382,95.9510864876667,95.8411565903117,95.34,37,108.072873,2389747,1.6169841449611,None
100,100000,95,8.9,8.86333333333333,108.206395,9.24159796655272,976.467554825614,994.727855755923,994.746851,0.112818647752163,95.9069347683333,95.7032719067319,95.46,31,108.188508,2391233,1.61822347218547,None
100,100000,95,8.9,8.82333333333333,108.147877,9.24659852546158,1677.61252269108,1661.45794111447,1661.479644,0.113326452859086,95.4224768063334,95.5515678126181,94.98,79,108.129646,2390720,1.61779319770407,None
100,100000,95,8.9,8.815,108.21384,9.24096215419396,836.81635929921,854.28019906731,854.301502,0.113442937347703,95.39049996,95.6608054452638,94.95,34,108.194466,2388578,1.61600755979204,None
100,100000,95,8.9,8.78333333333333,108.242598,9.23850700627123,1102.34437167167,1104.69389496755,1104.714328,0.113839658576281,95.07308191,94.696394686907,94.65,42,108.224878,2388158,1.61565580602317,None
100,100000,95,8.9,8.855,108.252424,9.23766843317984,1073.23343029036,1085.93554328628,1085.95521,0.112923088983813,95.857521452,95.8686241294937,95.41,33,108.232026,2388051,1.61557082430448,None
100,100000,95,8.9,8.84666666666667,108.18806,9.24316417172098,856.07156790535,876.12686066202,876.147403,0.11303447165731,95.7103704133333,95.1488319517709,95.43,26,108.170091,2390480,1.61759563921572,None
100,100000,95,8.9,8.8,108.266556,9.23646264318226,1272.66270661157,1270.01965506326,1270.04161,0.113569315453409,95.27456928,94.8768939393939,94.84,57,108.24705,2387234,1.61488665497688,None
