CPU Utilization [%],Sampling Rate [µs],Threshold [%],Modeled Arrival Rate [jobs/s],Measured Arrival Rate [jobs/s],Measured Mean Service Time [ms],Measured Mean Service Rate [jobs/s],Modeled MRT (k/λ) [ms],Modeled MRT (W+S) [ms],Measured MRT [ms],Measured Mean Interarrival Time [ms],Modeled Utilization [%],Modeled Busy Probability (1-π₀),Measured Utilization [%],Highest State,Measured Mean CPU Time [ms],Measured Mean CORE Frequency [KHz],Modeled CORE Power [W],Measured CORE Power [W]
10,10000,75,0.86,0.838333333333333,122.437311,8.16744497108402,132.669721492298,129.86904055666,129.89419,1.19202942907157,10.2643279055,10.9235352532274,10.32,2,122.36415,1546370,0.754019988886366,0.991666666666665
10,10000,75,0.86,0.931666666666667,122.922944,8.13517775818972,122.777652548835,130.051699636852,130.074201,1.07269880879964,11.4523209493333,11.0813226094728,11.5,2,122.820666,1623460,0.779153110938254,1.1545
10,10000,75,0.86,0.886666666666667,121.683938,8.21801148480254,112.252462141269,129.07349512406,129.096645,1.12668177787218,10.7893091693333,9.20187793427229,10.84,2,121.61406,1600680,0.767195429556829,1.0265
10,10000,75,0.86,0.941666666666667,122.17283,8.18512594003102,134.269148611535,130.564810187611,130.587435,1.06177657487434,11.5046081583333,12.1131741821397,11.55,2,122.105384,1645490,0.78248841077985,1.0345
10,10000,75,0.86,0.831666666666667,122.173265,8.18509679675009,149.247443836622,130.358149350701,130.38333,1.20042108721844,10.1607432058333,12.012012012012,10.21,2,122.075264,1577950,0.755921167547,1.11283333333333
10,10000,75,0.86,0.848333333333333,122.438546,8.16736258857566,120.30747815089,129.631240652259,129.656556,1.17846696222986,10.3868699856667,9.81354268891069,10.44,2,122.321869,1606290,0.762200636187123,1.0725
20,10000,75,1.72,1.68,121.843565,8.20724508512206,141.062870363812,138.536513041667,138.548759,0.594485909061508,20.46971892,20.0297471492315,20.47,4,121.717853,1814850,0.944467219536972,1.60116666666667
20,10000,75,1.72,1.67666666666667,121.556241,8.22664465249464,135.402191915571,136.559307690855,136.571481,0.596355270907555,20.380929741,19.8211624441133,20.38,3,121.430976,1812110,0.942498133019554,1.63666666666667
20,10000,75,1.72,1.71166666666667,121.877585,8.2049541759463,137.314408773339,139.037817954236,139.049429,0.584148023336904,20.8613799658333,20.7785888077859,20.86,3,121.750438,1844740,0.956665323193157,1.47633333333333
20,10000,75,1.72,1.71,121.674393,8.21865616375008,136.72759590159,137.933918508772,137.949998,0.584519466990254,20.806321203,21.1397954213346,20.81,3,121.577974,1871330,0.961181634943255,1.53666666666667
20,10000,75,1.72,1.70666666666667,121.631796,8.22153444153698,137.548041727672,137.663505791992,137.675611,0.585842740566406,20.758493184,21.1322596388482,20.76,2,121.531175,1815660,0.949239285511884,1.53933333333333
20,10000,75,1.72,1.73666666666667,121.493428,8.23089788856727,137.532967867549,138.121042207294,138.132747,0.575749713177543,21.0993586626667,21.0071942446043,21.09,3,121.337443,1833600,0.958123982026975,1.59516666666667
30,10000,75,2.58,2.61666666666667,121.792051,8.21071647771167,144.909021225339,149.027365617834,149.032145,0.382121117788535,31.8689200116667,31.3594396688953,31.82,4,121.660896,1925960,1.15786606621997,1.95133333333333
30,10000,75,2.58,2.53666666666667,121.801449,8.21008295229723,158.075645863946,151.214415280552,151.22249,0.394122912030223,30.896967563,32.6108374384236,30.85,5,121.686914,1914460,1.13818746861835,1.9845
30,10000,75,2.58,2.56666666666667,121.2399,8.24810973945046,161.104718066743,152.210198455195,152.218139,0.388323850367533,31.118241,31.7429406037001,31.06,4,121.081467,1907260,1.13962098919548,2.00616666666667
30,10000,75,2.58,2.53833333333333,121.588873,8.22443678707344,153.084279748592,151.036118405778,151.044675,0.393376949443204,30.8633089298333,30.9156547423696,30.81,4,121.456807,1922890,1.13994309454467,1.90983333333333
30,10000,75,2.58,2.62,121.44975,8.23385803593667,156.555298001189,151.553365815522,151.56112,0.38152272123028,31.8198345,32.8775834658188,31.77,4,121.344973,1920120,1.1552924881014,2.1145
30,10000,75,2.58,2.57,121.539548,8.22777455121028,159.047480907365,152.18222006939,152.189944,0.388992949062257,31.235663836,31.8638573743922,31.17,4,121.377361,1923400,1.14615523982956,2.08183333333333
30,10000,75,2.58,2.64666666666667,122.122992,8.1884662635845,157.341534597298,153.443392836902,153.451313,0.377800821776448,32.321885216,33.1444759206799,32.26,4,121.983906,1930420,1.16662951767864,1.948
30,10000,75,2.58,2.45166666666667,121.950077,8.20007682323973,146.217978435967,148.213832702243,148.221909,0.407843276030592,29.8980938778333,29.1879034998301,29.86,5,121.818442,1915710,1.12193466834406,1.91033333333333
30,10000,75,2.58,2.465,122.124432,8.18836971131215,154.374833337561,150.610572651116,150.618821,0.405361427668695,30.103672488,31.4295370057452,30.07,5,122.024341,1923000,1.12750968270671,1.95766666666667
40,10000,75,3.44,3.46666666666667,121.187624,8.25166767854117,165.132272197881,165.085987873077,165.093217,0.288437997740865,42.0117096533333,42.225426580149,41.91,4,121.060657,1979950,1.34888020409575,2.5305
40,10000,75,3.44,3.37166666666667,121.510249,8.22975846259685,158.444749722154,162.129940590213,162.135971,0.296461216917449,40.9692056211667,40.2273288855943,40.86,4,121.348084,1951110,1.31982950987649,2.57733333333333
40,10000,75,3.44,3.32833333333333,121.849057,8.20687516687142,153.196001762343,160.335695374061,160.342193,0.300404886167251,40.5554278048333,39.4242803504381,40.45,5,121.717971,1956690,1.31489952021505,2.58933333333333
40,10000,75,3.44,3.37833333333333,121.562512,8.22622026764304,158.915065846583,162.800258348298,162.806195,0.295963186093735,41.0678686373333,40.7644882860666,40.97,4,121.457617,1975430,1.33087399701399,2.4785
40,10000,75,3.44,3.35833333333333,121.272266,8.24590842559172,173.075538029404,166.301993205459,166.30836,0.297717056741936,40.7272693316667,43.0414289258249,40.62,5,121.126014,1965130,1.32096784927082,2.44616666666667
40,10000,75,3.44,3.26166666666667,121.548485,8.22716959409243,148.166420962573,159.089337639755,159.095683,0.306204182737353,39.6450641908333,36.9859514687101,39.54,4,121.386192,1979170,1.30749182861041,2.7605
40,10000,75,3.44,3.44,121.687315,8.21778342302975,172.982365232868,168.783890471899,168.791088,0.290613759739826,41.86043636,42.6979898280455,41.73,6,121.504193,1958360,1.33747889211026,2.45333333333333
40,10000,75,3.44,3.41,121.257856,8.24688835006286,169.519091675724,166.708148992669,166.7141,0.293192431705767,41.348928896,41.1189836305888,41.24,5,121.109757,1978920,1.33686945390624,2.8685
40,10000,75,3.44,3.27333333333333,121.575677,8.22532947934972,155.432034705638,159.730324970468,159.737324,0.30541225977444,39.7957716046667,39.7811147874777,39.71,4,121.456034,1968590,1.30656899078436,2.71733333333333
40,10000,75,3.44,3.41666666666667,121.551022,8.22699787748391,161.721412386033,164.34489119122,164.350934,0.292523190500976,41.5299325166667,40.9656181419166,41.41,6,121.39298,1960650,1.33286123855832,2.76166666666667
50,10000,75,4.3,4.15166666666667,121.569975,8.22571527221257,181.991714422372,183.921891230028,183.926756,0.240838159595745,50.4718012875,49.8695564920731,50.3,6,121.419487,1998250,1.50278418626881,3.4895
50,10000,75,4.3,4.19,121.212672,8.24996251217035,169.802733643673,177.095760618536,177.101055,0.238637708322991,50.788109568,49.3338635911712,50.63,6,121.06544,1997880,1.50838972240927,3.23416666666667
50,10000,75,4.3,4.335,121.701401,8.21683227787986,191.443096554401,190.021555009227,190.026422,0.230614432219147,52.7575573335,52.9310013453777,52.56,5,121.517866,2010990,1.54843710886335,3.39833333333333
50,10000,75,4.3,4.26833333333333,121.329779,8.24199968253466,198.749954554126,192.637337746974,192.642046,0.234242038655603,51.7875940031667,52.332617606871,51.64,6,121.224456,1995650,1.52501658476956,3.49933333333333
50,10000,75,4.3,4.35833333333333,121.707186,8.21644171446048,197.864400819793,193.839477779732,193.844116,0.229302676949904,53.044048565,54.5402408717263,52.87,6,121.545927,1998020,1.54765844255297,3.28766666666667
50,10000,75,4.3,4.50333333333333,121.663575,8.21938694469565,200.940681209862,198.379366144708,198.383973,0.222023927647668,54.789163275,55.5966697502313,54.61,7,121.533003,2003010,1.58058822787743,3.4645
50,10000,75,4.3,4.34,121.490736,8.23108026936309,192.10812905349,190.539593824885,190.544296,0.230332185605991,52.726979424,53.9258974851219,52.56,6,121.348805,1996110,1.54131921881001,3.28766666666667
50,10000,75,4.3,4.215,121.425754,8.23548520028132,166.387751460407,177.985995435745,177.992788,0.237171593755239,51.180955311,48.3099426764183,51.02,6,121.266644,2001260,1.51678619816619,3.13866666666667
50,10000,75,4.3,4.22166666666667,121.282678,8.24520052236973,196.389307090748,189.74614831741,189.751267,0.236868118590209,51.2015038956667,52.5162818235642,51.05,7,121.143422,1994940,1.51437250941316,3.1835
50,10000,75,4.3,4.36,121.093998,8.25804760364754,194.645133126577,192.292339690367,192.297284,0.229331779386468,52.796983128,53.5257022740302,52.63,6,120.963683,2008480,1.54846798571695,3.53116666666667
60,10000,75,5.16,5.09833333333333,121.168164,8.25299292312459,207.45782900874,212.387551033998,212.392594,0.1961129721932,61.775568946,61.1701258375552,61.54,8,121.001949,2033480,1.71915109464784,3.9965
60,10000,75,5.16,5.10833333333333,121.43798,8.23465607711854,238.288397715671,231.246557258401,231.250402,0.195741006371289,62.0345681166667,62.2247594193443,61.82,12,121.314488,2027570,1.72083213373372,3.60366666666667
60,10000,75,5.16,5.09666666666667,121.486714,8.231352771629,216.927532475781,218.478959753107,218.48311,0.196177349485612,61.9177285686667,62.1056073238516,61.69,7,121.337342,2026880,1.71813799855115,3.905
60,10000,75,5.16,5.19666666666667,121.08103,8.25893205566553,232.786955044813,228.817918478191,228.821888,0.192263533987813,62.9217752566667,63.5080968414302,62.69,8,120.94651,2026420,1.73563177831728,3.9805
60,10000,75,5.16,5.13666666666667,121.551669,8.22695408649634,226.604205251117,225.739748940947,225.743701,0.194348943140818,62.437040643,63.4874290348743,62.21,8,121.411572,2033730,1.73122615908563,3.71266666666667
60,10000,75,5.16,5.205,121.343353,8.24107769627892,219.371388564302,222.085906870637,222.090098,0.192119288321166,63.1592152365,63.6145349767889,62.92,8,121.176744,2034780,1.74447211306263,3.75683333333333
60,10000,75,5.16,5.01166666666667,121.397391,8.23740931961215,209.021841803871,212.447550768873,212.451726,0.199387450609578,60.8403257895,61.1803823773899,60.61,8,121.246408,2021630,1.69608143278546,3.806
60,10000,75,5.16,5.175,121.4695,8.23251927438575,220.926406865799,221.344662472786,221.34877,0.193110527775523,62.86046625,62.5825148929319,62.64,8,121.341262,2035520,1.73990075827796,4.05483333333333
70,10000,75,6.02,6.14,121.314079,8.24306633033088,290.900828941384,293.962958103692,293.966271,0.162817494197883,74.486844506,72.7642828063509,74.19,12,121.185005,2043010,1.95084298012889,4.63733333333333
70,10000,75,6.02,5.91666666666667,121.128493,8.25569587495817,259.435786667619,264.328151587606,264.33152,0.169012907470141,71.6676916916667,70.8491761723701,71.28,10,120.997375,2041680,1.89791151533428,4.44233333333333
70,10000,75,6.02,6.275,120.795202,8.2784745043102,282.264911936373,289.444272433997,289.447796,0.159347481963081,75.798989255,74.8506174478821,75.54,13,120.723446,2052570,1.98149992569211,4.74283333333333
70,10000,75,6.02,6.005,121.062991,8.26016267845225,299.297322533243,294.584317978629,294.587838,0.166522264213988,72.6983260955,72.0271957818787,72.46,14,120.992475,2048340,1.9233617415127,4.57433333333333
70,10000,75,6.02,6.04166666666667,120.961927,8.26706406553857,272.186951621417,275.591052549793,275.594363,0.165465062169379,73.0811642291667,73.507102468625,72.72,11,120.892258,2047520,1.92748976705963,4.7525
70,10000,75,6.02,5.85833333333333,121.076584,8.25923532827784,280.262596471266,277.706793868848,277.711228,0.170687380195448,70.9306987933333,70.7865168539326,70.7,10,121.004459,2044030,1.88903617354968,4.60383333333333
70,10000,75,6.02,6.14666666666667,120.943826,8.26830135173663,297.41557640753,296.861385392625,296.865493,0.162673718040944,74.3401383813333,74.6644977633184,74.09,12,120.873525,2045930,1.95100087162941,4.81166666666667
70,10000,75,6.02,5.94833333333333,121.123709,8.25602194860133,282.6317469489,281.954091784814,281.956143,0.168032354243766,72.0484195701667,72.4050987533268,71.82,13,121.054524,2046580,1.91073963408976,4.65066666666667
70,10000,75,6.02,5.85666666666667,121.226828,8.24899914068526,276.802672852277,275.012145270063,275.015651,0.170739548130905,70.9985122653333,71.1338739507754,70.77,10,121.157395,2036510,1.88549276958909,4.70383333333333
80,10000,75,6.88,6.81,120.903016,8.27109226125509,447.517730114181,440.469075011747,440.472022,0.146828261654919,82.334953896,83.1396060198214,82.04,18,120.833704,2060980,2.10456249072772,5.19133333333333
80,10000,75,6.88,6.91,121.124372,8.25597675751004,389.165761998638,395.820564339122,395.823597,0.14470553362494,83.696941052,83.8538526468106,83.26,13,121.053419,2064090,2.12891158481618,4.89933333333333
80,10000,75,6.88,6.89333333333333,120.904212,8.27101044254769,394.328828532892,400.100054376934,400.102945,0.144921887345745,83.343303472,83.2829686933398,83.05,14,120.836284,2058140,2.12067933717864,5.22283333333333
80,10000,75,6.88,6.85,120.845742,8.2750122879795,428.260543365442,426.004873832603,426.007931,0.145907498548175,82.77933327,82.9461136114828,82.48,17,120.77524,2063730,2.1145421706641,5.032
80,10000,75,6.88,6.82666666666667,120.890589,8.27194249173523,487.905786570853,473.227705754395,473.231575,0.146429435896729,82.527975424,82.948858781887,82.23,22,120.822065,2063120,2.1095724804935,4.77933333333333
80,10000,75,6.88,6.78,120.964364,8.26689751371735,434.049208194623,428.610208295723,428.614594,0.147462136770157,82.013838792,82.1432960550572,81.73,18,120.894465,2061110,2.09906135780029,5.30766666666667
90,10000,75,7.74,7.875,121.137266,8.2550979811613,1293.59620968975,1299.79001011005,1299.792592,0.126978788002328,95.395596975,95.1327901809332,94.87,47,121.067234,2079770,2.35213903687536,6.09116666666667
90,10000,75,7.74,7.62,121.114429,8.25665453948514,774.385842556996,779.279032175197,779.281834,0.131194393029528,92.289194898,92.7173318753417,91.79,26,121.045737,2079550,2.29584695959795,5.51983333333333
90,10000,75,7.74,7.74,120.790411,8.27880285960779,1170.49618022261,1159.81185854587,1159.815437,0.129194600456072,93.491778114,93.4976854343848,92.98,37,120.722322,2076270,2.3147936858928,5.75266666666667
90,10000,75,7.74,7.755,121.039449,8.26176926829864,997.03799549946,1001.05826224371,1001.060929,0.128899763969912,93.8660926995,93.596217900505,93.35,31,120.970285,2075660,2.32101322759793,5.95116666666667
90,10000,75,7.74,7.715,120.804626,8.27782869838114,769.08232497263,782.786328370058,782.788893,0.129521715998704,93.200768959,92.5801922453829,92.84,30,120.735309,2072870,2.30942142409367,5.791
90,10000,75,7.74,7.785,120.948218,8.26800110440652,939.324403275963,948.674101304432,948.676839,0.12843382429073,94.158187713,94.5627742695066,93.64,27,120.879852,2076360,2.32687272590808,5.4325
90,10000,75,7.74,7.76,121.069677,8.25970651594288,1023.78783232838,1028.479957907,1028.483568,0.128865504523625,93.950069352,93.7506711049071,93.59,33,120.999824,2079430,2.32853524234568,5.263
90,10000,75,7.74,7.67,120.851778,8.27459898852295,985.675405988611,979.237288672968,979.240979,0.130357859147545,92.693313726,92.8299837045084,92.34,40,120.782782,2074170,2.3014175294601,5.775
90,10000,75,7.74,7.85166666666667,120.823421,8.27654101931115,1068.75256762219,1077.97429701571,1077.977097,0.127335055573127,94.8665227218333,94.4603629417383,94.34,29,120.754621,2079740,2.34245820158461,5.40533333333333
90,10000,75,7.74,7.68,120.862627,8.27385623514538,796.37999077791,806.390869811849,806.393538,0.130205904065321,92.822497536,92.8176196159271,92.32,33,120.795219,2073130,2.30019445230363,5.46583333333333
100,10000,75,8.1,8.18,120.7512,8.281491,4040.045,4055.851,4055.853,0.122216,98.77449,98.71651,98.35,80,120.6702,2080660,2.41632016442423,6.3796666666666
100,10000,75,8.1,8.135,120.7734,8.279968,2836.242,2847.511,2847.514,0.122923,98.24917,97.3164,96.87,62,120.6941,2074880,2.38433776883429,5.8158333333333
100,10000,75,8.1,7.948333,120.9366,8.268795,1135.267,1155.614,1155.617,0.125797,96.12445,96.26795,95.72,34,120.857,2074430,2.36305101584537,5.8251666666666
100,10000,75,8.1,8.226667,121.0054,8.264097,5675.207,5717.322,5717.325,0.121536,99.54707,98.92636,98.47,105,120.9264,2079620,2.4175915262427,5.759
100,10000,75,8.1,8.1,120.9693,8.266562,3691.956,3685.529,3685.531,0.123439,97.98511,98.08662,97.41,65,120.89,2076860,2.39587733960459,5.8506666666666
100,10000,75,8.1,8.14,120.6315,8.289707,4240.046,4228.529,4228.532,0.122797,98.19406,98.45429,97.78,96,120.5532,2078000,2.40360543017292,6.044
100,10000,75,8.1,8.183333,120.9947,8.264822,2580.973,2618.913,2618.915,0.122152,99.01403,99.0836,98.6,58,120.9163,2080190,2.42046222426057,6.059
100,10000,75,8.1,8.293333,120.8341,8.275809,4217.628,4289.159,4289.161,0.12057,100.2117,99.17613,98.97,66,120.7559,2081060,2.42797407171112,5.7806666666666
100,10000,75,8.1,8.055,120.9726,8.266331,1458.949,1487.347,1487.349,0.124146,97.44347,97.0001,96.56,39,120.8927,2075110,2.37890215592795,5.9605
100,10000,75,8.1,8.008333,120.8903,8.271964,1549.045,1563.885,1563.888,0.124837,96.81296,96.0462,95.94,53,120.8092,2071610,2.3646281409654,6.0785
10,10000,80,0.86,0.865,121.994188,8.19711181650719,129.070304372257,128.810686774567,128.835491,1.15426953270328,10.552497262,10.7795957651588,10.6,2,121.93088,1630090,0.767088956291094,1.5635
10,10000,80,0.86,0.88,122.069227,8.19207284731966,94.6073793755913,128.213321626894,128.239581,1.13575361707386,10.742091976,7.94701986754967,10.79,2,122.001949,1619140,0.768570462913973,1.5015
10,10000,80,0.86,0.87,122.407687,8.1694215821593,109.99285046472,129.780193597701,129.803522,1.14425583751341,10.649468769,9.1866028708134,10.7,2,122.340386,1641140,0.769750872063756,1.59966666666667
10,10000,80,0.86,0.833333333333333,122.143698,8.18707814135446,146.253746253746,130.0400408,130.065242,1.195470097418,10.1786415,10.989010989011,10.23,2,122.07511,1587960,0.757274280424891,1.45366666666667
10,10000,80,0.86,0.875,121.85114,8.20673487338732,115.264374065516,128.219356491429,128.243374,1.14142455511429,10.66197475,9.895337773549,10.72,2,121.777156,1624010,0.76812236958383,1.42866666666667
10,10000,80,0.86,0.875,121.486991,8.23133400349014,145.711567214897,129.678836299048,129.701571,1.14123044664952,10.6301117125,11.7982873453854,10.68,2,121.409983,1615260,0.766577707971792,1.49583333333333
10,10000,80,0.86,0.818333333333333,122.351928,8.17314460300127,96.9640714964995,128.191533912424,128.222883,1.22033706126273,10.012466108,7.73143438453712,10.07,2,122.280804,1611070,0.757502006345113,1.41183333333333
20,10000,80,1.72,1.71833333333333,121.650514,8.22026941867258,155.715711630675,140.406070596508,140.419568,0.5819182921387,20.9036133223333,22.249151720795,20.91,4,121.578249,1854410,0.959418032392555,1.9945
20,10000,80,1.72,1.66833333333333,121.401029,8.23716247083869,130.473620238972,136.275627707293,136.288346,0.599017309957043,20.2537383381667,19.5706440339491,20.26,2,121.3314,1798830,0.937998180417499,1.90466666666667
20,10000,80,1.72,1.745,121.366767,8.23948783277716,128.290171030766,137.198769197708,137.21196,0.572633732629417,21.1785008415,19.3317422434368,21.18,3,121.301692,1839480,0.960765968710448,1.852
20,10000,80,1.72,1.68333333333333,121.810576,8.2094677887411,146.3837625722,139.362297217822,139.374104,0.59325757259901,20.5047802933333,21.7714002968827,20.52,3,121.738117,1855840,0.95336562639724,2.10216666666667
20,10000,80,1.72,1.74166666666667,121.59082,8.22430509145345,135.097101041374,138.468350120574,138.480639,0.573808915273684,21.1770678166667,20.5643232902917,21.18,3,121.522267,1809160,0.954596550392663,2.044
20,10000,80,1.72,1.685,122.296463,8.17685136159662,117.344895717058,136.73355264095,136.745392,0.5927093642364,20.6069540155,18.1908057340583,20.62,2,122.220599,1819570,0.947789078539101,2.26366666666667
20,10000,80,1.72,1.715,121.304793,8.24369734508347,138.763616179838,137.751646791059,137.767263,0.582598729913508,20.8037719995,21.2724623603691,20.82,3,121.229988,1841720,0.955413979787679,1.93216666666667
20,10000,80,1.72,1.725,121.993997,8.19712465032193,136.04014023891,138.4534935343,138.464996,0.578772458018358,21.0439644825,20.5697730564944,21.05,3,121.925645,1876020,0.966064701229146,2.12166666666667
30,10000,80,2.58,2.62,121.67406,8.21867865673259,148.909574145317,150.657620122137,150.667027,0.381656271087786,31.87860372,31.7647058823529,31.83,4,121.574014,1947370,1.16438854326271,2.66566666666667
30,10000,80,2.58,2.60666666666667,121.570482,8.22568096752302,146.145414687614,151.180865224425,151.185304,0.383531896420716,31.689372308,29.9137104506232,31.65,4,121.497192,1926040,1.15502167564933,2.77466666666667
30,10000,80,2.58,2.59166666666667,121.664999,8.21929074277147,138.167543650215,148.336590718328,148.344304,0.385728142873955,31.5315122408333,28.8010286081646,31.5,3,121.594174,1926090,1.15250567101487,2.64266666666667
30,10000,80,2.58,2.59,121.565668,8.2260067044587,155.980085217782,150.647963167954,150.655787,0.386098695981982,31.485508012,33.1939530395626,31.45,4,121.493979,1922450,1.1505939691705,2.46683333333333
30,10000,80,2.58,2.55833333333333,121.347448,8.24079959225842,171.95642328094,154.111280851466,154.119377,0.390756119414984,31.0447221133333,33.7349397590361,31.01,4,121.273623,1941320,1.14864886701832,2.29466666666667
30,10000,80,2.58,2.62166666666667,121.549938,8.2270712470458,146.659822541615,149.217543122696,149.225709,0.381048934608392,31.866342079,31.9034000635526,31.83,4,121.478104,1923790,1.15739078912995,2.41833333333333
30,10000,80,2.58,2.54166666666667,121.613499,8.22277138823216,153.198897432178,150.111971263607,150.120293,0.393232118093771,30.9100976625,31.7273025237627,30.88,3,121.547392,1931890,1.14371815967384,2.35116666666667
30,10000,80,2.58,2.49333333333333,121.159097,8.25361053986726,142.846677899055,146.423704071524,146.432079,0.400956960602273,30.2090015186667,29.2014700968928,30.18,4,121.087883,1937150,1.13335733047155,2.563
30,10000,80,2.58,2.65666666666667,121.783573,8.21128806920454,148.723281449367,150.869414799247,150.877377,0.376404934797993,32.3538358936667,32.6434619002822,32.32,3,121.712723,1911520,1.16195408959623,2.58916666666667
30,10000,80,2.58,2.59333333333333,121.724284,8.21528759207982,142.69705695578,148.36501494473,148.373129,0.385243412781491,31.5671643173333,31.4166398972053,31.53,3,121.653962,1930170,1.15421190943088,2.24033333333333
40,10000,80,3.44,3.52,121.217226,8.24965257000684,165.20979020979,166.04743480303,166.053415,0.284051421811553,42.668463552,42.2958579881657,42.58,4,121.14722,1972620,1.3576348518585,3.10533333333333
40,10000,80,3.44,3.44833333333333,121.444364,8.23422320363916,165.491322507112,164.443571857902,164.450635,0.289733009535524,41.8780648526667,43.1988402995893,41.79,5,121.374613,1976840,1.34560470039458,2.97283333333333
40,10000,80,3.44,3.39333333333333,121.460286,8.23314379483677,163.012256187062,164.123216148821,164.130136,0.294006246523084,41.215523716,40.9035109256077,41.14,5,121.388539,1965800,1.33017246486334,2.81083333333333
40,10000,80,3.44,3.42333333333333,121.409038,8.23661908926418,162.514043436132,163.708614184518,163.714845,0.291492897399221,41.5623606753333,40.7398393769774,41.48,5,121.336074,1957420,1.33283186514024,2.937
40,10000,80,3.44,3.54666666666667,121.373104,8.23905764163369,169.292152156289,167.021554074248,167.027426,0.281834281636748,43.0469942186667,44.3504815597839,42.96,5,121.299738,1968650,1.36263578762099,3.07
40,10000,80,3.44,3.365,121.291408,8.24460707060141,161.427567104829,163.849955337791,163.856561,0.296994396619614,40.814558792,40.6041099282001,40.74,6,121.217615,1983730,1.33000504644596,2.85183333333333
40,10000,80,3.44,3.38333333333333,121.42228,8.23572082487662,161.866511075556,164.224883207389,164.23154,0.295389945071429,41.0812047333333,40.0393991627678,41,4,121.349753,1986690,1.33563917117672,2.921
40,10000,80,3.44,3.55,121.512809,8.22958508020336,173.007063738923,170.425934642254,170.431829,0.281326049326291,43.137047195,43.9098803097864,43.05,6,121.441051,1988690,1.37210458309337,3.07966666666667
40,10000,80,3.44,3.46166666666667,121.345423,8.24093711387862,165.609590338745,165.7620457896,165.767937,0.28859917239143,42.0057405951667,42.9843561973526,41.92,6,121.274749,1985830,1.35131832618768,3.02633333333333
40,10000,80,3.44,3.38333333333333,121.42629,8.23544884719775,179.261338479809,169.277798736453,169.284509,0.295382386665517,41.08256145,44.0039399162768,41,6,121.352401,1974840,1.33117063153309,3.0185
50,10000,80,4.3,4.27666666666667,121.264262,8.24645269353967,188.364409285113,186.616876023772,186.621722,0.233719221924396,51.8606827153333,52.5813364504189,51.73,6,121.191602,2000200,1.52873330655091,3.1805
50,10000,80,4.3,4.355,121.240453,8.24807211830527,187.712084893482,188.387572870264,188.393693,0.229601271355913,52.8002172815,53.2619093170078,52.65,6,121.115434,2003400,1.54638581774563,2.99516666666667
50,10000,80,4.3,4.40166666666667,121.545834,8.22734903443914,181.646129344171,187.680327763347,187.685064,0.227088910260507,53.500424599,53.303047510884,53.36,6,121.475841,2006010,1.56011237366305,3.24316666666667
50,10000,80,4.3,4.385,121.035849,8.26201500020048,195.292061726504,192.945186332193,192.949983,0.228028265250095,53.0742197865,54.0946228386852,52.93,7,120.963445,2001140,1.55021112573515,3.30166666666667
50,10000,80,4.3,4.30666666666667,121.288515,8.24480372275974,194.239653279524,190.830942285604,190.835992,0.232108844842105,52.23492046,52.1570903462952,52.1,6,121.217209,1999410,1.53484133667738,3.273
50,10000,80,4.3,4.35166666666667,121.351856,8.240500252423,182.06012603858,186.131136379548,186.136019,0.229721715282267,52.8082826693333,51.31150679686,52.67,6,121.27979,2005250,1.54762353234702,3.11866666666667
50,10000,80,4.3,4.38166666666667,121.244128,8.24782211308411,172.198417883639,182.289466279574,182.294278,0.22820525169418,53.1251354186667,51.4546491728466,52.99,6,121.174721,2007220,1.55419416208123,3.35433333333333
50,10000,80,4.3,4.25833333333333,121.647324,8.22048498165073,175.286717072765,182.165757710763,182.170608,0.234799411049706,51.80148547,50.8119741733516,51.67,6,121.571534,2009230,1.53193117831829,3.34433333333333
60,10000,80,5.16,5.2,121.255241,8.24706620310128,219.577730393305,221.432327033013,221.436299,0.191854235826282,63.05272532,63.4513699727608,62.86,7,121.183753,2019730,1.73484560456778,3.79466666666667
60,10000,80,5.16,5.06833333333333,121.402861,8.23703816996537,207.455746314966,212.0445553512,212.048808,0.197286511783953,61.5310167168333,60.9074469833964,61.35,6,121.329355,2012550,1.70414326072256,3.76016666666667
60,10000,80,5.16,5.06833333333333,121.46069,8.23311640992654,219.32704136676,218.06600291779,218.07026,0.197259786051299,61.5603263816667,61.0554002959066,61.38,7,121.389379,2036200,1.71781236789973,4.0075
60,10000,80,5.16,5.12333333333333,121.082362,8.25884120100003,208.929984542398,213.591844445348,213.595896,0.195112287208198,62.0345301313333,62.5304927630509,61.85,6,121.010599,2028140,1.72168400003119,3.71216666666667
60,10000,80,5.16,5.19166666666667,121.053184,8.26083186709075,242.725687051719,235.672068382344,235.676182,0.192509517212199,62.8467780266667,63.4890065800032,62.66,9,120.9835,2030400,1.73735522229055,3.66683333333333
60,10000,80,5.16,5.19,121.246871,8.2476355204251,237.159089608522,232.835528714515,232.83959,0.192512234528581,62.927126049,61.8558356076417,62.74,7,121.172227,2032670,1.74006634299439,3.89566666666667
60,10000,80,5.16,5.15166666666667,121.236737,8.24832492811152,233.85732254557,228.871981903268,228.876908,0.19406668136396,62.4571256778333,64.0950994662785,62.27,8,121.164879,2030800,1.73064425090276,3.9745
60,10000,80,5.16,5.16,121.369382,8.23931030644945,212.355284848986,217.634990578811,217.639055,0.193743505932171,62.626601112,61.9247537542387,62.34,8,121.299635,2018060,1.72470384380563,3.61966666666667
60,10000,80,5.16,5.19333333333333,121.381514,8.23848679297245,210.565034712132,215.23695221534,215.241374,0.192494008523428,63.0374662706667,62.6985400288786,62.85,7,121.310787,2029080,1.73998405680221,4.208
60,10000,80,5.16,5.26,121.160422,8.25352027908916,220.98163063845,225.019145481306,225.0231,0.190046623018378,63.730381972,62.5059401235546,63.54,8,121.088314,2028560,1.7519492982366,3.84383333333333
70,10000,80,6.02,5.89333333333333,121.435926,8.23479536031207,259.334938229824,263.018362422794,263.022038,0.169635788138009,71.566239056,71.7093171214478,71.33,9,121.364111,2048960,1.90348509758822,4.26433333333333
70,10000,80,6.02,6.03666666666667,120.836939,8.2756151246102,279.131555150089,280.326850654611,280.330296,0.165646960818056,72.9452321763333,72.6570048309179,72.7,10,120.765221,2045390,1.9257363960896,4.61166666666667
70,10000,80,6.02,6.18333333333333,120.782066,8.27937485354821,295.075786605434,296.075183603504,296.07862,0.161660192661725,74.6835774766667,74.5317342676189,74.43,11,120.71104,2050820,1.96037011876237,4.505
70,10000,80,6.02,6.21166666666667,120.951653,8.26776629501707,305.519729593013,304.091851988999,304.095219,0.160945374141132,75.1311351218333,75.5868544600939,74.88,13,120.880892,2050830,1.96846081251023,4.84216666666667
70,10000,80,6.02,6.05333333333333,121.240261,8.24808518021914,284.077300193129,285.836558159416,285.839991,0.165172782621696,73.3907713253333,73.4618031658637,73.15,11,121.169234,2048700,1.93597928649849,4.6705
70,10000,80,6.02,6.04666666666667,121.383128,8.23837724794833,284.316598702025,286.222896933297,286.226359,0.165361664117144,73.3963313973333,73.184511506132,73.15,13,121.31263,2054860,1.94003695738908,4.951
70,10000,80,6.02,6.04666666666667,121.067551,8.25985156006005,276.180896094088,279.452935083242,279.456377,0.165358530702591,73.2055125046667,72.8537963345735,72.96,9,120.995723,2051270,1.93425820398948,4.402
70,10000,80,6.02,5.945,121.368744,8.23935361809462,264.465849356075,267.580859471825,267.584446,0.168178898780488,72.153718308,72.0252277505256,71.92,9,121.30022,2041680,1.90935745578679,4.637
70,10000,80,6.02,6.01666666666667,121.158744,8.25363458703402,296.319483685051,291.622990335734,291.626495,0.166200632866482,72.89717764,73.4939759036145,72.66,16,121.086978,2047750,1.92656415752116,4.878
80,10000,80,6.88,6.875,121.029457,8.26245134686509,393.54348233272,398.007413390545,398.011146,0.145449283216727,83.2077516875,84.1231365895043,82.91,14,120.960117,2061010,2.12029122451699,5.51633333333333
80,10000,80,6.88,6.89666666666667,121.04712,8.26124570332611,446.46712696144,443.475320102223,443.478367,0.144954810115756,83.48216376,83.7501510209013,83.18,19,120.975793,2064850,2.12803253240898,4.9895
80,10000,80,6.88,6.87,121.079232,8.25905469899248,456.613023816649,451.328763918244,451.331893,0.145557244521106,83.181432384,83.0200121285628,82.75,19,121.008118,2062480,2.11849457091627,5.28683333333333
80,10000,80,6.88,6.97,121.048651,8.2611412166832,499.656541869733,492.572390518651,492.575301,0.1433826844945,84.370909747,84.7818290496115,84.07,22,120.978407,2064320,2.14373036270959,5.73466666666667
80,10000,80,6.88,6.94,120.910263,8.27059651669106,441.549490461265,440.85316315562,440.856989,0.144055710438761,83.911722522,83.275303157642,83.61,14,120.839351,2064400,2.13547239417419,5.05633333333333
80,10000,80,6.88,6.83333333333333,121.040475,8.2616992373832,374.124511882846,380.254278923415,380.257273,0.1463110095,82.71099125,82.9289111084014,82.42,15,120.967941,2065700,2.11491515581398,4.76616666666667
80,10000,80,6.88,6.78333333333333,120.934925,8.26890991167357,408.289161513581,406.894823585504,406.897851,0.147384672506634,82.0341907916667,82.2257707898293,81.74,15,120.866251,2058120,2.09704736910197,5.08833333333333
80,10000,80,6.88,6.88666666666667,121.094699,8.25799979898377,414.102318586465,416.404830139158,416.407772,0.145194571249516,83.3938827113333,83.35148215366,83.1,14,121.023666,2061950,2.12442252793312,5.037
90,10000,80,7.74,7.67333333333333,121.128031,8.25572736338792,851.497689668032,857.034500902042,857.037241,0.130276518219375,92.9455757873333,93.1588663264198,92.44,31,121.058645,2073340,2.30254743875232,5.78966666666667
90,10000,80,7.74,7.74333333333333,120.664643,8.28743180386321,872.318644943062,880.140930083298,880.14363,0.129121430749892,93.4346552296667,93.6188529000323,92.92,25,120.596158,2075050,2.312687543614,5.4335
90,10000,80,7.74,7.66333333333333,120.858804,8.2741179533764,788.440052907924,795.532852308177,795.535697,0.130476842082645,92.618130132,92.1278677829727,92.11,26,120.789706,2073880,2.29699949636385,5.59416666666667
90,10000,80,7.74,7.805,120.94092,8.26850002464013,869.860367543532,885.353551588725,885.356282,0.128116025968823,94.39438806,93.8721041955802,93.57,33,120.871701,2077210,2.32631150749633,5.6925
90,10000,80,7.74,7.75333333333333,121.179431,8.25222557778803,891.13878899971,901.545345412296,901.548851,0.128963539379622,93.9544521686667,93.7238044062332,93.59,30,121.109746,2079360,2.32847659922625,5.88066666666667
90,10000,80,7.74,7.61333333333333,120.938794,8.26864537776026,968.474248868221,957.796532749781,957.799323,0.131319098336471,92.0747351653333,92.5139542519427,91.57,31,120.869074,2078070,2.29062574248715,5.62016666666667
90,10000,80,7.74,7.61333333333333,120.977263,8.26601606948241,1056.46639488755,1036.21732486165,1036.220083,0.131319084470666,92.1040228973333,92.6890664331838,91.75,46,120.907919,2075130,2.291486665181,5.75066666666667
90,10000,80,7.74,7.785,121.057983,8.26050438986746,817.760245702033,836.536785453222,836.539448,0.128436196319846,94.2436397655,93.9526918548646,93.73,34,120.988587,2076010,2.32821600690284,5.82016666666667
100,10000,80,8.1,8.208333333,120.771707,8.280085004,2645.154941,2684.616827,2684.619405,0.121819308,99.13344283,98.8833621,98.39,51,120.69281,2081700,2.41796419073869,5.965
100,10000,80,8.1,8.028333333,120.85722,8.274226397,2132.367429,2134.533328,2134.536147,0.12455725,97.02820479,96.76180592,96.31,60,120.777213,2078060,2.3768995527196,5.723
100,10000,80,8.1,8.011666667,120.903437,8.27106346,1574.614763,1588.451299,1588.452731,0.124803142,96.86380361,97.12948518,96.46,40,120.825075,2077810,2.37941427138293,5.8553333333333
100,10000,80,8.1,8.031666667,120.792927,8.27863042,1660.909228,1674.509203,1674.511772,0.124485476,97.01685254,96.88764395,96.61,51,120.713759,2072650,2.37768504815959,5.887
100,10000,80,8.1,8.018333333,120.850581,8.274680947,1143.81179,1172.389945,1172.392771,0.124652128,96.9020242,96.42523122,96.02,40,120.769781,2073650,2.36783230858385,5.73
100,10000,80,8.1,8.038333333,120.914862,8.270281944,1637.290443,1653.339256,1653.341736,0.124373822,97.19539657,96.72437027,96.47,47,120.834881,2075020,2.37718854678765,5.5888333333333
100,10000,80,8.1,8.278333333,121.058863,8.260444343,3992.583563,4064.668095,4064.670514,0.120749532,100.2165621,99.07398088,98.65,77,120.979863,2083410,2.42421361021457,5.6851666666666
100,10000,80,8.1,8.246666667,120.982812,8.26563694,3825.085527,3882.714913,3882.717399,0.121254312,99.7704923,99.61604527,99.19,80,120.903955,2083430,2.43408624910032,6.0778333333333
100,10000,80,8.1,7.89,120.927651,8.2694073,1259.650429,1265.573097,1265.575679,0.126739234,95.41191664,95.54335199,94.87,41,120.846647,2071290,2.34493976173023,5.8565
100,10000,80,8.1,7.933333333,120.871609,8.273241403,1304.100886,1313.323755,1313.32634,0.12602672,95.89147647,95.63071106,95.5,52,120.790818,2074230,2.35888246302734,5.9338333333333
10,10000,85,0.86,0.893333333333333,122.375645,8.17156060750487,123.103030977452,131.015954113806,131.054956,1.11667452386381,10.9322242866667,10.0652376514446,10.96,2,122.225814,1648130,0.774285095368067,2.7495
10,10000,85,0.86,0.873333333333333,121.880648,8.20474797606918,130.986253720374,129.728040666031,129.753837,1.14435661635878,10.6442432586667,11.2488083889418,10.7,2,121.796382,1689350,0.775134788546225,1.15433333333333
10,10000,85,0.86,0.808333333333333,121.739102,8.21428763290861,173.27231995923,131.46908916701,131.496268,1.23573819574845,9.84057741166667,12.9763130792997,9.9,3,121.651818,1647200,0.758884591932695,3.71516666666667
10,10000,85,0.86,0.866666666666667,121.660329,8.219606244859,119.707381955221,128.678895926923,128.694187,1.15193848181731,10.54389518,9.99039385206532,10.6,2,121.579055,1637330,0.767891151068421,3.64883333333333
10,10000,85,0.86,0.82,122.156114,8.18624600320865,153.522347406215,131.145693715447,131.170707,1.2154761040813,10.016801348,11.9796954314721,10.07,2,122.070007,1600320,0.756360809991612,1.4525
10,10000,85,0.86,0.761666666666667,121.852183,8.20666462741993,146.357212038598,129.420785080963,129.44982,1.31155193110503,9.28107460516667,10.4918032786885,9.33,2,121.663581,1581690,0.744130421512794,5.36516666666667
10,10000,85,0.86,0.818333333333333,121.783878,8.21126750455426,99.4503297399996,126.783618665988,126.808638,1.2216061210387,9.965980683,8.1383519837233,10.02,1,121.691288,1598120,0.755427318944459,1.44083333333333
10,10000,85,0.86,0.923333333333333,121.151303,8.25414151756998,108.400907572764,128.568624790614,128.591407,1.08053331998917,11.1863036436667,9.37781785392245,11.23,2,121.033631,1628030,0.775845060072936,1.32883333333333
10,10000,85,0.86,0.868333333333333,121.919287,8.20214770448912,139.123265789847,130.721939357006,130.746594,1.14816439173896,10.5866580878333,11.1217641418984,10.64,2,121.840507,1568660,0.760832121533008,1.13116666666667
10,10000,85,0.86,0.868333333333333,122.356524,8.17283760038819,123.66512514653,128.677678351248,128.707572,1.14757405267754,10.624624834,10.3547459252157,10.67,2,122.22065,1605180,0.765313169166334,1.28266666666667
20,10000,85,1.72,1.70333333333333,122.455521,8.16623041438858,134.928875257776,139.085703522505,139.097706,0.586464855060665,20.858257077,20.3422982885086,20.87,3,122.390051,1856740,0.959236051484484,2.0035
20,10000,85,1.72,1.80833333333333,122.012428,8.19588640593235,133.218143648895,137.599543938249,137.611997,0.552947375927189,22.0639140633333,21.6029479502533,22.07,2,121.943456,1886700,0.985082927189331,2.18316666666667
20,10000,85,1.72,1.73333333333333,121.619396,8.22237268798802,136.398920637268,138.328513649039,138.339976,0.575587000281731,21.0806953066667,20.8553580009611,21.09,3,121.547954,1817730,0.954907315623263,1.90533333333333
20,10000,85,1.72,1.755,121.664468,8.21932661555714,141.436021834693,139.228218592593,139.240271,0.569477652278253,21.352114134,21.4048410061699,21.36,4,121.590843,1842370,0.964258930242352,1.78683333333333
20,10000,85,1.72,1.755,121.537058,8.22794311838616,129.266574449299,137.409318944919,137.4211,0.568125651434948,21.329753679,20.6929283341244,21.34,2,121.46303,1848060,0.965101920135863,1.86433333333333
20,10000,85,1.72,1.80833333333333,121.711646,8.21614063127533,118.699149025593,136.242747087558,136.258646,0.552332577399078,22.0095226516667,20.0829111008752,22.02,2,121.639949,1839810,0.974370542046826,1.98233333333333
20,10000,85,1.72,1.68,121.697358,8.21710525548139,136.045990037066,139.054714787698,139.066915,0.594876803097222,20.445156144,20.2776400594943,20.46,3,121.617111,1823520,0.946017709580474,2.05283333333333
20,10000,85,1.72,1.72333333333333,121.165124,8.25319998847193,152.289531473637,140.13885527176,140.151176,0.579972968863636,20.8807897026667,21.8946350894152,20.89,3,121.095732,1840190,0.956235836814805,1.95616666666667
20,10000,85,1.72,1.76,121.503491,8.23021620012548,126.382136557243,137.187753060606,137.199483,0.567435375008523,21.384614416,20.0662565073355,21.39,2,121.434313,1866240,0.969643984267559,1.9555
20,10000,85,1.72,1.69166666666667,121.743398,8.2139977725938,131.265871601022,137.635449118227,137.648123,0.591123746900493,20.5949248283333,19.6454948301329,20.61,3,121.675379,1819200,0.94755625260783,1.817
30,10000,85,2.58,2.57833333333333,121.779559,8.21155872308587,152.382066284946,149.318519030381,149.326886,0.387767304542987,31.3988296288333,31.9547657512116,31.36,4,121.706318,1919500,1.1482150643288,2.489
30,10000,85,2.58,2.64166666666667,121.357703,8.24010322608034,154.236888521469,151.028375580442,151.037198,0.378289735102839,32.0586598758333,33.6171554714601,32.02,3,121.28331,1917370,1.15867666984846,2.47783333333333
30,10000,85,2.58,2.6,121.895706,8.20373442851219,154.166563971114,151.038912680769,151.047164,0.383956251021795,31.69288356,32.3934636334508,31.65,3,121.825948,1947690,1.16141253430544,2.50983333333333
30,10000,85,2.58,2.63333333333333,121.478955,8.23187851755887,157.857431753291,152.233513137342,152.241682,0.37948118263481,31.98945815,34.1031319202784,31.95,4,121.410194,1937900,1.16361518987363,2.3345
30,10000,85,2.58,2.57166666666667,121.638946,8.22105117550098,163.754048976317,153.146614010369,153.154804,0.388593842726507,31.2814822796667,33.4305150631681,31.24,5,121.568535,1916390,1.14529050926525,2.38266666666667
30,10000,85,2.58,2.57166666666667,121.357639,8.24010757163791,151.157583670446,149.511820386261,149.519706,0.3888458966442,31.2091394961667,31.7136378360868,31.17,4,121.286031,1952650,1.15466655612623,2.46716666666667
30,10000,85,2.58,2.55666666666667,121.245541,8.24772599266145,157.524269060628,150.355505890482,150.363319,0.390795609474576,30.9984433156667,32.3884001303356,30.97,3,121.171223,1939820,1.14753481036108,2.47766666666667
40,10000,85,3.44,3.44833333333333,121.540338,8.22772107150138,166.40215535749,165.219059686805,165.225123,0.289981772859352,41.911159887,43.0780381734719,41.82,6,121.469406,1963120,1.34085193919715,2.9915
40,10000,85,3.44,3.495,121.51902,8.22916445507872,171.605614013549,168.951219764425,168.956971,0.286091338874583,42.47089749,43.3611442193087,42.38,4,121.443662,1996840,1.36360492711129,2.916
40,10000,85,3.44,3.32166666666667,121.474012,8.23221348777054,155.472672034589,160.089151081285,160.095309,0.300840411975916,40.3496176526667,40.0050163029847,40.27,4,121.402216,1969210,1.3164554875327,2.99183333333333
40,10000,85,3.44,3.36666666666667,121.54393,8.22747791683221,164.795989621234,163.903754656436,163.909887,0.296996179055941,40.9197897666667,42.0440485028458,40.84,5,121.473558,1982180,1.33116039266261,2.83216666666667
40,10000,85,3.44,3.52833333333333,121.472202,8.2323361521017,158.072699834198,164.367741307038,164.37401,0.28325732532735,42.859441939,41.8890200708383,42.77,4,121.398886,1977620,1.36288090947816,3.15116666666667
40,10000,85,3.44,3.39333333333333,121.41388,8.23629061191356,162.650489085004,164.452739932711,164.458737,0.29461456413556,41.1997766133333,40.4615762337344,41.12,5,121.342784,1983550,1.33654011287531,3.2715
40,10000,85,3.44,3.425,121.355289,8.24026713825386,154.898642950105,162.241630888565,162.245125,0.29195581960292,41.5641864825,40.0145949890538,41.49,5,121.282194,1963920,1.33548232412082,2.94716666666667
40,10000,85,3.44,3.42666666666667,120.934628,8.26893021906017,157.940893494198,161.424084024806,161.430178,0.291490893339008,41.4402658613333,41.0406029662047,41.36,5,120.864245,1971240,1.3360293127917,2.82983333333333
40,10000,85,3.44,3.45666666666667,121.515346,8.22941326274955,171.248756250126,167.349038640791,167.35505,0.289266792787367,42.0038046006667,42.5644733670764,41.92,5,121.440644,1997690,1.35588621440125,2.90066666666667
50,10000,85,4.3,4.19833333333333,121.305845,8.24362585331317,176.928808016802,181.1275977368,181.132938,0.23805885436443,50.9282372591667,51.0021829728121,50.8,6,121.232081,1996540,1.51074449225923,3.7105
50,10000,85,4.3,4.29666666666667,121.256175,8.24700267842029,185.170893825275,186.284598823507,186.289748,0.232724593898371,52.099736525,52.0263719216599,51.97,6,121.182212,2015990,1.54040991663777,3.40716666666667
50,10000,85,4.3,4.27,121.376342,8.2388378453521,205.769120923059,195.653212811866,195.657857,0.234173152181499,51.827698034,52.9365853658537,51.69,8,121.300741,1999240,1.52758056648355,3.6475
50,10000,85,4.3,4.23666666666667,121.284833,8.24505402089311,171.931607982937,178.991607494099,178.997981,0.236010747209284,51.3843409143333,49.7148475909538,51.26,7,121.212106,2017000,1.52834348552528,3.48983333333333
50,10000,85,4.3,4.29166666666667,121.302778,8.24383428382819,199.806616869568,193.606466876505,193.611533,0.232992936437282,52.0591088916667,53.0188312948942,51.93,6,121.231947,2004600,1.53431796422315,3.06216666666667
50,10000,85,4.3,4.23166666666667,121.339516,8.24133829576179,167.173545728572,178.094006115006,178.099992,0.236271400229618,51.3468385206667,49.163221106517,51.22,5,121.267502,1992800,1.51634467934234,3.506
50,10000,85,4.3,4.185,121.817226,8.20901963405405,176.392893763955,181.084990832338,181.089908,0.238785345219833,50.980509081,50.408122635875,50.85,6,121.743464,1997540,1.51208230988535,3.21783333333333
50,10000,85,4.3,4.24833333333333,121.235306,8.24842228715124,203.533781614423,193.478115671636,193.482896,0.235275838180855,51.5047991656667,53.8340851147284,51.37,6,121.165692,2006970,1.5255936490077,3.23666666666667
50,10000,85,4.3,4.35666666666667,121.41457,8.23624380500627,182.520441367613,185.879011786534,185.88386,0.229478212563122,52.8962809966667,53.0694205393001,52.76,5,121.344925,2002600,1.5479321200792,3.333
60,10000,85,5.16,5.21833333333333,120.988087,8.26527656396452,204.635998770593,214.168083988502,214.172095,0.191543439292878,63.1356167328333,61.2326361168769,62.84,6,120.916819,2022860,1.73627086084209,4.285
60,10000,85,5.16,5.15,121.163763,8.25329269445024,237.307250688376,230.843413276375,230.847505,0.194155712498058,62.399337945,63.1774793722699,62.21,11,121.089253,2029700,1.7289577410781,4.0745
60,10000,85,5.16,5.15,121.302214,8.24387261389969,223.641821240475,222.760875906149,222.76491,0.194140695026537,62.47064021,63.2745510435205,62.29,7,121.233251,2027370,1.72906693854372,4.08866666666667
60,10000,85,5.16,5.18166666666667,121.29822,8.24414406081145,218.899831294452,219.970468642972,219.974632,0.192930648415246,62.85269433,63.5150345714745,62.67,7,121.226626,2030460,1.73756709176577,4.2205
60,10000,85,5.16,5.12666666666667,121.260399,8.24671540129107,219.81728599516,221.453063040962,221.457076,0.194997674397269,62.166164554,60.6858443035917,61.98,9,121.185626,2027400,1.72357849560435,3.7745
60,10000,85,5.16,5.115,121.175463,8.25249580436924,242.22170100715,233.484937564679,233.488851,0.195492654796676,61.9812493245,63.0721615898355,61.8,11,121.107345,2026860,1.72007982312316,3.87666666666667
60,10000,85,5.16,5.19,120.940687,8.26851595443641,222.373378791661,223.982746434489,223.986826,0.192618672881182,62.768216553,61.7434580189437,62.58,9,120.867919,2022220,1.73130149064988,3.64516666666667
70,10000,85,6.02,6.195,120.967533,8.266680944878,293.401027902299,296.21307897229,296.216856,0.161404108581114,74.9393866935,75.3328850033625,74.68,11,120.894296,2054850,1.96756982829192,4.64966666666667
70,10000,85,6.02,5.85333333333333,121.103977,8.2573671383228,298.10552938983,289.149943912016,289.154183,0.17075266395672,70.8861945373333,71.1886120996441,70.65,18,121.026545,2035120,1.88246691898203,4.15533333333333
70,10000,85,6.02,5.81833333333333,121.21152,8.25004092020297,294.26950986627,284.601139623317,284.604677,0.171856932731882,70.52490272,71.5165401689818,70.3,12,121.141151,2037370,1.87765346525585,4.61666666666667
70,10000,85,6.02,5.99166666666667,121.26617,8.24632294398347,284.8716203553,284.564210919332,284.568944,0.166846226617524,72.6586468583333,73.6754276178557,72.42,10,121.191617,2034400,1.91355071950192,4.69933333333333
70,10000,85,6.02,5.99666666666667,121.221959,8.24933046990273,284.211436069457,283.81175810756,283.815276,0.166651987336298,72.6927680803333,71.779908295123,72.46,12,121.149934,2046180,1.92195197714434,4.39266666666667
70,10000,85,6.02,5.85666666666667,121.180957,8.25212165967628,300.316932380229,290.197565748719,290.201839,0.170616272067729,70.9716471496667,70.095319391094,70.75,16,121.107658,2037120,1.88552498046252,4.1295
70,10000,85,6.02,6.08833333333333,121.222665,8.24928242585659,295.971099865576,295.65485640542,295.658343,0.164243137300027,73.8043992075,73.9701655946353,73.56,16,121.151866,2047210,1.94235022063948,4.47366666666667
80,10000,85,6.88,6.81166666666667,121.109396,8.25699766515226,377.926879364645,384.115960630291,384.119041,0.146801880160998,82.4956835753333,82.4464831804281,82.2,12,121.036443,2058410,2.10555439859479,4.94316666666667
80,10000,85,6.88,6.82666666666667,121.13806,8.25504387308167,416.603493454778,417.32425045044,417.327161,0.146426261901123,82.6969156266667,82.3751983400464,82.41,18,121.059896,2064320,2.11371324820434,4.84133333333333
80,10000,85,6.88,6.90666666666667,120.92487,8.26959747816971,448.284487372435,444.974493539093,444.9774,0.144754590950048,83.51877688,83.9305103148751,83.08,18,120.850768,2062110,2.12418060244319,5.05066666666667
80,10000,85,6.88,6.89166666666667,121.022677,8.26291423052888,433.06276778599,431.43867889601,431.442744,0.14508805820532,83.4047948991667,83.2910168057067,83.11,18,120.950422,2066910,2.12830309965978,4.9415
80,10000,85,6.88,6.9,121.071321,8.25959435926201,446.263403740709,444.143411021739,444.14634,0.144867243766184,83.53921149,83.4440284989736,83.24,17,120.98876,2072350,2.1347209950183,5.44133333333333
80,10000,85,6.88,6.87,120.89713,8.27149494781224,418.020537346528,418.781079670791,418.784105,0.14547498152887,83.05632831,82.9836264402668,82.76,14,120.82163,2068170,2.12290229392711,4.99183333333333
90,10000,85,7.74,7.645,121.13721,8.25510179737506,744.352152659839,753.891609154567,753.894424,0.130763201620013,92.609397045,92.1961852861035,92.11,29,121.0646,2077640,2.30010072426353,5.56016666666667
90,10000,85,7.74,7.725,121.063578,8.26012262746769,1120.11600358706,1111.84704651974,1111.850153,0.129375703274002,93.521614005,93.8841548915975,93.17,36,120.991297,2079140,2.32064307745882,5.753
90,10000,85,7.74,7.735,120.776204,8.27977670170856,756.726592061264,771.579617883215,771.582349,0.129275432210084,93.420393794,93.1164494236777,93.07,24,120.70159,2077640,2.31757203004242,5.958
90,10000,85,7.74,7.63166666666667,121.071484,8.25958323927045,750.517518739869,758.624111978816,758.626831,0.130992719310111,92.3977208726667,91.9532700076428,91.9,25,120.997332,2077900,2.29649284446081,5.651
90,10000,85,7.74,7.765,120.769006,8.28027018786592,1051.61498014808,1051.70364792316,1051.706369,0.128750394469199,93.777133159,93.4756948170405,93.26,34,120.69579,2077690,2.32107163605368,5.40566666666667
90,10000,85,7.74,7.81166666666667,120.859218,8.27408961060794,882.468103264348,899.381367800512,899.384068,0.128012814072114,94.411192461,93.7066666666667,93.89,33,120.785816,2078040,2.33283159175241,5.7395
90,10000,85,7.74,7.64833333333333,120.910774,8.27056156302498,667.169470821853,683.006006227065,683.008821,0.130739147950752,92.4765903143333,91.9599084867633,91.97,21,120.837951,2079290,2.29891171321795,5.71666666666667
90,10000,85,7.74,7.78,120.797471,8.27831900553614,939.472089508721,947.937871259212,947.941626,0.128446251503213,93.980432438,93.3704616043697,93.47,30,120.724767,2080910,2.32758777495629,5.581
90,10000,85,7.74,7.54833333333333,120.95504,8.26753477986531,879.960376532138,870.825331532347,870.828243,0.132468614393023,91.3008960266667,90.771608345292,90.96,32,120.882953,2076160,2.27796576861846,5.47716666666667
100,10000,85,8.1,7.99,120.834773,8.275763468,1346.348699,1362.059555,1362.06354,0.125123992,96.54698363,96.45427052,95.98,36,120.754207,2072990,2.36653899732113,6.1915
100,10000,85,8.1,7.905,120.892475,8.271813444,1087.609684,1104.108223,1104.110761,0.12648804,95.56550149,95.44640034,95.17,36,120.812702,2069920,2.34921616713106,5.9106666666666
100,10000,85,8.1,8.085,120.833348,8.275861064,1798.855826,1822.864473,1822.866979,0.123683842,97.69376186,97.19674328,97.12,41,120.753056,2078080,2.39166132058754,5.9911666666666
100,10000,85,8.1,8.015,121.022255,8.262943043,1486.686421,1505.491553,1505.494132,0.124731382,96.99933738,96.83958831,96.44,47,120.942859,2072240,2.37424488514542,6.0295
100,10000,85,8.1,8.045,120.966495,8.26675188,1655.009577,1671.820185,1671.822796,0.124259898,97.31754523,96.93423097,96.6,40,120.887607,2075080,2.37960331677491,5.8668333333333
100,10000,85,8.1,8.065,120.792848,8.278635834,1487.552032,1511.842218,1511.844888,0.123986622,97.41943191,96.94183283,96.69,37,120.713771,2077280,2.38314204336098,5.9951666666666
100,10000,85,8.1,8.1,120.777647,8.279677778,2103.172335,2123.032067,2123.034643,0.12340689,97.82989407,97.75743236,96.95,54,120.699289,2076160,2.38690178144093,5.6991666666666
100,10000,85,8.1,8.101666667,120.875186,8.272996577,2847.859161,2852.853272,2852.855862,0.123395635,97.92904652,97.59333539,97.2,60,120.795562,2078290,2.39330014107769,5.7345
10,10000,90,0.86,0.905,121.722348,8.21541825663764,149.430486868923,131.15912752302,131.18221,1.1048323420663,11.015872494,12.9714811407544,11.07,2,121.647793,1666520,0.777986490133147,1.68183333333333
10,10000,90,0.86,0.855,122.186754,8.18419319004088,170.826286749005,131.262205395712,131.285756,1.16752378829045,10.446967467,13.4371957156767,10.5,2,122.110188,1649640,0.767810086604424,1.69
10,10000,90,0.86,0.853333333333333,122.485949,8.16420175672558,160.060975609756,133.285178144531,133.308383,1.17114742289258,10.4521343146667,12.6829268292683,10.51,2,122.409759,1614770,0.764118469171359,1.646
10,10000,90,0.86,0.893333333333333,121.540192,8.22773095504078,121.016538926987,128.583033938433,128.605246,1.11483251576306,10.8575904853333,10.4380242311277,10.91,2,121.466366,1632470,0.771785589805818,1.69433333333333
10,10000,90,0.86,0.815,122.817952,8.14213218601789,170.450628850022,132.957230296524,132.984509,1.22647732613701,10.009663088,12.6659856996936,10.07,2,122.743368,1612040,0.757604979411429,1.55616666666667
10,10000,90,0.86,0.768333333333333,122.776406,8.14488738170101,107.167282016813,129.003912590022,129.042455,1.29984280997831,9.43332052766666,8.23401950162513,9.49,1,122.704376,1599110,0.748107980213344,1.6365
10,10000,90,0.86,0.876666666666667,121.655728,8.21991710904069,114.826730796313,129.382957486692,129.405771,1.13701170253422,10.6651521546667,10.0664767331434,10.72,1,121.571522,1646990,0.770692717847576,1.642
20,10000,90,1.72,1.68833333333333,121.78039,8.2115026893903,152.531155170256,139.878428566634,139.890784,0.592094069442251,20.5605891783333,23.1869758263444,20.58,2,121.711015,1882110,0.959548278740269,1.954
20,10000,90,1.72,1.69166666666667,122.069969,8.19202305195965,125.153713499865,136.776860858128,136.788823,0.590809637952709,20.6501697558333,19.2023633677991,20.67,3,122.000031,1882750,0.96115943105897,2.15533333333333
20,10000,90,1.72,1.72333333333333,121.914072,8.2024985598053,144.717123831302,139.535574017408,139.54763,0.579789460096712,21.009858408,21.1696471725471,21.02,3,121.838748,1876550,0.965678806107405,2.22166666666667
20,10000,90,1.72,1.735,122.059346,8.1927360154789,151.632330337119,140.452655730067,140.465073,0.575876283366955,21.177296531,21.8915026404225,21.19,3,121.985892,1876770,0.968518018102523,2.26516666666667
20,10000,90,1.72,1.745,122.166901,8.18552318029251,132.940347805869,139.037841941738,139.049638,0.572574190482331,21.3181242245,20.7159904534606,21.33,3,122.090757,1878350,0.971143150850804,2.12316666666667
20,10000,90,1.72,1.68666666666667,122.203555,8.18306799667162,138.193529497877,137.81082822332,137.82363,0.592272149487154,20.6116662766667,21.3333333333333,20.63,2,122.128129,1883550,0.960658673519102,2.22216666666667
30,10000,90,2.58,2.58833333333333,121.589713,8.22437996872318,154.937514131624,151.513953757244,151.521869,0.385935653224726,31.4714707148333,31.7347924042485,31.44,4,121.512624,1964420,1.16273748091311,2.92883333333333
30,10000,90,2.58,2.47333333333333,121.688911,8.21767564342818,136.858953117524,145.502580249326,145.511343,0.404228287865903,30.0977239873333,29.4712024250589,30.07,3,121.610686,1946620,1.13415516078605,2.82516666666667
30,10000,90,2.58,2.61,121.769548,8.21223381727589,145.038662709288,149.159881496807,149.170427,0.382652257894636,31.781852028,31.2160868177466,31.75,4,121.691269,1961590,1.16723394482609,2.3125
30,10000,90,2.58,2.52166666666667,121.682347,8.21811893552645,158.651449577727,151.15389521811,151.162235,0.396424415165896,30.6842318351667,31.5493888338289,30.66,4,121.604806,1964370,1.1493012925841,2.50183333333333
30,10000,90,2.58,2.47333333333333,121.77107,8.21213117368518,131.411830605384,145.051853727763,145.060124,0.404253592074124,30.1180446466667,27.1808689794544,30.1,3,121.698613,1970510,1.14139442911916,2.53816666666667
30,10000,90,2.58,2.55333333333333,121.588155,8.22448535385704,134.679847856921,146.082798233029,146.091074,0.391059570623368,31.04550891,28.7765089722675,31.02,3,121.517569,1964840,1.1556319861329,2.77416666666667
30,10000,90,2.58,2.47333333333333,121.663689,8.21937924305419,148.70644458143,149.529522424528,149.538976,0.404031294763477,30.091485746,29.1680700572583,30.07,5,121.581951,1939510,1.13215476497131,2.38633333333333
30,10000,90,2.58,2.54833333333333,121.482195,8.23165896862499,148.550065412914,150.147807820798,150.156152,0.392302275716154,30.9577126925,30.532853873815,30.93,5,121.406479,1939860,1.1468666844756,2.66116666666667
30,10000,90,2.58,2.56166666666667,121.886669,8.20434267507959,143.580303727566,147.747694698764,147.755985,0.39034434861028,31.2233017088333,31.2520325203252,31.19,3,121.810038,1953670,1.1553056280091,2.6495
30,10000,90,2.58,2.52833333333333,121.564879,8.22606009421521,148.302760911754,148.23077583652,148.240756,0.395228369556361,30.7356535738333,31.3014827018122,30.71,4,121.489099,1951760,1.14654313434102,2.83566666666667
40,10000,90,3.44,3.47,121.714809,8.21592711861381,165.161165330686,166.302238386648,166.308399,0.288179043020173,42.235038723,42.280912364946,42.15,5,121.638284,1992260,1.35780866376482,2.96933333333333
40,10000,90,3.44,3.46166666666667,121.644412,8.22068176876057,159.213250157736,164.700949300433,164.706907,0.288795057922966,42.1092406206667,41.9253910950662,42.03,4,121.56743,2004650,1.36049845438105,3.192
40,10000,90,3.44,3.375,121.688169,8.21772575113691,165.080409958218,164.237606344198,164.244965,0.296236014033086,41.0697570375,42.4833374475438,40.99,4,121.612222,2002040,1.34125216213836,3.16216666666667
40,10000,90,3.44,3.44166666666667,121.477407,8.23198341729504,171.689516986958,167.966370761743,167.96994,0.290313273823729,41.8084742425,42.9435971919632,41.73,5,121.401073,2006010,1.35575202166965,3.32683333333333
40,10000,90,3.44,3.45833333333333,121.455002,8.23350198454568,160.356192295078,163.723362045301,163.729766,0.288963923687229,42.0031881916667,40.9539869910865,41.92,5,121.385694,1997280,1.35572830258273,3.428
40,10000,90,3.44,3.40666666666667,121.533465,8.22818636825668,161.379942081256,163.164163128669,163.170216,0.293080700636986,41.40240041,41.4771337735388,41.32,5,121.438921,2012460,1.35099789535242,3.4205
50,10000,90,4.3,4.16333333333333,121.240739,8.24805266157277,186.068406456204,185.631898891113,185.637002,0.240164464676141,50.4765610036667,50.6904142485491,50.35,5,121.165238,2022340,1.51471654750228,3.60816666666667
50,10000,90,4.3,4.26333333333333,121.300792,8.24396925619414,189.498495181479,188.378770703675,188.383744,0.234459202737686,51.7145709893333,52.687121360172,51.58,7,121.226401,2016790,1.53389862463522,3.51733333333333
50,10000,90,4.3,4.30166666666667,121.172855,8.25267342260773,182.624511442286,186.055644152267,186.060518,0.232377743865169,52.1245231258333,51.3654851830331,51.99,6,121.096707,2028480,1.54667536624089,3.2805
50,10000,90,4.3,4.21833333333333,121.184887,8.25185404513353,182.980888844807,183.667934278151,183.672671,0.237047722087712,51.1198248328333,51.2541971163342,50.99,6,121.106053,2023200,1.52645362147059,3.3735
50,10000,90,4.3,4.37833333333333,121.100918,8.25757571879018,180.110156658313,184.348306946327,184.354875,0.228351473731633,53.0220185976667,51.6460513796384,52.88,7,121.02401,2024060,1.56036276044912,3.56833333333333
50,10000,90,4.3,4.28666666666667,121.379332,8.238634893789,185.264952459544,185.9479922014,185.952685,0.23307262422084,52.0312736506667,52.089407191448,51.9,6,121.301675,2012980,1.53775132907038,3.65983333333333
50,10000,90,4.3,4.30833333333333,121.404336,8.23693809420448,184.753013663838,186.129251767892,186.134045,0.231920810779497,52.30503476,52.2916263778766,52.17,8,121.326635,2022070,1.54682938069078,3.58533333333333
60,10000,90,5.16,5.06833333333333,121.224095,8.24918511455994,220.235227873455,219.765935448537,219.770019,0.197290240001973,61.4404121491667,61.9102416570771,61.26,7,121.150529,2033880,1.71438543222853,4.22916666666667
60,10000,90,5.16,5.24333333333333,121.182757,8.25199908597557,230.904700517401,230.314915308964,230.319034,0.19063944377972,63.5401589203333,64.6432544096615,63.35,8,121.109826,2032930,1.75107655729122,4.19566666666667
60,10000,90,5.16,5.245,121.398267,8.2373498791379,243.599751948033,237.981677651732,237.986995,0.190599723929139,63.6733910415,64.9563145353455,63.48,8,121.325979,2036570,1.75548093743271,4.0255
60,10000,90,5.16,5.12166666666667,121.327207,8.24217440363562,232.539044626946,227.778816526847,227.782914,0.195175201118126,62.1397511851667,62.8273954774687,61.96,9,121.252957,2037610,1.7289479870558,4.189
60,10000,90,5.16,5.13,121.254951,8.24708592723773,218.328652374625,220.010877496751,220.014985,0.194908991918129,62.203789863,62.026961182394,62.03,7,121.181266,2029690,1.72575184644654,4.14333333333333
60,10000,90,5.16,5.27166666666667,121.26929,8.2461107836947,209.691029532286,216.714888797344,216.718839,0.189477913957319,63.9291273783333,63.0630630630631,63.74,9,121.194052,2030820,1.7568055736845,4.25666666666667
60,10000,90,5.16,5.365,121.040394,8.26170476609651,237.804142886855,235.861208568189,235.865124,0.186368418462566,64.938171381,65.5536574002174,64.74,10,120.965041,2039930,1.7799244832051,4.04116666666667
60,10000,90,5.16,4.99666666666667,121.047546,8.26121662970351,202.970064084744,208.470079238159,208.474285,0.200111864785857,60.483423818,60.1300650325163,60.31,9,120.973994,2036410,1.69884225927207,4.05316666666667
70,10000,90,6.02,6.07333333333333,121.132746,8.25540601547991,274.280643930775,279.382381705543,279.385712,0.16461803269045,73.567954404,72.8220606393195,73.33,9,121.058866,2049540,1.93976416907806,4.719
70,10000,90,6.02,6.20833333333333,121.240074,8.24809790201877,308.593324259885,308.333922785235,308.337182,0.161056649333423,75.269879275,75.7884847671454,75.02,11,121.165338,2051290,1.97128637591186,4.80316666666667
70,10000,90,6.02,5.93666666666667,121.029169,8.26247100812532,270.007978959189,272.339569006176,272.343102,0.168415400051937,71.8509833296667,70.9754385964912,71.62,13,120.955698,2050480,1.90967090476595,4.4665
70,10000,90,6.02,6.08666666666667,121.204703,8.25050493296452,342.396279161822,328.697840021632,328.701198,0.164250810014513,73.7732625593334,74.6201232032854,73.53,15,121.133767,2053080,1.9456984222851,4.2595
70,10000,90,6.02,5.87,121.123604,8.25602910560686,294.722536915884,287.02149068569,287.024975,0.170344304681715,71.099555548,72.264017033357,70.87,14,121.050155,2044240,1.89221413653626,4.34383333333333
70,10000,90,6.02,6.03,121.202486,8.25065584875875,355.552622406827,337.50228705832,337.506955,0.165746232347982,73.085099058,72.8478651374879,72.85,18,121.127903,2047210,1.92961798766744,4.52083333333333
70,10000,90,6.02,5.92833333333333,121.385235,8.23823424652924,281.696874769713,281.125433090526,281.130592,0.168667495190891,71.9612134825,71.9184820801124,71.73,11,121.310627,2042780,1.90667034382126,4.30983333333333
70,10000,90,6.02,6,120.900929,8.27123503740819,285.724204971532,285.058582810833,285.061985,0.166651195119167,72.5405574,72.6149145951951,72.18,12,120.826141,2034940,1.90962491323172,4.324
70,10000,90,6.02,5.80666666666667,121.073539,8.25944304808006,270.667260406468,268.693868254592,268.697557,0.172176962471584,70.3033683126667,70.3831252690487,70.08,10,120.997588,2045040,1.87857329508294,4.4605
70,10000,90,6.02,6.20666666666667,121.147206,8.2544206591112,312.782127922072,310.325428077336,310.328724,0.161093456088077,75.192032524,76.7754060947778,74.94,12,121.074907,2053280,1.97119094000687,4.80516666666667
80,10000,90,6.88,7.01166666666667,121.011881,8.26365140130332,411.316848627214,418.726046871167,418.729127,0.142512166583551,84.8494972278333,84.2305407011289,84.41,17,120.938861,2072500,2.15607353506953,5.3275
80,10000,90,6.88,6.96833333333333,120.980934,8.26576524859694,380.653007319773,391.371776782588,391.3749,0.143402585321454,84.303547509,83.1161066602894,84,17,120.907741,2065530,2.14337662356075,5.13883333333333
80,10000,90,6.88,6.87666666666667,120.929976,8.26924831275911,396.630106568572,400.982077548231,400.986174,0.145392799136694,83.159513496,82.9395371380104,82.87,14,120.856645,2068030,2.12479094967036,5.35216666666667
80,10000,90,6.88,6.975,121.154672,8.25391199111166,398.045993400154,407.028346351016,407.032375,0.143351016802151,84.50538372,84.7330068092223,84.2,15,121.078535,2068770,2.14944310357667,5.30466666666667
80,10000,90,6.88,6.70833333333333,120.96898,8.2665820609548,382.40070482352,383.470287914286,383.473353,0.14905029079354,81.1500240833333,80.5738417587877,80.74,16,120.895902,2064590,2.08371111119599,4.68533333333333
80,10000,90,6.88,6.81,121.093808,8.25806056078441,391.173760239519,393.261645529613,393.264727,0.146824475799315,82.464883248,82.405481463355,82.17,14,121.020625,2059850,2.10607579671614,5.1325
80,10000,90,6.88,6.92666666666667,120.95947,8.26723199101319,433.351892573606,432.927538994466,432.930856,0.14433128954307,83.7845928866667,84.5302538193191,83.49,15,120.887644,2063250,2.13244071816444,5.04416666666667
80,10000,90,6.88,6.70166666666667,121.023101,8.26288528171163,363.700419867683,366.03646038672,366.039662,0.149198231134295,81.1056481868334,81.1761780430188,80.69,12,120.948109,2066310,2.08405345039948,5.05416666666667
80,10000,90,6.88,6.81,121.019638,8.26312172574835,412.39258307816,411.272113589085,411.276056,0.146831220426579,82.414373478,82.3075981891594,81.99,15,120.945632,2061660,2.10416040398717,5.01366666666667
80,10000,90,6.88,6.96666666666667,121.068725,8.25977146451323,435.532024110575,437.909428900479,437.912521,0.143533186843062,84.3445450833333,83.8536060279871,84.05,14,120.995413,2065210,2.14403994191902,4.9915
90,10000,90,7.74,7.85,120.850072,8.27471579826614,958.179213398445,971.606765285138,971.609416,0.127381752493418,94.86730652,94.5653327672222,94.5,34,120.779468,2081330,2.34671773992597,5.82283333333333
90,10000,90,7.74,7.85,120.760156,8.28087701377265,1224.85543544473,1227.30392189915,1227.306613,0.127345460260297,94.79672246,94.3105827406857,94.12,32,120.690207,2077980,2.33696768722505,5.31366666666667
90,10000,90,7.74,7.68833333333333,120.767828,8.28035095571976,681.08018881899,698.684907302623,698.687584,0.129996672271624,92.8503317606667,91.6766012788555,92.2,24,120.695853,2076650,2.30092133199311,5.7125
90,10000,90,7.74,7.47333333333333,120.727463,8.2831194754751,599.761354627283,608.364191289251,608.367589,0.13376507921298,90.2236573486667,90.0211840784926,89.89,18,120.652274,2069690,2.25329581017254,5.50416666666667
90,10000,90,7.74,7.715,121.220665,8.24941852942318,813.641446898945,827.181003102614,827.184006,0.129616558961547,93.5217430475,92.9042013176369,93.17,27,121.148463,2078210,2.31986738322554,5.49316666666667
90,10000,90,7.74,7.63666666666667,120.847738,8.27487561248354,719.602286324985,729.259662113488,729.262323,0.130906193261676,92.2873892526667,92.3186033824332,91.79,25,120.776471,2072410,2.28997793968093,5.6195
90,10000,90,7.74,7.80833333333333,120.896784,8.27151862037951,853.565468616307,868.797042182071,868.79968,0.128051519071505,94.40023884,94.045459396009,94.04,28,120.824509,2078170,2.33567142994228,5.7575
90,10000,90,7.74,7.55,120.707238,8.28450734660999,688.256416590716,693.581668140177,693.585842,0.132413609776821,91.13396469,90.9391899348858,90.79,25,120.635288,2076610,2.27524004986383,5.86333333333333
90,10000,90,7.74,7.57666666666667,120.933146,8.26903155235869,796.433626249245,794.966148963924,794.968843,0.131977279384514,91.6270136193333,91.0920488287694,91.13,31,120.860221,2073330,2.278747566749,5.524
90,10000,90,7.74,7.51333333333333,121.14962,8.25425618338712,1057.76243020799,1029.49738597826,1029.500112,0.133078698282831,91.0237478266667,91.3718531662416,90.53,47,121.078182,2069630,2.26485012128893,5.286
100,10000,90,8.1,8.205,120.840523,8.275369679,3728.898583,3760.310577,3760.313132,0.121844425,99.14964912,98.92353001,98.4,66,120.762336,2080250,2.41687069504744,5.7365
100,10000,90,8.1,8.116666667,120.840987,8.275337903,2989.459865,2993.954001,2993.956542,0.123156974,98.08260112,97.94682271,97.51,83,120.761472,2078180,2.39884775135065,5.6273333333333
100,10000,90,8.1,8.151666667,120.887874,8.27212827,1889.645671,1923.971454,1923.97394,0.122664764,98.54376529,97.68987018,97.64,41,120.80849,2078970,2.40190412806727,5.9336666666666
100,10000,90,8.1,7.92,120.86128,8.273948447,1200.444742,1214.46857,1214.471118,0.126249929,95.72213376,95.56023146,95.17,30,120.781408,2076700,2.35499000837096,5.718
100,10000,90,8.1,8.223333333,120.800808,8.278090325,2144.830149,2191.224768,2191.227319,0.121600192,99.33853111,99.04752255,98.59,50,120.721824,2080770,2.42079131106908,5.9561666666666
100,10000,90,8.1,8.215,120.969015,8.266579669,1970.52327,2020.560838,2020.563369,0.121727237,99.37604582,99.08712851,98.63,39,120.890282,2081070,2.42178495100044,6.111
100,10000,90,8.1,8.051666667,120.891678,8.271867978,1647.270413,1665.971533,1665.974202,0.124161813,97.3379494,97.04025665,96.62,46,120.812117,2077220,2.38181645669837,5.9833333333333
100,10000,90,8.1,8.14,120.742818,8.282066102,2399.922233,2421.608133,2421.610641,0.122842625,98.28465385,98.36216604,97.88,47,120.664145,2077520,2.40500551120599,6.0233333333333
10,10000,95,0.86,0.856666666666667,122.440392,8.16723945150388,122.517044616624,130.165968282101,130.195491,1.16503324299027,10.489060248,10.4956268221574,10.54,1,122.361629,1611210,0.764150232601988,1.55183333333333
10,10000,95,0.86,0.843333333333333,121.939581,8.20078264825266,117.055355477605,128.943888982214,128.968071,1.18518699542293,10.283571331,9.67423494570583,10.33,2,121.866677,1628120,0.763020029860717,1.434
10,10000,95,0.86,0.883333333333333,122.050581,8.1933243726222,132.306652677254,130.001839335849,130.026762,1.13119958765094,10.781134655,11.1215834118756,10.83,2,121.971095,1655860,0.773280353176025,1.491
10,10000,95,0.86,0.91,122.299335,8.1766593416064,128.691071051547,130.442501338828,130.467521,1.09798127715385,11.129239485,11.5279048490393,11.18,2,122.223463,1643520,0.776927012078469,1.49783333333333
10,10000,95,0.86,0.875,122.105482,8.18964049460122,123.963572108196,129.81426808381,129.836855,1.14201756393333,10.684229675,10.4662226450999,10.73,2,122.028209,1640460,0.770106024915184,1.53833333333333
10,10000,95,0.86,0.848333333333333,121.935245,8.2010742669193,120.30747815089,129.312140239686,129.336868,1.17829510618271,10.3441732841667,9.61727183513249,10.4,2,121.865684,1632100,0.764452359335286,1.47283333333333
10,10000,95,0.86,0.84,121.372786,8.23907922818876,122.705177214593,129.335908698413,129.360557,1.18869424957937,10.195314024,10.1090188305253,10.25,2,121.299839,1640300,0.763191303159274,1.54466666666667
20,10000,95,1.72,1.68166666666667,121.904577,8.20313744249324,134.892947131095,138.462840434093,138.476708,0.594494732040634,20.5002863655,20.307082714215,20.51,3,121.824248,1859310,0.953888761923762,2.04266666666667
20,10000,95,1.72,1.725,121.747168,8.21374341947732,137.159812175033,137.953932268599,137.966195,0.579493462721739,21.00138648,21.2457749879285,21.01,3,121.668732,1872930,0.964783232429024,2.12133333333333
20,10000,95,1.72,1.66166666666667,121.417221,8.23606397646014,129.109131906999,137.519625504514,137.532142,0.601348207330993,20.1754948895,19.3483709273183,20.19,2,121.342276,1882760,0.9532451614387,1.99083333333333
20,10000,95,1.72,1.675,122.08025,8.19133315995012,141.312334399608,137.918362750249,137.931627,0.596743568261692,20.448441875,20.7856787667827,20.46,3,122.002432,1855550,0.952333063138381,2.144
20,10000,95,1.72,1.70166666666667,121.528968,8.22849084014274,134.617956827331,137.36767979236,137.380833,0.587326337498531,20.680179388,19.7748409202154,20.69,3,121.455594,1863240,0.957603180788011,2.02
20,10000,95,1.72,1.65,122.140891,8.18726629397193,141.648692885442,138.113207591919,138.125651,0.605904043921212,20.153247015,20.7470974255427,20.17,4,122.071335,1846220,0.94580354912619,1.97883333333333
30,10000,95,2.58,2.48333333333333,121.924231,8.20181510925421,151.699015464834,150.211663648322,150.220012,0.401631975604027,30.2778506983333,29.8892988929889,30.25,4,121.849843,1954370,1.13941712712953,2.51983333333333
30,10000,95,2.58,2.57,121.599749,8.22370118543584,156.272663635389,151.98043109987,151.988415,0.389011887875486,31.251135493,32.6094003241491,31.21,3,121.519283,1961690,1.15798440617655,2.6115
30,10000,95,2.58,2.635,121.470315,8.23246403864187,161.497293480537,152.790620350411,152.798934,0.379405670659709,32.0074280025,33.9551059121088,31.97,5,121.392466,1973920,1.17468839639735,2.801
30,10000,95,2.58,2.505,121.720272,8.21555837469703,151.74174431317,149.148826448437,149.157274,0.399167340922156,30.490928136,30.961090788161,30.46,3,121.644607,1962340,1.14528180228869,2.43383333333333
30,10000,95,2.58,2.53666666666667,121.207588,8.25030855328959,153.28547477716,150.341700107753,150.349821,0.393218663243101,30.7463248226667,31.7241379310345,30.72,3,121.137669,1937580,1.14264382574052,2.679
30,10000,95,2.58,2.605,121.410473,8.23652173729691,159.099711693154,152.363965680742,152.372009,0.383637772633397,31.6274282165,32.6191237607931,31.59,4,121.338041,1960270,1.1640957518721,2.43716666666667
30,10000,95,2.58,2.48,121.508686,8.22986432426732,153.326037253351,149.671436729839,149.67992,0.40303229497043,30.134154128,31.2395028552234,30.11,3,121.434427,1929640,1.13005395849377,2.52883333333333
30,10000,95,2.58,2.615,121.384927,8.23825515008136,148.626695425526,149.623523008286,149.632103,0.38238959933907,31.7421584105,31.2519910799618,31.71,4,121.307092,1949390,1.16293890848275,2.56816666666667
30,10000,95,2.58,2.575,121.400941,8.23716844171743,143.228226011628,148.740007776699,148.748499,0.388220445483495,31.2607423075,29.6344225169848,31.23,4,121.324194,1967890,1.16013544485946,2.476
40,10000,95,3.44,3.43,121.344909,8.24097202133136,146.374521910503,158.770843112245,158.777041,0.291443078113217,41.621303787,39.2275929074569,41.54,5,121.272823,1993560,1.34765968892815,3.01083333333333
40,10000,95,3.44,3.31833333333333,121.592674,8.22417969029943,156.920049335744,161.14363829332,161.149888,0.30122891356655,40.3485023223333,39.2668842580969,40.28,4,121.51549,1974250,1.31849673891578,2.91116666666667
40,10000,95,3.44,3.445,121.290464,8.244671238128,169.040879040651,166.152718819545,166.158961,0.29023817166328,41.784564848,42.2490931076179,41.7,5,121.213599,2005970,1.3552095379027,2.91916666666667
40,10000,95,3.44,3.35166666666667,121.461106,8.23308821179349,158.70949894892,162.896577670811,162.903323,0.298229198189955,40.7097140276667,39.4233159333831,40.63,5,121.386981,1982760,1.32773097806694,2.9635
40,10000,95,3.44,3.42,121.516723,8.22932000890116,166.178743651659,165.217254773392,165.224022,0.292354650165205,41.558719266,42.0706455542022,41.48,5,121.435822,1986090,1.34376363742303,3.02116666666667
40,10000,95,3.44,3.49166666666667,121.451706,8.23372542827846,162.229667049918,164.746523281623,164.752273,0.286379400882578,42.406887345,42.3526604628967,42.32,5,121.3745,2008440,1.36706383051205,3.15033333333333
40,10000,95,3.44,3.44833333333333,121.436704,8.23474260302717,171.727024328929,167.84714840551,167.853966,0.289891742224263,41.8754234293333,42.3290649915439,41.8,4,121.365662,1986290,1.34940760496031,2.96633333333333
40,10000,95,3.44,3.54333333333333,121.386351,8.23815850597569,171.800592752966,169.174064646755,169.18175,0.282069150991533,43.011230371,43.5692452386551,42.92,5,121.307569,1995100,1.37236493409279,3.00983333333333
50,10000,95,4.3,4.275,121.443014,8.23431473793956,175.563966760922,181.832036375828,181.83736,0.233875104009357,51.916888485,50.7308516858312,51.78,6,121.365568,2025440,1.54151052676731,3.794
50,10000,95,4.3,4.24833333333333,121.505497,8.23008032303263,182.344848577222,184.130398444488,184.13546,0.235323871486073,51.6195853088333,52.2847617179839,51.49,7,121.432256,2011650,1.52989810409176,3.59283333333333
50,10000,95,4.3,4.325,121.485466,8.23143733094788,183.46560242661,187.08074822158,187.085554,0.231202447170713,52.542464045,53.072625698324,52.41,5,121.410154,2018660,1.54945367961454,3.6245
50,10000,95,4.3,4.195,121.417899,8.23601798611258,171.339361063734,177.681794734207,177.686969,0.238200677783472,50.9348086305,50.9235352532274,50.81,5,121.343093,2021570,1.52250886024912,3.81316666666667
50,10000,95,4.3,4.325,121.388312,8.23802542043751,193.710100741279,191.237675311368,191.242629,0.231212762168786,52.50044494,52.7643999229436,52.28,5,121.315096,2020900,1.54822095322752,3.3555
50,10000,95,4.3,4.22166666666667,121.193116,8.25129374510018,167.63914668589,176.383832455586,176.388905,0.236740628580734,51.1636938046667,50.6414051707125,51.04,5,121.114696,2015880,1.52393566173316,3.22616666666667
50,10000,95,4.3,4.19166666666667,121.185543,8.2518093763049,175.358107763674,181.323218280318,181.328303,0.238488913889463,50.7969401075,49.5925263367124,50.67,7,121.111722,2015220,1.51709731031436,3.4585
50,10000,95,4.3,4.27333333333333,121.29306,8.24449477983324,190.574595103126,187.715004167707,187.720236,0.233519138985959,51.83256764,53.7921622148567,51.7,6,121.218135,2014610,1.53499218864373,3.54483333333333
50,10000,95,4.3,4.41166666666667,121.199455,8.25086218415751,193.238162610727,192.110804207027,192.115524,0.226623067258784,53.4691595641667,52.710103871577,53.33,8,121.126975,2014430,1.56366974157202,3.63216666666667
50,10000,95,4.3,4.20333333333333,121.175778,8.2524743517636,187.637197026916,185.157121369945,185.162068,0.237423445292228,50.934218686,52.01189296333,50.81,5,121.099577,2011790,1.51798049001091,3.424
60,10000,95,5.16,5.30833333333333,121.088412,8.25842856044722,216.680420281559,220.377491747253,220.381403,0.188371236432339,64.27776537,64.9976455815414,64.09,7,121.009361,2035610,1.76580686803001,4.20116666666667
60,10000,95,5.16,5.26166666666667,121.245452,8.24773204688948,217.079716529343,222.614225066202,222.618203,0.190042598041812,63.7953153273333,63.3570863024545,63.61,7,121.17326,2043210,1.76161904657469,4.20833333333333
60,10000,95,5.16,5.19833333333333,121.291779,8.24458185249307,217.128539303878,220.329777737416,220.333837,0.192251631378968,63.0515097835,62.4138483731367,62.87,7,121.216141,2045470,1.74965994143294,4.19416666666667
60,10000,95,5.16,5.25,121.301979,8.24388858486802,213.601771449732,218.634546324127,218.638574,0.190392746430794,63.683538975,62.94239009681,63.49,8,121.225767,2043910,1.75987319108873,4.2575
60,10000,95,5.16,5.18,121.033443,8.26217923917111,219.661744512959,221.584593369691,221.588901,0.192945531692407,62.695323474,62.666881132379,62.51,8,120.958397,2035580,1.73761674694955,3.977
60,10000,95,5.16,4.945,121.231303,8.24869464613442,219.669949903871,216.10863412302,216.112705,0.202112229803842,59.9488793335,61.5501263689975,59.78,7,121.155738,2035370,1.68882479529188,4.01516666666667
60,10000,95,5.16,5.12833333333333,121.13995,8.25491507962485,219.674443151107,220.84008218492,220.844147,0.194978954093273,62.1246043583333,61.9171405361495,61.95,7,121.066134,2040780,1.73054661982709,4.31366666666667
70,10000,95,6.02,5.96833333333333,127.6248,7.83546771473883,354.750511126342,349.614019042446,349.617503,0.167523142290422,76.1707348,77.5233840569594,75.92,14,127.545837,2046330,1.98407042608029,4.72516666666667
70,10000,95,6.02,5.93,120.985539,8.26545063373235,269.904541793739,271.582377350197,271.585941,0.168622761107926,71.744424627,71.6734579176619,71.51,9,120.910109,2047070,1.90549793093218,5.03033333333333
70,10000,95,6.02,5.97666666666667,121.041307,8.26164244905254,322.458522303031,309.492135554657,309.495938,0.167270367341885,72.3423544836667,72.7728983688833,72.1,18,120.966493,2050130,1.91806503028544,5.052
70,10000,95,6.02,5.89,121.13713,8.25510724911512,271.108868415889,271.976126993209,271.979974,0.169764035544992,71.34976957,70.8303861932381,71.12,9,121.062631,2049940,1.90034411893461,4.856
70,10000,95,6.02,5.87833333333333,121.04781,8.26119861234995,276.767437668753,275.728501008506,275.732066,0.170081178222002,71.155937645,71.5520907158044,70.92,12,120.971075,2049070,1.89619670603938,4.93283333333333
70,10000,95,6.02,5.935,121.141417,8.25481511414053,284.872822605225,282.743603635215,282.747184,0.168451891088739,71.8974309895,72.1325284290327,71.67,9,121.067079,2041160,1.90455059601924,4.19116666666667
70,10000,95,6.02,6.13166666666667,120.898557,8.27139731700851,325.466417465974,316.475652004621,316.477706,0.163063242779832,74.1309652005,74.6840603342846,73.89,12,120.826181,2057500,1.95511287462864,4.88416666666667
70,10000,95,6.02,5.87666666666667,121.0923,8.25816340097595,274.005123994738,272.711568888826,272.715126,0.17007902979949,71.1619083,71.0903161775131,70.93,13,121.017702,2051970,1.89823006908528,4.575
70,10000,95,6.02,5.88166666666667,121.382577,8.23841464496177,253.668920390904,259.466852787475,259.471839,0.170019872123264,71.3931857055,71.2990508570619,71.17,8,121.308054,2052100,1.90262730738731,4.61766666666667
80,10000,95,6.88,6.86,121.081661,8.25888901540589,402.66735696031,405.308121331147,405.311291,0.145730247522838,83.062019446,82.970970484635,82.63,15,121.007378,2068530,2.12081420321182,5.4895
80,10000,95,6.88,6.88666666666667,121.040084,8.26172592543806,457.339730807139,451.899888626573,451.902915,0.145178277562682,83.3562711813333,83.0127041742287,82.92,20,120.96722,2065110,2.12352336601456,5.19516666666667
80,10000,95,6.88,7.00833333333333,120.92298,8.26972673018809,496.818403961405,490.16464363258,490.167663,0.142653919380975,84.74685515,85.5427416478421,84.44,19,120.849585,2072440,2.15657270613074,5.41916666666667
80,10000,95,6.88,6.94333333333333,120.986379,8.26539324728447,526.592355100829,512.470025795487,512.473114,0.14394753300048,84.004875819,84.6633865354614,83.71,29,120.914048,2067120,2.13932402648276,4.97666666666667
80,10000,95,6.88,6.69333333333333,121.122571,8.25609951757051,387.96637178412,386.652286247261,386.655859,0.149397484189243,81.0713741893333,80.6299016556704,80.79,16,121.049687,2059640,2.08102346079501,5.07033333333333
80,10000,95,6.88,6.89166666666667,121.059797,8.26038061174016,392.238904685402,398.209552491173,398.212667,0.145100722121886,83.4303767658333,82.5655906178213,83.14,14,120.986363,2069980,2.13113715709755,5.65783333333333
80,10000,95,6.88,6.83833333333333,121.009879,8.26378811600993,389.720990097769,393.779524155252,393.782568,0.146199738807214,82.7505889228333,81.7107347386377,82.32,14,120.935368,2061580,2.11006084946037,5.42283333333333
80,10000,95,6.88,6.885,120.951367,8.26778584486772,417.396464504646,419.342935412975,419.345873,0.145233818347131,83.2750161795,83.3958610674089,82.98,15,120.876806,2067190,2.126157961907,5.45366666666667
80,10000,95,6.88,6.775,121.189555,8.25153619880855,380.340194989701,384.508741683641,384.511844,0.147599378695449,82.1059235125,81.3553068503259,81.68,18,121.112139,2064090,2.1003442614743,5.056
90,10000,95,7.74,7.66666666666667,120.933382,8.26901541544584,798.20246381537,806.488949488478,806.492106,0.130428211856957,92.7155928666667,92.6529725029888,92.21,29,120.862169,2076770,2.30120231851528,5.3465
90,10000,95,7.74,7.68,120.987973,8.26528435185868,797.368879064048,806.940742086155,806.943452,0.13017462235612,92.918763264,92.7308234783552,92.41,27,120.916446,2078380,2.30617279999274,5.17616666666667
90,10000,95,7.74,7.70333333333333,121.19069,8.25145891982297,683.008041817545,702.538148815881,702.54144,0.129790098332756,93.3572281966667,93.3153055705787,93,18,121.118755,2075290,2.31434149254062,5.41566666666667
90,10000,95,7.74,7.61166666666667,120.812943,8.27725883641457,707.466967820478,716.043647805343,716.046354,0.131370090326692,91.9587851135,91.9211822660099,91.61,31,120.741812,2074520,2.28844139147814,5.4405
90,10000,95,7.74,7.79333333333333,121.019836,8.26310820649269,889.944690966618,905.038858146065,905.041479,0.128309107522027,94.3147921893333,94.1623008660323,93.95,28,120.94878,2080680,2.33614376707051,5.479
90,10000,95,7.74,7.62,120.857788,8.27418751036549,810.118117411376,811.638084892607,811.641126,0.131229042313867,92.093634456,92.5861126298524,91.44,26,120.788247,2076730,2.28716198635942,5.5075
90,10000,95,7.74,7.72166666666667,121.060328,8.26034437970464,880.043562666437,887.939908439024,887.942691,0.129496446450248,93.4787499373333,92.6081795618863,92.97,37,120.988965,2075140,2.31367128260083,5.4335
90,10000,95,7.74,7.63833333333333,120.798042,8.27827987476817,831.512420832526,833.003759837661,833.007043,0.130880210889592,92.269571081,92.1893749318207,91.77,26,120.727372,2072390,2.28959843406923,5.49633333333333
100,10000,95,8.1,8.16,121.129558,8.255623289,2960.760788,2988.399158,2988.401818,0.122533811,98.84171933,98.32533442,97.79,79,121.048391,2084550,2.40951575128807,7.5951666666666
100,10000,95,8.1,8.338333333,120.908805,8.270696249,3102.573352,3189.725757,3189.729445,0.119928223,100.8177919,99.76016788,99.4,52,120.827979,2085440,2.43970493869358,7.9415
100,10000,95,8.1,8.276666667,121.163398,8.253317557,2870.209056,2942.934966,2942.938741,0.120813696,100.2829057,99.71811135,99.37,59,121.081892,2083390,2.43733571260829,7.8288333333333
100,10000,95,8.1,8.088333333,121.022699,8.262912728,1202.914889,1241.130251,1241.134548,0.123611492,97.88719304,97.0742763,97.01,33,120.944375,2084050,2.39483924457334,7.7428333333333
100,10000,95,8.1,8.221666667,120.770853,8.280143554,3558.896264,3597.560971,3597.565655,0.121612559,99.29376964,98.52032026,97.91,61,120.69002,2083150,2.4104810875678,7.7816666666666
100,10000,95,8.1,8.055,120.816787,8.276995481,1989.72141,1997.027351,1997.031164,0.124138666,97.31792193,97.66214958,96.91,49,120.736441,2084910,2.39375918498479,7.7653333333333
100,10000,95,8.1,8.088333333,120.989648,8.265169926,2311.603886,2325.966091,2325.96996,0.123596227,97.86046029,97.46574637,97.3,51,120.91032,2081010,2.39748773699139,7.5095
100,10000,95,8.1,8.293333333,121.066961,8.259891813,3963.217153,4040.919938,4040.923719,0.120570224,100.4048663,99.11584447,98.68,70,120.986183,2084360,2.42559933271469,7.5653333333333
10,20000,75,0.86,0.863333333333333,121.556594,8.22662076234219,110.580342017179,128.501443741313,128.526958,1.15825674528378,10.4943859486667,8.58244937319191,10.56,3,121.478916,1610260,0.764327575917546,1.5545
10,20000,75,0.86,0.858333333333333,122.244784,8.18030812668457,111.871780625842,129.070226345631,129.097854,1.16382018286408,10.4926772933333,9.40834141610087,10.56,2,122.179217,1620500,0.765458583917184,1.57116666666667
10,20000,75,0.86,0.865,121.906988,8.20297520598245,100.140753392268,127.341103976879,127.374738,1.1555805906975,10.544954462,8.66217516843119,10.61,1,121.837313,1620300,0.766146152190158,1.581
10,20000,75,0.86,0.853333333333333,122.501946,8.16313562888217,118.90243902439,130.014450277344,130.042121,1.17000740677344,10.453499392,8.97560975609756,10.52,3,122.426547,1613340,0.764102473969226,1.64133333333333
10,20000,75,0.86,0.858333333333333,121.967327,8.19891707555418,126.562014445397,130.168847192233,130.191935,1.15985824041165,10.4688622341667,10.0872938894277,10.54,2,121.905618,1602210,0.763157759328703,1.57916666666667
20,20000,75,1.72,1.78833333333333,122.420692,8.16855372782895,132.828008131158,139.570448150047,139.58204,0.558477546164026,21.8929004193333,21.1457848160224,21.92,3,122.354622,1886450,0.98255142937136,2.242
20,20000,75,1.72,1.785,122.00681,8.19626379871747,144.04268473605,140.265277164332,140.277338,0.559278288055089,21.778215585,23.0051329911339,21.8,3,121.939823,1877430,0.978684137304252,2.237
20,20000,75,1.72,1.78833333333333,121.720877,8.21551754018335,132.828008131158,138.137448605778,138.149379,0.559054199750233,21.7677501701667,21.5183977643223,21.79,3,121.65241,1844440,0.971630703450559,2.13366666666667
20,20000,75,1.72,1.68,121.686982,8.21780591123544,138.111764289256,137.566725478175,137.578951,0.595019470725198,20.443412976,21.0213187902826,20.46,3,121.622592,1837290,0.948732739817514,2.11433333333333
20,20000,75,1.72,1.71333333333333,121.662672,8.21944795031298,133.926291357782,137.103918274319,137.116486,0.583495707838521,20.844871136,20.8070004861449,20.87,2,121.595101,1873280,0.962556644779246,2.0955
20,20000,75,1.72,1.71666666666667,121.340967,8.2412397455181,126.623422506748,136.841313070874,136.853281,0.581944208862136,20.830199335,19.9902959728287,20.86,3,121.279968,1856060,0.958936950476653,2.12883333333333
20,20000,75,1.72,1.71666666666667,121.886061,8.20438360051688,144.712482864855,138.658469568932,138.67034,0.58204167493301,20.923773805,21.2518195050946,20.95,4,121.822236,1863470,0.961893034418358,2.16466666666667
20,20000,75,1.72,1.71666666666667,121.802035,8.21004345288648,134.254744845324,138.024887504854,138.036862,0.582009098112621,20.9093493416667,20.4269771955361,20.93,3,121.736788,1859950,0.960858039615771,2.269
20,20000,75,1.72,1.65666666666667,121.706312,8.21650071854942,146.277362515971,138.513262746479,138.5253,0.602590781777666,20.1626790213333,21.7194570135747,20.19,3,121.637328,1863190,0.949432830284317,1.99816666666667
30,20000,75,2.58,2.615,121.573566,8.22547230374077,147.408443823678,150.101801049713,150.109808,0.382244971103251,31.791487509,31.5387065944568,31.77,4,121.511686,1950370,1.16425377614907,2.73533333333333
30,20000,75,2.58,2.51166666666667,121.641749,8.22086173719847,151.993846296058,149.810509134705,149.82234,0.397677802883212,30.5523526238333,30.1492537313433,30.53,4,121.577237,1949700,1.14287786201594,2.5025
30,20000,75,2.58,2.61833333333333,121.771421,8.21210750262987,145.696751067764,150.751026652451,150.759158,0.381913583692553,31.8838170651667,31.021317212854,31.86,4,121.711421,1961220,1.16901414388229,2.5515
30,20000,75,2.58,2.64,121.624014,8.22206048881103,144.74980158161,149.087341632576,149.096495,0.378687462138889,32.108739696,31.4294730198801,32.08,4,121.557152,1950780,1.1696725258183,2.74816666666667
30,20000,75,2.58,2.615,121.552192,8.22691868855808,139.611633571847,147.268489535373,147.277315,0.382094371528362,31.785898208,30.9652755654667,31.76,4,121.485415,1943160,1.16194766619357,2.67233333333333
30,20000,75,2.58,2.54166666666667,121.305234,8.24366737547368,153.069942131309,150.096883255082,150.104929,0.39339308735082,30.831746975,31.104555883317,30.81,4,121.240564,1950680,1.14794193803623,2.701
40,20000,75,3.44,3.44166666666667,121.861885,8.20601125610358,161.772179053668,164.876767958838,164.88279,0.290290987299274,41.9407987541667,41.7332365044783,41.86,4,121.798036,2001170,1.35617477324943,3.4795
40,20000,75,3.44,3.47,121.580674,8.22499141598771,149.731362285548,160.08037940586,160.086452,0.288007128715178,42.188493878,39.6158463385354,42.11,4,121.51622,1991330,1.35675087040399,3.28616666666667
40,20000,75,3.44,3.43166666666667,121.48892,8.23120330644144,164.980136235956,165.357949909665,165.365092,0.291317700921321,41.6909477133333,41.9519300801165,41.61,4,121.424303,1976570,1.34238450704999,3.327
40,20000,75,3.44,3.45166666666667,121.807439,8.20967921343457,165.032022156248,166.566093975857,166.569653,0.28943616838339,42.0438676948333,41.6606323919865,41.97,4,121.745185,1990460,1.35397335506959,3.31716666666667
40,20000,75,3.44,3.325,121.134886,8.25526017335749,167.293704067234,163.997736850627,164.004189,0.30071933973584,40.277349595,40.9170633926334,40.14,6,121.075274,1989010,1.32153031821511,3.15983333333333
40,20000,75,3.44,3.38333333333333,121.316883,8.24287580814288,158.955242890744,163.101541997044,163.10772,0.295256225300985,41.045545415,40.8273824181236,40.98,5,121.256195,1993760,1.33795592083774,3.44016666666667
40,20000,75,3.44,3.405,121.416342,8.2361236018789,163.837417232463,164.708308185512,164.714301,0.293635323166422,41.342264451,40.1761683386347,41.28,6,121.351128,1979990,1.33796894787028,3.19466666666667
40,20000,75,3.44,3.41666666666667,121.637126,8.22117418328348,152.158010241405,161.510407380976,161.516491,0.292578948240488,41.5593513833333,39.014874420873,41.49,5,121.570461,2005010,1.35115339895476,3.364
50,20000,75,4.3,4.14833333333333,121.545465,8.22737401185639,178.749946238646,180.99760625914,181.002579,0.241046210811973,50.4211103975,49.5481020285198,50.31,6,121.482555,2015760,1.51099007679375,3.75416666666667
50,20000,75,4.3,4.32166666666667,121.261143,8.24666480341522,181.027489367758,184.899461246818,184.904353,0.231335855987659,52.4050239665,52.9014844804319,52.28,5,121.198901,2006930,1.54157262826255,3.61583333333333
50,20000,75,4.3,4.33,121.18575,8.25179528121087,181.086885709956,186.968394809854,186.974108,0.230922888372594,52.47342975,51.0101981912642,52.35,6,121.121152,2009350,1.54395638250931,3.889
50,20000,75,4.3,4.21833333333333,121.256555,8.24697683354108,167.482763407849,176.441942684315,176.444797,0.236876312086527,51.1500567841667,50.1086312462967,51.04,5,121.19439,2021980,1.52677239504408,3.75033333333333
50,20000,75,4.3,4.195,121.41449,8.23624923186681,184.359069351252,185.191317157727,185.197346,0.238278975981327,50.933378555,50.2879841112215,50.81,7,121.352195,2009160,1.51676273809613,3.69633333333333
50,20000,75,4.3,4.21166666666667,121.494065,8.23085473352135,181.259019796876,183.084091209339,183.089067,0.237417992070835,51.1692503758333,51.0583580613254,51.05,5,121.43152,2017700,1.52495877361358,3.86366666666667
50,20000,75,4.3,4.26833333333333,121.503934,8.23018619298368,191.615809843946,189.317397770012,189.322213,0.234274687871144,51.8619291623333,51.6299043529182,51.74,7,121.43617,2015560,1.53614568650016,3.88416666666667
50,20000,75,4.3,4.265,121.497888,8.23059574500587,184.403689264669,185.721542959359,185.726424,0.234465444285658,51.818849232,52.5688611056847,51.7,6,121.433633,2007970,1.53186594664701,3.93183333333333
50,20000,75,4.3,4.375,121.496691,8.23067683382422,177.032946105504,185.323885161143,185.329576,0.228336147072762,53.1548023125,51.3045134260141,53.03,5,121.43609,2016100,1.5591817912649,3.914
60,20000,75,5.16,5.18,121.114576,8.2566445181627,220.655408044824,221.702673776062,221.706685,0.193031572007079,62.737350368,63.3263631976838,62.46,10,121.051011,2031380,1.73435189885915,4.38933333333333
60,20000,75,5.16,5.12166666666667,121.27041,8.24603462625384,220.564284372287,219.606802591604,219.613441,0.195195511357956,62.110661655,63.7058727834716,61.93,10,121.206325,2030010,1.72415325866289,4.35616666666667
60,20000,75,5.16,5.135,121.368277,8.23938532142135,219.357250393837,220.670245102889,220.674929,0.194640844915936,62.3226102395,61.7069608956677,62.15,10,121.303092,2022680,1.72394323227497,4.61416666666667
60,20000,75,5.16,4.97,121.324747,8.24234152328379,224.0096066761,219.141862496647,219.14636,0.20118250482562,60.298399259,60.4023470243085,60.13,8,121.260523,2028150,1.69113248205958,4.27933333333333
60,20000,75,5.16,5.155,121.017191,8.26328880828179,218.567858484915,219.348918132881,219.35298,0.193981117349176,62.3843619605,63.0192338774851,62.21,8,120.95283,2033470,1.73107980953676,4.30083333333333
60,20000,75,5.16,5.175,121.046072,8.26131722803859,212.059483058342,216.964588949436,216.968581,0.193174587773269,62.64134226,61.1173724037997,62.46,7,120.98273,2031150,1.7342219321202,4.29116666666667
70,20000,75,6.02,5.97166666666667,121.113473,8.25671971276061,279.072364767955,278.394571127268,278.399401,0.167443510640804,72.3249289598333,72.3873308218223,72.09,12,121.051273,2044050,1.91393692722711,4.74566666666667
70,20000,75,6.02,5.81666666666667,121.356947,8.24015455827181,262.595690554263,264.703258795129,264.70915,0.171901029981948,70.5892908383333,69.7178054719954,70.37,10,121.291634,2046030,1.88439628972827,4.93066666666667
70,20000,75,6.02,5.93166666666667,121.191601,8.25139689342003,252.157744940594,259.652319917674,259.655813,0.168541826608036,71.8868179931667,70.5998033431662,71.66,10,121.129811,2043200,1.90568894722254,4.72033333333333
70,20000,75,6.02,5.87833333333333,120.933258,8.26902389415491,258.224646279375,262.040253372555,262.043898,0.170084927526793,71.088600161,71.5095676824947,70.87,8,120.870259,2044220,1.89220136171747,4.47966666666667
70,20000,75,6.02,5.95,121.359405,8.23998766309047,257.102140674222,263.867986044538,263.871479,0.168056964416247,72.208845975,71.4325724688419,71.86,10,121.295057,2041990,1.90848509687903,5.043
70,20000,75,6.02,5.98333333333333,121.196378,8.25107166156401,262.903615584146,268.886804325348,268.89058,0.167111063619777,72.5158328366667,70.6726082718284,72.29,11,121.131932,2043830,1.91737467616182,5.21183333333333
80,20000,75,6.88,6.68833333333333,121.135156,8.25524177308196,407.694551695404,401.899407088961,401.902419,0.149509335235983,81.0192301713334,80.7649184003987,80.61,14,121.072673,2063310,2.08043326987506,4.9985
80,20000,75,6.88,6.77666666666667,121.074304,8.25939086133421,409.546430775277,406.716613328087,406.719597,0.147493191084358,82.0480200106667,81.9377843354236,81.76,15,121.010183,2052910,2.09358310255712,5.17033333333333
80,20000,75,6.88,6.73,121.115449,8.25658500427968,351.961552817872,360.885501949728,360.888555,0.148576688909113,81.510697177,80.2401881886839,81.23,11,121.052627,2057300,2.08725475933979,5.34466666666667
80,20000,75,6.88,6.97166666666667,120.828725,8.27617770526007,415.381385856649,420.505506891705,420.508511,0.143374451344251,84.2377594458333,85.1201147364647,83.94,16,120.768649,2064280,2.14134949567486,5.6745
80,20000,75,6.88,6.765,120.714558,8.28400498306095,361.310648231722,366.784541454792,366.788083,0.147791663882976,81.663398487,81.5001847518167,81.24,16,120.651746,2060840,2.09001767616964,4.89633333333333
80,20000,75,6.88,6.71666666666667,121.072007,8.25954755999048,374.009221866888,375.353788499008,375.356842,0.148879588051613,81.3200313683334,82.123805979407,80.91,13,121.010487,2063210,2.08578272672544,5.37533333333333
80,20000,75,6.88,6.77,121.248006,8.24755831448478,385.774343824566,387.15494015288,387.158123,0.147671934002708,82.084900062,81.5015384615385,81.67,26,121.185974,2059140,2.09653340024108,5.27633333333333
80,20000,75,6.88,6.865,121.106667,8.25718372713535,359.896313228603,370.025337477543,370.028499,0.145578298349599,83.1397268955,83.0683335356233,82.85,13,121.046206,2054510,2.11437408276201,5.45283333333333
90,20000,75,7.74,7.81833333333333,120.791799,8.27870772915635,1083.81443301546,1089.5630699256,1089.565679,0.127886875549776,94.4390548515,93.7333475434296,93.77,59,120.731833,2077050,2.32981631585004,5.71783333333333
90,20000,75,7.74,7.78833333333333,120.912162,8.27046662187713,956.460738114109,966.909554751338,966.912533,0.128386174869463,94.170422171,93.9445811490318,93.66,27,120.851223,2075450,2.32647356866107,5.752
90,20000,75,7.74,7.74,120.961024,8.26712578094577,1118.86666538706,1113.0397555534,1113.042421,0.129187275239018,93.623832576,93.9067714501023,93.12,39,120.901158,2074020,2.31546421041999,5.88933333333333
90,20000,75,7.74,7.78666666666667,120.861178,8.27395543008856,1029.47239385211,1034.36184658476,1034.36338,0.128409916404324,94.1105706026667,93.8790797217764,93.76,35,120.800677,2076970,2.32956723492473,5.5955
90,20000,75,7.74,7.84666666666667,120.859028,8.27410261813458,1015.29176477148,1025.44223294138,1025.444788,0.127437601675021,94.8340506373333,94.6904534352766,94.01,43,120.798801,2075370,2.33276928630286,5.9885
90,20000,75,7.74,7.84166666666667,121.048827,8.26112920532473,1089.21761689099,1097.43704297556,1097.439662,0.127500346317535,94.9224551725,94.4851769206248,94.41,33,120.987806,2075310,2.33999034683252,6.10866666666667
100,20000,75,8.1,7.956666667,120.950359,8.267854749,1158.016226,1176.862569,1176.866149,0.125657215,96.23616898,96.10430412,95.68,39,120.892342,2079970,2.3670667773277,5.5426666666666
100,20000,75,8.1,8.145,120.880082,8.272661496,2038.411842,2070.063703,2070.066216,0.122750277,98.45682679,97.87212276,97.4,51,120.821952,2079360,2.3978732473886,5.6055
100,20000,75,8.1,8.093333333,120.919666,8.269953375,1544.029461,1572.46431,1572.466781,0.123551285,97.86431635,97.59085761,97.45,37,120.860934,2081890,2.40098903885881,5.9423333333333
100,20000,75,8.1,8.01,120.930168,8.269235184,1189.322667,1214.975391,1214.978224,0.124814145,96.86506457,96.25507126,96.31,33,120.871607,2077170,2.37613274212586,5.4056666666666
100,20000,75,8.1,8.018333333,120.979812,8.265841908,1607.261823,1621.808874,1621.812325,0.124702739,97.00564592,96.27974644,96.28,41,120.921185,2079440,2.37754208860886,5.9556666666666
100,20000,75,8.1,8.081666667,121.007847,8.263926884,1888.584909,1909.653691,1909.657191,0.123735584,97.79450835,96.24703578,96.11,65,120.948678,2079680,2.37465189103343,5.8331666666666
100,20000,75,8.1,8.151666667,120.87645,8.272910066,2178.782337,2210.722693,2210.725246,0.122651715,98.53445283,98.81426965,98.13,53,120.819287,2081730,2.41324945795432,5.6985
100,20000,75,8.1,8.018333333,120.731063,8.282872487,1231.836192,1254.635722,1254.638195,0.124697457,96.80619068,96.27974644,95.93,34,120.673075,2077260,2.36929582445098,5.7753333333333
100,20000,75,8.1,8.043333333,120.814124,8.277177923,1232.949103,1261.937213,1261.940687,0.124322904,97.17482707,96.89215788,96.61,42,120.754856,2079390,2.38350984252676,5.7033333333333
10,20000,80,0.86,0.841666666666667,122.811289,8.14257392901397,146.898962893322,130.385384647525,130.410485,1.18747262747525,10.3366168241667,11.9683481701286,10.39,2,122.750646,1615790,0.762532242267761,1.66916666666667
10,20000,80,0.86,0.91,122.400118,8.16992676428629,103.556096236792,129.032504417582,129.055037,1.09888864835348,11.138410738,8.87465690759377,11.19,2,122.337347,1667740,0.779879735806019,1.56183333333333
10,20000,80,0.86,0.811666666666667,122.399047,8.16999825170207,136.4713315432,130.857317112936,130.889968,1.23134434568378,9.93472264816667,10.4615384615385,9.99,2,122.325368,1652820,0.76077585231976,1.59133333333333
10,20000,80,0.86,0.87,122.185565,8.18427283124647,127.591706539075,130.823850350575,130.855687,1.14761230800192,10.630144155,10.1435406698565,10.68,2,122.12106,1628270,0.768028337944958,1.5695
10,20000,80,0.86,0.871666666666667,122.632817,8.15442411308223,119.434385049883,130.2330703174,130.258423,1.14713721295794,10.6894938818333,10.2196752626552,10.74,2,122.570751,1641640,0.770381914040451,1.709
10,20000,80,0.86,0.873333333333333,121.672794,8.2187641717178,133.169357949046,130.041433958015,130.064796,1.14477002805725,10.626090676,11.2488083889418,10.68,2,121.613697,1638750,0.769196870006356,1.4665
10,20000,80,0.86,0.843333333333333,122.495326,8.16357678822782,98.3264986011885,128.589779389328,128.620454,1.18503478306324,10.3304391593333,7.89733464955577,10.39,2,122.434569,1651230,0.766393815482051,1.544
20,20000,80,1.72,1.7,121.806312,8.20975517262193,133.152722137361,136.90630727549,136.918297,0.586847586566667,20.70707304,20.9701126898579,20.72,2,121.745783,1872870,0.960013496304204,2.33
20,20000,80,1.72,1.75166666666667,121.751852,8.21342742285349,136.273992162888,138.986198839201,138.997833,0.570076280107517,21.3268660753333,20.2567760342368,21.34,3,121.689742,1912080,0.978218234793158,2.11916666666667
20,20000,80,1.72,1.81333333333333,122.03832,8.19414754316513,147.936988300143,141.162438476103,141.173997,0.550499036556985,22.12961536,23.3348644924208,22.14,4,121.971039,1883240,0.985506671841754,2.1755
20,20000,80,1.72,1.64833333333333,121.990557,8.19735580025264,125.687770120134,136.481944412538,136.494704,0.605785411188069,20.1081101455,18.5952501263264,20.12,3,121.924858,1859170,0.947509724909064,2.1955
20,20000,80,1.72,1.72333333333333,121.595668,8.2239771897137,139.107932985127,138.781332791103,138.793777,0.57986671827176,20.9549867853333,20.5896568390527,20.97,4,121.527149,1861820,0.961886797506429,2.20966666666667
20,20000,80,1.72,1.67166666666667,122.112567,8.18916532972401,135.915124581413,137.213675546361,137.226346,0.597766595606182,20.4131507835,21.0264075734928,20.43,3,122.053785,1834980,0.947795066994429,2.13466666666667
20,20000,80,1.72,1.78833333333333,121.90967,8.20279474138516,117.461630719906,137.364302060578,137.375931,0.559167324818267,21.8015126516667,19.1429902189101,21.81,3,121.852687,1903100,0.984213504409326,2.2485
20,20000,80,1.72,1.71833333333333,121.549638,8.22709155250631,131.455655108505,138.705714849661,138.717099,0.581832054741998,20.886279463,19.9709161415414,20.9,3,121.49238,1877140,0.963824873087404,2.10216666666667
20,20000,80,1.72,1.72333333333333,122.020513,8.19534335181823,131.255065800483,136.579361519342,136.591369,0.579585356788201,21.0282017403333,20.2996616723055,21.04,2,121.956769,1836350,0.957877091630332,2.17183333333333
30,20000,80,2.58,2.57,121.484514,8.23150183569899,149.587876571083,150.621607809987,150.629619,0.388954946348249,31.221520098,30.8589951377634,31.19,4,121.42672,1938080,1.15076643792877,2.6645
30,20000,80,2.58,2.585,121.801214,8.21009879261138,147.358486920064,150.045390317859,150.053285,0.386635993276596,31.485613819,29.9065420560748,31.45,4,121.738881,1936020,1.15457592090416,2.67216666666667
30,20000,80,2.58,2.66166666666667,121.885662,8.20441045805699,151.57528346871,150.967182045085,150.97506,0.375649354053225,32.441900369,32.3317683881064,32.4,5,121.819624,1946790,1.17393667677498,2.795
30,20000,80,2.58,2.665,120.784117,8.27923426388918,160.93209240458,152.335498146967,152.344987,0.374987804674797,32.1889671805,33.1353547983745,32.15,5,120.720837,1946700,1.16964644442412,2.73266666666667
30,20000,80,2.58,2.63833333333333,121.688109,8.2177298029999,134.520534228435,146.663357718257,146.67178,0.378475217888819,32.1053794245,29.8073886959267,32.08,3,121.626727,1958350,1.17193562576961,2.82433333333333
30,20000,80,2.58,2.68166666666667,121.715096,8.21590774574092,157.084711637765,153.149046420758,153.156605,0.372746790506526,32.6399315773333,32.6809568188879,32.6,4,121.647635,1966160,1.18322630922835,2.84733333333333
30,20000,80,2.58,2.64,121.397166,8.23742458699571,151.562963175459,151.543412559343,151.551228,0.378484530472854,32.048851824,32.0605869359419,32.02,4,121.333461,1939380,1.16524513230607,2.85366666666667
30,20000,80,2.58,2.605,121.895423,8.20375347481259,145.595878138951,149.277605118362,149.285436,0.38377002484453,31.7537576915,31.5637991685321,31.72,4,121.826466,1957040,1.16537255962515,2.805
40,20000,80,3.44,3.43333333333333,121.577662,8.22519518429298,166.162892878767,166.135237843689,166.141299,0.291196872123301,41.7416639533333,41.3249211356467,41.66,9,121.512357,1977880,1.34375176829997,3.27916666666667
40,20000,80,3.44,3.37166666666667,121.542108,8.22760125239888,155.806446766558,162.366263158181,162.37257,0.296218652853188,40.979947414,39.1895231035335,40.91,4,121.481402,1973740,1.32919980640434,3.24133333333333
40,20000,80,3.44,3.51833333333333,121.14921,8.25428411790717,172.500572926698,168.338138783041,168.343874,0.28418868318901,42.624330385,43.0262846317784,42.54,6,121.086321,1986640,1.36241963383594,3.22616666666667
40,20000,80,3.44,3.315,121.3342,8.24169937247701,160.116630409196,161.165436736048,161.171979,0.301528129207642,40.2222873,40.939934656949,40.15,4,121.270373,1976320,1.31701373580326,3.19266666666667
40,20000,80,3.44,3.345,121.648589,8.22039949842739,169.618042951786,165.372429508221,165.378507,0.298802092975586,40.6914530205,42.2415940224159,40.61,4,121.583754,1976630,1.32509298261221,3.56583333333333
40,20000,80,3.44,3.47,121.495558,8.2307535885386,161.286416583925,164.111180198847,164.116996,0.28812861129683,42.158958626,42.8571428571429,42.08,5,121.431889,1976090,1.35033651608134,3.335
40,20000,80,3.44,3.42833333333333,121.484103,8.23152968417604,161.544227664656,163.239035337385,163.2449,0.291668180139037,41.6487999785,41.2879708383961,41.57,5,121.417748,1980010,1.34300632137548,3.47516666666667
40,20000,80,3.44,3.46333333333333,121.62323,8.22211348933917,162.532995703063,164.382885225698,164.388814,0.288683092892204,42.1221786566667,42.3382246812605,42.04,4,121.554651,1976730,1.34989129570006,3.40683333333333
50,20000,80,4.3,4.23333333333333,121.552306,8.22691097279553,180.989234247707,182.759588288189,182.764602,0.236218495168898,51.4571428733333,51.7614642786853,51.33,5,121.488373,2000030,1.52164544455367,4.4515
50,20000,80,4.3,4.285,121.383881,8.23832614150803,194.847433415972,191.544921262933,191.54976,0.233199945807079,52.0129930085,52.2457709508069,51.88,7,121.319191,2015520,1.53859855804924,3.54016666666667
50,20000,80,4.3,4.24333333333333,121.302566,8.24384869154376,178.749107912544,184.110926796936,184.115918,0.235584443452082,51.4727221726667,50.755939524838,51.35,6,121.238561,2014160,1.52860519353022,4.12116666666667
50,20000,80,4.3,4.17833333333333,121.163918,8.2532821363535,194.422715101604,187.908384670124,187.913365,0.238980863021939,50.6263237376667,52.3629112662014,50.5,7,121.098303,2014400,1.51371893215818,3.38366666666667
50,20000,80,4.3,4.25666666666667,121.375129,8.23892018273365,170.365898127171,179.198059264683,179.202967,0.234912006698121,51.6653465776667,49.8923468389117,51.54,5,121.310686,2006970,1.5285822892212,4.06683333333333
50,20000,80,4.3,4.24666666666667,121.134976,8.2552540399232,185.121361443568,186.26488032967,186.270178,0.235477923475275,51.4419864746667,51.4224053364724,51.32,6,121.073278,2015250,1.52858546210711,3.744
50,20000,80,4.3,4.14333333333333,121.620423,8.22230325576158,178.890384585207,182.787817888978,182.793639,0.241251652043443,50.391395263,50.1910315704806,50.27,5,121.559666,2017780,1.51120954005186,3.63633333333333
50,20000,80,4.3,4.195,121.487329,8.23131110241135,180.240107093019,182.789771308701,182.79468,0.238330699077473,50.9639345155,50.7845084409136,50.76,6,121.421478,2003370,1.51320439668836,3.626
50,20000,80,4.3,4.31333333333333,121.427953,8.23533605972918,184.951928918749,186.941973442427,186.946757,0.231782743736476,52.3759237273333,52.3855514776898,52.25,6,121.365756,2003170,1.53925683523056,3.64433333333333
60,20000,80,5.16,5.08833333333333,121.433701,8.23494624445318,209.335954493378,214.062893030789,214.066934,0.196436635247298,61.7895148588333,60.3733420664811,61.61,8,121.374684,2022560,1.71430867816778,4.4645
60,20000,80,5.16,5.24,121.089781,8.25833519345452,218.059158181194,222.100610653944,222.104641,0.190776347455471,63.451045244,62.3946573382096,63.27,7,121.026554,2034410,1.75049875515776,4.195
60,20000,80,5.16,5.11333333333333,121.187934,8.25164657068913,213.444473738384,216.602059188722,216.604526,0.195451601773468,61.967430252,61.6913801531693,61.79,10,121.125513,2027210,1.7200979998232,4.583
60,20000,80,5.16,5.08,121.314573,8.24303276408515,222.324390851832,221.453515246391,221.457701,0.196845198150263,61.627803084,61.8172871904215,61.45,8,121.249244,2029770,1.71548437690717,4.588
60,20000,80,5.16,5.18,121.266348,8.24631083967335,229.039444094937,227.40495964704,227.408897,0.192992271726834,62.815968264,63.5998069808589,62.63,8,121.201661,2019920,1.73088408927595,4.239
60,20000,80,5.16,5.01166666666667,121.156821,8.25376558864977,211.974221413543,213.286873566345,213.291271,0.199443234541071,60.7197601245,61.2801330008313,60.54,7,121.095634,2018970,1.69338347052861,4.21466666666667
60,20000,80,5.16,5.15166666666667,121.373996,8.23899709127151,218.536826720326,220.907540296991,220.911577,0.193988002781301,62.5278369393333,62.1219472747857,62.34,8,121.313339,2031650,1.73236889771823,4.50583333333333
60,20000,80,5.16,5.15166666666667,121.246446,8.2476644305104,206.449960136886,214.725272671304,214.729251,0.194067679507279,62.462127431,60.9089438783762,62.28,7,121.183302,2020900,1.72524352976742,4.28916666666667
60,20000,80,5.16,5.3,121.281373,8.24528924157216,217.45127293976,222.807024674843,222.811027,0.188650427327987,64.27912769,63.7792799874234,64.09,7,121.218983,2023840,1.75898790780109,4.5755
70,20000,80,6.02,6.02666666666667,120.988933,8.26521877005065,271.731151103167,275.301466012721,275.304848,0.165927804826327,72.9159969546667,73.4411724042583,72.68,9,120.927673,2042450,1.92345354883945,5.0465
70,20000,80,6.02,5.99833333333333,121.175752,8.25247612245064,279.21355042944,280.172458419283,280.176035,0.166691813486524,72.6852552413333,72.38505347965,72.46,11,121.113603,2050810,1.92497383317466,4.73683333333333
70,20000,80,6.02,6.05166666666667,121.109489,8.25699132460215,263.165947550415,270.121875202148,270.126228,0.16523576578656,73.2914257598333,72.8486851163431,73.05,9,121.048277,2045880,1.93232960915903,5.039
70,20000,80,6.02,6.07,121.240973,8.24803674249628,335.911732148046,324.300200723229,324.303599,0.164738944199067,73.593270611,72.9032258064516,73.23,16,121.176811,2046970,1.93627416295805,4.83483333333333
70,20000,80,6.02,6.01666666666667,121.250556,8.24738486147643,313.490086048655,304.860483268698,304.863989,0.166180017001939,72.95241786,73.9371278216314,72.72,11,121.18861,2039060,1.92194892235365,5.14816666666667
70,20000,80,6.02,6.03166666666667,121.119804,8.25628812939625,315.872151937437,307.292845769273,307.296217,0.165712592150042,73.055428446,73.8361652161901,72.82,11,121.058037,2040030,1.92437120301408,4.75916666666667
80,20000,80,6.88,6.82833333333333,120.910509,8.27057968964468,405.999538643657,406.798402869905,406.801609,0.146381370861362,82.5617258955,82.3794996949359,82.27,18,120.848089,2061430,2.10904712952771,5.754
80,20000,80,6.88,6.79333333333333,121.044968,8.26139257602183,420.196085488198,416.831228108685,416.834357,0.147159125299804,82.2298815946667,82.5830982460444,81.94,17,120.984489,2061180,2.10290429844372,5.31416666666667
80,20000,80,6.88,6.78333333333333,121.011642,8.26366772215189,380.402289258695,383.950115957003,383.953328,0.147328979944963,82.08623049,81.7467141628793,81.66,15,120.947947,2061000,2.09771688588145,5.5415
80,20000,80,6.88,6.88333333333333,120.943328,8.26833539755083,410.054185585116,411.466619094431,411.469655,0.145262101382325,83.2493241066667,82.7623774361457,82.82,21,120.880389,2060740,2.11846567720595,5.31816666666667
80,20000,80,6.88,6.94666666666667,121.032174,8.26226586659511,442.809002810357,442.390790814539,442.39381,0.143948611997601,84.077016872,83.9750509775699,83.78,17,120.970431,2061470,2.13634370127885,5.53233333333333
90,20000,80,7.74,7.795,120.942436,8.26839637991085,1074.35010382637,1076.00234014988,1076.00553,0.128238203476374,94.274628862,94.0994120791021,93.76,37,120.879865,2077230,2.3297854393994,5.81266666666667
90,20000,80,7.74,7.71166666666667,120.758033,8.28102259664995,797.615574009084,807.747185299762,807.750711,0.12965948617225,93.1245697818333,92.9983792544571,92.62,29,120.69332,2080230,2.31153014415675,5.96516666666667
90,20000,80,7.74,7.33833333333333,120.94677,8.26810009064318,675.922598991815,665.909359946855,665.9131,0.129665333556439,88.754771385,92.8806631088907,88.42,22,120.882645,2024880,2.1911345824595,6.10183333333333
90,20000,80,7.74,7.52,121.035453,8.2620420316021,838.613190310603,830.42953932203,830.432568,0.132962995697695,91.018660656,90.8476454293629,90.68,38,120.971013,2076270,2.27296295060245,6.028
90,20000,80,7.74,7.695,121.011767,8.26365918613518,906.318413893524,908.461010245398,908.463782,0.129943083149231,93.1185547065,93.1239848402815,92.61,34,120.949001,2078070,2.30955690770341,6.122
90,20000,80,7.74,6.39,120.961977,8.26706064832257,1205.10373348303,995.942036554512,995.946636,0.127358698315597,77.294703303,94.2234971965054,77.02,28,120.897545,1857850,1.87324435177728,6.17866666666667
90,20000,80,7.74,7.79833333333333,120.713325,8.28408959822787,924.880022066755,936.257366963667,936.26043,0.128231725477025,94.1362746125,93.5249492467144,93.62,37,120.650025,2077790,2.32770733555708,6.05766666666667
100,20000,80,8.1,8.283333333,120.761274,8.28080035,3790.302422,3849.793894,3849.796363,0.120667182,100.0305886,98.28991047,97.82,118,120.707409,2082150,2.40796399685046,5.8515
100,20000,80,8.1,7.975,120.853304,8.274494506,1361.309258,1376.07823,1376.080781,0.125387436,96.38050994,95.88339776,95.51,39,120.793686,2078430,2.36265338160223,5.7665
100,20000,80,8.1,7.721666667,120.977056,8.266030213,842.6466374,852.0489406,852.051613,0.129503795,93.41445007,93.28801122,93.03,29,120.917039,2072760,2.31277973399575,5.6325
100,20000,80,8.1,7.928333333,120.744014,8.281984066,1522.626003,1522.369033,1522.371583,0.126128971,95.7298791,96.06936416,95.33,38,120.685192,2081360,2.36187555772975,5.6313333333333
100,20000,80,8.1,8.235,120.974734,8.266188872,2333.765285,2388.738265,2388.741814,0.121390766,99.62269345,99.00839826,98.88,46,120.917044,2083520,2.42850831942356,5.8436666666666
100,20000,80,8.1,7.953333333,120.845492,8.275029407,1342.179828,1353.496066,1353.499802,0.125706607,96.11244797,95.43216344,95.4,38,120.786196,2075390,2.35805571426492,5.8471666666666
100,20000,80,8.1,7.915,121.029425,8.262453531,953.58643,977.8316342,977.834248,0.126332728,95.79478989,95.11527529,95.24,28,120.97029,2072620,2.35278635569838,5.7685
100,20000,80,8.1,7.976666667,121.020284,8.263077618,1142.237826,1165.149439,1165.15294,0.12535708,96.53384654,96.65726523,96.14,33,120.961011,2081040,2.37636813572257,5.6353333333333
100,20000,80,8.1,8.235,120.772518,8.280029402,4890.356208,4928.382315,4928.384896,0.121419544,99.45616857,98.01679652,97.91,85,120.714711,2083780,2.41103271574581,5.394
10,20000,85,0.86,0.876666666666667,122.154299,8.18636763655776,132.159067520284,131.301393492395,131.325541,1.13752512920152,10.7088602123333,10.2564102564103,10.75,2,122.083152,1667230,0.77339472049877,1.85833333333333
10,20000,85,0.86,0.89,121.719292,8.215624520721,170.273593929011,131.747137048689,131.770903,1.12191795834832,10.833016988,14.0318054256314,10.88,2,121.648049,1654500,0.773851561827969,1.68716666666667
10,20000,85,0.86,0.813333333333333,122.024825,8.19505375238194,72.9902511871403,125.973084276639,126.004685,1.22744966406352,9.92468576666667,5.93654042988742,9.98,1,121.955673,1635140,0.758768140397741,1.59983333333333
10,20000,85,0.86,0.838333333333333,122.161132,8.18590973764061,175.313560543393,133.808954986084,133.832839,1.19183768439364,10.2411748993333,13.1082423038729,10.29,3,122.091994,1627780,0.762412814372723,1.57183333333333
10,20000,85,0.86,0.823333333333333,121.794917,8.21052326838894,151.054309960169,129.835519878543,129.861872,1.21448446686842,10.0277814996667,11.830131445905,10.09,2,121.722582,1585260,0.75503979810645,1.6665
10,20000,85,0.86,0.79,121.916606,8.20232807333892,90.7017380053621,126.74039207173,126.768317,1.2648192506076,9.631411874,6.74394099051632,9.69,2,121.84991,1656180,0.756777950074367,1.574
10,20000,85,0.86,0.841666666666667,121.62632,8.22190460091204,138.672620971296,130.406680362376,130.431889,1.18647851473069,10.2368819333333,10.6824925816024,10.29,2,121.554565,1643560,0.764118394258326,1.55566666666667
10,20000,85,0.86,0.863333333333333,122.308177,8.1760682280466,142.972563416151,131.121925667954,131.146704,1.15546862394209,10.5592726143333,11.5718418514947,10.61,2,122.240943,1643670,0.768737604271534,1.8445
20,20000,85,1.72,1.73333333333333,121.399252,8.23728304355615,131.68594980224,136.447621332692,136.460668,0.576891956231731,21.0425370133333,21.1917347429121,21.05,3,121.326265,1890700,0.969035024692809,2.1765
20,20000,85,1.72,1.775,121.612877,8.22281344433616,125.841864891838,136.735397833803,136.746744,0.563214826690141,21.5862856675,20.2721726888785,21.6,3,121.551926,1880350,0.975999928666747,2.0965
20,20000,85,1.72,1.675,121.79891,8.21025409833306,143.687331616408,138.637470318408,138.652712,0.596501612486567,20.401317425,20.3878667329687,20.42,3,121.72743,1879770,0.95644987870982,2.20566666666667
20,20000,85,1.72,1.69,121.860651,8.20609435280302,148.439345467059,139.749462013807,139.76248,0.590899652817554,20.594450019,21.9319862000986,20.6,3,121.796227,1844880,0.952491714972091,2.20116666666667
20,20000,85,1.72,1.69166666666667,122.518518,8.16203147347897,134.467478225437,138.643213337931,138.655266,0.58851801882069,20.726049295,20.5809945839488,20.74,3,122.447966,1868420,0.959453287075609,2.08866666666667
20,20000,85,1.72,1.67833333333333,121.854238,8.20652622685146,153.170979323396,139.237827973188,139.250217,0.595451752375372,20.4512029443333,22.7295285359802,20.47,3,121.787659,1831220,0.947696325593897,2.03633333333333
20,20000,85,1.72,1.69666666666667,121.90224,8.20329470565922,123.259965683963,136.595394715128,136.607463,0.589347105588409,20.68274672,19.4894452626411,20.7,2,121.832784,1864120,0.957941752576496,2.063
20,20000,85,1.72,1.65833333333333,121.862352,8.20597980908821,121.148181893899,135.279668035176,135.292341,0.602537858332663,20.20884004,18.583626318433,20.23,2,121.787128,1856610,0.948801540067948,2.25633333333333
20,20000,85,1.72,1.68666666666667,121.672034,8.21881550858269,137.022397891963,138.168298344862,138.181114,0.592445600813241,20.5220164013333,20.4444444444444,20.54,3,121.601431,1850240,0.952582678360982,2.20366666666667
30,20000,85,2.58,2.48666666666667,121.878301,8.20490597419798,144.017675508912,148.312631636729,148.320927,0.402103656426944,30.3070708486667,29.2462311557789,30.28,4,121.808573,1964780,1.14287871050179,2.82833333333333
30,20000,85,2.58,2.555,121.959031,8.19947478920196,152.242449610365,150.335665066536,150.344157,0.39128089052381,31.1605324205,31.4639713074666,31.13,5,121.893672,1949020,1.1529273752201,2.71333333333333
30,20000,85,2.58,2.52666666666667,121.97222,8.19858817032272,150.716785543716,150.505166279024,150.515773,0.394888415740765,30.8183142533333,30.6297395318167,30.79,3,121.905384,1932580,1.14239361169758,2.77266666666667
30,20000,85,2.58,2.62,121.774951,8.21186945088568,149.516377625942,151.071419263995,151.079391,0.381385963806616,31.905037162,32.1144674085851,31.87,3,121.711817,1971140,1.17213333824701,2.90666666666667
30,20000,85,2.58,2.50666666666667,121.679227,8.21832965786346,149.021022040262,149.222057304521,149.23087,0.398612861515958,30.5009262346667,30.4420073113991,30.47,3,121.612661,1966830,1.14673268727854,2.70183333333333
30,20000,85,2.58,2.615,121.388224,8.23803139256737,139.733458732032,147.301281536648,147.30959,0.382349666752071,31.743020576,29.8502707868748,31.71,4,121.325628,1981690,1.17249051434362,2.558
30,20000,85,2.58,2.55,121.351097,8.24055179328128,144.896900282491,147.235133790196,147.24419,0.391746259734641,30.944529735,30.93760209082,30.92,4,121.289666,1966290,1.15432961978361,2.61733333333333
30,20000,85,2.58,2.69833333333333,121.451741,8.23372305548094,140.848266599491,147.616012689314,147.624059,0.370544256509574,32.7717281131667,31.2750849027478,32.74,3,121.384531,1961350,1.18417170681355,2.99283333333333
30,20000,85,2.58,2.65,121.539379,8.2277859918965,155.522471276981,153.041224008805,153.049204,0.377303628383648,32.207935435,32.9141779314681,32.18,4,121.474739,1968820,1.17679030509713,2.8
40,20000,85,3.44,3.45166666666667,121.726233,8.21515605432397,167.339673313518,166.328237244326,166.334354,0.289702016232255,42.0158380905,43.3743664011586,41.93,5,121.661276,2003550,1.35831870074113,3.1945
40,20000,85,3.44,3.42166666666667,121.550012,8.22706623838096,163.882105931315,164.466582253775,164.473087,0.292124608794447,41.5903624393333,41.8553688823959,41.51,4,121.483751,1990600,1.3460063901554,3.18316666666667
40,20000,85,3.44,3.58,121.296165,8.24428373312545,161.929265968332,165.186928596369,165.192686,0.27900268957216,43.42402707,43.4256457993949,43.34,5,121.229528,2001830,1.38238074001488,3.11916666666667
40,20000,85,3.44,3.35333333333333,121.609365,8.22305091388315,167.36846004717,165.378927720676,165.385104,0.298099105960239,40.77967373,41.3167701863354,40.71,6,121.540827,2006470,1.33800105154924,3.2105
40,20000,85,3.44,3.475,121.599015,8.22375082561318,158.683889618107,163.23258351223,163.239197,0.287579767827818,42.2556577125,42.1002157755934,42.18,4,121.536821,2010680,1.36546863399723,3.26633333333333
40,20000,85,3.44,3.42833333333333,121.183615,8.25194066045975,163.670742289465,165.046079277103,165.052306,0.291635543945066,41.5457826758333,41.8712029161604,41.47,5,121.119729,1995990,1.34736363277272,3.1065
40,20000,85,3.44,3.34,121.514011,8.22950367427177,163.330112038333,163.308333858283,163.314853,0.299395089591816,40.585679674,40.8331254676977,40.52,5,121.446921,1981590,1.3253842015148,3.21416666666667
50,20000,85,4.3,4.39,121.53802,8.22787799241752,204.445047773737,197.961303686788,197.967184,0.227789216795368,53.35519078,54.0330233440881,53.22,7,121.472992,2001070,1.55526069510303,3.636
50,20000,85,4.3,4.38166666666667,121.349009,8.24069358489776,193.810013676495,191.538892041841,191.543806,0.228131629427539,53.1710907768333,53.7744818406541,53.03,5,121.284121,2019810,1.56097175434897,3.56183333333333
50,20000,85,4.3,4.35166666666667,121.509343,8.22981982545984,202.43079746339,196.181316957488,196.186165,0.229790763390272,52.8768157621667,53.7622056289489,52.74,7,121.444055,2008030,1.55018729840687,3.6435
50,20000,85,4.3,4.34666666666667,121.589949,8.22436400561366,184.72819510543,187.864556797163,187.869333,0.229801245776841,52.851097832,51.849722062488,52.72,6,121.521829,2016100,1.55370712566372,3.74416666666667
50,20000,85,4.3,4.33333333333333,121.31521,8.24298948169813,210.403324804402,200.040032498846,200.045779,0.230707431982308,52.5699243333333,53.9319361661219,52.44,9,121.249673,2010090,1.54589368334289,3.86183333333333
50,20000,85,4.3,4.38333333333333,121.267756,8.24621509447243,220.331400512994,206.248352314068,206.252989,0.228121632468821,53.1556997133333,54.3432807451055,53.02,8,121.201905,2024170,1.56289801380996,3.76866666666667
50,20000,85,4.3,4.22666666666667,121.412297,8.23639799846633,183.56599328044,184.826463358439,184.831475,0.236440708383675,51.3169308653333,50.8180563768973,51.19,6,121.347978,2003140,1.52064307755496,3.86233333333333
50,20000,85,4.3,4.305,121.336965,8.24151156244925,190.613756064294,188.693473199768,188.698281,0.232263513228804,52.2355634325,52.5062899167796,52.11,6,121.267014,2005800,1.53804796317278,3.8985
50,20000,85,4.3,4.305,121.253867,8.24715965553495,181.892277602861,183.320942569493,183.326751,0.232155974701123,52.1997897435,52.9514224888717,52.07,5,121.183038,2021440,1.54475947185851,3.87266666666667
60,20000,85,5.16,5.13166666666667,121.231774,8.24866259896519,242.043147908771,233.52254745242,233.526662,0.194807021052939,62.2121053576667,63.5005682740705,62.03,11,121.166538,2037840,1.73032649160068,4.38683333333333
60,20000,85,5.16,5.29,121.687201,8.21779112168091,226.134476024535,229.417485283869,229.421683,0.189020916302773,64.372529329,63.994329815719,64.18,9,121.622602,2037030,1.76823546581167,4.4455
60,20000,85,5.16,5.21333333333333,121.349941,8.24063029416718,229.155110981583,228.049189605179,228.053509,0.191720982336957,63.2637692413333,63.8325075914975,63.08,10,121.285272,2027590,1.74322200580776,4.4855
60,20000,85,5.16,5.19,121.177599,8.252350337458,218.042835874589,220.658620754978,220.662826,0.192671748616891,62.891173881,63.0438272595922,62.71,6,121.111757,2033590,1.74005406391492,4.11933333333333
60,20000,85,5.16,5.09333333333333,121.309755,8.24336014857173,219.556125774356,219.847321735275,219.851421,0.196291602224149,61.78710188,61.835432684443,61.61,8,121.244712,2025360,1.71587003411951,4.03
60,20000,85,5.16,5.08833333333333,121.249801,8.24743621641078,240.293861983405,232.150926139207,232.154922,0.196466352652801,61.6959404088333,62.0435565744228,61.52,10,121.185583,2024210,1.713632950254,4.4725
60,20000,85,5.16,5.07666666666667,121.45688,8.23337467585204,221.258607150558,220.931472226527,220.935684,0.196871459841103,61.6596094133333,61.9399310684392,61.48,11,121.390943,2031140,1.7167801646429,3.92233333333333
60,20000,85,5.16,5.22333333333333,121.180721,8.25213773072039,239.242072319676,235.039531459158,235.043507,0.191416427144225,63.2967299356667,62.8010847025044,63.11,11,121.116075,2027740,1.74384044656416,4.382
60,20000,85,5.16,5.22,121.261403,8.24664712150823,224.166980090694,225.041547877395,225.045668,0.191465677684866,63.298452366,62.7454110135674,63.11,9,121.194703,2025940,1.74281306684207,4.2625
60,20000,85,5.16,5.14833333333333,121.21797,8.24960193608258,222.969318640068,222.822611957268,222.828222,0.194199231362901,62.407051555,62.874251497006,62.23,7,121.152208,2039380,1.73476373005716,4.11433333333333
70,20000,85,6.02,5.865,121.49127,8.23104409065771,275.386904794346,274.227083980676,274.230613,0.170460715126456,71.254629855,72.3114078704361,71.03,9,121.423673,2054120,1.90140381721886,4.64916666666667
70,20000,85,6.02,5.845,121.235023,8.24844154151726,258.885548320933,262.777432256345,262.782324,0.17108103900998,70.8618709435,70.520313613685,70.64,13,121.168268,2045130,1.88866228038649,4.79933333333333
70,20000,85,6.02,6.04333333333333,121.104177,8.25735350152291,277.284124362181,278.601744702151,278.605438,0.165420937598456,73.187290967,73.2938094581552,72.95,11,121.040994,2053390,1.93547127820915,4.589
70,20000,85,6.02,6.07833333333333,120.999673,8.26448514451771,287.045245296302,287.163590611187,287.167055,0.164461436072663,73.5476345718333,73.6394790952707,73.31,11,120.933402,2049400,1.93931269042339,5.20333333333333
70,20000,85,6.02,6.08,121.067444,8.25985886015732,305.550947397272,302.49546773273,302.499063,0.164468533027686,73.609005952,73.4959572427025,73.37,17,121.001109,2050120,1.94086546552362,5.20533333333333
70,20000,85,6.02,6.02833333333333,121.256298,8.24699431282324,301.478906622131,297.495107356096,297.498837,0.16588168646005,73.097338311,74.139599170698,72.74,10,121.187567,2051020,1.93014140062999,5.08966666666667
70,20000,85,6.02,5.86,121.193649,8.25125745656854,280.952447967141,278.314114945961,278.317677,0.170481891553185,71.019478314,71.3920090999573,70.8,17,121.128745,2044310,1.89100533602429,4.739
70,20000,85,6.02,5.99833333333333,120.944379,8.26826354617109,300.935563393097,296.276535921645,296.28124,0.166667744009169,72.5464700035,72.1350187526045,72.31,16,120.880793,2045010,1.91850133706884,4.62466666666667
70,20000,85,6.02,6.01,120.95557,8.26749855339444,281.360171238241,281.550330642263,281.553786,0.166351035916528,72.69429757,72.8129765700818,72.46,9,120.891282,2049850,1.92434727123317,4.83466666666667
70,20000,85,6.02,5.995,121.218261,8.24958213185388,280.636921780427,280.841123292188,280.844732,0.16675393676397,72.6703474695,73.2314107018763,72.43,9,121.155424,2044610,1.92038998887576,4.6595
80,20000,85,6.88,6.77666666666667,121.182924,8.2519877140446,393.579708327898,395.517098181751,395.520326,0.147542693820954,82.121628164,82.6878150743883,81.7,14,121.118054,2059320,2.09720656628956,5.51516666666667
80,20000,85,6.88,6.81333333333333,121.110672,8.2569106709275,401.32733525159,401.777305935665,401.781315,0.146736494000979,82.516737856,82.487464840406,82.22,20,121.0439,2069940,2.11442602649125,5.64433333333333
80,20000,85,6.88,6.81,121.065535,8.25998910424837,394.030485752935,396.992764027411,396.995892,0.146827950277044,82.445629335,82.601248011746,82.15,16,120.998971,2065140,2.10961656272244,5.34583333333333
80,20000,85,6.88,6.825,121.060324,8.2603446526378,397.255452804226,399.841873405372,399.844927,0.146511270928938,82.62367113,82.3953119277256,82.33,23,120.995502,2061470,2.11016013159472,5.61433333333333
80,20000,85,6.88,6.92333333333333,120.809589,8.27748863544267,380.106540853747,387.969948530092,387.972973,0.144252289842321,83.640505451,83.7405223251895,83.34,14,120.744582,2068140,2.13338732238057,5.72166666666667
80,20000,85,6.88,6.80166666666667,121.047261,8.26123608034386,394.726379207667,396.21171225533,396.214731,0.146987850794658,82.3323120235,82.4574298664707,81.9,14,120.98072,2058560,2.1002554535043,5.49566666666667
80,20000,85,6.88,6.87,121.389387,8.23795246614105,408.398897307088,412.167226099224,412.170244,0.145546279689471,83.394508869,82.8987265009097,83.1,16,121.324204,2062990,2.12519823350101,5.36533333333333
80,20000,85,6.88,6.82333333333333,121.103929,8.25737041116148,410.675180397071,410.565001105765,410.568045,0.146530798257938,82.6332475543333,83.0015874954207,82.2,14,121.038502,2064710,2.11020371736492,5.809
90,20000,85,7.74,7.63833333333333,121.077863,8.25914808225514,686.797868846267,700.903581350644,700.906325,0.130893966948069,92.4833076881667,91.294862005018,91.69,28,121.013893,2078050,2.29279368539189,5.91116666666667
90,20000,85,7.74,7.615,121.064771,8.2600412303262,774.943229240496,780.318487358503,780.321223,0.131279502147735,92.1908231165,92.1435605646132,91.84,21,121.002654,2076550,2.29429047128784,5.7165
90,20000,85,7.74,7.85,120.708977,8.28438799543467,915.382831551954,931.88034150276,931.884079,0.127312415925902,94.756546945,93.928457700881,93.92,34,120.645917,2074950,2.33078006817465,6.10133333333333
90,20000,85,7.74,7.745,121.048463,8.26115404703652,788.514757824983,803.431605848074,803.434982,0.129057618400689,93.7520345935,93.0285099515869,93.09,28,120.98549,2076480,2.31696929587748,6.12883333333333
90,20000,85,7.74,7.735,120.999237,8.26451492417262,894.615836540037,901.445067337212,901.447815,0.129262842993967,93.5929098195,93.1272218032964,93.09,33,120.936126,2077700,2.31798601832268,5.75933333333333
90,20000,85,7.74,7.84,120.737706,8.28241676216707,951.135582301791,964.30792391773,964.310551,0.12748818089477,94.658361504,93.793176745669,93.99,32,120.674017,2078690,2.33519869056689,6.03116666666667
90,20000,85,7.74,7.75666666666667,121.018589,8.2631933512297,1052.25532051617,1051.43936270499,1051.441998,0.128907720653846,93.8700855343333,93.640562896122,93.05,33,120.955965,2075230,2.31520044541113,5.76533333333333
90,20000,85,7.74,7.68666666666667,120.959928,8.26720068814856,719.931743983529,734.3258145683,734.32853,0.130087964576323,92.977864656,93.3008130081301,92.48,24,120.896502,2071290,2.30157642998588,5.87716666666667
90,20000,85,7.74,7.67,120.968379,8.26662313132261,756.447908603609,765.124256130378,765.127129,0.130367651461321,92.782746693,93.720803910918,92.28,24,120.905453,2072980,2.29934411889204,6.00633333333333
90,20000,85,7.74,7.705,121.056521,8.26060415200599,857.945264111124,864.469618347394,864.47288,0.129755299995241,93.2740494305,93.4681518330269,92.61,33,120.992445,2077670,2.30922523792353,5.73633333333333
100,20000,85,8.1,8.123333333,120.979185,8.265884747,2450.047695,2469.326206,2469.329955,0.123081815,98.27542462,98.17417171,97.86,61,120.921733,2084040,2.41034760490747,5.5481666666666
100,20000,85,8.1,8.245,121.0068,8.263998387,3042.58388,3096.932879,3096.934545,0.121270975,99.7701066,99.01970692,98.7,62,120.948689,2085490,2.42696174354705,5.8151666666666
100,20000,85,8.1,8.11,120.950627,8.267836429,1879.618616,1906.228537,1906.23222,0.123287784,98.0909585,97.51361348,97.2,40,120.891048,2079250,2.39413474681164,5.6466666666666
100,20000,85,8.1,7.993333333,120.963941,8.266926422,1289.683618,1310.183481,1310.186028,0.125101218,96.69051017,95.91368706,95.98,37,120.905074,2077720,2.3706006212264,5.4163333333333
100,20000,85,8.1,8.2,120.873924,8.273082952,2151.030656,2194.058347,2194.061917,0.12194613,99.11661768,98.94319683,98.7,46,120.815235,2083750,2.42542615812149,5.8296666666666
100,20000,85,8.1,8.146666667,120.846151,8.274984281,2048.613709,2080.662254,2080.664844,0.122735002,98.44933101,97.14636392,96.92,60,120.787861,2081540,2.39102026624719,5.8415
100,20000,85,8.1,8.011666667,120.820135,8.27676612,2056.543256,2055.468784,2055.472431,0.124801761,96.79706482,96.40145606,95.76,58,120.762178,2078570,2.36732487823736,5.8926666666666
100,20000,85,8.1,8.158333333,120.737681,8.282418477,1206.811742,1252.370999,1252.37447,0.12257282,98.50182475,97.61005005,97.61,31,120.679824,2082920,2.40480604125461,5.928
100,20000,85,8.1,7.891666667,121.044346,8.261435028,1311.48528,1315.85599,1315.858621,0.126654673,95.52416305,95.62876148,95.13,45,120.985295,2078560,2.35584568908935,5.8373333333333
10,20000,90,0.86,0.871666666666667,122.173658,8.18507046748162,135.870309598032,131.779732762906,131.813936,1.14567099497323,10.6494705223333,11.0792741165234,10.7,2,122.098127,1659260,0.771774447393819,1.59466666666667
10,20000,90,0.86,0.9,122.386326,8.17084745235346,121.28687429335,129.913745183333,129.937212,1.10769467809074,11.01476934,10.3607770582794,11.06,2,122.325238,1662670,0.777398415082815,1.544
10,20000,90,0.86,0.895,122.025985,8.19497584879155,122.645186436274,129.634896515829,129.65791,1.1163716203352,10.9213256575,10.2325581395349,10.98,2,121.958107,1638010,0.773418848500005,1.71516666666667
10,20000,90,0.86,0.918333333333333,122.10906,8.18940052441645,134.265071501087,131.413428500907,131.435396,1.08556039966606,11.21368201,11.2420670897552,11.27,2,122.046753,1648770,0.778835216638929,1.5915
10,20000,90,0.86,0.841666666666667,122.447986,8.16673293425994,115.168786908364,129.668851340594,129.692854,1.18040931445941,10.3060388216667,9.29772502472798,10.36,2,122.381899,1647970,0.765605536747202,1.54616666666667
10,20000,90,0.86,0.865,121.989879,8.1974013598292,109.042153693803,128.085872870906,128.109049,1.1546450845896,10.5521245335,9.04716073147257,10.61,2,121.921374,1645330,0.768921678317537,1.64483333333333
10,20000,90,0.86,0.786666666666667,122.472985,8.16506595311611,161.420500403551,131.076903364407,131.113362,1.26942805131992,9.63454148666667,12.4867724867725,9.69,2,122.402583,1635560,0.754657612883674,1.64983333333333
20,20000,90,1.72,1.755,121.981974,8.19793258961361,139.542996685854,139.192668141501,139.204061,0.569288407992403,21.407836437,21.9269102990033,21.41,3,121.91732,1854780,0.967616000936888,2.22866666666667
20,20000,90,1.72,1.83166666666667,121.836551,8.20771756744821,148.715128598863,139.97813288808,139.989156,0.545893501264786,22.3163949248333,23.5106866757617,22.33,3,121.769871,1862900,0.984297375311068,2.2275
20,20000,90,1.72,1.72666666666667,121.365963,8.23954241602318,147.511580217803,138.759152868726,138.771277,0.578087370484556,20.955856278,22.2865412445731,20.97,3,121.30461,1830820,0.955636039863642,2.09033333333333
20,20000,90,1.72,1.635,121.782105,8.21138705066726,128.36870483143,135.610458841998,135.6233,0.611304573573904,19.9113741675,18.9505858380031,19.93,3,121.718511,1849490,0.942551801874066,2.03316666666667
20,20000,90,1.72,1.75833333333333,122.043814,8.19377867033883,128.777044638668,137.623061319431,137.634718,0.568502652739337,21.4593706283333,20.2747513027001,21.47,3,121.977544,1882180,0.974235697404636,2.20116666666667
20,20000,90,1.72,1.70666666666667,121.903298,8.20322350917856,130.970900439239,137.634860981445,137.649474,0.58507565680957,20.8048295253333,20.3025866276232,20.82,3,121.835315,1852880,0.957649588983581,2.305
20,20000,90,1.72,1.71333333333333,121.765547,8.21250365671991,132.507580644246,137.083095190662,137.095069,0.583498710302529,20.8624970526667,20.855614973262,20.88,3,121.701796,1872170,0.962497794079475,2.163
20,20000,90,1.72,1.82166666666667,122.082066,8.19121131190555,149.598956823382,141.188451596523,141.20178,0.548653391200366,22.239283023,23.0452674897119,22.24,3,122.02366,1896920,0.990066897564564,2.222
20,20000,90,1.72,1.74666666666667,121.686079,8.21786689338556,134.324935294696,137.913847265267,137.926035,0.572241965160305,21.2545017986667,21.2684787792084,21.27,3,121.626409,1835390,0.961380702295303,2.123
30,20000,90,2.58,2.50166666666667,121.925866,8.20170512465337,147.753645421867,149.886251564291,149.894508,0.399282758405063,30.5017874776667,29.7036297036297,30.47,4,121.85894,1958360,1.14431997848279,2.80533333333333
30,20000,90,2.58,2.555,122.085681,8.19096876725453,148.541669192343,150.226882836269,150.235193,0.391132676753425,31.1928914955,30.5184219106619,31.16,4,122.021174,1943650,1.15187743378099,2.44983333333333
30,20000,90,2.58,2.60833333333333,121.43981,8.23453198749241,148.89750337499,150.006788591054,150.017149,0.382520581823003,31.6755504416667,31.7470456723092,31.64,5,121.375613,1946740,1.16096157755421,2.72133333333333
30,20000,90,2.58,2.57166666666667,121.67081,8.21889818930276,158.463533547851,152.418894664938,152.430759,0.38837618651523,31.2896766383333,33.2361516034985,31.26,4,121.602001,1949990,1.1554298359217,2.461
30,20000,90,2.58,2.53166666666667,121.787815,8.2110020612489,152.981614261474,150.283652514812,150.292837,0.394986594075049,30.8326151641667,31.6222441592629,30.81,5,121.724305,1944640,1.146203434449,2.75383333333333
40,20000,90,3.44,3.48,121.242748,8.24791599081868,159.741771441308,164.600986157088,164.609404,0.287069944744732,42.192476304,41.0821163514484,42.11,4,121.177081,1990810,1.35654972655243,3.32516666666667
40,20000,90,3.44,3.46166666666667,121.345079,8.24096047603216,164.497183350744,164.573606016851,164.580117,0.288680327038517,42.0056215138333,42.1179302045728,41.92,4,121.278869,1991450,1.35348287355364,2.93616666666667
40,20000,90,3.44,3.29666666666667,121.577673,8.22519444010086,160.369063489131,162.363022087968,162.369128,0.303283993498483,40.080106199,40.4094010614102,40.01,3,121.508721,1992890,1.32069480879341,2.8275
40,20000,90,3.44,3.48833333333333,121.383576,8.23834684191542,171.303551330758,168.188382383182,168.194151,0.286654794003345,42.342637428,43.2529257224743,42.26,5,121.318383,1990470,1.35903356491323,3.14116666666667
40,20000,90,3.44,3.39166666666667,121.160452,8.25351823547175,153.322747280006,160.77924832629,160.785511,0.294786572982801,41.0935866366667,39.867354458364,41.02,5,121.093779,1995870,1.33945053540748,2.92916666666667
40,20000,90,3.44,3.41,121.632785,8.22146759198188,153.613242837174,161.44866727957,161.454873,0.293010926795699,41.476779685,40.0684094795993,41.4,4,121.564779,1992960,1.34498654359379,3.32916666666667
40,20000,90,3.44,3.47,121.614651,8.22269349767735,162.185911828708,165.353276792988,165.359477,0.288101600424111,42.200283897,41.6806722689076,42.12,5,121.545492,1996230,1.35882112597534,2.95433333333333
40,20000,90,3.44,3.41666666666667,121.495228,8.23077594454986,172.783556657805,168.387917416585,168.394237,0.292658600610244,41.5108695666667,41.4776883686906,41.44,7,121.426761,1988040,1.34381058900913,2.92866666666667
50,20000,90,4.3,4.37166666666667,121.663292,8.21940606374518,195.046371468299,193.132503606557,193.137372,0.228680531671369,53.1871358193333,53.8212311797217,53.05,5,121.594903,2023060,1.56289420487683,3.38133333333333
50,20000,90,4.3,4.44166666666667,121.154792,8.25390381587218,188.694185976534,191.108699032645,191.113453,0.225098149520826,53.8129201133333,52.9919339711124,53.68,7,121.086962,2024990,1.57500070293703,3.58816666666667
50,20000,90,4.3,4.26833333333333,121.276915,8.24559232892756,171.90544849723,180.267346567357,180.272388,0.234264827081999,51.7650298858333,50.7319929728675,51.64,5,121.210249,2018750,1.53588037622391,3.82716666666667
50,20000,90,4.3,4.20166666666667,121.180582,8.25214719632226,180.565345092891,183.423060518842,183.428298,0.237753353856406,50.9160412036667,50.0892325996431,50.79,5,121.115557,2019900,1.52138174097316,3.56783333333333
50,20000,90,4.3,4.22166666666667,121.486665,8.2313560916336,182.738824426978,185.02838834623,185.035537,0.236730947215555,51.2876204075,50.8979672389974,51.17,6,121.421891,2020590,1.52842693236329,3.66666666666667
50,20000,90,4.3,4.41,121.521733,8.22898073713284,185.458653516196,188.922133801965,188.927288,0.226756134125472,53.591084253,54.0147364443605,53.45,6,121.452636,2016020,1.56656018823494,3.45516666666667
50,20000,90,4.3,4.29166666666667,121.558721,8.22647681526692,182.617005275628,184.952263489709,184.957902,0.232980046615534,52.1689510958333,52.7858668219763,52.04,8,121.490652,2015300,1.54131914349332,3.62066666666667
50,20000,90,4.3,4.24166666666667,121.265435,8.24637292564035,188.290210506696,186.088272007859,186.093326,0.235407141565422,51.4367553458333,52.327637006482,51.31,8,121.20004,2021090,1.53113856993724,3.7385
60,20000,90,5.16,5.07833333333333,121.686775,8.21781989045235,212.196506845314,216.727481811946,216.731642,0.196823194996062,61.7966005708333,61.1320754716981,61.62,10,121.624356,2037860,1.72301888139295,4.26416666666667
60,20000,90,5.16,5.15333333333333,121.123866,8.25601124719715,214.505109281417,216.814512498383,216.818623,0.194024685238034,62.419165612,63.6378334680679,62.24,8,121.056,2035080,1.73252084503368,4.17616666666667
60,20000,90,5.16,5.035,121.19237,8.25134453596377,220.465676225383,219.27964933565,219.283918,0.198416712051639,61.020358295,60.6652325004137,60.85,8,121.125912,2024350,1.70183014725774,4.02183333333333
60,20000,90,5.16,5.08333333333333,121.158183,8.25367280392444,211.553601801371,214.320634281312,214.32498,0.196698597269508,61.588743025,61.2850352401246,61.41,7,121.092798,2045840,1.723706093281,3.903
60,20000,90,5.16,5.16,121.280934,8.24531908700505,213.826062683925,218.388885841085,218.392929,0.193664874030362,62.580961944,62.3768771193283,62.4,7,121.214637,2027860,1.73129704921592,4.201
60,20000,90,5.16,5.13,121.154014,8.25395681896268,209.178858213333,213.509803709877,213.513967,0.194877272238467,62.152009182,61.8970277732662,61.97,7,121.087749,2024990,1.7220494224604,3.85716666666667
60,20000,90,5.16,5.15833333333333,121.520522,8.22906274217617,206.041966698754,213.133863051373,213.138909,0.193772529306947,62.6843359316667,62.3162655467614,62.51,7,121.440769,2057200,1.74984308952907,4.44966666666667
70,20000,90,6.02,5.98833333333333,121.224806,8.24913673196557,266.786549964526,271.874360313944,271.877802,0.166900787468411,72.5934546596667,71.2119103937665,72.37,12,121.150461,2064110,1.93202705837641,4.731
70,20000,90,6.02,5.89666666666667,121.300153,8.24401268479851,269.561672926246,271.142572389203,271.146187,0.169560864005936,71.5266568856667,71.0329235551788,71.3,9,121.232256,2051760,1.90474567721228,4.58683333333333
70,20000,90,6.02,6.165,121.15907,8.25361237916402,306.479240799622,305.409124103812,305.412698,0.162142513622871,74.694566655,73.6450871739424,74.45,11,121.094285,2050030,1.96020002643724,5.15416666666667
70,20000,90,6.02,5.93166666666667,121.125909,8.25587199514845,271.457947995307,272.201875173082,272.205392,0.168553843599326,71.8478516885,71.2038207613429,71.62,11,121.058407,2050040,1.90938696808763,4.69316666666667
70,20000,90,6.02,6.075,121.242047,8.24796367880526,297.632855885801,296.326996989026,296.330446,0.164552011217284,73.6545435525,74.2422164312166,73.42,10,121.17261,2049400,1.94128740008342,4.81316666666667
70,20000,90,6.02,5.92,121.06219,8.26021733127412,265.087395629268,267.370382338682,267.374608,0.168778948637387,71.66881648,72.512315270936,71.44,9,120.982442,2067770,1.91756801805841,4.9545
70,20000,90,6.02,5.97833333333333,121.124024,8.25600047765916,305.563353534686,298.960766324784,298.96441,0.167269845066908,72.4119790146667,72.9895470383275,72.18,14,121.044771,2063750,1.9283576362939,5.53666666666667
70,20000,90,6.02,5.985,121.311926,8.24321262527808,258.872621248699,266.121248020329,266.124885,0.167077765510721,72.605187711,71.0705833217319,72.38,10,121.233505,2063150,1.93158197676736,5.00233333333333
70,20000,90,6.02,6.05,121.188818,8.25158637985891,278.517290949839,282.104665902755,282.10811,0.16522035183168,73.31923489,73.0202451452968,73.07,11,121.091768,2062130,1.94338072624774,5.08183333333333
80,20000,90,6.88,6.885,121.174486,8.25256234220791,391.258650021431,397.378537028565,397.382005,0.145194561557008,83.428633611,83.9041510347332,83.01,12,121.087732,2073910,2.13170814764185,6.69283333333333
80,20000,90,6.88,6.78,121.076312,8.25925388279088,370.734504936299,375.311122027778,375.314364,0.147484168775074,82.089739536,82.5488509278604,81.81,12,121.001397,2071990,2.1084978472856,6.7835
80,20000,90,6.88,7.01333333333333,121.089643,8.25834460507907,540.425835636822,529.528165730276,529.531257,0.142413194394011,84.9242029573333,85.5530474040632,84.62,21,121.018349,2074450,2.16136633947384,5.51783333333333
80,20000,90,6.88,6.79833333333333,121.005861,8.26406251512065,418.208094508984,416.133478401814,416.137072,0.14706260670581,82.2638178365,82.8042652285819,81.97,15,120.908372,2066110,2.10707429519728,6.88533333333333
80,20000,90,6.88,6.945,121.015992,8.26337067914132,440.188420199329,440.74939737125,440.752467,0.143969806156947,84.045606444,83.3233353329334,83.47,20,120.952323,2069650,2.13687356907492,5.382
80,20000,90,6.88,6.73166666666667,120.933313,8.26902013343503,485.904834105864,467.563114060163,467.567317,0.148511130797722,81.4082752011667,81.5571234063622,80.99,26,120.869949,2059840,2.08477725923788,5.30816666666667
80,20000,90,6.88,7.095,121.091664,8.25820677466287,504.519446468674,502.665835415786,502.668873,0.140917544676768,85.914535608,86.2595419847328,85.45,24,121.009271,2065290,2.1694278115711,5.54783333333333
80,20000,90,6.88,6.82,121.106006,8.25722879507726,461.70216958638,451.81797219868,451.821083,0.14662422695088,82.594296092,82.871105681124,82.3,19,121.042525,2055740,2.10538471720158,5.69133333333333
80,20000,90,6.88,6.92666666666667,120.942459,8.26839480748444,403.099057368893,409.308984036333,409.311933,0.14436661932411,83.772809934,82.7980271863347,83.48,19,120.881562,2058920,2.12901595257278,5.16466666666667
90,20000,90,7.74,7.58166666666667,121.03694,8.26194052823873,938.268480291933,926.560216843702,926.562888,0.131882230315674,91.7661733433334,92.0870425321464,91.42,34,120.974758,2074360,2.28485772147586,6.23383333333333
90,20000,90,7.74,7.865,120.876696,8.27289322997379,1018.25574285099,1030.09179683853,1030.094506,0.127143918126298,95.069521404,95.2113571352898,94.55,26,120.814553,2073720,2.34118998100356,6.27166666666667
90,20000,90,7.74,7.765,120.720878,8.28357129741883,1245.14187584691,1231.26199491715,1231.264633,0.128742953682121,93.739761767,93.6473870586973,93.38,50,120.659557,2077230,2.32287107893955,5.98466666666667
90,20000,90,7.74,7.82833333333333,120.797947,8.27828638511547,958.581808528152,971.216189836704,971.218796,0.127722494974878,94.5646595098333,94.3799893560405,94.21,29,120.736782,2079050,2.33950810326647,5.99966666666667
90,20000,90,7.74,7.63333333333333,120.877382,8.27284627987724,742.982521787586,752.002986357205,752.005725,0.131001866595415,92.2697349266667,91.6275515773387,91.78,28,120.815086,2079170,2.29535247600537,5.90216666666667
90,20000,90,7.74,7.77166666666667,121.024136,8.26281461740822,1324.27718962478,1309.58182455587,1309.584476,0.128670322224105,94.0559243613333,93.9101533183232,93.24,33,120.960621,2075420,2.31881288866494,6.08383333333333
90,20000,90,7.74,7.84666666666667,120.938667,8.26865406082242,999.268392300878,1011.83051329822,1011.833111,0.127434502988743,94.896540706,94.7754061803122,94.38,29,120.875603,2076710,2.3406275313187,6.03033333333333
90,20000,90,7.74,7.665,120.840964,8.27533947842389,836.21783955501,839.937838584692,839.94065,0.130429838361818,92.624598906,92.8253070985977,92.28,25,120.779137,2074450,2.30055875605549,5.88083333333333
90,20000,90,7.74,7.69833333333333,121.001962,8.26432880485029,626.840936932989,649.661617998701,649.664443,0.12988800545053,93.1513437463333,92.3801277194502,92.5,18,120.938432,2076650,2.30637851345045,5.65816666666667
100,20000,90,8.1,8.076666667,120.920212,8.269916034,1442.663692,1471.577522,1471.579967,0.123774436,97.66322456,97.67873723,97.08,36,120.861303,2077290,2.39024721478528,5.5538333333333
100,20000,90,8.1,8.168333333,120.731905,8.282814721,2182.226758,2216.236873,2216.239403,0.122378887,98.6178444,97.92920535,97.56,57,120.673668,2079740,2.4011191054063,5.8208333333333
100,20000,90,8.1,7.895,120.890036,8.271980331,901.0345214,923.4856224,923.488178,0.126632463,95.44268342,94.84960422,94.73,28,120.830317,2075580,2.34603647536573,5.7238333333333
100,20000,90,8.1,8.166666667,120.766142,8.280466557,2919.310608,2943.579426,2943.58192,0.122441372,98.62568263,98.55116825,98.21,77,120.707662,2083930,2.4166403681925,5.9921666666666
100,20000,90,8.1,7.978333333,120.964808,8.26686717,1475.74616,1489.039667,1489.042234,0.125329227,96.50975598,96.34464752,95.63,38,120.906553,2082890,2.36865422796403,5.833
100,20000,90,8.1,7.896666667,120.689286,8.285739631,1505.384189,1497.877465,1497.881025,0.126613504,95.30430618,95.27276564,94.6,42,120.630212,2077410,2.34522220423923,5.7568333333333
100,20000,90,8.1,7.983333333,121.005046,8.264118176,2003.900814,1999.865477,1999.868015,0.125222005,96.60236172,96.22168876,96.05,50,120.946394,2079530,2.37342996613183,5.739
10,20000,95,0.86,0.78,122.096327,8.19025456842776,112.196590318255,127.913164861111,127.945497,1.27687695365598,9.523513506,8.32443970117396,9.58,2,122.035954,1573320,0.746741545846786,1.71233333333333
10,20000,95,0.86,0.921666666666667,122.578326,8.15804908283704,145.057508441269,131.793583014467,131.815649,1.07762103833454,11.297635713,12.646793134598,11.34,2,122.507857,1658730,0.781014328721172,1.65483333333333
10,20000,95,0.86,0.821666666666667,121.957654,8.19956736786688,113.442295480188,128.185065673428,128.210362,1.20993786590669,10.0208539036667,8.91590678824721,10.07,2,121.890748,1625890,0.759075264945941,1.67483333333333
10,20000,95,0.86,0.788333333333333,122.22119,8.18188728157531,133.949201997629,129.960608317125,129.991046,1.26597758476321,9.63510381166667,9.50369588173179,9.69,2,122.153556,1638260,0.754935251604085,1.51316666666667
10,20000,95,0.86,0.831666666666667,121.742042,8.21408926260659,122.768058639802,128.817419821643,128.843167,1.20141419449098,10.1248798263333,10.01001001001,10.17,2,121.677816,1623400,0.760232964042304,1.7245
10,20000,95,0.86,0.955,121.443551,8.23427832738521,124.157259776243,128.088284132635,128.116634,1.04541630901745,11.5978591205,10.9851787271142,11.65,2,121.378547,1675090,0.78748173218197,1.68683333333333
10,20000,95,0.86,0.815,122.495181,8.16358645161723,125.331344742663,128.794455353783,128.819829,1.22381477547035,9.9833572515,10.0102145045965,10.03,2,122.427045,1617580,0.757626320050372,1.51283333333333
10,20000,95,0.86,0.876666666666667,122.798731,8.14340662852615,123.492899158298,130.710101473384,130.733631,1.13684300459886,10.7653554176667,10.0664767331434,10.82,2,122.727175,1690520,0.777042441540771,1.52066666666667
10,20000,95,0.86,0.883333333333333,121.598069,8.22381480416437,136.57460921523,130.459311737736,130.482476,1.12982410907359,10.7411627616667,11.4985862393968,10.79,2,121.526248,1646270,0.771621630385521,1.66733333333333
10,20000,95,0.86,0.883333333333333,122.248394,8.18006656185602,142.976544022193,132.201142215094,132.224471,1.13082895721321,10.7986081366667,11.6870876531574,10.85,2,122.182029,1656480,0.77364050028086,1.64833333333333
20,20000,95,1.72,1.73833333333333,121.704421,8.21662838361476,142.782260268907,139.157904285714,139.172107,0.574764696454458,21.1562851838333,22.7120268327743,21.16,3,121.632798,1854660,0.963529826141899,2.17333333333333
20,20000,95,1.72,1.805,121.760096,8.21287131705284,129.87560831255,138.006723323176,138.018243,0.553459526125577,21.977697328,20.7660359944624,21.98,3,121.695733,1853990,0.976710573354791,2.01033333333333
20,20000,95,1.72,1.65,121.910887,8.20271285533342,124.822174292139,135.637432346465,135.654453,0.605311416274748,20.115296355,18.7783947501262,20.13,3,121.839459,1840980,0.944138640372176,2.22683333333333
20,20000,95,1.72,1.77,121.493546,8.23088989434879,157.926221335992,142.500526779661,142.512673,0.564717512048023,21.504357642,23.7176470588235,21.51,3,121.426085,1858880,0.970086819217224,2.08733333333333
20,20000,95,1.72,1.77666666666667,122.010685,8.19600348936653,132.466757968456,137.823685545966,137.835723,0.562409797369606,21.6772317016667,21.2845757149555,21.68,2,121.946047,1861470,0.97339328282816,2.21533333333333
20,20000,95,1.72,1.63333333333333,121.751321,8.21346324447683,147.36338186473,137.960951207143,137.974366,0.611938191526531,19.8860490966667,21.8255991840898,19.9,3,121.683679,1840750,0.940385386153229,2.062
20,20000,95,1.72,1.67166666666667,121.673337,8.2187274932716,139.193778902456,137.872997686939,137.888377,0.598177829750748,20.3397261685,20.7772795216742,20.36,3,121.606285,1843970,0.948434592775837,2.17016666666667
20,20000,95,1.72,1.70666666666667,121.871061,8.205393403443,167.002196193265,142.977887964844,142.994015,0.585261340791016,20.799327744,23.9141044411908,20.81,3,121.804829,1836230,0.954153358056491,2.27333333333333
20,20000,95,1.72,1.72666666666667,121.47593,8.23208350823081,124.60258480519,136.204440534749,136.216766,0.578435178246139,20.9748439133333,19.585142305837,20.99,2,121.412237,1886720,0.967238105269394,2.06683333333333
20,20000,95,1.72,1.75166666666667,121.997856,8.19686536130602,156.905114482369,141.258637265462,141.270508,0.570096517886775,21.369957776,23.2049453162149,21.38,3,121.93463,1862140,0.968639071294381,2.05466666666667
30,20000,95,2.58,2.61166666666667,121.573646,8.22546689107276,155.479491790915,151.63779089917,151.645897,0.382450186328654,31.7509838803333,32.7591706539075,31.71,4,121.510785,1954510,1.16445297108361,2.7095
30,20000,95,2.58,2.58833333333333,121.222745,8.24927698180733,146.233159405128,148.982713778493,148.990836,0.385833627849324,31.3764871641667,29.8680399098809,31.34,5,121.161404,1945710,1.15554453510869,2.66333333333333
30,20000,95,2.58,2.58833333333333,121.675053,8.21861158342787,130.316625048107,145.424393942048,145.433691,0.386310488036703,31.4935595515,28.6128097843579,31.45,3,121.603799,1980160,1.16752826795821,2.60316666666667
30,20000,95,2.58,2.635,121.612195,8.22285955779353,142.539958881781,147.81088272296,147.81882,0.379263061936749,32.0448133825,31.8052481821056,32.01,4,121.549705,1961440,1.17165670218125,2.48333333333333
30,20000,95,2.58,2.585,121.315374,8.2429783384256,147.607824461384,148.617152115409,148.625905,0.386671146005158,31.360024179,30.8733483725427,31.33,4,121.249693,1942110,1.1543215067231,2.374
30,20000,95,2.58,2.55,121.623913,8.22206731664685,145.537470133431,149.121827373203,149.132581,0.392047449299346,31.014097815,29.4674942829141,30.98,4,121.561094,1946370,1.14959978223014,2.4485
30,20000,95,2.58,2.62833333333333,121.798341,8.21029245381922,145.916889678993,149.578327079264,149.586467,0.380293701718453,32.0126639595,31.4421553090333,31.97,4,121.733709,1948760,1.16719089640669,2.61416666666667
30,20000,95,2.58,2.58666666666667,121.890402,8.20409140992086,159.868519348573,152.241271415593,152.249287,0.386474204338918,31.528983984,32.7858293075684,31.5,3,121.826876,1931490,1.15409260053791,2.56483333333333
40,20000,95,3.44,3.45,121.294515,8.24439588220457,159.87176660402,163.8136508343,163.819783,0.289564062035266,41.846607675,40.0869355228206,41.76,6,121.22949,1993050,1.35130578630992,3.115
40,20000,95,3.44,3.285,121.686052,8.21786871678605,153.789676404749,159.547055557585,159.553449,0.304315351986301,39.973868082,38.2957139234086,39.9,5,121.616426,1989230,1.31742965919322,3.21416666666667
40,20000,95,3.44,3.42,121.368141,8.23939455412768,172.58941100213,167.761577105263,167.76753,0.29237957072807,41.507904222,42.679658952497,41.43,5,121.304518,1976780,1.33934797725471,2.987
40,20000,95,3.44,3.24166666666667,121.403308,8.23700784166441,165.301377709684,161.660273232391,161.666941,0.308372779903856,39.3549056766667,40.2210228732974,39.28,4,121.338559,1971810,1.3003197740731,2.98883333333333
40,20000,95,3.44,3.55166666666667,121.580619,8.224995136766,166.306105607019,167.792558243548,167.7987,0.28115596762412,43.1813831815,42.5521932911096,43.09,6,121.519615,1985940,1.37171403892162,3.028
40,20000,95,3.44,3.325,121.400855,8.23717427690275,161.415817167574,162.669587076191,162.675705,0.300626813294737,40.3657842875,39.7394136807818,40.29,6,121.334877,1973540,1.31840635556629,2.9985
40,20000,95,3.44,3.28333333333333,121.637502,8.22114877038498,162.524134537731,162.355837787817,162.362163,0.304544999073604,39.93764649,40.1674701852322,39.87,4,121.575626,1960430,1.30633173783606,2.8185
40,20000,95,3.44,3.38833333333333,121.427727,8.23535138724947,178.805306250651,170.07478073881,170.083309,0.295035247605017,41.1437614985,42.2916154413573,41.07,5,121.361584,1968240,1.32988869307403,3.12183333333333
40,20000,95,3.44,3.49833333333333,121.476533,8.23204264481272,154.123676308057,163.287268588375,163.293358,0.285806719230586,42.4965404611667,40.2953084067635,42.41,5,121.412736,1970500,1.35387174416705,3.01733333333333
50,20000,95,4.3,4.29166666666667,121.450094,8.23383471403489,184.743088814878,186.848433544078,186.853325,0.232936636695146,52.1223320083333,51.8345952242283,51.99,7,121.38449,2017100,1.54128853104276,3.88483333333333
50,20000,95,4.3,4.32333333333333,121.232554,8.2486095277676,198.183304847022,193.764975725135,193.769777,0.231073832987664,52.4128741793333,52.3800346887647,52.28,7,121.170282,2008230,1.5421912984454,3.536
50,20000,95,4.3,4.38,121.326411,8.24222847900776,184.837264165283,189.114040434932,189.118714,0.228253836216134,53.140968018,51.7405364276203,53.01,7,121.26204,2019360,1.56040086756601,3.43833333333333
50,20000,95,4.3,4.32833333333333,121.425392,8.23550975235888,196.391557149491,191.221168871005,191.226534,0.230934475941856,52.5569571706667,54.4754571703561,52.43,6,121.360871,2001000,1.54137973169712,3.64866666666667
50,20000,95,4.3,4.23833333333333,121.254024,8.24714897709292,189.792382501223,188.27641373142,188.281301,0.235673103442391,51.391497172,51.3465696874386,51.27,6,121.189368,2009120,1.52483978920304,3.41466666666667
50,20000,95,4.3,4.26,121.324821,8.24233649600851,189.795136947246,187.324080131064,187.328922,0.234677721264085,51.684373746,53.393311167612,51.55,6,121.262442,2016070,1.533030592903,3.5215
50,20000,95,4.3,4.26666666666667,121.286986,8.24490766057951,193.870826010545,189.766583222656,189.772009,0.234366222351172,51.7491140266667,52.5873852763132,51.62,6,121.216419,2014820,1.53367914080786,3.67483333333333
60,20000,95,5.16,5.045,121.362826,8.23975539264387,234.683881401,228.72698971589,228.731195,0.19821152261447,61.227545717,63.0553261767135,61.05,9,121.299934,2034290,1.71087069714716,4.0605
60,20000,95,5.16,5.11,121.222704,8.24927977188168,204.150463805731,211.688140510763,211.692382,0.195677529499348,61.944801744,59.2858307516713,61.77,7,121.158535,2029030,1.72076028137128,3.8965
60,20000,95,5.16,5.1,121.270321,8.24604067799903,216.836285241102,218.085354785948,218.090227,0.195818748463399,61.84786371,61.5422316614932,61.67,8,121.202914,2039200,1.72465934702836,3.89
60,20000,95,5.16,5.04,121.198824,8.25090514079576,216.125189261245,216.097358040344,216.102334,0.198272334884259,61.084207296,62.0929079186642,60.91,7,121.135805,2025980,1.70379303347365,3.89
60,20000,95,5.16,4.99333333333333,121.456366,8.23340951926719,215.805845582641,216.102342830774,216.10765,0.200209440242657,60.6472120893333,60.4038044385116,60.47,9,121.392668,2033570,1.70014105731337,3.85833333333333
60,20000,95,5.16,5.03833333333333,121.257145,8.24693670628646,222.176258409358,219.243065658948,219.247231,0.198420447219319,61.0933915558333,62.8576153464528,60.92,7,121.196123,2031920,1.70724690410352,4.00933333333333
60,20000,95,5.16,5.05333333333333,121.200906,8.25076340600952,215.834614891011,217.314898582454,217.317294,0.197843560927111,61.246857832,61.0882110469909,61.07,8,121.136864,2023270,1.70513416376912,3.957
60,20000,95,5.16,5.22,121.201853,8.25069893939658,231.444533120511,229.460354761814,229.464532,0.191278532058429,63.267367266,64.3575418994413,63.08,8,121.136048,2034170,1.74697592031521,4.10683333333333
70,20000,95,6.02,5.94666666666667,121.263415,8.24651029331477,285.311309533908,282.690405590807,282.693824,0.168121699317825,72.1113107866667,72.0050441361917,71.76,13,121.198661,2046150,1.90938599095318,4.61416666666667
70,20000,95,6.02,5.995,121.351792,8.24050459839934,262.530566067043,268.738923318877,268.742368,0.166732554395329,72.750399304,72.4252953439889,72.51,9,121.289403,2044510,1.92175747401361,4.38466666666667
70,20000,95,6.02,6.17166666666667,121.371605,8.23915939811458,284.314043969691,290.212739412638,290.216781,0.162015849030246,74.9065088858334,74.4160928851087,74.66,11,121.308998,2050790,1.96448175983122,4.26316666666667
70,20000,95,6.02,5.84166666666667,121.14921,8.25428411790717,276.760932636731,273.930009479315,273.933477,0.171178913137233,70.771330175,70.9884467265725,70.55,10,121.087049,2049320,1.88971455483284,4.15616666666667
70,20000,95,6.02,5.96666666666667,120.968036,8.26664657099996,292.857259878345,289.06016269162,289.064862,0.167596071752235,72.1775948133333,72.6015919564307,71.94,10,120.903484,2050160,1.9152111456162,4.5235
70,20000,95,6.02,6.08,121.116613,8.25650565377022,290.674610330128,289.599386905702,289.602803,0.164437331748629,73.638900704,75.0308345895573,73.4,12,121.050181,2048580,1.94038642174557,4.55433333333333
70,20000,95,6.02,5.99666666666667,120.954352,8.26758180639916,268.617575277451,272.778631627293,272.783671,0.166743108391051,72.5322930826667,71.1546477699041,72.3,10,120.89152,2044230,1.91781421417439,4.25183333333333
70,20000,95,6.02,6.025,120.903685,8.27104649457128,276.426244540708,278.216691240111,278.220238,0.165939990856432,72.8444702125,73.2817037754114,72.61,10,120.840688,2043770,1.92306443402909,4.54716666666667
70,20000,95,6.02,6.05666666666667,121.09859,8.25773446247392,294.962670845418,293.201567498074,293.204968,0.165086823051458,73.3453793433333,73.2287797496217,72.99,12,121.032494,2047540,1.93234548153673,4.866
70,20000,95,6.02,6.07,121.369775,8.23928362724575,279.3987781533,283.444074924218,283.447536,0.164708463083196,73.671453425,72.6698695950583,73.43,12,121.304521,2050690,1.94231982262865,4.51983333333333
80,20000,95,6.88,7.01166666666667,121.021774,8.26297588399258,531.293443107087,520.610026024721,520.613027,0.142553540648919,84.8564338696667,84.8009506833036,84.55,20,120.957292,2064520,2.15256172470647,4.925
80,20000,95,6.88,6.83,120.926808,8.26946494775584,377.669150464111,383.021367782577,383.024533,0.146407353199366,82.593009864,82.7497865072588,82.17,16,120.864683,2062790,2.10824470621293,4.97766666666667
80,20000,95,6.88,6.73666666666667,120.958817,8.26727662192662,414.864699872122,409.638985990846,409.642073,0.148426386257051,81.4859230523333,82.3623995052567,81.07,16,120.89474,2059900,2.0862644130545,4.71166666666667
80,20000,95,6.88,6.86833333333333,121.031897,8.2622847760537,420.731562459311,420.878777365445,420.881799,0.14555544528925,83.1287412561667,82.5791580735169,82.83,17,120.968264,2059060,2.11739710011366,4.7315
80,20000,95,6.88,6.80333333333333,121.252292,8.24726678156319,382.147603041507,385.992170667075,385.996364,0.146942403551935,82.4919759906667,82.2412737293325,82.2,16,121.188971,2061590,2.10790119759304,5.40366666666667
80,20000,95,6.88,6.98,121.367272,8.23945354889414,479.584398952925,474.985106795129,474.988081,0.14324978560554,84.714355856,84.3141936254029,84.27,23,121.304692,2063630,2.14682516010214,4.97166666666667
80,20000,95,6.88,6.75333333333333,121.114967,8.25661786292688,358.047419329104,363.85140660538,363.854432,0.14806618217843,81.7929743806667,82.2825416409624,81.51,14,121.051774,2054500,2.09025122886758,5.0865
80,20000,95,6.88,6.985,120.927437,8.26942193441179,456.935931710997,456.761947459079,456.765994,0.143110848387258,84.4678147445,84.3492783013241,84.17,26,120.863285,2064710,2.14583316758487,4.92366666666667
80,20000,95,6.88,6.69,121.319099,8.24272524476958,399.7281156257,395.421520864973,395.424831,0.149459819691081,81.162477231,81.4422717648524,80.88,15,121.253616,2058800,2.08203700863946,4.3825
80,20000,95,6.88,6.97166666666667,121.081943,8.25886978044282,423.404435323464,427.494663566818,427.497632,0.143368792151805,84.4142945948333,84.4508186924824,84.11,17,121.017841,2064530,2.1446121574379,5.12616666666667
90,20000,95,7.74,7.57333333333333,121.084781,8.25867620803642,666.923064406906,677.727099524428,677.729758,0.131968626920775,91.7015408106667,91.7812740675542,91.36,22,121.022308,2074980,2.28427478822793,5.68333333333333
90,20000,95,7.74,7.865,121.283769,8.24512635322209,1088.44915594475,1100.87837800064,1100.881013,0.127127534446069,95.3896843185,95.0842250238373,94.87,35,121.221776,2079470,2.35188434553768,5.577
90,20000,95,7.74,7.60666666666667,121.011598,8.26367072683397,1076.10374581337,1056.17318950526,1056.176131,0.13138448872787,92.0494888786667,92.4526235075036,91.7,37,120.949035,2074110,2.28974017338078,5.55116666666667
90,20000,95,7.74,7.77166666666667,120.919423,8.26996999481217,1307.29467836938,1294.94890505469,1294.951593,0.128663076265065,93.9745449081667,93.8458239519674,93.31,38,120.857763,2077730,2.32201503404185,5.6265
90,20000,95,7.74,7.755,120.985173,8.26547563807674,741.675341667569,760.149036924995,760.151762,0.12891520000086,93.8240016615,93.4457934887719,93.16,24,120.923637,2078720,2.320110676562,5.6685
90,20000,95,7.74,7.84166666666667,120.807687,8.27761895648246,799.751483527484,820.714900894793,820.71774,0.127477630783422,94.7333612225,94.1770268834343,94.22,35,120.745524,2077680,2.33853492951903,5.66266666666667
100,20000,95,8.1,8.133333333,120.977906,8.265972135,1879.00242,1910.267229,1910.269737,0.122931059,98.39536355,97.66417375,97.34,42,120.919236,2081230,2.39840842246783,5.9973333333333
100,20000,95,8.1,8.08,120.692569,8.285514247,1402.329699,1430.837778,1430.841418,0.123756498,97.51959575,97.38063319,96.64,43,120.634483,2078730,2.38348572681366,6.1608333333333
100,20000,95,8.1,8.053333333,120.855103,8.274371335,2256.207967,2258.609883,2258.612449,0.124150154,97.32864295,97.14433523,96.93,48,120.795952,2081190,2.39089914508063,5.8976666666666
100,20000,95,8.1,8.116666667,121.240696,8.248055587,2006.603473,2036.168005,2036.173623,0.123186257,98.40703159,98.15214044,97.51,54,121.182202,2081650,2.40187392601865,5.7975
100,20000,95,8.1,8.096666667,120.983952,8.265559055,2393.228575,2406.900032,2406.902745,0.123476785,97.95667314,98.00349902,97.55,52,120.924595,2081890,2.40281268937033,6.0421666666666
100,20000,95,8.1,7.973333333,120.848801,8.274802826,1443.585596,1456.506517,1456.510069,0.1254055,96.35677733,96.42595883,95.8,40,120.790469,2076760,2.36650179241123,5.8195
100,20000,95,8.1,8.138333333,120.991698,8.265029887,1928.325436,1959.919514,1959.922035,0.122862297,98.46707689,97.6860858,97.57,40,120.932256,2083180,2.40430310188046,6.1273333333333
10,30000,75,0.86,0.85,121.989335,8.19743791537186,102.552284380941,128.306756047059,128.331262,1.17638245851373,10.369093475,8.32517140058766,10.42,2,121.928023,1649340,0.766621305758285,1.556
10,30000,75,0.86,0.865,122.022646,8.19520009425136,117.943553995338,128.866735996146,128.890794,1.15186493847784,10.554958879,10.2021174205967,10.6,1,121.962723,1615540,0.765476810709587,1.63883333333333
10,30000,75,0.86,0.825,121.569906,8.22571994092025,122.31293765098,128.270869658586,128.296079,1.20964260209495,10.029517245,9.88900100908174,10.09,2,121.515242,1640390,0.760901935963554,1.50133333333333
10,30000,75,0.86,0.915,121.788772,8.21093754028491,91.4890337465257,127.677121930783,127.700466,1.09031881314936,11.143672638,8.18926296633303,11.19,2,121.725126,1660520,0.779042442930197,1.508
10,30000,75,0.86,0.836666666666667,122.396453,8.17017140194414,116.548730451329,129.183389173307,129.208001,1.19164401135857,10.2405032343333,9.15422885572139,10.3,2,122.33568,1618510,0.761552642111527,1.5615
10,30000,75,0.86,0.853333333333333,121.832098,8.2080175620057,128.048780487805,129.180949015625,129.205315,1.16970287014844,10.3963390293333,10.7317073170732,10.45,2,121.76812,1624680,0.764354796345519,1.44583333333333
10,30000,75,0.86,0.835,122.203432,8.18307623307994,105.073999558212,127.713690598802,127.746405,1.19671857319561,10.203986572,8.57427716849452,10.26,2,122.143544,1628030,0.762012009287359,1.53216666666667
20,30000,75,1.72,1.68833333333333,121.945512,8.20038379108204,132.661196259188,138.27961229615,138.298684,0.591428316803554,20.588467276,19.7335964479526,20.6,3,121.883591,1863650,0.956215613421896,2.023
20,30000,75,1.72,1.69666666666667,121.841265,8.20740001345193,138.305783091395,138.164957052063,138.17835,0.589240308140472,20.672401295,20.4221894943544,20.68,3,121.778989,1848430,0.954491341096109,2.178
20,30000,75,1.72,1.745,122.162116,8.18584380119938,140.325922683973,138.066039981853,138.077515,0.573024155768864,21.317289242,22.1002386634845,21.32,2,122.102976,1858020,0.966816999011297,2.17733333333333
20,30000,75,1.72,1.64833333333333,122.305869,8.17622251635365,128.753325488918,137.287596520728,137.299943,0.60603300428817,20.1600840735,18.7973724103082,20.18,3,122.245831,1822600,0.941366048617887,2.02366666666667
20,30000,75,1.72,1.73166666666667,121.672302,8.21879740550976,145.550097426902,139.3412136564,139.353337,0.577056026481232,21.069586963,22.2222222222222,21.08,3,121.609562,1872420,0.965828333037996,1.98683333333333
20,30000,75,1.72,1.695,121.743945,8.21396086680122,125.531806947736,137.372448675516,137.384492,0.589021148228122,20.6355986775,18.6240786240786,20.65,3,121.683035,1895540,0.963372679022653,2.05533333333333
30,30000,75,2.58,2.54666666666667,121.480016,8.23180662076963,153.111817868868,149.783473081806,149.791673,0.392482733545812,30.9369107413333,31.9267255479228,30.91,5,121.418315,1942980,1.14742760482578,2.44066666666667
30,30000,75,2.58,2.52333333333333,121.57937,8.22507963316474,142.349189015213,148.592721373844,148.600904,0.396128155469617,30.6785276966667,29.5146913172664,30.65,4,121.518106,1932150,1.13990044123844,2.364
30,30000,75,2.58,2.545,122.008589,8.19614428948113,138.907199058518,147.560829559267,147.571381,0.392551855445318,31.0511859005,29.9836333878887,31.02,3,121.950385,1939880,1.14840179213549,2.38866666666667
30,30000,75,2.58,2.59833333333333,121.642847,8.22078753220894,160.904189411213,152.465101905067,152.473157,0.384416951499679,31.6068664121667,32.8310355883296,31.57,4,121.578371,1936600,1.15678177375673,2.4425
30,30000,75,2.58,2.59,121.653716,8.22005305616805,139.587273714003,148.357732657014,148.366035,0.385397889392535,31.508312444,30.2991315535542,31.48,3,121.5913,1938290,1.15575138367691,2.82733333333333
30,30000,75,2.58,2.55166666666667,121.548052,8.22719890237319,133.70429344318,145.455318201829,145.466546,0.391878238411496,31.0150112686667,29.0238328436174,30.99,4,121.48866,1934130,1.1462279169027,2.36366666666667
30,30000,75,2.58,2.62333333333333,121.869574,8.2054935221157,151.073554340278,151.657214767471,151.665207,0.380892566448539,31.9704515793333,31.2480152429343,31.94,5,121.805231,1942920,1.16494004264727,2.76033333333333
30,30000,75,2.58,2.515,121.871509,8.20536324039444,137.498954599663,146.82824276607,146.836493,0.396825497643473,30.6506845135,29.1487247432925,30.62,3,121.81352,1945140,1.14311001041275,2.43583333333333
40,30000,75,3.44,3.39166666666667,121.590408,8.2243329588959,160.130653866837,162.327890415725,162.33395,0.294343347418673,41.23941338,41.0955539179563,41.16,4,121.530084,1975640,1.33424123286526,3.0595
40,30000,75,3.44,3.46333333333333,121.511332,8.22968511282553,173.021236024073,167.23253670693,167.238535,0.288678518666988,42.0834246493333,43.468847726726,42,4,121.450025,1987120,1.35320767938316,3.2405
40,30000,75,3.44,3.395,121.58946,8.22439708178653,171.164740641687,167.539782554246,167.546092,0.294421335254296,41.27962167,41.9141104294479,41.2,5,121.528007,1978350,1.33596013169883,3.10083333333333
40,30000,75,3.44,3.35833333333333,121.746801,8.21376817942017,153.05698454841,159.605597404467,159.61428,0.297737151398015,40.8866340025,39.568345323741,40.81,4,121.681697,1969560,1.32590160337408,3.11166666666667
40,30000,75,3.44,3.41,121.892026,8.20398210462102,168.587668095088,166.327670747801,166.335922,0.293222718572336,41.565180866,42.3405814805766,41.48,4,121.831081,1992760,1.34630688545673,2.99933333333333
40,30000,75,3.44,3.42666666666667,121.389688,8.23793203916959,170.144772057091,166.998277482977,167.006846,0.291690166732977,41.5961997546667,42.2076343301726,41.52,6,121.330594,1964860,1.33635716632941,2.97733333333333
40,30000,75,3.44,3.42166666666667,122.014093,8.19577456515617,162.387740223735,165.926091761812,165.932223,0.292162642057477,41.7491554881667,40.1753104455807,41.67,8,121.952598,1982590,1.34572876824091,3.11316666666667
50,30000,75,4.3,4.09166666666667,121.637208,8.22116864109541,187.019372529601,184.619296085132,184.624424,0.244212385672912,49.76989094,50.7025045815516,49.65,7,121.579191,2008460,1.49603040714169,3.61116666666667
50,30000,75,4.3,4.295,121.423614,8.23563034452261,184.095145935826,185.759313198293,185.764226,0.232781954191696,52.151442213,53.0164888457808,52.02,5,121.360309,1998570,1.53304237253063,3.63416666666667
50,30000,75,4.3,4.33333333333333,121.311333,8.2432529201538,192.255927114608,190.797017687692,190.801885,0.230562170215385,52.5682443,52.2591809267449,52.43,6,121.248893,1998970,1.54041098711609,3.63966666666667
50,30000,75,4.3,4.19166666666667,121.576331,8.22528523253428,176.922958373788,181.773973072763,181.779885,0.238520353952684,50.9607454108333,50.1490757304711,50.83,5,121.513019,2009130,1.51710083053521,3.70216666666667
50,30000,75,4.3,4.23333333333333,121.373528,8.2390288597362,177.59539553718,182.021093532677,182.025797,0.23607999955315,51.3814601866667,51.5646526274355,51.25,6,121.312577,2017110,1.5282181611266,3.67333333333333
50,30000,75,4.3,4.23,121.332966,8.24178319353044,178.341018760265,181.199508778566,181.204443,0.236143771622932,51.323844618,51.487098680323,51.2,6,121.269615,2010300,1.52415825326916,3.62983333333333
60,30000,75,5.16,5.17666666666667,121.318595,8.24275948794165,216.462397509159,218.754920396652,218.758927,0.193119559197038,62.8025926783333,63.5602768388862,62.52,9,121.259305,2028790,1.73395464261366,4.1345
60,30000,75,5.16,5.18833333333333,121.295908,8.24430120099352,224.001969393207,224.080509272085,224.084562,0.192726063135561,62.9323602673333,62.6144210695359,62.75,9,121.236594,2023870,1.73524940165143,3.9225
60,30000,75,5.16,5.04166666666667,121.598177,8.22380750000882,218.834124815105,219.325540007603,219.329752,0.198320124307769,61.3057475708333,61.4278631631135,61.03,7,121.538714,2028680,1.70741451995838,4.0735
60,30000,75,5.16,5.25166666666667,121.239415,8.24814273476988,233.374837298465,231.830940278324,231.835494,0.190355149981593,63.6708994441667,64.2075202284626,63.48,8,121.178927,2031760,1.75271996106442,4.2635
60,30000,75,5.16,5.045,121.712661,8.21607211430535,217.301102627959,217.813492047572,217.817716,0.198165328014866,61.4040374745,61.4863748967795,61.23,8,121.648404,2027470,1.71029790025091,4.15916666666667
60,30000,75,5.16,5.205,121.227949,8.24892286183939,231.242600675029,229.127419278899,229.131529,0.192118976945885,63.0991474545,63.8386425484232,62.91,8,121.165355,2026910,1.73981572979967,3.9845
60,30000,75,5.16,5.19666666666667,121.377573,8.23875428782877,227.32594894237,226.374125584349,226.378194,0.192339978346376,63.075878769,63.1713965047298,62.89,8,121.316025,2022130,1.73674157940109,4.37466666666667
60,30000,75,5.16,5.10333333333333,121.462705,8.23297982701769,219.176475292926,218.877996340627,218.882311,0.195922948888308,61.9864671183333,63.0204081632653,61.8,8,121.399793,2020820,1.71670170277767,4.33716666666667
60,30000,75,5.16,5.17666666666667,121.310425,8.2433146203222,233.1587932952,229.507739614939,229.511914,0.193144550016742,62.7983633416667,64.0753259295027,62.61,8,121.246827,2032840,1.73784793219087,4.4035
70,30000,75,6.02,5.97166666666667,121.247863,8.24756804167344,275.42741425692,276.862155471393,276.865716,0.167447121649456,72.4051821881667,72.4012836612251,72.05,10,121.188434,2044940,1.91379840429806,4.83316666666667
70,30000,75,6.02,6.03833333333333,121.337995,8.2414416028549,264.672131931128,271.052908550925,271.056385,0.165604396676235,73.2679259808333,73.395887953636,73.03,9,121.275673,2051040,1.9353647218591,4.96283333333333
70,30000,75,6.02,6.12,121.337386,8.24148296717056,307.687858442674,304.668191147876,304.672801,0.163368010379085,74.258480232,73.7236215112321,74.01,11,121.274351,2045890,1.94954050096966,4.423
70,30000,75,6.02,5.83,121.281293,8.24529468035932,264.288713785938,266.148108978559,266.152935,0.171519574676958,70.706993819,70.6731456338431,70.48,13,121.218822,2047250,1.88714284834027,4.36366666666667
70,30000,75,6.02,6.055,121.251777,8.24730181067779,300.147596620448,297.476065585467,297.479599,0.165144110365813,73.4179509735,72.7535434154397,73.18,12,121.18993,2040930,1.93139741935669,4.959
70,30000,75,6.02,6.00333333333333,121.246335,8.24767198117782,267.582085825555,272.011185815103,272.014588,0.166459745424486,72.788216445,71.9777931991673,72.55,10,121.185457,2046740,1.92393104610413,4.643
70,30000,75,6.02,6.07333333333333,121.248643,8.24751498455946,291.245292554726,290.408913929748,290.41299,0.164604261327936,73.6383425153333,74.6192893401015,73.39,8,121.18747,2046570,1.93887873614557,4.97716666666667
70,30000,75,6.02,5.885,121.102457,8.25747077947395,274.817575188999,274.359681167092,274.363441,0.169917168031436,71.2687959445,70.6498654962481,70.92,11,121.041787,2045380,1.89383813582916,4.42766666666667
70,30000,75,6.02,5.815,121.405723,8.23684399128367,251.657810922018,257.275423473488,257.280283,0.171918773026369,70.5974279245,69.4798681759564,70.37,10,121.346628,2041750,1.88168122403342,4.415
80,30000,75,6.88,6.975,121.167492,8.25303869456999,432.179880274493,434.85907899092,434.863027,0.143347919959618,84.51432567,83.7295424680444,84.08,22,121.107315,2064410,2.14397908966298,5.40933333333333
80,30000,75,6.88,6.815,121.254171,8.2471389788315,399.175563422852,401.945049184642,401.948085,0.146719891259232,82.6347175365,82.0026898153809,82.2,17,121.191568,2060790,2.10731080790795,5.26833333333333
80,30000,75,6.88,6.84833333333333,120.969328,8.26655827996333,377.462060067682,383.444708735215,383.447671,0.146016820947919,82.8438281253334,83.1244676968001,82.41,11,120.908993,2065120,2.11430510950074,5.21116666666667
80,30000,75,6.88,6.89166666666667,121.380654,8.2385451638776,383.396950666195,390.712774289722,390.715855,0.145086837090206,83.651500715,83.8955386289445,83.35,14,121.318931,2059150,2.1268434178691,5.17766666666667
80,30000,75,6.88,6.76333333333333,121.021282,8.26300947630021,449.069373716445,438.565460885658,438.568643,0.147838783559882,81.8507270593333,82.0992977701121,81.43,18,120.959828,2052940,2.08767076460927,5.18016666666667
80,30000,75,6.88,6.92833333333333,121.072386,8.2595217046437,455.344794390816,452.759883306471,452.762915,0.144272058571807,83.882984767,83.4155141310884,83.59,18,121.011059,2063840,2.13469063693157,5.31283333333333
80,30000,75,6.88,6.795,121.268572,8.24615960679408,432.117062307779,426.088462076282,426.091997,0.14715516577557,82.401994674,83.4702636419375,82.11,15,121.207233,2056150,2.10226555474278,5.01783333333333
90,30000,75,7.74,7.64666666666667,121.20455,8.25051534781491,781.064522114201,790.067586800349,790.070309,0.130746035173932,92.6810792333333,93.2221858995314,92.33,28,121.144717,2076550,2.3032034384482,5.60533333333333
90,30000,75,7.74,7.80166666666667,120.944621,8.26824700207213,932.700799984887,945.268717528306,945.271425,0.128137735258278,94.3569618168333,94.6277902381715,93.68,22,120.88665,2077980,2.3289586949749,5.74933333333333
90,30000,75,7.74,7.775,120.906631,8.2708449630029,882.95385743542,895.266082557556,895.268724,0.128527484436442,94.0049056025,94.2664237487943,93.65,31,120.847388,2076960,2.32755757720852,5.306
90,30000,75,7.74,7.68166666666667,121.018589,8.2631933512297,847.222538960651,852.392264991321,852.395323,0.130081279516381,92.9624461168333,93.5025490834147,92.61,28,120.959384,2075790,2.30766638995805,5.64433333333333
90,30000,75,7.74,7.62166666666667,121.01623,8.26335442774907,953.634552832205,944.313345152198,944.316163,0.131193831633501,92.2345366316667,92.0629714660545,91.73,38,120.955841,2073230,2.28956233395727,5.08683333333333
90,30000,75,7.74,7.605,120.974417,8.26621053276082,784.992717635511,788.055375889327,788.058742,0.131453175705019,92.0010441285,91.9141010189548,91.5,29,120.913458,2074550,2.28646706085508,5.55783333333333
90,30000,75,7.74,7.76166666666667,120.977902,8.26597240874619,825.713166369121,840.042506827571,840.045097,0.128755432442989,93.8990149356667,93.9667203435319,93.38,24,120.918628,2073450,2.31971130385376,5.30616666666667
90,30000,75,7.74,7.72833333333333,120.68388,8.28611078795279,1005.9808396892,1001.65080328898,1001.653398,0.129383579240242,93.26852526,93.7466307277628,92.76,30,120.625216,2075790,2.31039385069947,5.21016666666667
90,30000,75,7.74,7.69333333333333,121.028962,8.26248513971392,618.800846410125,641.885788050693,641.888576,0.12988658427383,93.1116147653333,92.223545976389,92.61,19,120.969423,2072940,2.30530324277635,5.1555
100,30000,75,8.1,8.2,120.761696,8.280771413,2594.545964,2627.574112,2627.575592,0.121891685,99.02459072,97.76445483,97.32,87,120.706354,2080570,2.39746932279042,6.1583333333333
100,30000,75,8.1,8.158333333,120.653443,8.288201108,2189.482347,2217.96781,2217.97028,0.122537536,98.43310058,98.16157696,97.86,53,120.597972,2080920,2.40761709852213,6.0411666666666
100,30000,75,8.1,7.933333333,120.957082,8.267395207,1664.035008,1662.116579,1662.119216,0.126040158,95.95928505,95.65171726,95.56,48,120.901112,2076090,2.36156295577903,6.1325
100,30000,75,8.1,7.903333333,120.982086,8.265686541,1052.330846,1070.729126,1070.733013,0.126518247,95.6161753,95.23458092,95.07,36,120.925509,2077570,2.35391103313536,6.0263333333333
100,30000,75,8.1,8.006666667,120.643408,8.288890513,1436.374569,1448.575431,1448.577895,0.1248833,96.59515534,96.43042981,95.87,49,120.587269,2077650,2.36853858253799,6.1133333333333
100,30000,75,8.1,8.058333333,120.885982,8.272257738,1554.108451,1576.959761,1576.962444,0.124067512,97.41395383,97.18746769,96.86,37,120.830233,2079550,2.38820211849502,6.1135
100,30000,75,8.1,7.93,120.962387,8.267032627,1977.01571,1956.342735,1956.345257,0.125890631,95.92317289,95.71293475,95.52,78,120.906427,2076540,2.36122012698647,6.1755
100,30000,75,8.1,8.178333333,120.980396,8.265802006,2085.328112,2125.87868,2125.881169,0.122211468,98.94180053,98.5124809,98.37,45,120.925675,2082560,2.41835597546006,5.8856666666666
100,30000,75,8.1,7.925,120.949331,8.267925021,1274.061878,1283.05363,1283.056151,0.126089431,95.85234482,95.47891915,94.99,33,120.893995,2075190,2.35043208702267,5.8801666666666
10,30000,80,0.86,0.876666666666667,121.777501,8.21169749574677,155.991030515745,131.33453196578,131.358106,1.13908105291445,10.6758275876667,12.5356125356125,10.72,2,121.706214,1642000,0.770134578690218,1.674
10,30000,80,0.86,0.855,121.958969,8.19947895755006,104.773455872723,127.587637146199,127.618798,1.16777735591228,10.4274918495,8.95813047711782,10.48,1,121.889865,1636110,0.766036176049064,1.70733333333333
10,30000,80,0.86,0.881666666666667,121.941144,8.20067753341727,122.096852792966,129.886731147448,129.921831,1.13113244037051,10.751144196,10.1983002832861,10.8,2,121.880112,1668190,0.774232983362008,1.61683333333333
10,30000,80,0.86,0.893333333333333,120.986007,8.26541866118451,141.88145943164,130.433634291045,130.455859,1.11743931852425,10.808083292,12.3019571295433,10.86,2,120.932295,1646880,0.772700053533484,1.62816666666667
10,30000,80,0.86,0.891666666666667,122.175862,8.18492281233097,139.270661535642,130.072720938318,130.095724,1.12138586679626,10.8940143616667,12.2315592903828,10.95,2,122.11461,1643590,0.773623773187429,1.5215
10,30000,80,0.86,0.865,122.221251,8.1818831980373,106.816803618419,128.910438055877,128.934268,1.15244215579191,10.5721382115,8.85466794995188,10.63,2,122.16331,1644580,0.769126629299522,1.52683333333333
10,30000,80,0.86,0.823333333333333,122.341852,8.17381773818497,112.983711514923,129.155332803644,129.183871,1.21280902595951,10.0728124813333,9.10010111223458,10.13,2,122.277967,1679040,0.765600014263685,1.482
10,30000,80,0.86,0.805,122.411938,8.16913788261403,116.901218470393,128.725683043478,128.752025,1.2420881922236,9.854161009,9.20372285418821,9.91,2,122.34018,1623180,0.756512634413986,1.41916666666667
10,30000,80,0.86,0.901666666666667,122.779233,8.14469984512772,131.079717973794,131.408263166359,131.430516,1.10650875493715,11.0705941755,11.0803324099723,11.12,2,122.720934,1686340,0.781002735273983,1.58483333333333
20,30000,80,1.72,1.69,121.876367,8.20503617407631,125.400625836612,135.52341604142,135.536013,0.591536054641026,20.597106023,19.5170034499754,20.61,2,121.816549,1859830,0.955620653079646,2.11166666666667
20,30000,80,1.72,1.78166666666667,122.084633,8.19103908024198,140.646053448124,139.400874086062,139.412175,0.560962924342376,21.7514121128333,22.1598877980365,21.75,3,122.021871,1853610,0.972896110131726,2.19883333333333
20,30000,80,1.72,1.72833333333333,121.855756,8.20642399526864,144.717733034355,139.064774629701,139.077085,0.578552601849566,21.0607364953333,22.1204819277108,21.07,3,121.797721,1864430,0.96404623541594,1.8995
20,30000,80,1.72,1.70833333333333,122.042266,8.19388260129487,127.290673199272,137.932840168781,137.945184,0.585078702212683,20.8488871083333,18.8200877620673,20.86,3,121.985653,1877400,0.963219329118862,1.91566666666667
20,30000,80,1.72,1.75166666666667,121.826845,8.20837148002971,148.218326137325,140.604535879163,140.615897,0.569381484086584,21.3400023491667,22.6343319067998,21.35,3,121.765147,1865740,0.968887601301814,2.0215
20,30000,80,1.72,1.70833333333333,121.88513,8.20444626838401,140.704712751662,138.54563410439,138.5624,0.584972677644878,20.8220430416667,20.3315455875183,20.83,3,121.819935,1881680,0.963583730511332,2.0265
20,30000,80,1.72,1.66,121.950697,8.20003513387053,128.763926755693,136.077157796185,136.092274,0.599270305695783,20.243815702,19.4681384846964,20.26,2,121.885583,1887840,0.955392339591325,2.0785
20,30000,80,1.72,1.65833333333333,121.640466,8.22094844654739,145.983559182149,138.760628113568,138.773011,0.602243608516583,20.172043945,20.2913108990457,20.19,3,121.582113,1886930,0.954057497714315,2.08933333333333
20,30000,80,1.72,1.68,121.997173,8.19691125137793,118.04424298227,136.304385740079,136.316406,0.594822902938492,20.495525064,18.4432325235498,20.52,2,121.933226,1869440,0.956054285568802,2.05966666666667
30,30000,80,2.58,2.58833333333333,121.50749,8.22994533094215,155.932297528937,150.884043290406,150.892185,0.386009178354797,31.4501886616667,32.8934663662697,31.41,5,121.44313,1952330,1.15867782786916,2.78816666666667
30,30000,80,2.58,2.60166666666667,121.615121,8.22266171983663,156.799903507752,150.956271967969,150.967228,0.384141575129404,31.6402006468333,33.3653538264489,31.61,4,121.554568,1925220,1.15410505443369,2.43966666666667
30,30000,80,2.58,2.605,122.086742,8.19089758329369,149.647028205212,150.796469003839,150.804767,0.383812714980806,31.803596291,31.4998401023345,31.76,4,122.02601,1939450,1.16084893733451,2.54966666666667
30,30000,80,2.58,2.66166666666667,121.742053,8.21408852042277,147.106811186468,150.528226085786,150.5359,0.375662103571071,32.4036764401667,32.3317683881064,32.36,3,121.680967,1949270,1.17400204793382,2.6505
30,30000,80,2.58,2.65833333333333,122.047077,8.1935596048728,151.837701843645,151.801250546709,151.809259,0.375992015711599,32.4441813025,32.3409589470385,32.41,4,121.989961,1938260,1.17153245214984,2.6275
30,30000,80,2.58,2.47333333333333,121.593295,8.22413768785524,157.830374789265,149.237896667116,149.245911,0.404294513388814,30.0740749633333,31.8962613674638,30.05,4,121.531824,1933680,1.13017573175079,2.429
30,30000,80,2.58,2.505,121.65213,8.22016022243096,157.052041576972,150.581269522954,150.592019,0.399142082671989,30.473858565,31.6262055204523,30.44,4,121.593777,1939750,1.13850911311007,2.49466666666667
30,30000,80,2.58,2.66166666666667,122.048284,8.19347857443043,143.931844038558,150.009165687539,150.01708,0.374994012234189,32.4851849246667,31.0485133020344,32.45,4,121.986269,1956470,1.17771460230057,2.61416666666667
40,30000,80,3.44,3.265,121.49751,8.23062135182853,176.780415981043,168.065270934661,168.071647,0.305972539089331,39.668937015,41.0308752232713,39.6,5,121.431063,1965800,1.3036542744194,2.88666666666667
40,30000,80,3.44,3.49,121.505125,8.2301055202404,162.658237805249,165.267252337631,165.273357,0.286384296597421,42.405288625,41.5373597517307,42.32,5,121.441822,1997830,1.36294020506493,2.95366666666667
40,30000,80,3.44,3.49833333333333,121.501113,8.23037728057685,166.853856285799,165.99214702525,165.9981,0.28555943987899,42.5051393645,42.772088592522,42.42,5,121.436327,1986920,1.36044044390866,3.21133333333333
40,30000,80,3.44,3.38666666666667,121.71933,8.21562195585533,169.538309556324,166.775422844488,166.782992,0.295208102613681,41.22227976,41.2054120541205,41.14,6,121.658422,1967300,1.33073994230705,2.96566666666667
40,30000,80,3.44,3.31833333333333,121.655927,8.21990366322226,163.956483563432,163.652509275741,163.660594,0.301326950260171,40.3694917761667,40.446899322119,40.29,5,121.594242,1970920,1.31743466924066,2.94316666666667
40,30000,80,3.44,3.475,121.426771,8.23541622464786,165.031245202831,166.016201938609,166.02324,0.287435920521823,42.1958029225,42.8434428194678,42.11,6,121.364594,1971850,1.34921571227217,3.25833333333333
40,30000,80,3.44,3.33166666666667,121.614445,8.22270742591474,175.556645539574,167.535965388194,167.542121,0.300116575523262,40.5178792591667,42.1855463865967,40.44,4,121.5559,1979310,1.32314698265754,3.03016666666667
40,30000,80,3.44,3.46833333333333,121.694382,8.21730620235205,171.276143477187,168.699417200384,168.70585,0.288271896183566,42.207668157,42.061013692049,42.13,6,121.636423,1982170,1.35355490406941,3.30683333333333
40,30000,80,3.44,3.48166666666667,121.306008,8.2436147762772,180.345068019438,170.748447053614,170.754355,0.287105157140737,42.234708452,44.0296721703757,42.15,6,121.244505,1970110,1.34923294832049,3.28583333333333
40,30000,80,3.44,3.39,121.345077,8.24096061185902,164.855360082819,164.193404419862,164.199506,0.294690836413471,41.135981103,41.6564266404522,41.06,4,121.28641,1985270,1.33614710980877,3.1115
50,30000,80,4.3,4.15166666666667,121.401979,8.2370980130398,187.598896061946,185.021540474508,185.026587,0.240863118112806,50.4020549481667,51.5954244431066,50.28,6,121.341702,2014440,1.50985529692791,3.7075
50,30000,80,4.3,4.325,121.242788,8.24791326969485,210.724876203033,198.648530798459,198.653217,0.231198237722158,52.43750581,54.9219803506068,52.31,6,121.180828,2020790,1.54869964303502,4.01916666666667
50,30000,80,4.3,4.28,121.666618,8.21918136986433,197.076733029023,192.109619808801,192.114454,0.233463404195094,52.073312504,52.6961261436636,51.94,8,121.602359,1998620,1.53166548614583,3.5095
50,30000,80,4.3,4.335,121.005454,8.26409031116895,181.689163890675,184.29373762476,184.298628,0.230616164063822,52.455864309,52.7772438977513,52.33,6,120.943353,2002330,1.54026046721789,3.6745
50,30000,80,4.3,4.38666666666667,127.467648,7.84512788688154,212.895851193724,211.83241812386,211.837181,0.227908366731763,55.915808256,54.8717948717949,55.76,8,127.401633,2005880,1.60221892942778,3.75633333333333
50,30000,80,4.3,4.41,121.734375,8.21460659735592,190.256844598158,192.381111682918,192.386018,0.226750949622827,53.684859375,53.5990931418855,53.54,8,121.67311,2011740,1.56606545288649,3.79483333333333
50,30000,80,4.3,4.54,121.291574,8.24459578700825,196.77861920265,196.247600261747,196.253375,0.220017769223935,55.066374596,55.7533492383924,54.92,5,121.230591,2017790,1.59340294424984,3.97733333333333
50,30000,80,4.3,4.23166666666667,121.472333,8.23232727406331,173.920042842583,180.702725330051,180.707912,0.236313235439149,51.4030422478333,49.6751329001772,51.28,6,121.407463,2003970,1.52261000606954,3.60483333333333
50,30000,80,4.3,4.41666666666667,121.212332,8.24998565327495,213.174445547832,202.187085873208,202.193801,0.226368476163019,53.5354466333333,54.951895868704,53.4,8,121.153704,2013590,1.56449693524753,3.80316666666667
60,30000,80,5.16,5.14,121.103984,8.25736666103404,216.092386117862,218.390552662127,218.394767,0.19453665980642,62.247447776,62.1008267142163,62.06,8,121.042965,2025820,1.72411195227629,4.08783333333333
60,30000,80,5.16,5.07333333333333,121.22434,8.24916844257515,208.406663402197,212.963569243101,212.969362,0.196869188849869,61.5011484933333,61.0609295450813,61.32,7,121.166058,2034990,1.71607053605438,4.16016666666667
60,30000,80,5.16,5.17333333333333,121.231726,8.24866586490734,234.424422147432,229.737421794459,229.74142,0.193258708900451,62.7172129173333,64.470929296183,62.53,8,121.170594,2023950,1.73139443632668,4.1695
60,30000,80,5.16,5.09166666666667,121.243645,8.24785497004812,224.42425601013,221.859657231097,221.864315,0.196370330393126,61.7332225791667,61.7738504336443,61.55,7,121.18199,2027940,1.71624287659309,4.19
60,30000,80,5.16,5.21333333333333,121.500852,8.23039496052258,225.016523692952,225.594074719309,225.598059,0.191789393075448,63.342444176,63.2891161898674,63.16,7,121.439492,2040670,1.75211422930631,4.173
60,30000,80,5.16,5.12333333333333,121.604818,8.22335838700075,217.563979649589,220.016388220885,220.020507,0.195111892899805,62.3022017553333,61.6360383802244,62.12,7,121.545176,2018640,1.72114083493418,4.175
60,30000,80,5.16,5.205,121.176035,8.25245684924416,227.828858332307,226.598640934678,226.602671,0.19205587775024,63.0721262175,63.4864735072835,62.89,8,121.116536,2030290,1.74138330892327,4.11633333333333
60,30000,80,5.16,5.02166666666667,121.365618,8.23956583816019,206.240850788115,209.559868659808,209.563994,0.199011670076668,60.945767839,61.2576738012278,60.77,7,121.305844,2014190,1.69482081525626,4.08466666666667
70,30000,80,6.02,6.06166666666667,121.277317,8.24556499712143,282.503139270215,286.05395642755,286.057525,0.164951260453396,73.5142669881667,71.766323024055,73.28,18,121.218137,2040690,1.93302682621016,5.14633333333333
70,30000,80,6.02,6.025,120.962209,8.26704479247729,294.146169873717,292.841902945228,292.84548,0.165962708584509,72.8797309225,72.3689669478634,72.64,11,120.901942,2040960,1.92176308209674,4.81316666666667
70,30000,80,6.02,6.04,120.989777,8.26516111357078,259.84401593643,267.045322701435,267.048778,0.1655015412133,73.077825308,73.1963029383363,72.84,9,120.92719,2043730,1.9271557897213,4.502
70,30000,80,6.02,6.11166666666667,121.099774,8.25765372609201,297.663960275781,296.726738428688,296.730209,0.163618975069539,74.0121452096667,74.0422631220177,73.77,11,121.042355,2043270,1.94349936597523,4.71983333333333
70,30000,80,6.02,5.99666666666667,121.437271,8.23470415437778,285.045580183146,284.773556359366,284.778562,0.16668082949055,72.8218835096667,72.0022231485341,72.58,12,121.377089,2045160,1.9234360269216,4.59416666666667
70,30000,80,6.02,6.05,121.258673,8.24683278531343,284.800149331707,285.060555938292,285.064518,0.165228318964187,73.361497165,74.3561492907313,73.12,10,121.196451,2042520,1.93137169215136,4.55966666666667
70,30000,80,6.02,6.035,121.392204,8.23776129808138,275.808394151608,279.807737176747,279.811084,0.165692537852803,73.260195114,72.746099682452,73.02,12,121.330672,2042360,1.92947731630039,4.9165
80,30000,80,6.88,6.82,121.361689,8.23983258835496,384.86825016078,390.397674361193,390.401735,0.146602907827468,82.768671898,83.3231521075138,82.34,12,121.301268,2058210,2.10793087209323,5.21483333333333
80,30000,80,6.88,6.91,120.986089,8.26541305918237,422.86286465858,424.775437367342,424.778436,0.144607549357212,83.601387499,82.7806583865911,83.3,23,120.926681,2057650,2.12482011828356,5.41416666666667
80,30000,80,6.88,6.98333333333333,121.168472,8.25297194471512,418.966755979188,424.289719955131,424.292807,0.143179139547971,84.6159829466667,84.9898580121704,84.31,14,121.107117,2059770,2.14462824870515,4.93483333333333
80,30000,80,6.88,6.895,120.989974,8.26514765595371,393.542323457823,398.373057595842,398.376152,0.145029775492628,83.422587073,82.9123867069486,83.13,14,120.93015,2061060,2.12430032426096,5.18133333333333
80,30000,80,6.88,6.84666666666667,120.821693,8.27665939095887,407.969845212487,408.087797350049,408.090797,0.146052042641918,82.7225858073333,82.4996957527078,82.43,14,120.760051,2060060,2.11092249246584,5.284
90,30000,80,7.74,7.73666666666667,120.803839,8.277882625899,917.881894537408,922.880013064412,922.882781,0.12920140215209,93.4619034396667,93.7964458804523,92.95,34,120.743871,2074860,2.31307473228433,5.52333333333333
90,30000,80,7.74,7.77,120.770178,8.28018983295694,963.091011348384,966.026983882668,966.029908,0.128674253043758,93.838428306,93.9517426273459,93.17,37,120.711306,2077200,2.31902496260659,5.46116666666667
90,30000,80,7.74,7.68666666666667,121.001683,8.26434786035166,785.959568181979,797.426826181266,797.429671,0.130070674600824,93.0099603326667,92.1734417344173,92.66,32,120.94205,2078700,2.31098971570772,5.6645
90,30000,80,7.74,7.71333333333333,121.076479,8.25924249085572,790.086298775138,802.491623972126,802.494361,0.12958663184745,93.3903241353333,93.0106946094847,92.73,38,121.01577,2075910,2.30994798562327,5.46016666666667
90,30000,80,7.74,7.81833333333333,121.286624,8.2449322688708,1197.80115496639,1200.89198323876,1200.894673,0.127893643930505,94.8259255306667,94.4580624533731,94.16,41,121.226971,2076310,2.33628838189701,5.28083333333333
90,30000,80,7.74,7.59,121.069879,8.25969273497003,730.112293926391,735.772370629557,735.775062,0.131669985720905,91.892038161,91.4370402898232,91.4,30,121.011254,2071610,2.28224322837063,5.6765
90,30000,80,7.74,7.53166666666667,121.168147,8.25299408102692,686.42579801167,692.877962270193,692.880931,0.132769124813012,91.2598093821667,90.662683925213,90.77,25,121.107905,2069390,2.26900597466322,5.32683333333333
90,30000,80,7.74,7.66,121.066441,8.25992729066844,851.482240858139,853.88173858094,853.884773,0.130526173624456,92.736893806,92.9946698575003,91.78,32,121.007973,2070520,2.2882430064996,5.50083333333333
100,30000,80,8.1,8.101666667,120.766032,8.280474099,3459.303471,3441.961859,3441.964464,0.123402862,97.84061359,96.50313689,96.15,87,120.710086,2080690,2.37624936212642,5.8238333333333
100,30000,80,8.1,8.425,120.70556,8.284622514,5845.34809,6014.89481,6014.898326,0.118680973,101.6944343,99.16922164,98.8,126,120.651272,2084040,2.42750762284935,6.1298333333333
100,30000,80,8.1,7.971666667,120.802022,8.278007135,1292.651728,1307.595097,1307.597722,0.125396736,96.2993452,95.98620257,95.59,38,120.745487,2078440,2.36411843013694,5.7963333333333
100,30000,80,8.1,8.131666667,120.90508,8.270951063,1896.897858,1927.833555,1927.83696,0.122943103,98.31598089,97.84814018,97.42,60,120.849131,2081570,2.40016312511882,6.0325
100,30000,80,8.1,8.151666667,120.862217,8.273884302,2598.066867,2624.932902,2624.935455,0.12265982,98.52285056,98.38495349,97.95,60,120.807221,2080410,2.40881088443043,5.96
100,30000,80,8.1,8.281666667,120.688815,8.285771967,3361.97312,3426.67287,3426.675422,0.120737106,99.95045362,98.85300332,98.56,68,120.634662,2084670,2.42368155690326,5.9206666666666
100,30000,80,8.1,8.128333333,120.716438,8.283875971,1742.750704,1771.255625,1771.258198,0.123018139,98.12234469,98.29830856,97.56,45,120.661915,2079560,2.40096204920968,6.0165
100,30000,80,8.1,8.126666667,120.784484,8.279209108,3139.464376,3140.284678,3140.287162,0.123039311,98.157524,97.62124475,97.27,75,120.729059,2081000,2.3969321731497,5.9861666666666
100,30000,80,8.1,7.978333333,121.061522,8.26026291,1083.482735,1110.305368,1110.309096,0.125272827,96.58691764,96.19843342,96.03,27,121.006159,2077000,2.37089204488649,5.8125
10,30000,85,0.86,0.851666666666667,122.207937,8.18277457707186,121.663577253502,129.981770060665,130.007541,1.1736021451409,10.4080426345,9.97067448680352,10.45,2,122.146924,1644930,0.766571896855629,1.71866666666667
10,30000,85,0.86,0.903333333333333,122.447167,8.16678755826176,128.55612427092,130.826954693727,130.849598,1.10597441435793,11.0610607523333,10.6912442396313,11.11,2,122.380822,1675820,0.779642401791694,1.672
10,30000,85,0.86,0.811666666666667,122.015648,8.1956701160166,154.162059706208,131.086089628337,131.111276,1.23052618608214,9.90360342933333,11.6923076923077,9.96,2,121.947822,1603660,0.755170162399723,1.4715
10,30000,85,0.86,0.87,122.211287,8.18255027459125,87.9942803717758,127.763179984674,127.796,1.14816249362835,10.632381969,7.65550239234449,10.69,1,122.145311,1623980,0.767692252015157,1.58366666666667
10,30000,85,0.86,0.891666666666667,121.963442,8.19917824228017,104.714783109506,128.087475142056,128.110165,1.11622486155514,10.8750735783333,9.33706816059757,10.93,1,121.901727,1673070,0.77668744177555,1.52216666666667
10,30000,85,0.86,0.898333333333333,122.531862,8.16114260958509,125.863809168456,130.322428684601,130.344763,1.1121922375436,11.007445603,10.7506950880445,11.06,2,122.466077,1685750,0.780048686763295,1.62716666666667
10,30000,85,0.86,0.843333333333333,121.585806,8.22464424835906,135.784212354022,129.141829737154,129.168126,1.18211357478854,10.253736306,10.8588351431392,10.31,2,121.53025,1655030,0.765648075901408,1.53516666666667
10,30000,85,0.86,0.858333333333333,122.607044,8.15613823949626,128.822050417636,130.077157114563,130.10212,1.16098973696893,10.5237712766667,10.2812803103783,10.58,2,122.544426,1629570,0.766745852754241,1.45683333333333
10,30000,85,0.86,0.801666666666667,121.788059,8.21098561066648,121.760869424421,128.946022671518,128.981259,1.24480856156549,9.76334272983333,9.55347871235722,9.82,2,121.732808,1617290,0.75462060809061,1.45083333333333
10,30000,85,0.86,0.856666666666667,121.929502,8.20146054561922,117.97937629749,129.010376212062,129.036562,1.1656079231537,10.4452940046667,9.52380952380952,10.5,2,121.863177,1643020,0.767082386914243,1.7035
20,30000,85,1.72,1.725,121.817165,8.20902374472432,137.719648143094,137.970891583575,137.983987,0.579546427562319,21.0134609625,21.2457749879285,21.02,3,121.760485,1873140,0.964989729256416,2.138
20,30000,85,1.72,1.75833333333333,121.97215,8.19859287550478,138.745142236222,138.759538927962,138.771451,0.568100077112796,21.4467697083333,22.3117006158219,21.46,2,121.901417,1851160,0.967682891710415,2.02233333333333
20,30000,85,1.72,1.67333333333333,121.498131,8.23057928356116,142.48630168227,138.00618488247,138.01894,0.597520915163347,20.330687254,20.9556993529119,20.34,3,121.438837,1867520,0.952730142073553,2.14216666666667
20,30000,85,1.72,1.72,121.659932,8.21963306703147,137.958218368151,137.831892844961,137.843868,0.580899246962209,20.925508304,21.1138014527845,20.94,3,121.604011,1884190,0.96590228285776,1.95766666666667
20,30000,85,1.72,1.76,121.955484,8.19971326586675,142.516026330508,139.082454422349,139.093946,0.566876279764205,21.464165184,21.6753431140559,21.47,3,121.891481,1866740,0.971054792780549,1.99883333333333
20,30000,85,1.72,1.72833333333333,121.837481,8.20765491696271,143.881214346296,138.40673568081,138.418523,0.576945831793636,21.0575779661667,21.8795180722892,21.07,3,121.775803,1864970,0.96415559259925,2.00816666666667
20,30000,85,1.72,1.80166666666667,121.743434,8.21399534368318,142.160453989666,139.329549325624,139.343213,0.554574029173913,21.9341086923333,22.3763291724457,21.94,3,121.686904,1874370,0.980343499492045,2.1965
20,30000,85,1.72,1.785,121.675977,8.21854917178927,145.349787138374,140.587836089636,140.600067,0.559021311734827,21.7191618945,21.9318712085861,21.73,4,121.610255,1856970,0.973271242783923,2.04266666666667
30,30000,85,2.58,2.63833333333333,121.7589,8.21295198954656,145.770472144336,150.104027924195,150.112124,0.37854516402211,32.12405645,31.7019261130407,32.09,4,121.697565,1943260,1.16759459531703,2.8835
30,30000,85,2.58,2.43333333333333,121.919604,8.20212637829762,145.474668555055,147.506867879452,147.516157,0.410564031972603,29.66710364,29.0311537144813,29.64,3,121.853275,1947180,1.12697842131737,2.5865
30,30000,85,2.58,2.54666666666667,121.427542,8.23536393415589,147.97383740347,148.490422181283,148.498525,0.392392142459424,30.9235473626667,31.7958783120707,30.89,4,121.365942,1940230,1.14629374628015,2.52566666666667
30,30000,85,2.58,2.53,121.938558,8.20085144848113,142.901578815166,147.225382867589,147.233688,0.395190534130435,30.850455174,30.2271978926572,30.82,4,121.879716,1956210,1.14970500344345,2.72183333333333
30,30000,85,2.58,2.55333333333333,121.720058,8.2155728187379,154.48570783588,150.151918141645,150.160439,0.391623198941253,31.0791881426667,32.2022838499184,31.05,4,121.654126,1938120,1.14840128492496,2.6135
30,30000,85,2.58,2.59166666666667,121.850018,8.20681044134109,140.400053332176,147.880059650804,147.88838,0.385732628645016,31.5794629983333,30.0867888138862,31.55,4,121.790401,1950770,1.16061292406332,2.52816666666667
30,30000,85,2.58,2.58166666666667,121.788949,8.21092560705159,156.738538494373,151.074776504842,151.082911,0.387205578424145,31.4418470001667,32.6556953856083,31.41,4,121.726737,1959410,1.16075288718791,2.62783333333333
30,30000,85,2.58,2.58166666666667,121.582454,8.22487099988951,157.113511074503,153.669116271143,153.679393,0.38731205026856,31.3885368743333,30.4937076476283,31.36,7,121.51968,1933070,1.15218631797384,2.90616666666667
40,30000,85,3.44,3.365,121.751754,8.21343403397704,173.052706394967,167.357279819713,167.363405,0.297037938473006,40.969465221,41.6439712800198,40.89,5,121.691802,1975170,1.32939188690677,3.079
40,30000,85,3.44,3.405,121.477255,8.23199371767167,172.747873257386,167.618684823299,167.624959,0.29339082761723,41.3630053275,42.8676290677759,41.28,5,121.411382,1997550,1.34463375172333,3.182
40,30000,85,3.44,3.44166666666667,121.043585,8.26148696769019,168.594744865931,165.884752073124,165.894819,0.29054921605569,41.6591671708333,42.9193899782135,41.58,5,120.981415,1982680,1.34420016277264,3.17683333333333
40,30000,85,3.44,3.42666666666667,121.653122,8.22009319251174,169.22238588664,167.060368860895,167.068397,0.291748568554475,41.6864698053333,43.4476051543885,41.6,4,121.592885,1980350,1.34365664193532,3.06733333333333
40,30000,85,3.44,3.43666666666667,121.843432,8.2072540438618,173.388590071422,168.824965300679,168.830864,0.290962963332202,41.8735261306667,42.9333333333333,41.79,5,121.782258,1979960,1.34680281792824,3.3925
40,30000,85,3.44,3.405,121.493166,8.23091563849772,170.160966669505,167.677743298091,167.685955,0.293682401479687,41.368423023,41.8644482505505,41.28,5,121.431941,1969940,1.33415452425278,3.241
40,30000,85,3.44,3.29833333333333,121.425622,8.23549415295563,166.563261300998,164.894592350177,164.903404,0.303171600953007,40.0502176563333,40.3384693104319,39.98,5,121.364018,1996630,1.32154800956447,3.22866666666667
50,30000,85,4.3,4.32166666666667,121.340525,8.24126976539783,200.566681172361,194.667816676051,194.672783,0.231339161435789,52.4393302208333,53.3256217466744,52.31,7,121.277627,2006700,1.54199050737401,3.75083333333333
50,30000,85,4.3,4.32333333333333,121.322262,8.24251034818325,203.264928048227,195.351398092907,195.356483,0.231212308252506,52.451657938,53.3628830217768,52.32,8,121.2596,2003360,1.54057560933745,3.6555
50,30000,85,4.3,4.235,121.792648,8.2106762306375,189.673149449946,188.373237096025,188.378188,0.236124017251082,51.579186428,52.0755459374385,51.45,6,121.731245,2005530,1.52632524119244,3.79916666666667
50,30000,85,4.3,4.275,121.285308,8.24502173008457,176.931642430314,181.943903185575,181.948708,0.233391150752827,51.84946917,51.2375755213409,51.72,6,121.223228,2010480,1.53339992344163,3.80833333333333
50,30000,85,4.3,4.16,121.286956,8.24490969993509,185.355651758616,183.152053137019,183.157199,0.240275938919872,50.455373696,52.4334067694773,50.33,5,121.227192,2005240,1.50651644623298,3.71733333333333
50,30000,85,4.3,4.28,121.307446,8.24351705500419,178.838152381749,183.141182791667,183.146221,0.233623735827492,51.919586888,51.1971968074752,51.79,5,121.24835,2011380,1.53505713937858,3.77916666666667
50,30000,85,4.3,4.24166666666667,121.472555,8.23231222888166,180.371463335853,182.492049705305,182.497047,0.235717881588998,51.5246087458333,52.1115694362601,51.4,6,121.411968,2010700,1.52786741114702,3.82566666666667
50,30000,85,4.3,4.34,121.399498,8.23726635179332,197.725843165808,192.997538975806,193.004125,0.230331994617896,52.687382132,54.2138606258399,52.55,6,121.33792,1998850,1.542454814467,3.69033333333333
60,30000,85,5.16,5.145,121.558534,8.22648947049658,213.3748814737,216.027439432459,216.031521,0.194251805746356,62.541865743,63.497975708502,62.36,6,121.496693,2021600,1.727054648153,4.26416666666667
60,30000,85,5.16,5.18833333333333,121.469573,8.23251432685945,212.363895537763,218.60630037231,218.610451,0.192721463021844,63.0224634581667,61.2012204914084,62.84,10,121.407239,2019100,1.73413367149284,4.51966666666667
60,30000,85,5.16,5.18833333333333,121.442432,8.23435420002129,209.763900314739,215.221255139737,215.225427,0.192730681445551,63.0083818026667,62.2932391199615,62.82,8,121.377678,2027200,1.73838257415493,4.21366666666667
60,30000,85,5.16,5.12166666666667,121.33127,8.24189839931619,223.677086772702,223.012155757241,223.016348,0.195232297004556,62.1418321183333,61.5584838132422,61.96,8,121.270758,2022450,1.72044788144103,4.22883333333333
60,30000,85,5.16,5.195,121.18307,8.25197777214259,233.769902433791,229.961577701315,229.965579,0.192486099786654,62.954604865,63.6567762630313,62.77,9,121.121555,2023950,1.73564939018433,4.17766666666667
60,30000,85,5.16,5.12,121.328638,8.24207719203112,220.04042921074,220.072396200195,220.076447,0.195271052736003,62.120262656,62.3108218063466,61.94,8,121.266096,2028460,1.72346227666263,4.4785
60,30000,85,5.16,5.08,121.54324,8.22752462415845,225.423888604051,223.333850132218,223.338752,0.196681688942585,61.74396592,61.407249466951,61.57,9,121.481897,2027860,1.71655357295724,4.11933333333333
60,30000,85,5.16,5.19166666666667,121.163301,8.25332416455045,219.201203118153,223.151125284109,223.155092,0.192613806805137,62.9039471025,61.4989568287594,62.72,9,121.09881,2036540,1.7419058813852,4.4405
60,30000,85,5.16,5.22,121.134462,8.25528906877054,221.690165824244,224.27348325,224.278867,0.191566362798531,63.232189164,62.7454110135674,63.05,8,121.074082,2029270,1.74364718480204,4.212
70,30000,85,6.02,6.17166666666667,121.060143,8.26035700288244,272.413848546169,280.161943722927,280.165346,0.162021316356738,74.7142849215,73.9165654110976,74.47,11,120.998413,2051830,1.96176567076899,4.795
70,30000,85,6.02,6.10166666666667,121.178547,8.25228577794385,280.71389462162,285.067179354548,285.072201,0.163885924382136,73.9391100945,72.0606308889799,73.7,15,121.115863,2044160,1.94283703351374,4.65366666666667
70,30000,85,6.02,5.99666666666667,121.403523,8.23699325430614,297.604083228119,294.85142140189,294.854802,0.166758738436632,72.801645959,72.3912741420036,72.57,13,121.34193,2048060,1.92515241277607,4.7445
70,30000,85,6.02,5.86333333333333,121.412404,8.23639073977977,260.565388033026,265.256187635304,265.259885,0.170467789238488,71.1881395453333,69.8308938468097,70.97,9,121.349618,2036770,1.88922686895686,4.69
70,30000,85,6.02,5.89166666666667,121.229987,8.24878418901423,269.635303429731,270.500919988119,270.504439,0.169727691766902,71.4246673408333,72.7619855748833,71.2,9,121.169476,2039180,1.89487669376704,4.56183333333333
70,30000,85,6.02,6.00166666666667,121.227393,8.24896069488189,263.775125633226,268.855018047487,268.858416,0.166601439951125,72.7566403655,73.5110370678884,72.52,11,121.164513,2035380,1.91597290109454,4.92766666666667
70,30000,85,6.02,5.95333333333333,121.274493,8.24575700349454,265.183602813893,268.072316827828,268.075711,0.167948338325868,72.198748166,72.9041287613716,71.96,11,121.211241,2045730,1.91269839708377,5.02616666666667
70,30000,85,6.02,6.06166666666667,121.093139,8.25810618386893,281.097199742622,284.327319475942,284.330681,0.16490243825653,73.4026244238333,72.1374570446735,73.16,11,121.032444,2039570,1.93014389656357,4.666
70,30000,85,6.02,6.02833333333333,121.128213,8.25571495882631,273.529801201766,275.819031162013,275.823769,0.165782337881393,73.0201244035,73.2273669661368,72.78,9,121.066955,2037490,1.92199151160297,4.86316666666667
70,30000,85,6.02,6.07833333333333,121.429233,8.23524925007144,286.007841047117,286.842480851659,286.845962,0.164516712168906,73.8087354585,73.474982864976,73.57,11,121.367426,2043860,1.9403105352166,4.90783333333333
80,30000,85,6.88,6.89833333333333,121.163178,8.25333254299421,434.975202368732,434.266139243054,434.269245,0.144923885186519,83.582398957,83.7903128397149,83.15,15,121.101636,2056520,2.12127316353828,5.36483333333333
80,30000,85,6.88,6.93833333333333,121.015845,8.26338071679787,403.648593733544,409.116074894787,409.11905,0.144126087449676,83.9648271225,84.1599615707938,83.66,12,120.954083,2065240,2.1370072110994,5.11433333333333
80,30000,85,6.88,6.88833333333333,121.012991,8.26357560239132,410.477661073995,413.181215326155,413.184209,0.145125019879748,83.3577819671667,82.5208660941091,83.07,18,120.952227,2059970,2.12240436902482,5.1975
80,30000,85,6.88,6.92666666666667,121.194194,8.25122035136436,419.73638005897,423.215808659288,423.219229,0.144311370754812,83.9471783773333,84.6986647419704,83.65,15,121.133224,2054140,2.12849366202072,5.085
80,30000,85,6.88,6.89666666666667,121.082939,8.25880184490732,494.133965714562,484.83465259449,484.83767,0.144989890392943,83.5068669303333,83.8588860698321,83.07,27,121.022824,2059390,2.12197191641346,5.12033333333333
80,30000,85,6.88,6.82166666666667,121.106317,8.2572075905834,389.281918015162,392.17776091742,392.180819,0.146575974214513,82.6146925801667,83.6081592769024,82.33,14,121.044306,2064290,2.11224446650078,5.30983333333333
80,30000,85,6.88,6.83,121.121663,8.25616141020125,441.917917689774,437.326778878477,437.329838,0.146245356586384,82.726095829,82.6155910699036,82.44,22,121.060974,2060010,2.11106594082784,5.06766666666667
80,30000,85,6.88,6.79833333333333,121.065685,8.25997887014805,391.850365743534,394.732599936749,394.735612,0.147078379841383,82.3044881858333,82.4733423213629,81.88,15,121.005995,2052490,2.0954322435213,5.10183333333333
90,30000,85,7.74,7.66333333333333,121.050451,8.2610183748923,800.5853980696,809.438272388212,809.440995,0.130451125636364,92.7649956163333,92.4540611068827,92.11,24,120.990962,2073310,2.29652936341098,5.94816666666667
90,30000,85,7.74,7.7,121.244028,8.24782891574668,847.957366732391,856.000922003896,856.003722,0.129863502480303,93.35790156,92.9661292067958,93.01,28,121.184392,2079200,2.31777905155764,5.73283333333333
90,30000,85,7.74,7.69333333333333,120.999291,8.26451123585509,1110.12491738529,1096.03433651538,1096.037012,0.12994014172422,93.088787876,93.3716018628831,92.43,36,120.938799,2072320,2.30152167296842,5.9705
90,30000,85,7.74,7.645,121.016562,8.2633317578465,687.710619218274,701.967671230216,701.970904,0.130766220861783,92.517161649,92.3051771117166,92.02,19,120.957868,2073260,2.29485364179231,5.89316666666667
90,30000,85,7.74,7.86333333333333,121.091596,8.25821141212806,1149.201979006,1157.9828375833,1157.985512,0.127158188282959,95.2183583213333,94.9136378086256,94.54,39,121.032781,2075920,2.3428697086242,5.92716666666667
90,30000,85,7.74,7.75,121.111712,8.25683976789957,920.622479025842,929.752931826452,929.755552,0.129031732601936,93.8615768,92.7749704332867,93.51,32,121.052663,2077140,2.32516118281688,5.67983333333333
90,30000,85,7.74,7.71666666666667,121.013232,8.26355914533379,1150.70444510212,1139.41512947235,1139.417927,0.129585626969762,93.38187736,93.1324910916748,93.04,40,120.954839,2072120,2.31242821700894,5.63233333333333
90,30000,85,7.74,7.88666666666667,120.968546,8.26661171904968,1048.35673895774,1063.50118014476,1063.504833,0.126785481114328,95.4038599453333,95.0765979926043,94.72,33,120.90997,2076030,2.3462361087789,5.63133333333333
90,30000,85,7.74,7.66666666666667,120.96002,8.26719440026548,691.895493401001,705.726051778478,705.728826,0.130405577961957,92.7360153333333,92.6312357352462,92.24,23,120.899943,2076160,2.30124424882092,5.76233333333333
100,30000,85,8.1,8.09,120.836009,8.275678817,2045.214124,2062.165432,2062.167907,0.123603619,97.75633128,97.70316201,97.18,49,120.781217,2083840,2.39776013375075,6.079
100,30000,85,8.1,8.058333333,121.142511,8.254740567,2309.368075,2315.185051,2315.187617,0.124092395,97.62067345,96.71181884,96.26,67,121.086699,2079900,2.37757391532685,6.0376666666666
100,30000,85,8.1,8.06,120.860691,8.273988769,1881.448939,1895.83567,1895.8392,0.124066342,97.41371695,97.00196423,96.84,40,120.805342,2079680,2.38795040791919,5.8621666666666
100,30000,85,8.1,8.075,120.620836,8.290441628,1423.094359,1447.818809,1447.821521,0.123833081,97.40132507,97.46156227,96.99,36,120.565274,2080680,2.39155052134075,6.097
100,30000,85,8.1,7.951666667,120.882632,8.272486986,1973.083344,1960.42929,1960.431759,0.125752601,96.12183955,96.39526354,95.72,48,120.827287,2077060,2.36530339197161,5.7561666666666
100,30000,85,8.1,8.24,120.816605,8.277007949,2383.471092,2436.644852,2436.648216,0.121353708,99.55288252,98.46293862,98,54,120.76156,2082990,2.41198314418248,6.0681666666666
100,30000,85,8.1,8.03,120.94665,8.268108294,1244.761428,1270.743256,1270.744718,0.124524103,97.12015995,97.21905157,96.72,31,120.890986,2081630,2.38745144426875,5.9558333333333
100,30000,85,8.1,8.011666667,121.015299,8.263418,1525.271745,1541.329783,1541.332329,0.124783148,96.95342372,96.8174727,96.4,42,120.960193,2078160,2.37862405607891,5.8608333333333
10,30000,90,0.86,0.86,122.203911,8.18304415805481,101.30799882933,128.388651362403,128.411722,1.16226182766473,10.509536346,8.32526621490803,10.56,2,122.147419,1612180,0.764539639917478,1.64916666666667
10,30000,90,0.86,0.836666666666667,122.110882,8.18927833147581,137.955640126063,129.498473591634,129.523534,1.19362735396016,10.2166104606667,11.1442786069652,10.27,2,122.050716,1628850,0.762243104027552,1.68783333333333
10,30000,90,0.86,0.841666666666667,122.482772,8.16441352258096,130.44627904927,129.799400087129,129.824216,1.1880312977703,10.3089666433333,10.9792284866469,10.36,1,122.420518,1611540,0.761645665629242,1.6645
10,30000,90,0.86,0.818333333333333,121.492373,8.23096936299038,116.8541374445,127.486285114053,127.510981,1.21970242101426,9.94212585716667,9.15564598168871,10,2,121.441002,1633900,0.758923728213669,1.43316666666667
10,30000,90,0.86,0.845,122.279145,8.17800942262068,125.921823534556,130.63256452071,130.656774,1.18004271251085,10.3325877525,9.85221674876847,10.38,2,122.215331,1586930,0.759248622995591,1.66
10,30000,90,0.86,0.793333333333333,121.949064,8.20014493920183,158.720361177,130.59581739916,130.621731,1.25629622629202,9.674625744,10.9129066107031,9.73,3,121.892792,1606060,0.752186889945579,1.54033333333333
10,30000,90,0.86,0.86,122.048294,8.19347790309957,129.449109615255,130.693803713178,130.719151,1.16274614617248,10.496153284,10.5517909002904,10.55,2,121.986601,1597150,0.762739672608755,1.56416666666667
10,30000,90,0.86,0.786666666666667,122.040877,8.19397585941635,121.065375302664,128.749444294492,128.781829,1.2672666836928,9.60054899066667,9.1005291005291,9.66,2,121.981773,1631370,0.753798054697275,1.53616666666667
10,30000,90,0.86,0.906666666666667,121.462693,8.23298064040125,125.587425052666,129.146309711397,129.174972,1.10219260900735,11.0126174986667,11.2029384756658,11.07,2,121.399571,1654880,0.776648851696951,1.66716666666667
20,30000,90,1.72,1.80166666666667,121.703096,8.21671783928981,136.258485683236,138.52300686679,138.534752,0.554550919734505,21.9268411293333,22.3300970873787,21.93,3,121.640012,1873860,0.980072188603451,2.30916666666667
20,30000,90,1.72,1.685,121.976122,8.19832589857218,151.374915475005,139.422320063304,139.434507,0.592589796827893,20.552976557,22.9362333168562,20.57,4,121.907287,1844900,0.952010865809371,1.9605
20,30000,90,1.72,1.70166666666667,121.53065,8.22837695675947,152.739604861779,140.274997181195,140.287869,0.587581840335945,20.6804656083333,22.7606461086637,20.69,4,121.478662,1879430,0.960827980397918,2.06633333333333
20,30000,90,1.72,1.76833333333333,121.9968,8.19693631308362,147.03643014016,140.936809788878,140.948434,0.56371164402639,21.5731008,22.6095148374941,21.58,3,121.93391,1872560,0.974058127118872,1.992
20,30000,90,1.72,1.71833333333333,122.09008,8.19067364031541,121.300282610852,135.837704542192,135.849533,0.580898636385063,20.9791454133333,18.8075618031992,20.99,3,122.031092,1864130,0.962679160100633,2.17083333333333
20,30000,90,1.72,1.65666666666667,121.456182,8.23342199246803,121.392002087942,134.453798126761,134.469126,0.602226671745473,20.121240818,18.6023127199598,20.14,3,121.396526,1837120,0.943549646525176,2.195
20,30000,90,1.72,1.72333333333333,122.183926,8.18438261674453,135.181499392805,138.697799447776,138.71316,0.580079052219536,21.0563632473333,19.8163363943934,21.07,3,122.116203,1854430,0.962021102391683,1.93216666666667
20,30000,90,1.72,1.80666666666667,121.63481,8.22133071938864,123.256419286185,136.51679777214,136.528439,0.553473758797971,21.9753556733333,19.870908252651,21.99,3,121.566772,1870180,0.980282138021614,2.06933333333333
20,30000,90,1.72,1.72833333333333,121.53397,8.22815217835803,131.054594462711,137.323912200579,137.335714,0.577866159994214,21.0051211483333,20.3373493975904,21.02,3,121.470538,1874740,0.965313049773009,1.91266666666667
30,30000,90,2.58,2.585,121.644741,8.22065953512943,149.353187250624,151.488321132818,151.496212,0.386640302950355,31.4451655485,30.4221720915243,31.41,4,121.586785,1956110,1.15978569852239,2.658
30,30000,90,2.58,2.54166666666667,121.61872,8.22241839085299,148.685461901768,149.783144290492,149.791382,0.393424323007213,30.9114246666667,31.1701081612586,30.87,4,121.555512,1950770,1.14899311974282,2.3365
30,30000,90,2.58,2.55666666666667,122.07414,8.19174314887658,152.044055816609,150.338678889831,150.350316,0.39109606366884,31.21028846,31.1827956989247,31.18,5,122.014591,1948920,1.15375189885554,2.62916666666667
30,30000,90,2.58,2.53,121.410522,8.23651841312403,156.176588869034,150.930832036232,150.940738,0.394766401988142,30.716862066,31.6759960487323,30.69,4,121.345779,1961380,1.14896003102244,2.53133333333333
30,30000,90,2.58,2.57833333333333,121.54954,8.22709818564513,148.372011909026,149.317776877828,149.325842,0.387542972934066,31.3395230633333,30.6946688206785,31.3,4,121.488911,1962510,1.15977047199429,2.49666666666667
30,30000,90,2.58,2.50833333333333,121.74078,8.21417441222243,150.411944685654,150.288757955482,150.296994,0.398653988612625,30.53664565,30.3221521089339,30.51,4,121.677434,1945770,1.14141543941992,2.4625
40,30000,90,3.44,3.43166666666667,121.667119,8.21914752497756,164.626405240596,165.553187571151,165.559201,0.291320744993686,41.7520996701667,41.3449866472445,41.67,5,121.606859,1987350,1.34755166202536,3.23
40,30000,90,3.44,3.52833333333333,121.481028,8.23173804554897,168.044263032883,167.394247555503,167.400183,0.283357535614077,42.862556046,43.3293978748524,42.78,5,121.420952,1994320,1.36961196412462,3.0785
40,30000,90,3.44,3.49666666666667,121.505081,8.2301085005655,162.447506083264,165.646721073403,165.653679,0.285706406698284,42.4862766563333,41.2675720752919,42.4,5,121.44342,1977780,1.35653364359511,3.11666666666667
40,30000,90,3.44,3.485,121.318019,8.24279862334383,166.486540623025,166.605293596365,166.611234,0.286927352842181,42.2793296215,41.6686588572795,42.19,5,121.257177,1973170,1.35110904119273,2.89266666666667
40,30000,90,3.44,3.47666666666667,121.253198,8.24720515825075,170.938639231934,166.857591114094,166.863877,0.287578447118888,42.1556951713333,43.0385813563384,42.08,5,121.193361,1981800,1.35254372977965,2.95216666666667
40,30000,90,3.44,3.44,121.684512,8.21797271948627,163.477839670622,164.971924528585,164.979489,0.290668816303295,41.859472128,41.3175102930492,41.78,5,121.62415,2002020,1.35509875454469,3.2805
40,30000,90,3.44,3.46,122.084586,8.19104223361989,161.663203283649,164.849611249518,164.855614,0.288947746624759,42.241266756,42.2586082350108,42.16,6,122.022292,1988960,1.35670524243467,2.9265
50,30000,90,4.3,4.28333333333333,121.343593,8.24106139662438,178.559940419471,183.465216845136,183.473995,0.233274665132685,51.9755056683333,51.274071192375,51.85,6,121.282785,1995860,1.52878675918355,3.59933333333333
50,30000,90,4.3,4.13,121.407148,8.23674731243996,189.962979444042,185.137758280065,185.142924,0.242119504702583,50.141152124,51.2608432519669,50.02,6,121.347697,2008660,1.50263114452071,3.41316666666667
50,30000,90,4.3,4.33666666666667,121.36952,8.23930093815976,189.612512653756,188.813235041122,188.818257,0.230447116142583,52.6339151733333,53.6023054755043,52.5,6,121.306911,2016700,1.55010857545846,3.56283333333333
50,30000,90,4.3,4.32666666666667,121.522248,8.22894586347679,192.003161776684,190.561685218413,190.564411,0.230890524092835,52.578625968,52.3782014249952,52.45,7,121.46113,2003980,1.54315291056095,3.6205
50,30000,90,4.3,4.44,121.552268,8.22691354471477,177.847203555592,184.038195946697,184.042969,0.225207095308934,53.969206992,53.5560142615875,53.83,6,121.489259,2008630,1.56965356358201,3.82916666666667
50,30000,90,4.3,4.42666666666667,121.550075,8.22706197425218,193.419074377692,193.371371589232,193.376062,0.225900152535768,53.8061665333333,52.832674571805,53.66,7,121.487441,2000760,1.56282198288984,3.62633333333333
50,30000,90,4.3,4.42833333333333,121.616093,8.22259600133677,180.697360953211,186.79577510764,186.801111,0.225796168490403,53.8556598501667,53.5653809971778,53.71,7,121.555158,2002460,1.56452859966938,3.87916666666667
50,30000,90,4.3,4.21166666666667,121.647268,8.22048876592938,182.90298602981,184.412716041551,184.417647,0.237065401739612,51.2337743726667,51.1968348170129,51.11,8,121.585067,2004540,1.51989125455637,3.39466666666667
50,30000,90,4.3,4.35833333333333,121.144933,8.25457553391853,179.310501119777,184.669561006119,184.674521,0.229383529080688,52.7989999658333,51.7874211431849,52.67,6,121.08385,2006240,1.54809805556439,3.8385
60,30000,90,5.16,5.175,121.322917,8.24246584839367,251.727300091703,240.480056942995,240.485177,0.19321623853752,62.7846095475,64.3374657865078,62.6,10,121.261689,2025980,1.73378505175041,4.16533333333333
60,30000,90,5.16,5.23333333333333,121.275208,8.24570838913754,230.875240970392,228.10050421242,228.104828,0.191073304130255,63.4673588533333,65.2921509313804,63.28,7,121.214399,2019680,1.74224763553725,4.086
60,30000,90,5.16,5.19,121.389544,8.23794181152868,228.559868673193,227.728514567759,227.732587,0.192625805145793,63.001173336,63.429121849414,62.81,7,121.326631,2024350,1.73658580461458,4.12466666666667
60,30000,90,5.16,5.16,121.441644,8.23440763038419,207.630019889923,214.214549937016,214.218864,0.193750758928941,62.663888304,62.4414661714839,62.48,7,121.378755,2016160,1.726104705921,4.0645
60,30000,90,5.16,5.08333333333333,121.377575,8.23875415207463,201.525683776645,208.888264652787,208.89255,0.196717103810492,61.7002672916667,60.1704638583839,61.42,8,121.316474,2028420,1.71420042846589,4.16266666666667
60,30000,90,5.16,5.19333333333333,121.107529,8.25712495546004,235.21745514938,230.649199396341,230.653308,0.192469833100449,62.8951767273333,63.853682015081,62.72,9,121.043539,2022150,1.73374171097485,4.16833333333333
70,30000,90,6.02,5.88833333333333,120.977353,8.26600992005504,249.634417828691,257.298513064534,257.303337,0.169817318567789,71.2354980248333,69.6476581293335,71.01,10,120.91535,2031770,1.88674068344166,5.05783333333333
70,30000,90,6.02,6.15666666666667,121.346243,8.24088142555843,305.792650556883,303.912980098809,303.91723,0.162407374575257,74.7088369403333,75.6665313303559,74.46,13,121.284161,2053880,1.962959823987,4.84166666666667
70,30000,90,6.02,6.16333333333333,121.087052,8.25852131572251,285.872987404524,289.990102907788,289.993581,0.162192207231477,74.6299863826667,74.1922400973368,74.39,10,121.025663,2042180,1.95386641957064,5.0255
70,30000,90,6.02,5.92333333333333,121.093028,8.25811375366714,277.613015688737,276.266294812043,276.270053,0.168811946747327,71.7274369186667,72.1198480798987,71.37,10,121.029863,2042340,1.89994556039535,4.73366666666667
70,30000,90,6.02,5.97166666666667,121.041271,8.26164490622376,266.268307844576,270.927197869941,270.930873,0.167403063623779,72.2818123321667,72.5547648946561,72.05,9,120.980707,2039020,1.90995586693837,4.96316666666667
70,30000,90,6.02,5.95,121.243913,8.24783673882251,284.097394734396,282.129314962465,282.133031,0.168066575457983,72.140128235,72.1887690799608,71.91,11,121.182845,2042860,1.90994307704568,4.75666666666667
70,30000,90,6.02,5.87833333333333,121.391698,8.23779563574438,247.90434105876,255.162769906153,255.167629,0.170101227306209,71.3580864743333,71.7647058823529,71.01,10,121.329645,2038740,1.89120125539691,5.20283333333333
70,30000,90,6.02,6.03666666666667,121.22505,8.24912012822432,331.194346031213,319.191156094975,319.194641,0.165521293243788,73.17952185,73.7750172532781,72.94,12,121.163327,2047210,1.93123193269207,4.59033333333333
70,30000,90,6.02,6.1,121.430992,8.23512995759764,278.605672879052,283.232048705191,283.235601,0.163910139081694,74.07290512,73.0911077721623,73.83,12,121.369134,2047190,1.94717876232678,4.98283333333333
80,30000,90,6.88,7.01,120.981531,8.26572446004176,468.180400789282,466.415805244175,466.418848,0.142648513290775,84.808053231,85.3797694044931,84.36,14,120.922215,2059030,2.14497027406403,5.50083333333333
80,30000,90,6.88,6.91666666666667,121.085764,8.25860916234546,465.799591571926,460.269520584819,460.272556,0.14445720941759,83.7509867666667,84.0621611853994,83.45,21,121.025029,2062070,2.13083404392857,5.33616666666667
80,30000,90,6.88,6.94666666666667,121.086639,8.25854948372958,453.376330153696,451.060192540307,451.063255,0.143948498224808,84.114851892,84.7307184838671,83.81,19,121.025779,2061250,2.13671997049623,5.4455
80,30000,90,6.88,6.995,121.06824,8.25980455320074,494.133263741097,488.953252085061,488.956285,0.142917090667858,84.68723388,83.9904705181656,84.39,24,121.00884,2062560,2.14818417414631,5.38633333333333
80,30000,90,6.88,6.97333333333333,121.088708,8.25840837281045,429.644867576714,433.0253801587,433.028556,0.143361376323614,84.4391923786667,84.5262277452503,84,14,121.028926,2060890,2.13987920328233,5.53116666666667
80,30000,90,6.88,7.00166666666667,120.888431,8.27209015559148,424.135257573276,428.728676789098,428.733697,0.142657380859557,84.6420497718333,84.0414137807926,84.34,17,120.826533,2055600,2.14201395592134,5.38083333333333
90,30000,90,7.74,7.515,120.800102,8.27813870554513,740.272052266093,737.58783345132,737.590712,0.133056472848082,90.781276653,90.7528550837122,90.29,29,120.740212,2073300,2.26346762185015,5.84016666666667
90,30000,90,7.74,7.605,120.816311,8.27702809101662,864.893787835862,860.861003030901,860.863787,0.131432936461319,91.8808045155,91.5196669223184,91.54,41,120.756153,2074790,2.28739070164868,5.83216666666667
90,30000,90,7.74,7.74666666666667,120.981067,8.26575616166454,977.482048231648,982.051302014845,982.054101,0.129086735679862,93.7199999026667,93.460255996558,93.36,38,120.921827,2075940,2.32142905528661,5.82816666666667
90,30000,90,7.74,7.83833333333333,121.228139,8.24890993336126,1065.89523353172,1077.42565396449,1077.428414,0.127529295129279,95.0226562861667,94.8123737642181,94.35,37,121.168995,2075710,2.33923738126747,5.53266666666667
90,30000,90,7.74,7.68,121.231781,8.24866212268217,732.102252178945,746.38453973546,746.388115,0.130166803575087,93.106007808,92.3619398936747,92.6,25,121.172746,2076450,2.30803175656547,5.63633333333333
90,30000,90,7.74,7.705,121.112583,8.25678038755065,838.885116080582,847.263445498378,847.266283,0.129777152544452,93.3172452015,92.6246350167622,92.81,30,121.053995,2073480,2.30938356437001,5.62366666666667
90,30000,90,7.74,7.6,121.030903,8.26235263236861,699.802076180474,709.909174343421,709.911991,0.131577952217983,91.98348628,91.4921609472646,91.49,22,120.972778,2074600,2.2863263069433,6.0195
100,30000,90,8.1,8.093333333,121.022226,8.262945023,1360.275491,1393.943002,1393.945474,0.123521099,97.94732158,97.67322146,97.37,45,120.96641,2079840,2.39774483473772,6.071
100,30000,90,8.1,7.943333333,120.97841,8.265937699,1563.59038,1565.199983,1565.202554,0.125837482,96.09718368,96.51736075,95.7,41,120.92263,2075490,2.36359520875545,5.872
100,30000,90,8.1,8.003333333,120.965302,8.26683341,1071.807448,1101.097968,1101.100568,0.124912865,96.81256337,96.31441957,96.25,41,120.909953,2076910,2.3748171571012,5.9603333333333
100,30000,90,8.1,8.131666667,120.962266,8.267040897,2382.438283,2406.332941,2406.335518,0.1229707,98.36248264,97.98135055,97.63,68,120.907217,2078970,2.40172201879618,5.842
100,30000,90,8.1,8.026666667,121.104921,8.257302773,1733.141164,1749.393446,1749.395989,0.124582743,97.20688326,96.98951521,96.33,51,121.049672,2076710,2.3761002356636,5.6928333333333
100,30000,90,8.1,8.18,120.989355,8.265189942,2668.266938,2705.603327,2705.60677,0.1222283,98.96929239,98.69613935,98.23,60,120.934225,2079640,2.41323710530732,5.9448333333333
100,30000,90,8.1,7.981666667,120.929889,8.269254262,1370.598414,1386.000802,1386.003356,0.125259841,96.5222064,96.76375405,96.12,36,120.87489,2077380,2.37285624508431,5.7113333333333
100,30000,90,8.1,7.995,120.870858,8.273292806,2097.871879,2087.034562,2087.038186,0.125025439,96.63625097,96.93590412,96.24,56,120.815871,2076830,2.37456635053645,5.6081666666666
100,30000,90,8.1,7.901666667,120.977301,8.266013473,1049.304962,1066.273331,1066.277103,0.126547996,95.59223067,95.57102183,95.2,30,120.92215,2076590,2.35544203485911,5.6718333333333
100,30000,90,8.1,8.063333333,120.926787,8.269466384,1278.065304,1308.758245,1308.761758,0.123989699,97.50729925,97.4785574,96.79,31,120.871595,2079920,2.38724734008797,5.9481666666666
10,30000,95,0.86,0.856666666666667,121.95781,8.19955687954712,136.130049574026,130.558206996109,130.583374,1.1671633886751,10.4477190566667,10.9815354713314,10.5,2,121.903666,1602270,0.76260296661592,1.778
10,30000,95,0.86,0.84,122.407644,8.16942445195661,110.90660248242,129.496370238095,129.521351,1.1873847529504,10.282242096,8.72150644202181,10.34,2,122.342884,1628130,0.763163731744234,1.53716666666667
10,30000,95,0.86,0.813333333333333,121.906068,8.20303711214769,118.294545027434,128.600196477459,128.626191,1.22459880172746,9.915026864,9.41658137154555,9.97,2,121.847233,1606360,0.75559489742964,1.50783333333333
10,30000,95,0.86,0.808333333333333,121.884234,8.20450658122034,150.339218788156,130.38490163299,130.410715,1.23283316585773,9.852308915,11.3285272914521,9.91,2,121.823994,1598440,0.753920964399338,1.64333333333333
10,30000,95,0.86,0.843333333333333,121.942242,8.20060369236118,124.078676806262,128.114734501976,128.139162,1.18534205248024,10.283795742,10.2665350444225,10.34,2,121.884239,1665780,0.767249618549824,1.691
10,30000,95,0.86,0.903333333333333,121.797797,8.21032912442579,155.083578485554,131.65830953321,131.692823,1.10341482367712,11.0024009956667,12.9032258064516,11.05,2,121.735735,1636540,0.774254558313828,1.6965
10,30000,95,0.86,0.803333333333333,121.494671,8.23081367906252,103.196955689807,128.258928634855,128.284742,1.24388862379253,9.76007190366667,7.66839378238342,9.82,2,121.429451,1616760,0.754565505102258,1.5795
10,30000,95,0.86,0.87,121.744066,8.21395270304181,120.992135511192,129.389729624521,129.413019,1.14915172282376,10.591733742,9.76076555023924,10.64,2,121.683225,1635530,0.768264773339197,1.54566666666667
10,30000,95,0.86,0.773333333333333,122.164401,8.18569069069475,141.976912512527,130.083278109914,130.110169,1.29236294574785,9.447380344,10.3336921420883,9.5,2,122.096726,1572440,0.745549989603839,1.701
10,30000,95,0.86,0.836666666666667,121.856965,8.20634257549415,118.927275970744,129.118825762948,129.153274,1.19431715325299,10.1953660716667,9.95024875621891,10.25,1,121.799245,1640150,0.763175142980265,1.634
20,30000,95,1.72,1.715,121.344819,8.24097813356168,123.188108241284,136.007137103984,136.019666,0.582993089414966,20.8106364585,19.2812044681884,20.82,3,121.277874,1877090,0.962499418610175,2.238
20,30000,95,1.72,1.66166666666667,121.637931,8.22111977554107,138.158837414499,137.977477759278,137.990159,0.601329166174524,20.2121695345,20.0501253132832,20.23,4,121.579416,1842820,0.946110349226963,2.12766666666667
20,30000,95,1.72,1.68666666666667,122.196774,8.18352209527234,137.60796369492,138.361638949605,138.374285,0.592060789293478,20.610522548,20.641975308642,20.62,3,122.136387,1852700,0.95436775188455,2.28116666666667
20,30000,95,1.72,1.67333333333333,121.410975,8.23648768161198,140.404038400901,138.516690827689,138.529335,0.596208802922311,20.31610315,20.1095072175212,20.33,3,121.348909,1860890,0.951266868068615,2.09183333333333
20,30000,95,1.72,1.73333333333333,121.767121,8.21239749932168,130.299781909585,137.857545906731,137.869771,0.576605747496154,21.1063009733333,19.9903892359443,21.12,3,121.705099,1872570,0.966514841072992,2.29
20,30000,95,1.72,1.71333333333333,121.43647,8.23475847082841,129.386417074467,137.438344600195,137.450329,0.583330228368677,20.8061151933333,19.8347107438017,20.82,3,121.37233,1867740,0.960626394776691,2.15133333333333
20,30000,95,1.72,1.64833333333333,121.828981,8.208227564507,145.920435554107,137.679576461072,137.692207,0.606226881278059,20.0814770348333,21.6270843860536,20.09,3,121.771916,1854640,0.946142659908243,2.07733333333333
20,30000,95,1.72,1.705,121.376415,8.2388328902283,136.384409199071,137.089282450635,137.101272,0.585407914286413,20.6946787575,21.1040547142159,20.71,3,121.312981,1840230,0.953342335058455,2.2105
20,30000,95,1.72,1.72833333333333,121.281625,8.2452721094395,132.727631838831,136.132597727097,136.148228,0.57835269076567,20.9615075208333,20.144578313253,20.98,3,121.219837,1858180,0.961315606546662,2.25333333333333
30,30000,95,2.58,2.53666666666667,121.569361,8.22575681713092,142.539955852748,147.960454672799,147.971573,0.394123805337714,30.8380945736667,29.5894909688013,30.81,4,121.507923,1942930,1.14571124220825,2.66783333333333
30,30000,95,2.58,2.56166666666667,121.769816,8.21221574318549,151.451195709094,149.351487754717,149.359675,0.39032722745218,31.1933678653333,32.0325203252033,31.16,4,121.710972,1924720,1.14637074265549,2.70666666666667
30,30000,95,2.58,2.56,122.056946,8.19289710886261,166.90225349821,155.375635968099,155.385349,0.390543974991536,31.246578176,32.9645297754637,31.21,4,121.993942,1919770,1.1457716196615,2.643
30,30000,95,2.58,2.575,121.974124,8.19846019144192,165.843209066095,153.560969126214,153.56929,0.388216189156634,31.40833693,34.3578130054998,31.37,4,121.911889,1940940,1.15465948790576,2.8
30,30000,95,2.58,2.555,121.726896,8.21511130950057,150.583479078148,149.788088028702,149.796576,0.390799007071102,31.101221928,31.3661558526247,31.07,3,121.670352,1942170,1.14991577001339,2.61583333333333
30,30000,95,2.58,2.535,121.846381,8.20705540692259,147.523886748842,149.318754986193,149.327073,0.394303192368179,30.8880575835,30.4962208347026,30.86,4,121.79154,1959590,1.1513647790153,2.4985
30,30000,95,2.58,2.57,121.914693,8.20245677852792,136.470558558104,147.041018674449,147.049355,0.388425694758755,31.332076101,29.3679092382496,31.3,4,121.853596,1967240,1.16115221813295,2.81416666666667
30,30000,95,2.58,2.545,121.823988,8.20856398166837,142.508496811887,147.504072106745,147.512916,0.392857610633923,31.004204946,30.4418985270049,30.97,3,121.764968,1933660,1.14575313351449,2.54433333333333
40,30000,95,3.44,3.5,121.766295,8.21245320800801,159.757880776686,165.155990954762,165.161841,0.285706072434286,42.61820325,41.061651987622,42.54,7,121.707541,1986640,1.36241963383594,3.39983333333333
40,30000,95,3.44,3.38166666666667,121.872712,8.2052822456269,161.29754917335,163.814105845244,163.821159,0.295503366237063,41.2132887746667,40.6011332840601,41.14,4,121.809637,1987730,1.3384689850903,3.33416666666667
40,30000,95,3.44,3.365,121.648858,8.22038132080122,163.046257385734,164.346703046062,164.353324,0.296296437855374,40.934840717,39.8613518197574,40.86,5,121.585713,1989260,1.33416878290923,3.33233333333333
40,30000,95,3.44,3.44333333333333,121.343842,8.24104448580094,160.350813664438,164.890647946273,164.894543,0.290345065408035,41.7827295953333,40.503266392451,41.7,5,121.283926,1976590,1.34395042657157,3.32583333333333
40,30000,95,3.44,3.37166666666667,121.369113,8.23932856788696,160.350190745639,163.10934671824,163.116207,0.296294018116164,40.9216192665,41.0180380528787,40.85,5,121.30869,1972780,1.32780171019027,3.30766666666667
50,30000,95,4.3,4.21833333333333,121.205408,8.25045694330735,171.134889643748,178.678790928487,178.684314,0.236989483911893,51.1284812746667,50.2468891961288,51,6,121.14309,1998360,1.51508799897476,3.48816666666667
50,30000,95,4.3,4.23833333333333,121.627209,8.22184450520442,197.909114401935,192.835655069603,192.841961,0.235910931761306,51.5496654145,52.4670729310006,51.42,8,121.566708,2004990,1.52554529438843,3.9185
50,30000,95,4.3,4.08333333333333,121.757793,8.21302666023193,167.995702667927,176.166937161633,176.173521,0.244826931617959,49.717765475,48.9900020403999,49.6,5,121.696714,2002410,1.49241357488378,3.5925
50,30000,95,4.3,4.44,121.699299,8.2169741996624,195.429056378578,194.663094260135,194.667796,0.225144775113739,54.034488756,53.6686057421655,53.89,6,121.638481,2010570,1.57165985621,3.868
50,30000,95,4.3,4.365,121.444652,8.23420367658512,182.611382120221,187.331343729286,187.336317,0.228927418967545,53.010590598,52.0710059171598,52.88,5,121.382043,2003870,1.55064822292267,3.765
50,30000,95,4.3,4.37666666666667,121.488603,8.23122478410588,175.50628234198,182.138567046078,182.145098,0.228470555918888,53.171511913,51.5705311250714,53.04,5,121.425186,2004240,1.55363526226254,3.64316666666667
50,30000,95,4.3,4.25333333333333,121.087599,8.25848400875469,203.147691580263,193.266805926332,193.271814,0.235106947556818,51.502592108,53.4965719882468,51.38,8,121.025087,2016380,1.53017348671976,3.81616666666667
50,30000,95,4.3,4.34,121.768155,8.21232776336309,176.714707706354,183.281177817204,183.286145,0.230412697720046,52.84737927,53.3115761182569,52.71,6,121.708243,2015570,1.55327630016219,3.82683333333333
50,30000,95,4.3,4.175,121.240838,8.24804592657138,185.747045123483,184.800034921757,184.805022,0.239403452379242,50.618049865,50.8880462981441,50.5,6,121.179936,1994560,1.50458642007916,3.42283333333333
50,30000,95,4.3,4.28166666666667,121.425072,8.23553145597476,192.15137965645,189.704212025691,189.709274,0.23316438327248,51.990168328,52.0723876240514,51.86,6,121.36229,2010830,1.53603073841103,3.46066666666667
60,30000,95,5.16,5.17333333333333,121.309932,8.24334812091066,214.001789885982,218.870895063144,218.874892,0.193247740969072,62.757671488,61.426960863263,62.57,7,121.246948,2026960,1.73380736466552,4.532
60,30000,95,5.16,5.21,121.175846,8.25246972073956,223.186536489357,223.780767038068,223.786487,0.191924397137236,63.132615766,64.4170798016952,62.95,8,121.112975,2025610,1.73978575144053,4.17083333333333
60,30000,95,5.16,5.17666666666667,121.396532,8.23746760739426,217.208605142055,219.476819226658,219.4825,0.193141745518996,62.8429380653333,62.6911314984709,62.66,8,121.333522,2025760,1.73472515569983,4.07516666666667
60,30000,95,5.16,5.16333333333333,121.32516,8.24231346573126,222.394621692143,222.710328795997,222.714522,0.193590448695287,62.64422428,62.965951266742,62.46,8,121.263271,2025020,1.73075803599072,4.49766666666667
60,30000,95,5.16,5.21666666666667,121.40544,8.23686319163293,213.768176954247,219.206466550479,219.21069,0.191618435461342,63.3331712,63.1209072033222,63.15,7,121.343157,2028430,1.74494500415262,4.23483333333333
60,30000,95,5.16,5.135,121.270674,8.24601667506194,206.717823692953,213.18164618111,213.186659,0.194641681675106,62.272491099,61.1066039266591,62.09,7,121.209239,2031670,1.72793102853824,4.07966666666667
60,30000,95,5.16,5.11,121.534028,8.22814825161559,225.050519103129,223.552303369211,223.556474,0.195661263588063,62.103888308,61.519647806946,61.92,9,121.470228,2026470,1.72199182528764,4.25133333333333
70,30000,95,6.02,5.94333333333333,121.137652,8.25507167664105,276.620659673558,277.55934729585,277.563228,0.168220051961021,71.9961445053333,71.5687648955559,71.76,10,121.076451,2039940,1.90537099633667,4.91366666666667
70,30000,95,6.02,5.915,127.776412,7.82617060807749,294.827995370867,302.940092321499,302.943536,0.169020161622711,75.579747698,74.7992675024651,75.33,10,127.714281,2042240,1.97072243014101,4.45333333333333
70,30000,95,6.02,5.98333333333333,121.416031,8.23614469822358,253.966382193183,262.408881234819,262.413066,0.167106224932591,72.6472585483333,71.549923408996,72.41,8,121.354284,2042530,1.91867515004882,4.8225
70,30000,95,6.02,5.96666666666667,121.44722,8.23402956444783,283.940244293461,282.91923510838,282.923064,0.167447583040782,72.4635079333333,73.006563329144,72.23,10,121.386597,2039430,1.9134376117315,4.25933333333333
70,30000,95,6.02,6.105,121.132303,8.25543620680604,276.674058576611,281.609314239148,281.6128,0.163794175898171,73.9512709815,73.5498839907193,73.59,11,121.071081,2039750,1.93794545229295,4.73366666666667
70,30000,95,6.02,5.9,120.860018,8.27403484252336,308.799628511725,297.255390039266,297.258956,0.169489388273729,71.30741062,72.7863296144612,71.08,16,120.799597,2041600,1.8942834125066,4.21583333333333
70,30000,95,6.02,6.02666666666667,121.286038,8.24497210470343,335.161850368701,322.348553854812,322.352072,0.16591017376604,73.0950522346667,73.372044794691,72.73,16,121.222564,2045060,1.92605773834384,4.73216666666667
70,30000,95,6.02,6.10833333333333,121.073027,8.25947797604829,338.721194248275,327.179131261664,327.183702,0.1636992345397,73.9554406591667,73.8371299959078,73.59,14,121.011016,2039610,1.93785269290917,4.61166666666667
70,30000,95,6.02,5.925,121.219492,8.24949835625445,274.727393881352,275.572857535584,275.57778,0.168771701843319,71.82254901,70.7776684010688,71.59,10,121.157627,2043790,1.90481669369349,4.59566666666667
80,30000,95,6.88,6.91166666666667,120.98327,8.26560564944228,375.826704940629,384.947055708223,384.950049,0.144659400890764,83.6196034483333,82.9776974080772,83.32,15,120.921641,2063590,2.1296225209556,5.05566666666667
80,30000,95,6.88,6.85166666666667,121.013831,8.26351824197682,379.82824486249,386.095353118219,386.098502,0.145920982853564,82.9146432068333,82.6462361668491,82.62,14,120.953196,2060760,2.11487026257596,4.9405
80,30000,95,6.88,6.83166666666667,121.119589,8.2563027851754,363.488118392865,371.530842201757,371.53431,0.146351033393755,82.7448658851667,82.7783876082449,82.45,12,121.057747,2059140,2.11060243528685,4.815
80,30000,95,6.88,6.86,121.279297,8.24543038042181,397.886766582186,401.352299982993,401.355409,0.145743395819728,83.197597742,83.4203813919592,82.9,18,121.218851,2060770,2.11993209995163,4.65533333333333
80,30000,95,6.88,6.815,121.197123,8.25102094213903,408.343146025508,408.102089358523,408.105218,0.146615274465884,82.5958393245,82.1983127521702,82.3,35,121.1344,2061190,2.10941152090844,4.745
80,30000,95,6.88,6.89666666666667,121.244442,8.24780075279657,433.118309934656,432.079582284437,432.083571,0.144978557990575,83.618250166,83.9313761024526,83.32,16,121.183967,2061860,2.12832883067786,5.2515
80,30000,95,6.88,6.84333333333333,121.014378,8.2634808898493,416.018016178953,415.050688929128,415.053917,0.146011603876522,82.814172678,83.0877876537197,82.52,14,120.952161,2058930,2.11170947505923,5.327
80,30000,95,6.88,6.88333333333333,121.231845,8.24865776809715,352.30156108533,364.173641265133,364.17682,0.145271015420581,83.447919975,83.1134245248759,83.02,13,121.169492,2059510,2.12115936609421,4.90166666666667
80,30000,95,6.88,6.93666666666667,121.152973,8.25402774061517,402.457238593712,409.060911823162,409.063905,0.144142695846708,84.0397789376667,83.5435435435436,83.74,14,121.09308,2055960,2.13148075831784,4.942
90,30000,95,7.74,7.88,121.057898,8.26051018992582,1034.20290290704,1048.83319089234,1048.836018,0.12690036529209,95.393623624,94.8609495611716,94.87,33,120.999527,2077870,2.35052599173671,5.50533333333333
90,30000,95,7.74,7.73666666666667,120.809851,8.27747068407526,856.755660023429,866.967534787161,866.971222,0.129252498425463,93.4665547236667,93.7318255250404,93.11,25,120.751059,2077690,2.3183416788288,5.55433333333333
90,30000,95,7.74,7.66666666666667,120.807839,8.27760854161128,1312.13053401568,1280.43728037174,1280.440059,0.130359800438913,92.6193432333333,92.3921312900772,91.81,49,120.747709,2071130,2.2892886354904,5.19666666666667
90,30000,95,7.74,7.64666666666667,121.034072,8.26213630158622,821.891923242776,825.939303573888,825.94199,0.130737938056234,92.5507203893333,92.5138934292252,92.21,32,120.974287,2076910,2.30131791240114,5.24133333333333
90,30000,95,7.74,7.70833333333333,121.073856,8.25942142290405,729.493086211279,745.695110184865,745.69784,0.129644314677622,93.327764,93.1142579180629,92.98,22,121.014486,2074520,2.31333695877055,5.49933333333333
90,30000,95,7.74,7.76666666666667,120.882261,8.27251237466513,877.113979094693,888.370949356867,888.374029,0.128658703493348,93.88522271,93.4556378071022,93.53,26,120.823231,2076390,2.32489715580288,5.68366666666667
90,30000,95,7.74,7.67833333333333,120.833667,8.27583921623433,784.51472970253,792.752004250923,792.754963,0.130213530890818,92.7801173115,92.5881714595768,92.28,29,120.774003,2073060,2.29941022159482,5.4295
90,30000,95,7.74,7.65666666666667,120.838558,8.27550424757634,873.003453382324,872.831011710492,872.834841,0.130591038314323,92.5220559086667,92.7522037218413,92.03,32,120.779578,2071550,2.29362605034418,5.36916666666667
100,30000,95,8.1,8.116666667,120.854972,8.274380304,2652.190713,2661.56604,2661.568568,0.123173423,98.09395227,97.33086952,96.72,63,120.800056,2080150,2.38617098324242,5.7903333333333
100,30000,95,8.1,8.126666667,121.124992,8.255934498,2199.878424,2227.718514,2227.720982,0.123043957,98.4342435,98.19542705,98.02,51,121.069135,2081710,2.4112260652837,5.9466666666666
100,30000,95,8.1,8.095,120.804102,8.277864604,1988.697648,2007.960348,2007.962912,0.123504401,97.79092057,97.26196603,97.06,47,120.749006,2077320,2.38990933520427,5.9715
100,30000,95,8.1,8.035,120.976098,8.266095671,1829.391414,1843.458304,1843.460769,0.124373143,97.20429474,97.22078191,96.64,43,120.920514,2082330,2.38659783898033,5.756
100,30000,95,8.1,8.121666667,120.98876,8.265230588,2404.591553,2424.659102,2424.661578,0.12309627,98.26303791,98.15327793,97.7,52,120.933582,2080030,2.40392297010835,5.8153333333333
100,30000,95,8.1,7.973333333,120.919416,8.269970474,1620.277086,1628.591971,1628.59451,0.125406612,96.41308102,95.93478942,95.7,51,120.863383,2077370,2.36520494293754,5.7955
100,30000,95,8.1,7.918333333,120.930462,8.26921508,1342.136736,1350.057494,1350.060066,0.126282791,95.75677083,95.62243502,95.21,52,120.874924,2076160,2.35525759741571,5.9051666666666
100,30000,95,8.1,8.141666667,121.016881,8.263309976,2657.474382,2680.981901,2680.985388,0.12265152,98.52791061,97.52328318,97.15,62,120.961141,2082500,2.39604814255018,6.0863333333333
100,30000,95,8.1,7.956666667,120.868373,8.273462902,1382.291054,1389.111594,1389.114202,0.12567383,96.17093545,95.97863651,95.78,41,120.812049,2077850,2.36707202820829,5.7405
100,30000,95,8.1,8.116666667,121.008167,8.26390503,1274.137745,1314.634221,1314.636651,0.123180303,98.21829555,98.0289498,97.81,36,120.953866,2081950,2.40760666415968,6.0903333333333
10,40000,75,0.86,0.908333333333333,122.574446,8.15830731961864,133.19990918188,131.529056343119,131.552178,1.09923568120917,11.1338455116667,10.9990834097159,11.19,2,122.507009,1646070,0.777366697493128,1.50616666666667
10,40000,75,0.86,0.881666666666667,121.796173,8.21043859892051,162.795803723954,132.197164175803,132.230661,1.12574670828166,10.7383625861667,13.2200188857413,10.79,2,121.730638,1632900,0.770117977267401,1.53383333333333
10,40000,75,0.86,0.911666666666667,121.870041,8.20546207906831,134.231549422754,130.188062491773,130.210806,1.09635514147349,11.1104854045,11.5068493150685,11.16,2,121.807865,1645680,0.776889005245165,1.51366666666667
10,40000,75,0.86,0.816666666666667,121.92568,8.20171763651431,124.820570430007,129.181128153061,129.20713,1.22096454363878,9.95726386666667,9.58205912334353,10.01,2,121.865459,1643540,0.7600851458203,1.5165
10,40000,75,0.86,0.865,122.354131,8.1729974446061,166.90125565378,132.507700651252,132.535431,1.15189824612909,10.5836323315,13.4744947064485,10.64,2,122.293674,1636220,0.768341467368601,1.469
10,40000,75,0.86,0.896666666666667,122.386484,8.17083690385288,134.615982023589,130.296637388476,130.321148,1.11387341336245,10.9739880653333,11.8848653667595,11.02,2,122.317846,1652960,0.775704247620181,1.61483333333333
10,40000,75,0.86,0.901666666666667,122.081443,8.1912531128912,157.705285687221,132.934020051756,132.957328,1.10632273566728,11.0076767771667,12.5577100646353,11.06,3,122.018311,1653380,0.776331646282483,1.62783333333333
20,40000,75,1.72,1.69666666666667,121.960318,8.19938826332021,150.458174074321,140.828084609037,140.840639,0.588708380766208,20.6926006206667,21.4040255277369,20.7,5,121.901537,1876760,0.9604605538635,2.137
20,40000,75,1.72,1.61,122.06919,8.19207533039254,118.246988397014,134.772870778468,134.786019,0.62011023049793,19.65313959,17.4857734092085,19.67,3,122.011425,1864010,0.941102028260086,1.99683333333333
20,40000,75,1.72,1.60833333333333,122.718984,8.14869849313616,150.369080424919,140.060423650777,140.074762,0.621671861809326,19.73730326,21.387881926463,19.75,3,122.658017,1857830,0.941228190523958,2.06633333333333
20,40000,75,1.72,1.735,122.219611,8.18199298637925,133.923445042273,138.954670760807,138.966524,0.575827233758886,21.2051025085,19.7791646663466,21.21,3,122.158589,1864080,0.966261356760968,1.95833333333333
20,40000,75,1.72,1.67,122.041179,8.19395558281193,143.951498499261,139.398172506986,139.411165,0.598281205047904,20.380876893,20.9476309226933,20.4,3,121.979167,1862980,0.952818899299013,1.95783333333333
20,40000,75,1.72,1.74333333333333,121.688775,8.21768482754469,141.1424222963,138.728942517208,138.744975,0.573570135259082,21.214409775,22.4080267558528,21.22,3,121.628347,1870850,0.967804552968929,2.03566666666667
20,40000,75,1.72,1.70166666666667,121.191426,8.25140880840861,128.865052689411,135.647470055828,135.663021,0.586495499501469,20.622740991,20.0685266764562,20.64,3,121.1347,1846120,0.953384576630267,2.087
20,40000,75,1.72,1.69833333333333,122.048584,8.19345843455259,151.318186434209,139.477611961727,139.491181,0.588661690837095,20.7279178493333,22.4619911721432,20.74,3,121.988965,1849760,0.95572832866242,1.9955
20,40000,75,1.72,1.68833333333333,121.729485,8.21493658664538,125.063859028486,135.711051426456,135.724042,0.591993836198421,20.5519947175,19.0429205722743,20.57,2,121.673102,1856870,0.954382523886673,2.1405
30,40000,75,2.58,2.66666666666667,121.864945,8.20580520509815,151.124648547329,151.077044365625,151.087132,0.37479292600875,32.4973186666667,32.2399250234302,32.46,4,121.809883,1946890,1.17499009034094,2.93316666666667
30,40000,75,2.58,2.56,122.094874,8.19035203721984,163.72437357631,153.966502788412,153.974478,0.390551831328125,31.256287744,32.6391148714611,31.22,4,122.03656,1932220,1.14956800190709,2.53616666666667
30,40000,75,2.58,2.54833333333333,121.534936,8.22808677827419,149.576318023711,149.372061502289,149.380626,0.391885207470242,30.9711528573333,30.8597580908794,30.94,4,121.477006,1941280,1.14744694634206,2.44433333333333
30,40000,75,2.58,2.65833333333333,121.598926,8.2237568446945,158.675113883188,152.552321963009,152.560043,0.375413861272727,32.3250478283333,33.7198370416797,32.29,5,121.542322,1944690,1.17142916607505,2.41966666666667
30,40000,75,2.58,2.61666666666667,121.841793,8.20736444677895,150.140833074785,150.613319161783,150.624583,0.381840249374522,31.881935835,32.0280165552372,31.85,5,121.781829,1948620,1.16510088367922,2.5435
30,40000,75,2.58,2.62833333333333,121.839374,8.20752739586466,163.523390417119,153.22497228345,153.232726,0.380353772152822,32.0234487996667,34.86529318542,31.99,4,121.779293,1950390,1.16801831712243,2.6395
30,40000,75,2.58,2.495,121.739002,8.21429438036629,156.172110498125,150.665082458918,150.675145,0.400729842600534,30.373880999,30.8180300500835,30.35,4,121.679116,1945390,1.138580530611,2.72
30,40000,75,2.58,2.58166666666667,121.420209,8.23586129719148,149.239086891771,150.78355873725,150.792339,0.386977743315042,31.3466506235,31.0422717005486,31.32,4,121.360924,1941880,1.15408415703281,2.76816666666667
40,40000,75,3.44,3.41333333333333,121.790199,8.21084133379238,156.745789602148,162.045291578125,162.053858,0.292444178131836,41.571054592,40.8591652428606,41.49,5,121.730889,1989200,1.34512371550077,3.335
40,40000,75,3.44,3.36666666666667,121.735526,8.21452892888474,166.266069814108,166.162336386139,166.168655,0.296782762271287,40.9842937533333,40.4355357584756,40.91,6,121.675335,1979260,1.33127700222031,2.99566666666667
40,40000,75,3.44,3.41166666666667,121.408571,8.23665077155055,158.258936959474,161.042812496825,161.049092,0.293085581534441,41.4205574728333,42.1245421245421,41.34,4,121.346454,1982150,1.33983053369949,3.50433333333333
40,40000,75,3.44,3.42333333333333,121.640012,8.22097912979489,154.551850581868,161.736839748783,161.743189,0.292082476513632,41.6414307746667,40.7155025553663,41.56,4,121.581748,1996580,1.34916257625549,3.25533333333333
40,40000,75,3.44,3.445,121.653816,8.22004629924638,163.424902992789,164.694608395259,164.700704,0.290031129208515,41.909739612,42.2249093107618,41.82,4,121.596047,1976640,1.34604733473314,3.35433333333333
40,40000,75,3.44,3.40666666666667,121.761236,8.21279442334176,160.590271546161,164.250319426125,164.256465,0.29351570632045,41.4799943973333,41.208119344583,41.4,4,121.70053,1986290,1.3424479696779,3.38483333333333
40,40000,75,3.44,3.40166666666667,121.493335,8.23090418910634,151.990729357503,159.372080910828,159.378347,0.293956582824106,41.3279827891667,40.729855498408,41.25,4,121.437312,1959340,1.3296164605673,3.0835
40,40000,75,3.44,3.36333333333333,121.808426,8.20961269132564,162.98692004803,163.871438771061,163.877564,0.296950943557483,40.9682339446667,39.7077037404013,40.89,5,121.744934,1970770,1.32773692195544,3.06583333333333
50,40000,75,4.3,4.31666666666667,121.789898,8.21086162663508,194.145671852678,191.190956708108,191.19585,0.231530097156371,52.5726393033333,52.6925303995368,52.44,7,121.728791,1999590,1.54088201575295,3.94383333333333
50,40000,75,4.3,4.29166666666667,121.687001,8.21780462812129,179.495733696728,184.972012628738,184.976749,0.232874428964272,52.2240045958333,49.5826053193555,52.1,6,121.625902,2014750,1.54211745785211,3.478
50,40000,75,4.3,4.275,121.420848,8.23581795442575,185.730355903401,186.595801720078,186.60061,0.23389272368577,51.90741252,51.4324693042292,51.78,7,121.361385,2019320,1.53862482225526,3.85383333333333
50,40000,75,4.3,4.31833333333333,120.963864,8.26693168465584,182.647408961682,184.343896321112,184.350581,0.231568049329988,52.236228604,52.3442021994984,52.11,5,120.906336,2015090,1.54245524145726,3.635
50,40000,75,4.3,4.34,121.70097,8.2168613775223,168.044849706242,180.237492082949,180.242573,0.23036091521083,52.81822098,50.1247840276445,52.69,6,121.640818,2013940,1.55214161751752,3.74616666666667
50,40000,75,4.3,4.33666666666667,121.694752,8.21728121850316,187.441715195804,189.695834227133,189.700907,0.230269538279785,52.7749574506667,52.1421709894332,52.64,5,121.637874,2002040,1.54555881521044,3.65733333333333
50,40000,75,4.3,4.33,121.497375,8.23063049716095,194.507312577295,192.124975868745,192.129896,0.230857068075058,52.608363375,52.241677891091,52.48,7,121.437964,2001310,1.54240420092492,3.74233333333333
50,40000,75,4.3,4.33,121.684233,8.21799156181557,190.552286116391,190.676794720169,190.681749,0.230867352182063,52.689272889,52.6072734269771,52.55,6,121.624132,2018140,1.5516805507586,3.75933333333333
50,40000,75,4.3,4.36,121.311078,8.24327024775099,178.340699547859,183.183930827982,183.188829,0.229329443957569,52.891630008,52.4937894133384,52.76,5,121.255471,2003040,1.54814336616672,3.61116666666667
60,40000,75,5.16,5.04666666666667,121.215814,8.24974866728198,217.713753686085,217.544485268494,217.548496,0.198094357332233,61.1735807986667,61.201915139508,61,8,121.153569,2021000,1.70263986834782,4.09816666666667
60,40000,75,5.16,5.18,121.369662,8.23929129834769,225.685829674892,225.736809809202,225.742588,0.193043369945624,62.869484916,63.0690043429307,62.68,10,121.310538,2018950,1.73121878304723,4.15016666666667
60,40000,75,5.16,5.17166666666667,121.200004,8.2508248102038,214.015124670041,217.524786963261,217.528956,0.193302798564615,62.6806020686667,62.2684066376672,62.5,8,121.138061,2023500,1.73060812667172,4.20866666666667
60,40000,75,5.16,5.08666666666667,121.479696,8.23182830487162,202.936166238919,209.611327512451,209.615884,0.196530915306357,61.792672032,61.3595413595414,61.62,7,121.415445,2026060,1.71643784767889,4.25733333333333
60,40000,75,5.16,5.13333333333333,121.44693,8.23404922627521,226.835329903014,224.543515001623,224.548082,0.194575399766558,62.3427574,63.3663366336634,62.16,7,121.386382,2019440,1.72229808929388,4.26016666666667
60,40000,75,5.16,5.265,121.314904,8.24301027349451,231.232567572706,229.577403387148,229.581328,0.189925094257993,63.872296956,64.9311599936699,63.68,8,121.255152,2020390,1.74973305314862,4.154
70,40000,75,6.02,5.90333333333333,121.282815,8.24519120866382,271.176768982912,272.314016038679,272.317649,0.169310701109825,71.597288455,71.6160903316867,71.37,10,121.221676,2033670,1.89436970362502,4.59033333333333
70,40000,75,6.02,6.05833333333333,121.413587,8.23631048805106,282.700566418912,284.149176015956,284.15271,0.165059718757909,73.5563981241667,73.4561958465135,73.32,12,121.352292,2042280,1.9347915716891,4.87
70,40000,75,6.02,5.94666666666667,121.685275,8.21792119054668,285.806109889033,285.13512264574,285.138721,0.168151146970852,72.3621768666667,72.1451590304049,72.12,12,121.622657,2044670,1.91487688655816,4.96233333333333
70,40000,75,6.02,5.78,121.229923,8.24878854373272,257.732344436558,259.648771401672,259.652335,0.172985327357843,70.070895494,70.1600115323627,69.73,8,121.171529,2035510,1.86631145991783,4.67633333333333
70,40000,75,6.02,6.08833333333333,121.482715,8.23162373346694,299.567619648252,297.151172547221,297.154579,0.164224137970709,73.9627263158333,73.8333105241549,73.72,16,121.423333,2044510,1.94342745064945,4.9755
70,40000,75,6.02,6.01666666666667,121.152223,8.25407883766194,266.627691394099,271.460685647091,271.4653,0.166195567093629,72.8932541716667,72.4830355906384,72.65,8,121.091571,2034150,1.91748585403987,4.76433333333333
70,40000,75,6.02,5.84166666666667,121.206559,8.25037859543558,243.57892051028,250.485734561769,250.489457,0.171065309291869,70.8048315491667,71.6873484524319,70.58,9,121.147414,2043100,1.8862959228984,4.65333333333333
70,40000,75,6.02,5.92333333333333,121.141217,8.25482874255754,268.280088814,269.630794892516,269.634341,0.168806361950197,71.7559808696667,71.9369812913209,71.52,11,121.081382,2032430,1.89624272227483,4.65933333333333
70,40000,75,6.02,6.04,121.172332,8.25270904252301,282.432196630912,283.329514171358,283.333003,0.165552505649283,73.188088528,72.9617878328045,72.95,11,121.1116,2041490,1.9276534436337,4.46516666666667
80,40000,75,6.88,6.94333333333333,120.944575,8.26825014681312,406.21308001624,411.941005007441,411.944054,0.144021886534086,83.9758499083333,83.0793231729269,83.67,15,120.887288,2049620,2.12545962660207,5.58166666666667
80,40000,75,6.88,6.7,121.019538,8.26312855367205,387.139046713949,386.55110390597,386.55435,0.149224996197761,81.08309046,81.8181818181818,80.8,15,120.958743,2058550,2.08041283802722,5.19483333333333
80,40000,75,6.88,6.75,121.074222,8.25939645517607,395.104399548295,393.557237376296,393.560437,0.148143103401728,81.72509985,82.4095790643131,81.3,13,121.014132,2055000,2.08683699882262,5.04316666666667
80,40000,75,6.88,6.76833333333333,121.036951,8.26193977738253,402.261426092178,400.490539111549,400.493988,0.147742512552081,81.9218430018333,82.7649883048135,81.64,13,120.977581,2056630,2.09415224835282,5.0195
80,40000,75,6.88,6.755,121.225492,8.24909005112555,396.309281932977,397.082382089317,397.085516,0.148021713135949,81.887819846,81.3247810534106,81.6,14,121.16678,2051050,2.08934299789653,5.4815
80,40000,75,6.88,6.775,121.331151,8.24190648286193,421.52919376937,417.399681247725,417.403789,0.147597079246249,82.2018548025,82.2162095683188,81.91,15,121.272311,2053780,2.09692033911959,5.27766666666667
80,40000,75,6.88,6.95166666666667,120.922857,8.26973514196741,404.239784798567,409.760269614721,409.763262,0.143795930141932,84.0615394245,84.5259498981182,83.62,16,120.863535,2053530,2.12749609953416,4.92733333333333
90,40000,75,7.74,7.70333333333333,121.109988,8.25695730396737,867.022276183297,872.554170250757,872.558069,0.129778706408698,93.295060756,92.6230394808004,92.64,33,121.052742,2071620,2.30475312882616,5.58733333333333
90,40000,75,7.74,7.69833333333333,121.036604,8.2619634635486,907.502133394865,910.100127143321,910.103042,0.129880701048928,93.1780123126667,93.9820326875203,92.83,28,120.977802,2076490,2.31224843680397,5.88283333333333
90,40000,75,7.74,7.71166666666667,121.149121,8.25429018176698,779.961462194806,792.810074837908,792.813781,0.129639107107629,93.4261638111667,93.2144786601837,92.92,25,121.091973,2073570,2.31145634652802,6.1335
90,40000,75,7.74,7.73833333333333,121.022335,8.26293758090191,883.325729278983,893.457341953048,893.460828,0.129184408953263,93.6511169008333,93.5608915688597,93.14,31,120.964089,2071980,2.31412657501533,6.03633333333333
90,40000,75,7.74,7.66166666666667,121.022259,8.26294276989161,870.203668539061,873.457789628453,873.460712,0.130491153749619,92.7232207705,93.0505709624796,92.22,31,120.964339,2072060,2.29749491391008,5.92816666666667
100,40000,75,8.1,7.93,120.930699,8.269198874,1279.717015,1290.496699,1290.500153,0.126102163,95.89804431,95.50278449,95.49,51,120.876399,2077210,2.36124688713569,6.1603333333333
100,40000,75,8.1,8.1,120.835514,8.275712718,2282.661566,2297.876767,2297.879285,0.12345292,97.87676634,97.92202448,97.3,48,120.781771,2080930,2.39741811643683,5.9365
100,40000,75,8.1,8.111666667,120.954239,8.26758953,2881.238795,2889.601823,2889.604398,0.123267553,98.11404687,97.65793529,97.54,62,120.901251,2081080,2.40192371333976,5.7546666666666
100,40000,75,8.1,7.963333333,120.905087,8.270950585,1224.154708,1241.335358,1241.337965,0.125566652,96.28075095,96.065711,95.56,36,120.850337,2074290,2.36002392834079,5.868
100,40000,75,8.1,7.855,121.095387,8.257952881,1034.462479,1048.387437,1048.39,0.127296681,95.12042649,94.86581097,94.73,43,121.04074,2074620,2.34522264037419,6.1198333333333
100,40000,75,8.1,8.121666667,120.923389,8.269698759,2101.579567,2127.709145,2127.712498,0.123122273,98.20994577,97.72237612,97.48,63,120.869581,2080350,2.40019351017836,5.8688333333333
100,40000,75,8.1,7.885,121.036582,8.261964965,1481.603986,1478.477407,1478.4811,0.12680495,95.43734491,95.43485153,95.05,47,120.983296,2080390,2.35594560480437,6.1171666666666
100,40000,75,8.1,8.115,120.919347,8.269975193,2105.2236,2127.587613,2127.591071,0.123202501,98.12605009,97.8847931,97.4,47,120.865226,2081120,2.39940644127691,5.7828333333333
100,40000,75,8.1,7.906666667,121.064889,8.260033179,1029.144957,1047.919904,1047.923457,0.126419556,95.72197224,95.34197492,95.02,29,121.009905,2075970,2.35164064384844,5.619
10,40000,80,0.86,0.856666666666667,122.426499,8.1681662725649,115.710542137922,129.118996322957,129.142728,1.16616461351946,10.487870081,9.52380952380952,10.54,2,122.35905,1626470,0.765833026174245,1.63483333333333
10,40000,80,0.86,0.903333333333333,121.829022,8.20822480213294,135.69813117486,130.447792468635,130.475888,1.10553284577306,11.005221654,11.705069124424,11.06,2,121.766581,1651480,0.776113469671005,1.53533333333333
10,40000,80,0.86,0.888333333333333,121.857772,8.20628822919887,101.281670303546,128.375177819887,128.399009,1.12237111531707,10.8250320793333,8.80974695407684,10.88,2,121.796248,1680370,0.776781418726018,1.69566666666667
10,40000,80,0.86,0.873333333333333,122.041996,8.19390072905723,126.620045263028,130.422853826336,130.446574,1.14268250560687,10.6583343173333,10.4861773117255,10.71,2,121.978115,1658840,0.77187285093088,1.6305
10,40000,80,0.86,0.871666666666667,122.609476,8.15597645976401,131.487396385192,129.805672604207,129.829492,1.14562623570555,10.6874593246667,10.8882521489971,10.74,2,122.550881,1636590,0.76981617907232,1.66116666666667
10,40000,80,0.86,0.918333333333333,122.014146,8.19577100510952,132.290585155483,129.945851292196,129.968933,1.08869336386025,11.204965741,11.9673617407072,11.25,2,121.952594,1646110,0.778236491265159,1.531
10,40000,80,0.86,0.861666666666667,122.345036,8.17360501655335,163.709247890562,132.178217599613,132.203153,1.15959020412186,10.5420639353333,12.56038647343,10.6,3,122.285953,1611030,0.764977100979512,1.482
20,40000,80,1.72,1.7,121.885028,8.20445313430949,147.563189901144,141.536573317647,141.54943,0.588049054433333,20.72045476,20.578147966683,20.73,4,121.823372,1883230,0.962244735087478,2.01383333333333
20,40000,80,1.72,1.66833333333333,122.069508,8.1920539894369,133.765385887203,137.194427615385,137.208636,0.599294505863137,20.365262918,20.6190713929106,20.38,3,122.01445,1839720,0.947922647205441,1.98016666666667
20,40000,80,1.72,1.77,121.972068,8.19859838729635,136.656696576936,138.301470608286,138.313066,0.564722617916196,21.589056036,22.0235294117647,21.6,3,121.918618,1845910,0.968865479962939,1.838
20,40000,80,1.72,1.72,121.623599,8.22208854385242,127.822512528859,137.239602499031,137.256074,0.581091073606589,20.919259028,19.5641646489104,20.93,4,121.55859,1857970,0.960459491435621,1.8515
20,40000,80,1.72,1.84166666666667,121.954481,8.19978070342491,133.597745538044,139.593858171041,139.605986,0.54247911100724,22.4599502508333,21.438263229308,22.47,3,121.894443,1877100,0.989631758793008,2.06783333333333
20,40000,80,1.72,1.64333333333333,121.97231,8.19858212081086,150.510594856115,140.303082396552,140.315321,0.607478799877282,20.0441162766667,21.794221996959,20.06,3,121.911131,1861520,0.946987706141165,2.07766666666667
20,40000,80,1.72,1.605,122.302707,8.17643390346217,130.624491768879,136.751610786085,136.764715,0.622176313799585,19.6295844735,19.7197716658018,19.65,2,122.243682,1865950,0.941144213837104,2.1175
20,40000,80,1.72,1.66666666666667,122.182415,8.18448383099974,148.725637181409,139.340098946,139.352971,0.599197751779,20.3637358333333,21.2893553223388,20.38,3,122.126441,1843550,0.948675124182332,1.90466666666667
20,40000,80,1.72,1.775,121.825958,8.20843124418525,141.704284836188,140.039405030986,140.050851,0.562717595059155,21.624107545,21.3984045049273,21.63,3,121.768153,1895160,0.979565932134165,1.91266666666667
30,40000,80,2.58,2.54166666666667,122.137724,8.18747858769662,141.206054451376,148.946386601967,148.954422,0.393380163410492,31.0433381833333,29.9901671583088,31.01,3,122.073415,1940380,1.14837665839864,2.44483333333333
30,40000,80,2.58,2.54166666666667,122.051701,8.19324918708015,151.135612618276,149.801877641967,149.810322,0.393271555775738,31.0214740041667,30.5473615208128,30.99,4,121.989369,1924540,1.14345248990424,2.56283333333333
30,40000,80,2.58,2.63166666666667,121.981956,8.19793379932357,153.366207831059,150.830904504117,150.841434,0.37996707908613,32.101584754,33.0167774612219,32.07,4,121.92433,1935380,1.16489906587734,2.44983333333333
30,40000,80,2.58,2.57666666666667,121.67944,8.21831527166792,149.442320408852,149.888778702458,149.896932,0.387940115650065,31.3527357066667,31.6521176850954,31.32,4,121.622751,1943650,1.15460152645963,2.618
30,40000,80,2.58,2.64166666666667,121.748627,8.21364498837428,148.984239067177,149.790240907256,149.798078,0.378419782229653,32.1619289658333,32.4187953327026,32.13,4,121.687245,1946760,1.16932336216704,2.39666666666667
30,40000,80,2.58,2.63333333333333,121.925697,8.20171649295554,159.299052134599,154.02069286962,154.029274,0.379514817139874,32.10710021,32.2049984182221,32.07,4,121.863219,1948600,1.16885011147317,2.56016666666667
30,40000,80,2.58,2.61166666666667,121.76821,8.21232405403676,154.135992647396,151.872258037013,151.880303,0.382128874584557,31.8017975116667,32.4720893141946,31.77,5,121.712865,1957860,1.16647262069377,2.513
40,40000,80,3.44,3.525,121.463557,8.23292207719555,160.383256980309,164.950946818913,164.957049,0.283677733227896,42.8159038425,42.3304183408178,42.73,5,121.401448,1974380,1.3609171065882,3.1595
40,40000,80,3.44,3.42833333333333,121.855084,8.20646925162351,164.096045214427,165.094307995139,165.100454,0.291328152292659,41.7759846313333,41.7253948967193,41.7,6,121.794668,1978660,1.34474369956188,3.07233333333333
40,40000,80,3.44,3.385,121.691389,8.21750830701752,171.232191942926,166.79552902905,166.801641,0.295305852480552,41.1925351765,42.4563130691607,41.11,5,121.636287,1984440,1.33670283140823,2.68733333333333
40,40000,80,3.44,3.47166666666667,121.646646,8.22053079868721,163.551006173947,164.754895946712,164.760716,0.287888662151224,42.231660603,42.4766018718503,42.15,4,121.588506,1974340,1.3508706583128,3.139
40,40000,80,3.44,3.52833333333333,121.665482,8.21925811299544,162.690403597347,166.054811446386,166.060899,0.28320722721162,42.9276375656667,42.668240850059,42.84,4,121.605431,1996390,1.37147407366137,2.8815
40,40000,80,3.44,3.52333333333333,121.507498,8.22994478908619,160.9376891057,164.803953450804,164.810048,0.283764778684957,42.8111417953333,42.8943012532514,42.72,4,121.449227,1987640,1.365944180017,2.98716666666667
40,40000,80,3.44,3.41833333333333,121.268578,8.24615919879921,160.422984311939,162.746785158459,162.75291,0.29242840472745,41.4536422463333,40.9943943456008,41.38,4,121.208911,1999840,1.34725468701217,2.82933333333333
50,40000,80,4.3,4.225,121.493444,8.23089680460454,188.051561320375,187.346402532939,187.351383,0.236560596379093,51.33098009,51.9424176690988,51.21,5,121.435671,2009530,1.52397512124785,3.194
50,40000,80,4.3,4.29,121.516242,8.22935258317156,179.454131677864,184.333204091686,184.338026,0.233015323210179,52.130467818,51.3886191493494,52,8,121.454907,1998910,1.53285321154568,3.45466666666667
50,40000,80,4.3,4.175,121.466948,8.23269223822105,198.700583267709,191.422930362475,191.427938,0.239462263996806,50.71245079,51.7860706445819,50.58,7,121.388523,1991530,1.50458728570868,3.31633333333333
50,40000,80,4.3,4.26666666666667,121.580974,8.22497112089265,190.300966608084,189.389394110938,189.394264,0.234313917885156,51.8745489066667,52.0991993751221,51.74,8,121.513928,2008860,1.53298884775835,3.43733333333333
50,40000,80,4.3,4.06833333333333,121.505429,8.23008492896231,178.700225170673,179.911650621467,179.91678,0.245774838399427,49.4324586981667,49.4573008396478,49.32,7,121.448753,2010780,1.49126855645158,3.17866666666667
50,40000,80,4.3,4.255,121.797125,8.21037442386263,181.451830935489,185.122838159812,185.128773,0.234974324720329,51.8246766875,51.8308204425299,51.7,5,121.736419,2017660,1.53642818835607,3.57716666666667
50,40000,80,4.3,4.36333333333333,121.727614,8.21506285336374,199.643104763908,195.121568016807,195.126456,0.229145956573338,53.1138155753333,54.0385717013557,52.97,8,121.666916,2000230,1.55047372318525,3.45716666666667
50,40000,80,4.3,4.205,121.596125,8.22394628118289,191.682135606629,188.623194300436,188.628605,0.237265505719778,51.1311705625,51.951654448187,51,7,121.535751,1998180,1.51500435515923,3.46266666666667
60,40000,80,5.16,5.175,121.438014,8.23465377159412,238.193574280321,232.147567510467,232.151559,0.19323342144992,62.844172245,63.0977298341652,62.66,10,121.379046,2031990,1.73825647355762,4.2305
60,40000,80,5.16,5.29,121.331903,8.24185540055364,226.670410266595,228.404508476371,228.408491,0.189016144731569,64.184576687,63.3643093400536,63.99,9,121.271718,2028570,1.75995129324094,4.07783333333333
60,40000,80,5.16,5.265,121.601394,8.22358993680615,211.514828806594,219.003377276353,219.007324,0.189922163919278,64.023133941,62.715619560057,63.83,9,121.542794,2031130,1.75858549019583,4.47
60,40000,80,5.16,5.12166666666667,121.535711,8.22803431001445,233.682523059751,228.073607305239,228.077697,0.195231227178653,62.2465399838333,62.8111273792094,62.06,8,121.476908,2015240,1.718170552874,4.10966666666667
60,40000,80,5.16,5.165,121.550112,8.22705946992464,201.356525199159,212.058700968054,212.063614,0.193576984163601,62.780632848,59.7999677367317,62.6,7,121.49177,2026790,1.73424375403826,4.2935
60,40000,80,5.16,5.31833333333333,121.45886,8.23324045689215,214.776469913595,221.594483526481,221.598622,0.188008457254152,64.5958703766667,63.1521228262573,64.4,8,121.401887,2027350,1.76652664417577,4.52633333333333
60,40000,80,5.16,5.22666666666667,121.475051,8.23214307602966,232.898037263686,230.326824723533,230.331784,0.1911883760625,63.4909599893333,62.968276741591,63.31,13,121.419421,2022950,1.74465051793353,4.47466666666667
60,40000,80,5.16,5.03166666666667,121.547997,8.22720262514898,223.719720458951,220.690843135144,220.69502,0.19870669702418,61.1589004905,62.8249710216923,60.98,6,121.488491,2017920,1.70058531123922,4.24716666666667
60,40000,80,5.16,5.18333333333333,121.429303,8.23524450272106,230.543677648211,228.207588203859,228.211682,0.192918127758521,62.9408553883333,62.9641536730429,62.76,11,121.368614,2030280,1.73906564558884,4.36466666666667
60,40000,80,5.16,5.07,121.404346,8.23693741573304,215.195966412704,217.887613856016,217.892208,0.197177428649573,61.552003422,61.1996713229252,61.38,7,121.346545,2017640,1.70750020139072,4.161
70,40000,80,6.02,6.11666666666667,121.090822,8.25826419776059,299.270975191777,298.620904144142,298.624259,0.163479895199183,74.0672194566667,73.5458384416292,73.82,11,121.033527,2043720,1.9446933382404,5.15616666666667
70,40000,80,6.02,6.00833333333333,121.179213,8.25224042344622,293.310555167777,289.401483365326,289.405066,0.166397728180028,72.8085104775,73.4988212453197,72.57,11,121.122821,2042330,1.92140710001752,4.95166666666667
70,40000,80,6.02,6.195,121.097316,8.25782133767523,313.592159761788,309.950973586764,309.954386,0.16136603046516,75.019787262,75.2790854068595,74.77,11,121.038045,2037520,1.95752838145127,5.11066666666667
70,40000,80,6.02,6.07,121.405223,8.23687791422285,314.609130041983,308.308553355849,308.312047,0.164701812007414,73.692970361,74.2210020590254,73.45,12,121.346649,2033830,1.93152888280976,4.98116666666667
70,40000,80,6.02,6.2,121.375905,8.23886750834113,294.510363244621,295.752388400538,295.755809,0.161235423969086,75.2530611,75.7021905657842,75,12,121.318538,2039150,1.96273350154686,5.08016666666667
70,40000,80,6.02,6.05,121.357226,8.24013561417431,273.30433961126,277.160857825895,277.164452,0.16515008570551,73.42112173,72.60707891475,73.18,11,121.299301,2036400,1.92841225991294,5.00666666666667
70,40000,80,6.02,6.02666666666667,121.195037,8.25116295810034,278.039810162126,280.14762807052,280.15104,0.165845404722898,73.0402089653333,72.6531176551915,72.8,12,121.138148,2040070,1.92404003231945,4.97833333333333
70,40000,80,6.02,6.2,121.32664,8.24221292207548,312.501354743336,309.547163741667,309.551845,0.161259507091398,75.2225168,76.7235586614702,74.97,16,121.266954,2038520,1.9617726051256,5.01666666666667
80,40000,80,6.88,6.925,121.063013,8.26016117738619,460.109628099335,455.928413842359,455.931429,0.144318659294344,83.8361365025,83.9850800144387,83.53,20,121.004492,2059070,2.13003016304254,4.98233333333333
80,40000,80,6.88,6.80666666666667,121.198647,8.25091719051946,404.289933432439,405.058118019099,405.059919,0.146900584372919,82.495879058,82.249969396499,82.07,14,121.141104,2058530,2.10329881250884,5.44116666666667
80,40000,80,6.88,6.80166666666667,120.945102,8.26821411916292,440.095778241438,433.144436940456,433.147728,0.146978224844156,82.262826877,81.6244027930908,81.97,15,120.887341,2058500,2.10147354523011,5.05566666666667
80,40000,80,6.88,6.79666666666667,121.25336,8.24719413960982,409.069846344931,409.088788233693,409.092097,0.147125156741785,82.4118670133333,81.9541498099792,82.12,15,121.196412,2056260,2.10252676657248,5.063
80,40000,80,6.88,6.81333333333333,121.113709,8.25670362386474,400.681162163837,402.258579622798,402.261599,0.146770408602984,82.5188070653334,82.0227467286291,82.23,14,121.055857,2058430,2.10611008849016,5.4055
80,40000,80,6.88,6.83833333333333,121.16285,8.25335488559406,438.810297327074,434.32019763417,434.323214,0.146171442430904,82.8551955916667,82.4296332399171,82.43,15,121.104987,2055700,2.10769608456412,5.57183333333333
80,40000,80,6.88,6.88,121.149331,8.25427587379744,440.746540637824,437.855636216812,437.859066,0.145251399385174,83.350739728,83.0810221630132,83.05,21,121.09036,2061240,2.12299017873093,5.403
80,40000,80,6.88,6.695,121.137833,8.25505934219576,357.93738465907,362.40814866343,362.41151,0.149338452606672,81.1017791935,81.0329807093964,80.82,11,121.08116,2052890,2.07666489154451,5.1045
80,40000,80,6.88,7.07,121.27288,8.24586667686955,497.07487795669,495.752471706271,495.755461,0.141395330319189,85.73992616,85.5745433117266,85.29,23,121.215895,2060690,2.16301398670944,5.6725
90,40000,80,7.74,7.77166666666667,120.86666,8.27358015849863,1060.71027042545,1062.64169148939,1062.644438,0.128649899018014,93.9335392633333,93.9101533183232,93.42,35,120.809541,2077320,2.32367417063104,5.794
90,40000,80,7.74,7.63833333333333,120.944661,8.26824426751669,818.973254085863,822.468551584552,822.472194,0.130900369612045,92.3815635605,92.5602705356169,91.88,29,120.887916,2072080,2.29134023407526,5.4185
90,40000,80,7.74,7.86166666666667,121.005063,8.26411701467401,1173.09343163263,1178.20322780751,1178.206899,0.127186953166419,95.1301470285,95.3153153153153,94.76,40,120.949404,2077660,2.3483457680754,5.91433333333333
90,40000,80,7.74,7.49666666666667,121.111733,8.25683833621636,713.799516097777,714.579515998444,714.582319,0.133382527259004,90.7934291723333,89.9522062909859,90.3,26,121.05392,2066830,2.25841539398344,5.42616666666667
90,40000,80,7.74,7.605,121.081056,8.25893028220699,729.007221999274,736.989053234495,736.991937,0.131469479498795,92.082143088,92.0017530404295,91.74,22,121.024189,2071190,2.28806797107269,5.71433333333333
90,40000,80,7.74,7.79833333333333,120.902113,8.27115403681985,954.790440842076,966.15225398504,966.154985,0.128224954158153,94.2834977878333,93.2898813975852,93.3,54,120.846545,2070450,2.31575264221772,5.30783333333333
90,40000,80,7.74,7.64333333333333,121.02632,8.26266550945282,818.158906885045,822.057090813345,822.059753,0.130829065238988,92.5044505866667,92.8703804644064,92,25,120.969367,2071660,2.29317229383679,5.723
90,40000,80,7.74,7.73,120.964291,8.26690250265676,710.056349627904,727.398508612117,727.401218,0.129316447419146,93.505396943,93.2844669613021,92.84,21,120.908361,2075410,2.31153264454907,5.70183333333333
90,40000,80,7.74,7.635,121.196208,8.25108323521145,774.133550544705,781.40743896158,781.410135,0.130908781879502,92.533304808,92.0222634508349,92.03,27,121.139309,2071870,2.29388976038798,5.9295
90,40000,80,7.74,7.73,121.014652,8.26346217976977,990.305420867951,991.164242630229,991.168023,0.129294959009487,93.544325996,93.3599223887032,93.19,35,120.958101,2072010,2.31505908754408,5.8235
100,40000,80,8.1,8.306666667,120.853577,8.274475815,3643.352982,3717.077703,3717.080116,0.120363114,100.389038,99.01695255,98.65,83,120.799831,2082920,2.42378138984839,6.0633333333333
100,40000,80,8.1,7.908333333,121.146135,8.254493633,953.6492838,975.9677485,975.970325,0.126426236,95.80640176,95.09008534,95.25,32,121.090298,2074920,2.35492819820696,5.8386666666666
100,40000,80,8.1,7.981666667,121.129654,8.255616746,2535.419377,2513.474781,2513.478238,0.125257586,96.68165217,96.36705293,95.65,72,121.075832,2075420,2.36262628031637,5.886
100,40000,80,8.1,8.11,120.942417,8.268397679,2170.55556,2191.976589,2191.979153,0.123290733,98.08430019,97.78074592,97.35,49,120.88879,2079540,2.39711925530519,5.856
100,40000,80,8.1,8.07,121.038216,8.26185343,1337.061681,1368.857522,1368.861025,0.12387794,97.67784031,96.84047496,96.63,33,120.98378,2079610,2.38406430001082,6.0981666666666
100,40000,80,8.1,8.128333333,120.891152,8.271903969,1699.026182,1730.072396,1730.07489,0.123011721,98.26435805,98.12403895,97.85,37,120.838305,2079630,2.40630597206687,6.054
100,40000,80,8.1,8.113333333,120.973617,8.266265197,2536.255702,2553.799293,2553.801743,0.123141393,98.14992793,97.08329054,96.78,75,120.919436,2075690,2.38340322837508,6.1033333333333
100,40000,80,8.1,8.153333333,120.808023,8.277595934,2624.9566,2643.070411,2643.072988,0.122628381,98.49880809,97.85385795,97.44,54,120.754447,2079170,2.39843623930038,6.0041666666666
100,40000,80,8.1,8.023333333,121.043349,8.261503075,1672.981619,1688.234729,1688.237442,0.124625128,97.11711368,97.38290581,96.72,40,120.990153,2078640,2.38486456692502,5.9326666666666
100,40000,80,8.1,8.123333333,120.74417,8.281973366,3681.385122,3672.759087,3672.760499,0.123083067,98.0845141,98.05108216,97.68,85,120.690296,2079440,2.40304315037264,6.1398333333333
10,40000,85,0.86,0.846666666666667,121.496215,8.23070908011414,111.490488467703,127.569162314961,127.593978,1.18017172600787,10.2866795366667,9.04621435594886,10.33,2,121.434468,1632950,0.763543772330794,1.67233333333333
10,40000,85,0.86,0.858333333333333,121.968094,8.1988655164194,168.372679931822,133.189053568932,133.222993,1.16495863352039,10.4689280683333,13.094083414161,10.52,2,121.90974,1617730,0.764585811284874,1.60883333333333
10,40000,85,0.86,0.866666666666667,122.583944,8.15767520092191,113.056971846597,128.486382021154,128.512279,1.14800906347308,10.6239418133333,9.60614793467819,10.67,2,122.52929,1617290,0.766662387317211,1.65016666666667
10,40000,85,0.86,0.875,122.49935,8.16330862163759,143.536767704227,131.391792817143,131.415177,1.14082875836952,10.718693125,11.2274024738345,10.77,2,122.431772,1647340,0.771453367124799,1.64433333333333
10,40000,85,0.86,0.905,122.424454,8.16830271507684,115.884867367736,129.183596073665,129.21328,1.10446083293923,11.079413087,10.4875804967801,11.13,1,122.36733,1669700,0.77922948079346,1.64983333333333
10,40000,85,0.86,0.861666666666667,122.028899,8.19478015613334,121.099991590278,130.838855274662,130.863395,1.15748373015861,10.5148234638333,9.66183574879227,10.56,2,121.971625,1667320,0.770629852915533,1.61033333333333
10,40000,85,0.86,0.818333333333333,122.154615,8.18634645936218,119.340395687999,129.003574727088,129.028222,1.21990801664359,9.9963193275,9.56256358087487,10.05,2,122.100081,1632810,0.759523821965315,1.53833333333333
10,40000,85,0.86,0.801666666666667,121.498715,8.23053972216908,134.714153405742,129.475350120582,129.501749,1.24409502819751,9.74014698583333,10.1765316718588,9.8,2,121.437724,1598080,0.752343414135709,1.69316666666667
10,40000,85,0.86,0.875,122.461137,8.16585591557916,141.361968193557,130.432469390476,130.456891,1.14238052849143,10.7153494875,12.3691722169363,10.77,1,122.394186,1647550,0.771476947922759,1.71383333333333
10,40000,85,0.86,0.881666666666667,122.174515,8.18501305284494,139.233253184961,131.565962459357,131.5892,1.13399098348393,10.7717197391667,11.3314447592068,10.82,3,122.107907,1645000,0.77191108602979,1.53633333333333
20,40000,85,1.72,1.71333333333333,121.789779,8.21086964941451,129.953901359882,137.462127514592,137.478203,0.583323579460117,20.866648802,19.4457948468644,20.88,3,121.736117,1845940,0.957229525331013,2.38566666666667
20,40000,85,1.72,1.75666666666667,121.544526,8.22743757295989,120.923880037033,136.411882656547,136.424239,0.568917557764706,21.351321734,18.8715030820294,21.36,3,121.488797,1890110,0.974048188335099,2.2265
20,40000,85,1.72,1.75166666666667,121.679098,8.21833837065426,147.675401865759,141.10518468411,141.117303,0.570261896451951,21.3141219996667,22.0637184973847,21.32,3,121.626299,1860860,0.967398356099867,2.3655
20,40000,85,1.72,1.62,122.396104,8.17019469835412,136.151575740265,138.594373858025,138.607473,0.617262792446502,19.828168848,18.8174807197944,19.84,4,122.333385,1843680,0.939979728399932,2.06366666666667
20,40000,85,1.72,1.78666666666667,121.488451,8.23123508258411,124.2041540549,136.240589666978,136.252134,0.55924863779944,21.7059365786667,20.2331002331002,21.71,2,121.426884,1864680,0.97455051771425,2.12083333333333
20,40000,85,1.72,1.66833333333333,121.821866,8.20870696562799,147.830202747826,138.929210867133,138.943248,0.598950826012987,20.3239479776667,20.8686969545682,20.34,4,121.763064,1848430,0.948986234163939,2.08166666666667
20,40000,85,1.72,1.715,122.340575,8.17390305710105,131.683839844132,138.905157595724,138.921964,0.583000715790088,20.9814086125,19.7668771248179,21,2,122.284179,1861850,0.962382117967415,2.22666666666667
20,40000,85,1.72,1.68,121.706363,8.21649727549578,136.341100644522,139.145168368056,139.158412,0.594216676731151,20.446668984,19.533961328706,20.46,3,121.646285,1850300,0.951297920891144,2.32133333333333
20,40000,85,1.72,1.80166666666667,122.037342,8.19421321057615,125.224371023389,139.028635388529,139.040179,0.554713800661425,21.987061117,19.7873324086916,21.99,3,121.986542,1885250,0.983455459964017,2.24933333333333
20,40000,85,1.72,1.80666666666667,122.194652,8.18366420815209,141.885236279749,140.263812884686,140.275245,0.553186511104244,22.0765004613333,22.4066390041494,22.08,3,122.134399,1869860,0.9816888837525,2.153
30,40000,85,2.58,2.58666666666667,121.641005,8.22091201893638,147.044175506748,148.988671786727,148.997016,0.386304805360825,31.4644732933333,31.8518518518519,31.43,3,121.582524,1952450,1.15905505163895,2.66366666666667
30,40000,85,2.58,2.56666666666667,121.358485,8.24005012916897,147.068121751666,148.681672108442,148.689542,0.38935514033052,31.1486778166667,30.5744888023369,31.11,4,121.30026,1960850,1.15602205988852,2.81516666666667
30,40000,85,2.58,2.65166666666667,121.993132,8.19718277255149,136.488767223265,149.118542035827,149.127546,0.37654419507291,32.3485121686667,30.0345585925228,32.31,3,121.941336,1953450,1.17440636675135,2.6195
30,40000,85,2.58,2.57333333333333,121.866343,8.20571107151381,144.168594226211,149.018368091321,149.029606,0.388370856300518,31.3602722653333,30.9485270314018,31.33,3,121.809126,1939240,1.15348235687369,2.50916666666667
30,40000,85,2.58,2.54,121.884749,8.20447191469377,142.295266551832,148.555490469816,148.566666,0.393488831866142,30.958726246,29.5834699901607,30.93,4,121.831997,1942980,1.14776799903209,2.37466666666667
30,40000,85,2.58,2.59333333333333,121.964308,8.1991200245239,141.210629279157,149.118153979434,149.127079,0.385270690182519,31.6294105413333,30.3886925795053,31.59,3,121.911243,1950330,1.16116678971617,2.86766666666667
30,40000,85,2.58,2.515,121.53042,8.22839252921203,143.425633677234,148.01621694831,148.026654,0.397548764964877,30.56490063,29.9768135144088,30.54,3,121.464615,1949010,1.14285167578882,2.7725
40,40000,85,3.44,3.41333333333333,121.696994,8.21712983313294,167.97256376617,166.497663334961,166.503746,0.292941356727051,41.5392406186667,41.2741030021967,41.46,7,121.637783,1983430,1.3424019078665,3.10816666666667
40,40000,85,3.44,3.45666666666667,121.604099,8.22340700867328,171.179029557842,167.422919667792,167.429204,0.289231534520733,42.0344835543333,42.6367799469752,41.96,4,121.543466,1979000,1.3493811556132,2.8215
40,40000,85,3.44,3.45333333333333,121.772234,8.21205267532498,167.108345636693,167.116269624035,167.122446,0.289093640361969,42.0520114746667,41.8335343787696,41.97,5,121.714013,1964580,1.34399431805355,2.9685
40,40000,85,3.44,3.38833333333333,121.919711,8.20211917989209,170.387523975864,167.482646529759,167.488511,0.294885193703394,41.3104620771667,41.4064420949103,41.23,6,121.862456,1970760,1.33360259826858,2.76516666666667
40,40000,85,3.44,3.465,121.794149,8.21057504166313,169.03830320517,168.824023146705,168.830314,0.288350398787879,42.2016726285,41.7408030776629,42.12,5,121.737703,1965790,1.34704380793708,3.06466666666667
40,40000,85,3.44,3.37333333333333,121.625128,8.22198518056236,165.536408247974,164.62106785919,164.627082,0.296401448943676,41.0282098453333,41.6152136329958,40.95,5,121.561727,1975420,1.33052415129332,3.051
40,40000,85,3.44,3.47666666666667,121.715823,8.21585867270519,178.658448745634,171.070965815436,171.076829,0.287179643009588,42.316534463,43.8533429187635,42.23,4,121.653783,1994840,1.36020546932727,3.312
40,40000,85,3.44,3.395,121.691091,8.21752843024474,170.514198975397,167.068454485027,167.074521,0.294479365989691,41.3141253945,42.1349693251534,41.24,5,121.632309,1972030,1.33425680548989,2.8695
50,40000,85,4.3,4.315,121.471118,8.23240961690992,196.980541571195,193.430816835458,193.4356,0.231576919408652,52.414787417,52.5584089592585,52.28,7,121.411839,2009640,1.54286231764373,3.37983333333333
50,40000,85,4.3,4.15,121.483199,8.23159093793702,175.026546660442,178.497893408835,178.502832,0.240884907463454,50.415527585,50.9335474804256,50.29,5,121.426865,2006130,1.50622187994807,3.22383333333333
50,40000,85,4.3,4.33333333333333,121.504652,8.23013755884836,185.644772455001,187.975935152308,187.981193,0.230621483881923,52.6520158666667,52.3360892136128,52.52,6,121.445374,2003420,1.54411401236922,3.35816666666667
50,40000,85,4.3,4.26333333333333,121.744942,8.21389360060642,182.439286604327,185.453401689992,185.458342,0.234357938537138,51.9039269393333,50.2638264608169,51.78,6,121.683477,1995180,1.52724232112438,3.34216666666667
50,40000,85,4.3,4.28666666666667,121.601005,8.22361624396114,178.463742751044,182.80349887986,182.8083,0.233270843751944,52.1262974766667,52.7308066083576,51.99,5,121.541843,1995510,1.53106869168182,3.7025
50,40000,85,4.3,4.2,121.83775,8.20763679565652,188.596366933998,188.377836486508,188.383084,0.238009571556746,51.171855,50.962110692323,51.05,8,121.777193,1984000,1.50928403268414,3.5945
50,40000,85,4.3,4.20333333333333,121.856662,8.2063629807946,180.657979846724,183.479153352498,183.483992,0.237883322065424,51.2204169273333,51.0009910802775,51.09,6,121.799318,2000370,1.51759903967388,3.6785
50,40000,85,4.3,4.40833333333333,121.783123,8.21131841067994,181.911788717082,188.165453182231,188.170068,0.226813531267297,53.6860600558333,52.4475524475525,53.55,6,121.721806,2000220,1.56063114714249,3.34933333333333
50,40000,85,4.3,4.31666666666667,121.792043,8.21071701703863,185.605408535345,188.368730688803,188.37353,0.231612699262548,52.5735652283333,51.708164447018,52.44,6,121.734876,2007100,1.54446655133395,3.625
50,40000,85,4.3,4.43,121.582035,8.22489934470993,189.05244942433,191.97845403687,191.983041,0.225657782544771,53.860841505,51.9842016174535,53.72,5,121.524282,2014970,1.57081531651485,3.36033333333333
60,40000,85,5.16,5.245,121.289188,8.24475797463497,218.855129625325,221.802249323801,221.806086,0.190625051728948,63.616179106,62.7005559968229,63.43,7,121.230723,2021570,1.74598541768906,4.04816666666667
60,40000,85,5.16,5.09166666666667,121.379872,8.23859824139541,207.808569291351,212.885570090671,212.889547,0.196389533925041,61.8025848266667,61.2992963508427,61.62,9,121.322315,2019910,1.71300790214147,4.0525
60,40000,85,5.16,4.98166666666667,121.423146,8.23566208702911,224.841814198474,219.857877051857,219.862093,0.200620683038809,60.488963899,61.8330824552601,60.32,8,121.364659,2007380,1.68316076030368,3.988
60,40000,85,5.16,5.16666666666667,121.432175,8.23504973043594,230.316650280132,227.833686160645,227.837775,0.193538761278065,62.7399570833333,63.1672310917594,62.55,9,121.370371,2026680,1.73329381673044,3.96983333333333
60,40000,85,5.16,5.29333333333333,121.53883,8.2278231574222,232.362108224719,231.229534496222,231.233356,0.188915387899244,64.3345540133333,64.3318117424839,64.14,7,121.480982,2022250,1.75895244400683,3.94666666666667
60,40000,85,5.16,5.02333333333333,121.562489,8.22622182406943,219.410649896876,218.580905053086,218.585099,0.198960476889516,61.0648903076667,61.9837452313817,60.89,7,121.504432,2025900,1.70339399272851,3.94066666666667
60,40000,85,5.16,5.20166666666667,121.389332,8.23795619865508,212.385260148848,218.470163646267,218.474088,0.192231120073054,63.1426841953334,62.5500560627903,62.86,6,121.329834,2030420,1.74092368857672,3.8715
60,40000,85,5.16,5.00833333333333,121.232501,8.24861313386581,209.200492386255,212.468253909817,212.472249,0.199662458990349,60.7172775841667,60.2728331392447,60.54,7,121.171397,2017370,1.69250626354758,3.92633333333333
70,40000,85,6.02,6.185,121.314463,8.24304023832674,314.781201254464,312.139548813258,312.143847,0.161614332138777,75.0329953655,76.0339485383268,74.78,13,121.25767,2040900,1.95998156925043,4.8805
70,40000,85,6.02,5.96,120.927165,8.26944053472187,269.774638134654,271.003861803691,271.007535,0.167675243522651,72.07259034,72.5429889556829,71.84,10,120.870433,2038470,1.90584908007657,4.67916666666667
70,40000,85,6.02,6.01333333333333,121.333744,8.24173034667092,289.827510617177,289.391174195954,289.394488,0.166157404101441,72.9620247253333,71.4147152556464,72.72,12,121.27367,2039870,1.92247942876167,4.3875
70,40000,85,6.02,6.065,121.351,8.24055838023585,260.515206705939,269.222710454795,269.227431,0.164824063660346,73.5993815,71.6444566561341,73.24,12,121.292667,2040660,1.93229201677658,4.79816666666667
70,40000,85,6.02,6.035,121.510828,8.22971924773651,268.419035217387,274.835039458989,274.838493,0.165629828168186,73.331784698,72.9393897556261,73.09,8,121.452019,2040340,1.9294000947864,4.762
70,40000,85,6.02,5.84166666666667,121.328194,8.24210735387687,278.641002492313,275.651119245364,275.654971,0.171176328861056,70.8758866616667,71.4876622450435,70.65,9,121.269936,2031440,1.8801234440907,4.262
70,40000,85,6.02,6.015,121.333921,8.24171832376537,258.392666346324,266.588628092546,266.591958,0.166206110172624,72.9823534815,72.752458789306,72.75,10,121.275462,2033240,1.91867144610034,4.79366666666667
70,40000,85,6.02,6.055,121.449513,8.23387410371913,279.76201365925,282.853007893752,282.856451,0.165146023189375,73.5376801215,74.0195403880556,73.29,9,121.390133,2039950,1.93271722733902,4.57033333333333
70,40000,85,6.02,6.06833333333333,121.382837,8.23839699841585,304.011671127825,299.620841877781,299.624272,0.164570983475694,73.6591515861667,74.1452698063985,73.42,12,121.324769,2040620,1.93548313615206,4.49783333333333
70,40000,85,6.02,5.82166666666667,121.652712,8.22012089627727,238.543700908534,248.555192453192,248.558636,0.171729047468365,70.822153836,69.3430656934307,70.6,8,121.594619,2035440,1.88177921830193,4.87166666666667
80,40000,85,6.88,6.97333333333333,121.268006,8.24619809449163,513.109817324109,504.277375594168,504.280318,0.143387048468212,84.5642228506667,84.5381766041343,84.26,28,121.209276,2056170,2.14100439684663,5.083
80,40000,85,6.88,6.71,121.242128,8.24795816846765,369.441422261571,372.407298667909,372.41036,0.149019440135122,81.353467888,81.44790761207,81.07,13,121.184521,2053280,2.08144446540752,5.1805
80,40000,85,6.88,7.055,121.281226,8.24529923534909,498.989824755919,495.183820908812,495.186702,0.141698246110087,85.563904943,86.087161922759,85.25,17,121.223314,2058910,2.16093078176866,5.31066666666667
80,40000,85,6.88,6.67,121.299731,8.24404136559874,353.321153289689,357.330252925287,357.333299,0.149916324698901,80.906920577,82.0612117426608,80.63,11,121.240781,2051200,2.07202426453289,5.28233333333333
80,40000,85,6.88,6.88833333333333,121.167823,8.2530161493452,398.659416543394,402.747842184854,402.750949,0.145146692897653,83.4644354098333,83.6942058787952,83.17,14,121.109654,2056840,2.12187232387517,5.18316666666667
80,40000,85,6.88,6.93166666666667,121.041761,8.26161146151864,462.866821001852,458.059796795624,458.062996,0.144263090264487,83.9021139998333,84.7097006851785,83.47,18,120.981875,2060020,2.12965962256548,5.39
80,40000,85,6.88,6.825,121.035659,8.26202796979029,417.898139788019,416.119894092552,416.122987,0.146511102492796,82.6068372675,82.8958613111952,82.31,17,120.97818,2052980,2.10352528779422,5.22383333333333
80,40000,85,6.88,6.89666666666667,121.029492,8.2624489574822,409.258613359223,411.464919126873,411.468199,0.144975602328661,83.470006316,84.4025613144859,83.03,15,120.970261,2058210,2.1203709359118,5.34383333333333
80,40000,85,6.88,6.65333333333333,121.293694,8.24445168600439,374.593896622299,374.815592666082,374.818687,0.150267352604709,80.7007377413333,81.1772072636193,80.42,14,121.235591,2048500,2.06630058655502,5.159
90,40000,85,7.74,7.815,120.889613,8.27200927510621,1113.37610049868,1116.07167567669,1116.074253,0.127944423076775,94.4752325595,94.5409958417742,93.8,40,120.832981,2072460,2.3265083826241,5.7895
90,40000,85,7.74,7.7,121.167559,8.25303413102512,829.069210196794,837.966569277273,837.969286,0.129843124197836,93.29902043,93.6586949464344,92.94,30,121.111062,2073190,2.31150343429074,5.5565
90,40000,85,7.74,7.56833333333333,121.103686,8.25738697994708,814.539082827208,812.460501037657,812.463556,0.132033700128166,91.6553063543334,91.8749311901354,91.31,26,121.047725,2074200,2.28272811556549,5.36866666666667
90,40000,85,7.74,7.6,121.221638,8.24935231447706,797.696466800155,799.908276798026,799.911051,0.131567546044737,92.12844488,91.8758908014472,91.63,23,121.164609,2072450,2.2871062090123,5.81233333333333
90,40000,85,7.74,7.715,121.017156,8.26329119815045,922.988384180266,925.971696788507,925.974439,0.129579586420393,93.364735854,93.5198185549195,93.01,31,120.959989,2074450,2.31382382969839,5.7555
90,40000,85,7.74,7.71333333333333,121.026822,8.26263123723103,833.894395037921,843.297680811798,843.300286,0.129637587596586,93.352022036,92.9998919736416,92.85,25,120.970088,2073080,2.30977756714753,5.93133333333333
90,40000,85,7.74,7.63,121.08565,8.25861693768006,1110.66725768668,1092.83444630756,1092.837134,0.131047365253386,92.38835095,92.2900513268538,92.04,35,121.028638,2072670,2.29473059291434,5.5715
90,40000,85,7.74,7.69333333333333,120.844467,8.27509959558182,695.329145831929,711.636077051343,711.638703,0.129929769965988,92.969676612,92.6026210332503,92.62,22,120.786815,2071240,2.30407507836653,5.736
100,40000,85,8.1,7.916666667,120.988992,8.26521474,1295.464743,1306.339051,1306.341613,0.126285817,95.782952,95.87411851,95.38,39,120.934721,2078200,2.36009028514241,5.8613333333333
100,40000,85,8.1,8.271666667,120.669699,8.287084565,3156.510185,3214.56895,3214.571477,0.120864518,99.81395269,98.99264632,98.57,81,120.616017,2081740,2.42128171734591,5.992
100,40000,85,8.1,8.28,120.813276,8.277236022,3247.050622,3309.915061,3309.91847,0.120759319,100.0333925,97.66529134,97.36,115,120.759012,2078820,2.39667445110059,5.8148333333333
100,40000,85,8.1,8.081666667,120.799217,8.278199353,1874.934178,1892.649907,1892.653305,0.123704814,97.62590054,97.54613878,97.22,50,120.74538,2080160,2.3952903105174,6.1421666666666
100,40000,85,8.1,8.16,121.057848,8.260513602,3318.346638,3335.655375,3335.657796,0.122505194,98.78320397,98.40702543,97.73,80,121.004497,2078520,2.40314980090683,5.7766666666666
100,40000,85,8.1,7.928333333,120.827988,8.276228186,1971.338308,1954.479638,1954.483189,0.126119025,95.79645649,95.52285864,95.4,60,120.773443,2073310,2.35628019775043,6.056
100,40000,85,8.1,8.213333333,120.868787,8.273434563,4136.053026,4169.438375,4169.441963,0.121699508,99.27356372,98.9246221,98.21,77,120.815733,2081880,2.41484000046475,5.7051666666666
100,40000,85,8.1,8.025,120.862013,8.273898268,2024.226675,2024.943381,2024.945912,0.124585451,96.99176543,96.32436922,96.11,50,120.807694,2077260,2.37257109512849,5.9608333333333
100,40000,85,8.1,8.236666667,121.084534,8.258693055,3153.018106,3209.361631,3209.364148,0.121374997,99.7332945,99.10976227,98.83,67,121.030877,2081600,2.42589915477691,6.0423333333333
10,40000,90,0.86,0.828333333333333,121.577098,8.2252333412334,131.037481168418,129.344976997988,129.37003,1.20290889429175,10.0706362843333,10.0502512562814,10.12,2,121.512455,1656940,0.763097170489916,1.73233333333333
10,40000,90,0.86,0.841666666666667,122.580058,8.15793381334507,159.826071627934,132.423883954455,132.450529,1.18659318161188,10.3171548816667,12.4629080118694,10.37,2,122.518397,1607590,0.761357126516915,1.6765
10,40000,90,0.86,0.881666666666667,122.845558,8.14030247638258,126.380952890964,130.352257886579,130.379903,1.12893643217769,10.8308833636667,10.1983002832861,10.88,2,122.78581,1617910,0.769707632028988,1.59333333333333
10,40000,90,0.86,0.866666666666667,122.090742,8.19062922887306,135.225005542008,131.061647053846,131.084707,1.15032691281346,10.58119764,11.1431316042267,10.63,2,122.032525,1638460,0.76844692269091,1.62666666666667
10,40000,90,0.86,0.895,121.559539,8.22642145755423,108.094062621801,127.961580748603,127.986859,1.11666695158845,10.8795787405,9.48837209302326,10.93,2,121.495935,1663190,0.775564174214674,1.586
10,40000,90,0.86,0.923333333333333,122.223223,8.18175118815186,136.721865407089,131.679679180505,131.70264,1.08082560517329,11.2852775903333,11.7222723174031,11.33,3,122.159563,1659870,0.781002632924746,1.79583333333333
10,40000,90,0.86,0.838333333333333,122.210766,8.18258515784117,146.884334509329,131.289283210736,131.313504,1.18861811025447,10.245335883,11.519364448858,10.3,2,122.159956,1604970,0.760087986376513,1.57116666666667
10,40000,90,0.86,0.878333333333333,121.994332,8.19710214077815,114.391575312284,129.009986675522,129.035049,1.13624189982922,10.7151688273333,9.85781990521328,10.77,2,121.935468,1643750,0.771050247769195,1.47333333333333
10,40000,90,0.86,0.908333333333333,121.699825,8.21693868499811,113.018104760383,128.91797166789,128.940322,1.0973694083945,11.0544007708333,9.71585701191567,11.1,2,121.647006,1652980,0.776864891520137,1.69
10,40000,90,0.86,0.831666666666667,122.279953,8.17795538406856,115.546408131579,128.730733386774,128.755792,1.20092916658717,10.1696160911667,9.00900900900901,10.23,2,122.218398,1624940,0.761251824629557,1.5765
20,40000,90,1.72,1.66166666666667,122.028869,8.19478217076649,141.175405916999,138.73547183651,138.750915,0.601596976817452,20.2771303988333,21.0526315789474,20.29,3,121.968018,1842500,0.947016272344379,2.23066666666667
20,40000,90,1.72,1.71833333333333,121.800304,8.21016013227685,131.173561428015,136.93937128322,136.950795,0.581850837236663,20.9293522373333,20.7949587978672,20.94,3,121.738685,1861780,0.961389479067152,2.19116666666667
20,40000,90,1.72,1.74333333333333,122.149851,8.18666573731637,135.387100222082,138.494406765774,138.506716,0.573055087622371,21.294790691,21.595795508839,21.3,2,122.094529,1841820,0.963178135366449,2.08016666666667
20,40000,90,1.72,1.74833333333333,121.956638,8.19963567706745,156.958849622431,141.55710349285,141.569077,0.571545065675882,21.3220855436667,23.153882801334,21.33,3,121.895682,1847850,0.964897031569397,2.17633333333333
20,40000,90,1.72,1.75833333333333,122.228049,8.18142814338794,140.092182452107,139.197877402844,139.211116,0.567968157900474,21.4917652825,21.4116532449076,21.5,3,122.166549,1883910,0.97508717549295,2.09916666666667
20,40000,90,1.72,1.77166666666667,122.140887,8.18726656209726,139.053454642435,139.649738981185,139.66148,0.564293250238946,21.6392938135,21.3446168312177,21.65,4,122.084369,1854570,0.971471713676492,2.22
20,40000,90,1.72,1.70333333333333,121.937396,8.20092959833257,133.780544404519,138.657684156556,138.66941,0.586884619454012,20.7700031186667,20.5867970660147,20.78,3,121.87344,1871810,0.960785859424944,1.999
20,40000,90,1.72,1.71166666666667,122.137027,8.18752531122278,126.226909928287,136.350833182084,136.365599,0.583357303037001,20.9057877881667,19.7566909975669,20.92,3,122.071406,1891480,0.967038931540482,2.287
20,40000,90,1.72,1.66833333333333,121.636286,8.22123095734771,140.947420028798,136.732120194805,136.745625,0.598837289456544,20.2929870476667,21.5177234148777,20.31,3,121.576402,1848170,0.9484495668712,2.22816666666667
20,40000,90,1.72,1.735,121.7696,8.21223031035661,138.073965033253,138.268471667627,138.280373,0.576305884740634,21.1270256,20.8833413346135,21.14,3,121.707481,1875440,0.967425873002928,2.14016666666667
30,40000,90,2.58,2.51,121.80425,8.20989415393962,146.64210730923,148.570093466135,148.57938,0.397776203866534,30.57286675,30.4347826086957,30.54,4,121.745685,1933420,1.13840125102489,2.5705
30,40000,90,2.58,2.53833333333333,121.966108,8.19899902028521,153.989338834943,151.24702622981,151.255054,0.393939093037426,30.9590637473333,30.81719724319,30.93,5,121.911352,1966120,1.15445274865944,2.76866666666667
30,40000,90,2.58,2.68166666666667,121.799259,8.21023057291342,153.956918706924,152.277267118707,152.284804,0.372546074417651,32.6625012885,33.6439888164026,32.62,4,121.741057,1957680,1.18099550218582,2.81566666666667
30,40000,90,2.58,2.47,121.542367,8.22758371983985,160.850953431055,150.501105566802,150.509618,0.404212337511471,30.020964649,32.4451939291737,29.99,4,121.48308,1933960,1.1292380186631,2.5825
30,40000,90,2.58,2.52333333333333,121.419431,8.23591406881161,148.236793340291,148.983932686262,148.994397,0.396205402033686,30.6381697556667,30.6041597887091,30.61,4,121.359469,1925600,1.13734962478073,2.54716666666667
30,40000,90,2.58,2.53333333333333,121.658698,8.21971643983893,152.650617006179,149.75218767829,149.760585,0.394571029292105,30.8202034933333,31.8316343308122,30.79,4,121.604316,1928130,1.14111354014835,2.56
30,40000,90,2.58,2.47666666666667,121.543231,8.22752523338795,144.63957583256,146.972918775909,146.981123,0.403702285210633,30.1022068776667,29.7006390850992,30.07,4,121.483587,1925340,1.12816804082296,2.516
30,40000,90,2.58,2.57,121.526781,8.22863892033806,159.678121196451,151.646456039559,151.65441,0.388929680900778,31.232382717,33.387358184765,31.2,4,121.472336,1920100,1.14569956748632,2.95133333333333
30,40000,90,2.58,2.64666666666667,121.674811,8.21862792948986,150.086936252298,150.907054004408,150.914801,0.377631470628464,32.2032666446667,32.0428076802015,32.17,4,121.617085,1952150,1.17162109930583,2.8905
30,40000,90,2.58,2.58666666666667,121.800235,8.21016478334381,145.674585387719,147.963990117268,147.971946,0.386386779416881,31.5056607866667,30.7246376811594,31.47,4,121.744838,1936790,1.15514117782378,2.61666666666667
40,40000,90,3.44,3.37,121.531301,8.22833288026761,168.504913198329,166.238049894659,166.246488,0.296594498025717,40.956048437,41.6563658838072,40.88,5,121.472394,1978130,1.3303319508655,3.32266666666667
40,40000,90,3.44,3.36166666666667,122.086166,8.19093622777867,160.641978130132,165.085399733267,165.091475,0.297442088326227,41.0412994703333,39.6778190830236,40.97,5,122.026955,1985640,1.33472142279186,3.244
40,40000,90,3.44,3.445,121.57281,8.22552345380517,163.705701795182,165.730419174649,165.736415,0.290243742338655,41.881833045,40.9915356711004,41.8,4,121.510922,1997610,1.35375561272583,3.21083333333333
40,40000,90,3.44,3.49833333333333,121.413169,8.23633884393546,165.424263881881,165.814662842782,165.820416,0.285598694855646,42.4743736218333,42.2481543224577,42.39,5,121.350869,1981020,1.35762162577661,2.991
40,40000,90,3.44,3.325,121.8366,8.20771426648478,167.444419115943,165.111414211028,165.115048,0.300730621341855,40.5106695,40.6163868704585,40.44,5,121.780468,1964980,1.31781354893701,3.00383333333333
40,40000,90,3.44,3.475,121.402031,8.23709448485256,162.892462342761,165.699776498801,165.706734,0.287765885504556,42.1872057725,41.8844401822105,42.1,5,121.339662,1980480,1.35238044462819,3.2525
50,40000,90,4.3,4.36833333333333,121.452418,8.23367715906652,185.607481001722,187.455309223579,187.460435,0.228896250434949,53.0544645963333,53.2328819378219,52.92,6,121.392772,1998790,1.54890429429825,3.78516666666667
50,40000,90,4.3,4.50166666666667,121.485648,8.23142499927234,195.6624122392,195.631941100333,195.636581,0.222034367644946,54.688789208,55.2841014251342,54.54,7,121.428534,1995770,1.57577119452582,4.20333333333333
50,40000,90,4.3,4.34333333333333,121.417739,8.23602883924564,189.207599691367,189.98171211627,189.986502,0.230205644575979,52.7357713056667,51.6784960675235,52.6,7,121.35775,2004530,1.54604930413223,3.94183333333333
50,40000,90,4.3,4.34833333333333,121.419557,8.23590552220513,198.334783915626,193.854350540437,193.859961,0.229840085333078,52.7972707021667,52.8836941942901,52.66,6,121.357549,2001140,1.54547825033901,3.914
50,40000,90,4.3,4.32666666666667,121.612498,8.22283907037252,176.781770648351,183.992478002697,183.997323,0.230898549460709,52.6176741346667,50.6065857885615,52.48,5,121.55319,2006390,1.54483067338402,3.43666666666667
50,40000,90,4.3,4.26833333333333,121.531163,8.22834222363198,182.42373877506,184.789044457634,184.793842,0.234274890707927,51.8735514071667,52.0983798555534,51.74,6,121.471365,2000040,1.52883312869825,3.88616666666667
50,40000,90,4.3,4.445,121.409002,8.23662153157309,202.411437089577,198.678326270341,198.682966,0.2249553177979,53.966301389,53.9268978444236,53.83,7,121.350024,2003450,1.56711807009647,3.82366666666667
50,40000,90,4.3,4.28666666666667,121.754162,8.2132715923091,185.491659449828,187.533379884915,187.538705,0.23326655823367,52.1919507773333,52.0505344995141,52.06,5,121.695652,2003360,1.53601296958666,3.88966666666667
50,40000,90,4.3,4.28333333333333,121.691884,8.21747488106931,198.359567587042,193.126152144747,193.131813,0.23344746138249,52.1246903133333,52.5773195876289,51.99,6,121.633943,2000510,1.53343549097801,3.6785
60,40000,90,5.16,5.12,121.418798,8.23595700560304,211.426973148902,216.670209760091,216.674304,0.195233238285482,62.166424576,61.366965012205,61.99,7,121.35834,2021080,1.72021084708641,4.6545
60,40000,90,5.16,5.07833333333333,121.583278,8.22481525790084,205.508827655761,210.320399824746,210.324521,0.196844233236954,61.7440413443333,61.214109926169,61.56,6,121.524319,2022720,1.71351198850239,4.41233333333333
60,40000,90,5.16,4.935,121.207121,8.25034034097716,205.644850214702,208.46320916616,208.467396,0.202602375818305,59.8157142135,59.1423265237211,59.64,6,121.145664,2023510,1.6799199371692,4.1455
60,40000,90,5.16,5.05833333333333,121.608077,8.22313800751902,207.299834983991,210.868682115651,210.872788,0.197603200183855,61.5134189491667,61.60434854225,61.34,9,121.548243,2018230,1.70712085793649,3.85716666666667
60,40000,90,5.16,5.245,121.391752,8.23779197123706,216.523017117554,221.209243616142,221.213276,0.190633912659994,63.669973924,62.8911834789516,63.48,7,121.329497,2023210,1.74781219641806,4.488
60,40000,90,5.16,5.08166666666667,121.199283,8.25087389337114,210.56309818787,213.363787814365,213.367968,0.196723480449,61.5894356445,61.911788817839,61.41,7,121.138827,2023970,1.71154910249517,4.34816666666667
60,40000,90,5.16,5.115,121.750825,8.21349670525847,213.209872238084,217.317993768003,217.322072,0.19539595239231,62.2755469875,62.1110930118912,62.09,8,121.688494,2026930,1.72526794614113,4.51816666666667
70,40000,90,6.02,6.07666666666667,121.194176,8.25122157685201,289.526871437749,289.288777319528,289.292995,0.164552694633571,73.6456609493334,74.1944330179624,73.41,11,121.13733,2052500,1.94315695095528,4.72783333333333
70,40000,90,6.02,5.955,121.241948,8.24797041367234,261.557784310457,266.673946492583,266.677373,0.167861712262804,72.199580034,71.4425633132783,71.96,10,121.184681,2043180,1.91104526040533,4.93716666666667
70,40000,90,6.02,6.07333333333333,121.490016,8.23112905014351,285.3042771245,286.15834082876,286.161897,0.164648646573271,73.784936384,74.2077102483194,73.54,12,121.430395,2047070,1.94189886812292,4.8915
70,40000,90,6.02,5.97666666666667,120.980375,8.26580344126062,256.166051210351,263.384559630229,263.388046,0.167303559011433,72.3059374583333,71.0023699986059,72.07,10,120.921178,2047820,1.91602650811429,4.487
70,40000,90,6.02,5.98,121.267859,8.24620809047185,266.715068527622,271.612406908863,271.615968,0.167196916675028,72.518179682,71.3250661836422,72.29,10,121.211283,2031470,1.90932609681792,4.65783333333333
70,40000,90,6.02,5.91,121.346824,8.24084196880176,264.363020379712,267.646996891991,267.651152,0.169036845595037,71.715972984,72.465811363316,71.48,10,121.28978,2047940,1.90552033937969,4.475
70,40000,90,6.02,6.02833333333333,121.338336,8.24141844173634,285.956720921075,286.266918173348,286.271533,0.16584275169671,73.146793552,72.7297857636489,72.91,15,121.279136,2035410,1.92294594705761,4.40983333333333
70,40000,90,6.02,5.945,121.103016,8.25743266377445,259.538646421914,264.67562094337,264.67916,0.168153361734231,71.995743012,72.0392431674842,71.76,12,121.043214,2036510,1.90315337451144,4.37366666666667
70,40000,90,6.02,6,121.231267,8.24869709560983,305.651992778781,299.9206001925,299.924249,0.1666340693575,72.7387602,72.3371753923066,72.38,11,121.173038,2041430,1.91742123350659,4.342
80,40000,90,6.88,6.885,121.100307,8.25761738159756,418.363229667105,420.072225976519,420.075394,0.145187518194868,83.3775613695,83.8799467505749,82.94,18,121.042764,2061450,2.12116039911224,5.22533333333333
80,40000,90,6.88,6.80833333333333,121.067428,8.25985995176176,407.759058328953,407.631602641126,407.636069,0.146839046374541,82.4267405633333,82.78056541427,82.14,13,121.009921,2056310,2.10292387958493,5.05466666666667
80,40000,90,6.88,6.90333333333333,120.964924,8.2668592426016,415.02520509831,416.724114304442,416.727148,0.144845841753742,83.5061192013333,83.5606517803259,83.21,18,120.90648,2059060,2.1242509791008,4.93516666666667
80,40000,90,6.88,6.93,120.991161,8.26506656961495,442.147995352276,440.339655471381,440.342692,0.144294653513468,83.846874573,84.1048454971745,83.41,19,120.932415,2052910,2.12325447862954,4.9555
80,40000,90,6.88,6.88166666666667,121.223395,8.24923274917354,440.146010380626,438.743676069024,438.746602,0.145306403498426,83.4218996591667,83.1698752875651,82.99,16,121.163618,2063860,2.12385849837774,4.95583333333333
80,40000,90,6.88,6.76833333333333,121.434524,8.2348904336299,418.267487539145,414.279861409013,414.2834,0.14769537811081,82.1909336606667,81.6816447125446,81.77,13,121.375791,2055700,2.0958114042241,5.25466666666667
80,40000,90,6.88,6.91166666666667,121.213805,8.24988539877946,428.536980261118,430.268997826381,430.272062,0.144629700312033,83.7789415558333,83.3634719710669,83.34,17,121.15452,2059890,2.12721654479873,4.7725
90,40000,90,7.74,7.89833333333333,121.054538,8.26073946934563,1186.21630280069,1198.6216077605,1198.624574,0.126546157656046,95.6129092636667,95.6640995885642,95.24,31,120.99822,2073580,2.35360447938573,5.81816666666667
90,40000,90,7.74,7.61833333333333,120.905297,8.27093621878287,704.10461857973,714.485449167578,714.489222,0.131244547090133,92.1096854311667,91.5126326151154,91.45,26,120.837969,2069050,2.28105387708701,6.00783333333333
90,40000,90,7.74,7.86,121.166177,8.25312826367378,1252.41120650286,1258.56537849534,1258.568304,0.127208230716073,95.236615122,95.1235025972649,94.87,47,121.105549,2077290,2.35003358848386,5.97683333333333
90,40000,90,7.74,7.78833333333333,120.726624,8.28317703972241,894.81031310325,904.585336510165,904.588024,0.128354553478494,94.025918992,93.5594308334225,93.21,36,120.669984,2073940,2.31703253704563,5.53283333333333
90,40000,90,7.74,7.67833333333333,121.059752,8.26038368226626,931.597991732367,932.018479356631,932.021387,0.130190859728023,92.9537129106667,93.043950081389,92.6,37,121.002459,2071840,2.30420966616941,5.85166666666667
90,40000,90,7.74,7.815,120.920022,8.26992902796528,906.600601103308,921.153661576029,921.15634,0.127946193576029,94.498997193,94.4130504318158,93.98,27,120.863309,2072950,2.33018826080877,6.11866666666667
90,40000,90,7.74,7.80333333333333,121.000684,8.2644160920611,1209.22491038711,1206.1104524513,1206.113093,0.128122120219137,94.4208670813333,94.1697810998398,93.91,36,120.944483,2074670,2.33036295370203,5.92266666666667
90,40000,90,7.74,7.52666666666667,121.261048,8.24667126413092,572.744930824944,588.764931299159,588.76813,0.132855716588353,91.2691487946667,91.2875013838149,90.78,19,121.203869,2069530,2.2693010849812,5.84916666666667
90,40000,90,7.74,7.74,120.981921,8.26569781446932,821.718778817323,834.199377556417,834.202119,0.129160969534238,93.640006854,93.0024760469372,93.13,25,120.925137,2070550,2.31275284494462,5.66866666666667
90,40000,90,7.74,7.72833333333333,121.060239,8.26035045247185,930.19989804264,936.141099003019,936.143794,0.129382445880742,93.5593880405,92.8948787061995,92.74,27,121.002338,2073040,2.30774682797674,5.4955
100,40000,90,8.1,8.096666667,120.921785,8.269808455,1987.154547,2009.22723,2009.230733,0.123483475,97.90633859,97.6330143,97.17,45,120.868101,2076810,2.39146769704607,6.0576666666666
100,40000,90,8.1,7.981666667,120.867997,8.273488639,1102.445532,1126.735299,1126.737877,0.125242831,96.47280627,96.42968995,95.91,47,120.813458,2074740,2.36676954111393,6.1338333333333
100,40000,90,8.1,8.22,120.869316,8.273398354,2989.642411,3033.463144,3033.465803,0.121636774,99.35457775,98.803852,98.45,63,120.815984,2081590,2.41896144483547,6.0165
100,40000,90,8.1,8.131666667,120.775231,8.279843406,1433.195473,1470.003794,1470.007371,0.122953027,98.21039201,98.11456092,97.64,35,120.721604,2080560,2.40329257202407,6.1221666666666
100,40000,90,8.1,8.206666667,121.065851,8.259967544,3769.572865,3810.81193,3810.814461,0.121848185,99.35470839,99.08620164,98.77,84,121.012441,2080500,2.4238336700029,6.1216666666666
100,40000,90,8.1,8.085,120.937143,8.268758259,2626.542639,2632.139411,2632.141933,0.123636824,97.77768012,97.58837473,97.37,59,120.883151,2079370,2.39733552578914,6.1691666666666
100,40000,90,8.1,8.216666667,120.851695,8.274604671,2207.960427,2254.766817,2254.770353,0.121681893,99.29980939,97.62701552,97.43,79,120.799326,2078720,2.39786198445464,6.1861666666666
10,40000,95,0.86,0.815,121.615397,8.22264305892123,137.86447921693,129.615844719836,129.641842,1.21821045599182,9.9116548555,10.8273748723187,9.96,2,121.562391,1641510,0.759151764584507,1.626
10,40000,95,0.86,0.911666666666667,122.307831,8.17609135755175,102.176254038216,128.968018003656,128.991185,1.09627939084826,11.1503972595,9.13242009132421,11.2,2,122.248402,1689100,0.782504782124051,1.52516666666667
10,40000,95,0.86,0.965,121.502021,8.23031577392445,126.96312257753,129.950625265976,129.977537,1.03604698568912,11.7249450265,11.3891285591027,11.77,2,121.444812,1693760,0.791502491390658,1.44716666666667
10,40000,95,0.86,0.826666666666667,122.467059,8.16546104859103,124.25689503947,129.517101760081,129.549975,1.20753993094355,10.123943544,9.86908358509567,10.18,2,122.398585,1597150,0.75756323166637,1.54233333333333
10,40000,95,0.86,0.825,122.632442,8.15444904864571,132.097972663058,129.876755579798,129.901917,1.21146393832929,10.117176465,10.4944500504541,10.17,2,122.574406,1634200,0.761388928644209,1.39416666666667
10,40000,95,0.86,0.89,122.228873,8.1813729886882,140.843590040046,131.727818138577,131.751215,1.12293197402622,10.878369697,11.7867165575304,10.93,2,122.168845,1664730,0.775739258429628,1.43966666666667
10,40000,95,0.86,0.9,122.342762,8.17375694035745,121.28687429335,130.347247777778,130.36996,1.10679775802222,11.01084858,10.1757631822387,11.07,2,122.292481,1642130,0.775183654956273,1.53666666666667
10,40000,95,0.86,0.853333333333333,121.710564,8.21621367229882,144.054878048781,131.103350994141,131.127104,1.16912884008594,10.385968128,11.5121951219512,10.44,2,121.654857,1658310,0.767891564313806,1.29
10,40000,95,0.86,0.863333333333333,121.971989,8.19860369744401,145.206509719528,130.363238220077,130.38723,1.15728693410811,10.5302483836667,12.1504339440694,10.58,2,121.907162,1628300,0.766605358760672,1.48933333333333
20,40000,95,1.72,1.73333333333333,122.001247,8.19663753109015,138.062322108454,138.149765719231,138.16202,0.576427717863462,21.1468828133333,22.1047573282076,21.16,2,121.948345,1861180,0.964855353001772,2.0385
20,40000,95,1.72,1.77166666666667,122.018432,8.19548312176311,136.930501136444,137.758117176858,137.769714,0.56370131032079,21.6175988693333,22.0968500235073,21.62,3,121.957095,1896460,0.979669454268264,1.99583333333333
20,40000,95,1.72,1.755,122.234806,8.18097588341573,146.574232952971,140.6033487132,140.615474,0.568694675069326,21.452208453,22.4015187470337,21.46,3,122.175224,1856320,0.968745488152061,2.38416666666667
20,40000,95,1.72,1.74666666666667,122.135898,8.18760099508173,139.239262195721,140.06127361355,140.073556,0.571778886686069,21.333070184,20.410109680496,21.34,4,122.07484,1877750,0.971184759595018,2.16633333333333
20,40000,95,1.72,1.73666666666667,121.950189,8.20006929222553,138.63765034038,137.735836740883,137.748252,0.575440135009597,21.178682823,21.3908872901679,21.19,3,121.895349,1893920,0.972009148477608,2.18183333333333
20,40000,95,1.72,1.74,122.018621,8.19547042741944,121.875395476029,136.505371132184,136.517299,0.57468140518295,21.231240054,19.3872666347535,21.24,3,121.959534,1872940,0.968558675673905,2.22616666666667
20,40000,95,1.72,1.73833333333333,121.641653,8.22086822513009,161.525877447064,142.227704009588,142.239729,0.575210482341323,21.1453740131667,23.5265931959751,21.16,3,121.580247,1887830,0.97027334239067,2.10916666666667
30,40000,95,2.58,2.58,121.627195,8.22184545158671,143.174314728182,147.814896618217,147.823054,0.387475733789406,31.37981631,31.126896997094,31.35,3,121.56761,1941540,1.15449498823013,2.73666666666667
30,40000,95,2.58,2.545,121.784547,8.21122239753456,153.183772295088,149.7472601611,149.755364,0.39263918143222,30.9941672115,31.9476268412439,30.96,4,121.724635,1932810,1.14533797899558,2.616
30,40000,95,2.58,2.56666666666667,121.625866,8.22193529129733,148.964959091541,149.951760896753,149.959727,0.38907954227013,31.2173056066667,31.0288867250893,31.19,3,121.565072,1927360,1.14764519882285,2.64166666666667
30,40000,95,2.58,2.64333333333333,121.384397,8.23829112072782,142.358145592402,149.022019769861,149.029846,0.378116882542245,32.0859422736667,30.570438071226,32.05,4,121.330322,1970430,1.17502921425415,2.484
30,40000,95,2.58,2.615,121.70613,8.21651300554869,140.464409693141,149.067701343531,149.075662,0.382336954308477,31.826152995,30.4874163746416,31.79,4,121.646546,1934360,1.15984984295747,2.91033333333333
30,40000,95,2.58,2.55,122.076146,8.191608539149,156.811499509964,151.922655262092,151.930593,0.391608136315686,31.12941723,30.8395949036263,31.1,6,122.016446,1918920,1.14367499943785,2.61266666666667
30,40000,95,2.58,2.64,122.004188,8.19643994515992,145.347447335456,149.199243099748,149.208198,0.378538297970328,32.209105632,32.5023666771852,32.17,3,121.946035,1936060,1.16679820605893,2.48633333333333
30,40000,95,2.58,2.55666666666667,121.740076,8.21422191325065,157.269375421371,150.669374848761,150.678756,0.390059506426336,31.1248794306667,31.7367220593027,31.09,5,121.677519,1951480,1.15295857012718,2.84366666666667
30,40000,95,2.58,2.555,121.752717,8.21336907003069,148.031216720892,149.20934112394,149.217393,0.391235369872146,31.1078191935,31.6269970655364,31.08,4,121.69723,1964440,1.15654857910778,2.84783333333333
40,40000,95,3.44,3.44666666666667,121.491745,8.23101190949229,166.703368993033,166.221247503869,166.227229,0.290071111502901,41.8741547766667,42.2528402223834,41.79,5,121.435577,1980860,1.34714842875526,3.15416666666667
40,40000,95,3.44,3.325,121.635214,8.2213034130067,174.90481402705,167.097127833584,167.104576,0.300636392280201,40.443708655,41.6436983212228,40.37,6,121.57754,1979500,1.32200392536735,2.99133333333333
40,40000,95,3.44,3.50166666666667,121.522035,8.22896028691422,158.450770018424,163.823396899096,163.830309,0.285500274988577,42.5529659225,42.4458719961932,42.47,5,121.466873,1976700,1.35732519564499,3.42966666666667
40,40000,95,3.44,3.36,121.466555,8.23271887475528,168.992714864275,165.178507857143,165.187761,0.297156735247024,40.81276248,42.548970989338,40.74,5,121.407186,1976000,1.32710773067509,3.1115
40,40000,95,3.44,3.44666666666667,121.70466,8.21661224804375,167.264423663603,166.843965065764,166.85199,0.289868049563346,41.94753948,41.3584723229393,41.87,5,121.646721,1976460,1.34684381433722,3.24916666666667
40,40000,95,3.44,3.42833333333333,121.440471,8.23448716696759,162.182182052098,164.421353661157,164.42739,0.291533111721439,41.6338414745,41.3608748481166,41.56,5,121.380735,1974700,1.34080447480496,3.16616666666667
50,40000,95,4.3,4.28,121.265007,8.24640203088431,181.930979025177,185.01624089447,185.021144,0.233596397396417,51.901422996,51.2555966517423,51.77,5,121.202731,1996290,1.52759084186628,3.76283333333333
50,40000,95,4.3,4.39,121.508329,8.22988850418641,184.169148554899,188.788981854973,188.794298,0.227470447367502,53.342156431,52.9512241412033,53.2,6,121.445976,2010960,1.55969647816237,4.08266666666667
50,40000,95,4.3,4.26833333333333,121.708382,8.21636097339623,180.685934294375,185.268023848887,185.272811,0.234262646724717,51.9491943836667,50.3806363458911,51.82,7,121.647856,2011560,1.53567064210015,3.551
50,40000,95,4.3,4.18666666666667,121.408209,8.23667533057835,179.627341001996,181.862414485669,181.867332,0.238822540441083,50.829570168,50.5273631840796,50.7,6,121.345737,2000860,1.51099170400037,3.6245
50,40000,95,4.3,4.19833333333333,121.791691,8.21074074749484,186.713543058073,186.171174012307,186.175993,0.238166432870584,51.1322116048333,51.0617185949593,51.01,5,121.735723,1989050,1.51093598760724,3.6115
50,40000,95,4.3,4.24,121.663982,8.21935944855068,183.10859159786,183.899963454796,183.905095,0.235512433818003,51.585528368,51.6211436431519,51.46,6,121.606169,1991910,1.52011698812132,3.89933333333333
50,40000,95,4.3,4.35833333333333,121.471945,8.23235356937769,180.450929942946,185.283321855832,185.289902,0.229093984023709,52.9415226958333,52.647677308354,52.81,7,121.415458,2009900,1.5523171798208,3.6615
50,40000,95,4.3,4.21,121.559592,8.22641787083326,185.492214826873,185.331610456453,185.336462,0.237405407912906,51.176588232,51.1775183059569,51.05,6,121.502268,2000330,1.51687953771018,3.63316666666667
60,40000,95,5.16,5.28166666666667,121.275616,8.24568064861447,225.92265315153,227.658861583149,227.662812,0.189111871402966,64.0537378506667,63.3222905821107,63.86,11,121.216396,2025120,1.75564945564833,4.09716666666667
60,40000,95,5.16,5.10166666666667,121.202084,8.25068321432493,208.531379186654,212.673007851683,212.677039,0.19599333408592,61.8332631873333,61.0811693614241,61.65,7,121.142258,2018080,1.71251761086928,4.48583333333333
60,40000,95,5.16,5.23166666666667,121.286192,8.24496163586371,214.462048056242,218.971056222682,218.975984,0.191128658922587,63.4528927813333,61.9047619047619,63.27,8,121.226981,2022430,1.74364418195654,4.4685
60,40000,95,5.16,5.12666666666667,121.403974,8.23696265494571,221.180444820916,221.47831621814,221.48289,0.19489501346814,62.2397706706667,61.8722574353974,62.06,8,121.344464,2026920,1.72472967811206,4.28283333333333
60,40000,95,5.16,5.15666666666667,121.570922,8.22565119642673,219.899287505002,221.934669837427,221.938843,0.193817056047188,62.6900721113333,62.4656648893198,62.5,11,121.509842,2033670,1.73635848022619,4.21116666666667
60,40000,95,5.16,5.23166666666667,121.275238,8.24570634938684,214.979557611523,219.645373293406,219.64949,0.191141919186684,63.4471620136667,63.3381111641981,63.26,8,121.216469,2031890,1.7488789064241,4.05983333333333
60,40000,95,5.16,5.15833333333333,121.167061,8.25306805122557,213.557175210563,216.949467611309,216.953531,0.193833946434249,62.5020089658333,62.7685349701179,62.32,7,121.108092,2017460,1.72401198833615,4.2945
60,40000,95,5.16,5.105,121.605706,8.22329833766189,237.480671525514,231.487321416259,231.491438,0.195851916818152,62.079712913,62.4775583482944,61.9,8,121.547865,2015880,1.71570463147557,4.6145
60,40000,95,5.16,5.04666666666667,121.302956,8.24382218682288,191.084302822002,202.977275462351,202.981451,0.198109510369551,61.2175584613333,59.1381872213967,61.04,6,121.245102,2029030,1.70778564598664,4.067
70,40000,95,6.02,6.07166666666667,121.173271,8.25264509035165,258.768176238102,266.330195434258,266.333618,0.1646927833014,73.5723710421667,73.7752161383285,73.34,13,121.116398,2039830,1.93353143847674,4.82666666666667
70,40000,95,6.02,6.09666666666667,121.14922,8.25428343657516,289.087636639078,289.6597275883,289.663033,0.163925546651449,73.8606411266667,74.1287412874129,73.62,13,121.09052,2037820,1.93720221202891,5.08733333333333
70,40000,95,6.02,5.94833333333333,121.231836,8.24865838046039,248.556747962476,257.917232240123,257.921419,0.168031077775007,72.112737114,71.1724331138815,71.88,9,121.173608,2041210,1.90833771808919,4.944
70,40000,95,6.02,5.99833333333333,121.599459,8.22372079796835,264.462034163076,270.083301583218,270.086848,0.166702265676021,72.9394088235,72.5239616613418,72.7,10,121.539567,2042110,1.92358874723938,4.61033333333333
70,40000,95,6.02,6.075,121.25111,8.2473471789248,284.583338272057,286.229649616461,286.233079,0.164606047005761,73.660049325,73.775888081196,73.3,12,121.196659,2046880,1.93746990396453,4.53333333333333
70,40000,95,6.02,6.095,121.184148,8.25190436623774,301.379894661705,299.148046187312,299.15169,0.164021294035822,73.861738206,72.6452494873548,73.5,13,121.126987,2039710,1.93631091731124,5.3115
70,40000,95,6.02,6.11333333333333,120.995397,8.26477721297117,283.500561605784,285.219808264449,285.223241,0.163567301027263,73.968519366,74.8262232520104,73.72,11,120.936833,2042050,1.9417947344458,4.80233333333333
80,40000,95,6.88,6.92833333333333,121.169479,8.2529033569584,456.854972688773,454.114256052201,454.117325,0.144316383132788,83.9502540338333,84.1972339146121,83.65,19,121.10978,2058780,2.13197685672319,5.49666666666667
80,40000,95,6.88,6.87333333333333,121.477108,8.23200367924465,429.273442191329,429.414043291707,429.418194,0.145433106091659,83.4952655653333,83.0767365741302,83.2,16,121.417778,2055120,2.12112843187627,5.30583333333333
80,40000,95,6.88,6.84166666666667,121.184581,8.25187488167327,375.047228021114,381.820080974178,381.823784,0.146149725045798,82.9104508341667,82.3407623919133,82.62,13,121.126118,2060850,2.11493701252807,5.42516666666667
80,40000,95,6.88,6.975,121.157406,8.25372573592406,463.693353354665,461.996588644683,461.999807,0.143331983143369,84.507290685,85.1989009676263,84.2,16,121.099971,2058320,2.14154806286112,5.25866666666667
80,40000,95,6.88,6.81833333333333,121.168622,8.25296172799588,348.744541456997,359.651302639208,359.654468,0.146564193789782,82.6168054336667,82.1092508859831,82.32,12,121.10319,2053830,2.10433330296629,5.58633333333333
80,40000,95,6.88,7.07666666666667,121.146394,8.25447598547589,454.343298648484,459.70998174635,459.713133,0.141260398548987,85.7312648206667,85.2819969386554,85.42,20,121.08901,2064060,2.16794266131666,5.4935
80,40000,95,6.88,6.71,120.889886,8.27199059481287,340.479050581996,348.119924681818,348.122974,0.148940993900397,81.117113506,81.5969204023345,80.84,13,120.831736,2052300,2.07659615738712,5.13766666666667
80,40000,95,6.88,6.825,121.126102,8.25585884040089,416.592319900829,414.402681785348,414.405759,0.146488805156288,82.668564615,82.6883164448785,82.38,16,121.068024,2051370,2.10359341859702,5.09816666666667
80,40000,95,6.88,6.94833333333333,120.94422,8.26827441609033,435.917536257643,435.557558650756,435.560622,0.143907457924203,84.03607553,84.3386497181916,83.74,15,120.888129,2054430,2.13033099869655,5.16816666666667
80,40000,95,6.88,6.78666666666667,120.880397,8.27263993846744,396.29215556448,396.443567966847,396.446602,0.147285548308939,82.0374960973334,81.6451810926949,81.75,15,120.823052,2055100,2.09501083522139,5.43183333333333
90,40000,95,7.74,7.59833333333333,120.970916,8.26644976384241,690.309584314497,699.982147066681,699.984879,0.131541530726256,91.9177343406667,91.5780239061301,91.42,22,120.91359,2071460,2.28248334492056,5.74783333333333
90,40000,95,7.74,7.97333333333333,120.886405,8.27222879198037,1446.32489739198,1456.765054486,1456.767649,0.125396932188963,96.3867602533334,96.1333472672171,95.86,42,120.829566,2078930,2.36945437208812,5.72416666666667
90,40000,95,7.74,7.81333333333333,120.849845,8.27473134119452,860.88119176214,877.018886365828,877.021682,0.127970155121374,94.4240122266667,94.6464754185774,93.9,25,120.793582,2077120,2.33224038318285,5.813
90,40000,95,7.74,7.725,121.062797,8.26017591514923,1114.1398919762,1108.88661851888,1108.889296,0.129388654562028,93.5210106825,93.4958472656671,93.16,39,121.005525,2075920,2.31777549833249,5.60633333333333
90,40000,95,7.74,7.865,120.720092,8.28362523116699,1183.36045678118,1186.27056992393,1186.273123,0.127076655471286,94.946352358,95.3278949041212,94.58,41,120.663514,2073630,2.34165875040526,5.50966666666667
90,40000,95,7.74,7.905,120.981896,8.26569952251368,1265.58217720217,1277.10112576745,1277.103768,0.126483473426102,95.636188788,95.2461262780647,94.8,40,120.926891,2074810,2.34665592598765,5.54116666666667
90,40000,95,7.74,7.55666666666667,121.036555,8.26196680829193,837.221939545677,831.287791075871,831.290619,0.132316762689899,91.4632900616667,91.6418568750689,90.97,36,120.979908,2070080,2.27319359472552,5.64233333333333
90,40000,95,7.74,7.74,121.028103,8.26254378290966,1098.75452140747,1095.4731779593,1095.475782,0.129147598748708,93.675751722,93.207019054796,92.86,36,120.971221,2072190,2.30921924620944,5.58066666666667
90,40000,95,7.74,7.9,120.917664,8.27009029880035,1256.9442682834,1264.69886036055,1264.701877,0.126560846749156,95.52495456,95.3064022782407,95,37,120.860822,2076660,2.35186352669371,5.28966666666667
100,40000,95,8.1,8.021666667,120.87867,8.27275813,2245.929842,2239.714465,2239.717934,0.12466014,96.96483979,96.73834009,96.39,65,120.824844,2074890,2.37562234350818,5.8283333333333
100,40000,95,8.1,8.106666667,121.029472,8.262450323,2662.02154,2673.815692,2673.818146,0.123301763,98.11455863,98.14986124,97.38,65,120.975478,2080140,2.39818830752703,6.191
100,40000,95,8.1,8.133333333,120.738887,8.282335748,1944.817197,1971.43612,1971.438643,0.122936755,98.20096143,97.23388997,97,50,120.684861,2077090,2.38861799209467,5.8936666666666
100,40000,95,8.1,8.121666667,121.155229,8.253874045,2159.30937,2189.093167,2189.096696,0.123117727,98.39823849,97.37355084,97.5,51,121.100648,2079520,2.3998342031396,5.9861666666666
100,40000,95,8.1,8.07,120.895729,8.271590802,2543.861501,2546.343115,2546.345679,0.123862037,97.5628533,97.54259164,97.16,76,120.841277,2076060,2.39063400404023,5.9296666666666
100,40000,95,8.1,8.165,120.880145,8.272657185,2375.46266,2406.120918,2406.124503,0.122459796,98.69863839,98.32635983,98.12,59,120.827107,2081200,2.41260206382627,6.1185
100,40000,95,8.1,8.113333333,120.781782,8.279394321,3223.120577,3220.726755,3220.729277,0.123249725,97.9942858,97.65841635,97.26,76,120.727994,2081530,2.39721093652953,5.9831666666666
100,40000,95,8.1,8.13,120.726613,8.283177794,2954.235651,2964.102019,2964.104672,0.122991754,98.15073637,97.58122374,97.1,79,120.672492,2077650,2.39092380081016,5.9658333333333
10,50000,75,0.86,0.838333333333333,122.114451,8.18903898605743,118.455108475266,130.028083749503,130.057217,1.19033726399801,10.2372614755,8.93743793445879,10.29,3,122.057671,1626480,0.762272303989245,1.65133333333333
10,50000,75,0.86,0.82,122.006135,8.19630914461802,133.713012257026,129.00789420122,129.032538,1.21799915819106,10.00450307,10.3553299492386,10.05,2,121.939361,1643860,0.760694929789281,1.587
10,50000,75,0.86,0.911666666666667,122.009999,8.19604957131423,112.193533845884,130.017593488117,130.039727,1.09616510465082,11.1232449088333,9.68036529680364,11.17,2,121.951851,1635740,0.775882174179654,1.4025
10,50000,75,0.86,0.873333333333333,121.851844,8.20668745891117,123.345388920018,129.550086185115,129.573032,1.14474214173664,10.6417277093333,10.0095328884652,10.69,2,121.797905,1642620,0.769772266255653,1.44783333333333
10,50000,75,0.86,0.881666666666667,121.911059,8.20270128241606,160.653753674955,132.091632882798,132.119576,1.13389557890548,10.7484917018333,12.8423040604344,10.8,2,121.859835,1652940,0.77251656075912,1.536
10,50000,75,0.86,0.86,121.81546,8.20913864299326,99.0567099664558,128.74253456783,128.77696,1.16154310800194,10.47612956,7.9380445304937,10.53,2,121.75694,1681050,0.771704572096489,1.40566666666667
10,50000,75,0.86,0.913333333333333,121.864067,8.205864325864,129.750014971156,130.51928355292,130.541117,1.0935903952062,11.1302514526667,10.9389243391067,11.18,2,121.803127,1664660,0.779376735286352,1.515
10,50000,75,0.86,0.896666666666667,121.80291,8.20998447409836,104.586262956788,127.978630702602,128.000999,1.11523819014312,10.92166093,8.82079851439183,10.97,2,121.741259,1663530,0.776185702874525,1.39416666666667
10,50000,75,0.86,0.848333333333333,122.436768,8.1674811932311,131.875504896167,129.04894797446,129.082924,1.17766674522986,10.386719152,11.1874386653582,10.44,1,122.37767,1632320,0.765048288227445,1.58433333333333
20,50000,75,1.72,1.735,122.067185,8.1922098883496,124.515599729386,137.590371582133,137.603354,0.574242223368876,21.1786565975,19.9711953912626,21.19,3,122.003536,1884490,0.970089535682445,2.19616666666667
20,50000,75,1.72,1.66166666666667,122.009998,8.19604963848946,138.762151114999,138.313588320963,138.32619,0.601191204593781,20.2739946676667,20.0501253132832,20.29,3,121.953772,1853720,0.949211811160125,1.92533333333333
20,50000,75,1.72,1.75833333333333,121.753181,8.21333776897377,132.548757243148,137.745801232228,137.7578,0.568357887653081,21.4082676591667,20.8432022738039,21.42,2,121.698284,1887960,0.974599588586622,1.7615
20,50000,75,1.72,1.72666666666667,121.914145,8.20249364829651,151.422872117518,139.948929892857,139.960729,0.579026690484556,21.0505090366667,22.2865412445731,21.06,4,121.860723,1867060,0.964415298579728,2.20116666666667
20,50000,75,1.72,1.78,122.189859,8.18398521926439,134.074335017587,139.136924121723,139.143695,0.560390311327715,21.749794902,20.6832007487132,21.76,3,122.127648,1894320,0.981548851368106,1.96116666666667
20,50000,75,1.72,1.72666666666667,122.070071,8.19201620682272,131.028278640435,137.842551689189,137.854382,0.579102964940155,21.0774322593333,20.4052098408104,21.09,2,122.010846,1868250,0.965147138352658,1.90866666666667
20,50000,75,1.72,1.63666666666667,122.258012,8.179423038549,129.973103651995,136.695349676171,136.708286,0.610206147785132,20.0095612973333,18.8295165394402,20.02,3,122.199081,1884910,0.950857114946303,2.06433333333333
20,50000,75,1.72,1.65,122.251782,8.17983986523812,152.662414146513,139.535820622222,139.548429,0.605983882334343,20.17154403,22.1605249873801,20.19,3,122.19301,1882300,0.953155551202062,1.93783333333333
20,50000,75,1.72,1.61666666666667,121.864473,8.20583698745409,137.988176994535,137.602654914433,137.615405,0.618445954568041,19.701423135,19.7320968572901,19.72,3,121.800987,1864770,0.942063349299777,2.00033333333333
30,50000,75,2.58,2.52666666666667,121.886666,8.20434287701331,147.193536011525,149.73210462467,149.740169,0.395566102304749,30.7966976093333,30.5967688757006,30.77,3,121.829006,1944420,1.14545881850559,2.59166666666667
30,50000,75,2.58,2.60333333333333,121.752529,8.21338175242339,155.984635083227,151.28666571703,151.294242,0.383956692498079,31.6962417163333,33.248,31.66,5,121.689924,1947340,1.16147979690507,2.318
30,50000,75,2.58,2.705,121.775124,8.21185778468187,155.753042620887,152.521483818854,152.529052,0.369647526214418,32.940171042,33.600246381275,32.9,4,121.715973,1944420,1.18173766889539,2.40333333333333
30,50000,75,2.58,2.64,121.661977,8.21949490431181,153.236371286229,150.974804416667,150.9824,0.378775849491162,32.118761928,32.4076995897759,32.08,4,121.601141,1950500,1.16958881802618,2.40966666666667
30,50000,75,2.58,2.61833333333333,121.996288,8.19697071438764,145.210690180132,149.412524975812,149.420503,0.381586858306174,31.9426947413333,31.2122176264715,31.9,3,121.938534,1942680,1.1641879041359,2.61083333333333
30,50000,75,2.58,2.59,121.913949,8.20250683537451,141.077529305255,148.778405637709,148.786464,0.385830132878378,31.575712791,30.7494371180444,31.54,3,121.859357,1953820,1.16133943456281,2.51733333333333
30,50000,75,2.58,2.47833333333333,121.938447,8.20085891367798,156.109249348697,150.634654359785,150.644063,0.40346916731002,30.2204117815,29.8823529411765,30.19,7,121.876499,1953380,1.13811038144052,2.379
30,50000,75,2.58,2.57166666666667,121.938432,8.20085992248941,153.928806037738,150.976207006481,150.984463,0.3886364296779,31.358500096,31.9403952057013,31.33,3,121.880282,1949560,1.15649978769108,2.41683333333333
40,50000,75,3.44,3.38,122.140863,8.18726817084959,159.925207800675,162.38214869428,162.389028,0.29585721592357,41.283611694,41.6317475967464,41.2,5,122.084411,1987140,1.33929016932728,2.947
40,50000,75,3.44,3.36333333333333,122.108298,8.18945162924145,171.67759179031,167.743265332507,167.749326,0.297314919090188,41.069090894,42.1352489472381,40.99,4,122.052663,1974380,1.33082422161993,2.84266666666667
40,50000,75,3.44,3.445,121.562752,8.22620402670713,168.900479639454,167.446934801161,167.453003,0.290187294383648,41.878368064,42.273276904474,41.79,6,121.503662,1976440,1.34545109558258,3.07883333333333
40,50000,75,3.44,3.40333333333333,121.626177,8.22191426768269,169.536430192398,165.890118307052,165.89629,0.293539809691479,41.393442239,42.2276621787026,41.32,5,121.570094,1993150,1.34366212247372,2.7885
40,50000,75,3.44,3.34333333333333,121.760182,8.21286551624898,163.15369863497,163.810471595214,163.819343,0.29900829224327,40.7084875153333,40.6429105407426,40.63,6,121.702527,1974190,1.32452707581674,2.79683333333333
40,50000,75,3.44,3.32666666666667,121.504709,8.23013369794581,160.953010453665,162.582467976453,162.588726,0.300512223254509,40.4205665273333,39.7695967943902,40.35,5,121.448119,1976620,1.32058750628546,2.95883333333333
40,50000,75,3.44,3.44833333333333,121.620454,8.22230115996771,166.191963161249,165.442058211697,165.4481,0.289296853676655,41.9387865543333,42.4257066924378,41.86,5,121.562749,1978970,1.34763609377846,2.85466666666667
40,50000,75,3.44,3.44333333333333,121.554723,8.22674738849925,166.464100600812,165.758181775896,165.764126,0.290378597789932,41.855342953,41.5436728768449,41.78,5,121.494884,1986570,1.34916712203774,3.25366666666667
40,50000,75,3.44,3.41666666666667,121.596306,8.22393403957518,169.786072403519,166.928699818537,166.934873,0.292618681347317,41.54540455,41.9897585954645,41.46,5,121.541643,1979330,1.34083931027018,3.345
50,50000,75,4.3,4.19166666666667,121.652051,8.22016556054612,196.744399435231,190.435610392843,190.44063,0.238400205085885,50.9924847108333,51.6199562711191,50.87,7,121.591868,1993310,1.51047144979169,3.58283333333333
50,50000,75,4.3,4.20166666666667,121.511646,8.22966384637733,189.437871197822,186.75747109758,186.762393,0.237850315083697,51.055143261,52.587745389649,50.93,7,121.457077,2006370,1.51757990011011,3.71116666666667
50,50000,75,4.3,4.24,121.498059,8.2305841610194,175.276308130374,181.117710700079,181.123369,0.235720934460692,51.515177016,50.9333857339359,51.38,7,121.439071,2004040,1.52439816300281,3.79633333333333
50,50000,75,4.3,4.24666666666667,121.532917,8.22822346969587,178.191437755887,182.69410158595,182.70052,0.235444759312402,51.6109787526667,50.9515401216402,51.49,5,121.476782,1991650,1.520518502818,3.63766666666667
50,50000,75,4.3,4.30833333333333,121.530723,8.22837201421076,209.395726127746,199.130117338878,199.134862,0.231954846711025,52.3594864925,52.6783987623284,52.23,11,121.474,2005640,1.54008028776641,3.48216666666667
50,50000,75,4.3,4.36333333333333,121.759855,8.21288757283753,174.69865721559,182.975265249045,182.980151,0.229077951268526,53.1278833983333,51.6326140920374,53,6,121.704554,2013280,1.55729216104598,3.90083333333333
50,50000,75,4.3,4.42166666666667,121.41151,8.23645138751672,187.42181435652,189.757934279683,189.763405,0.225981051246137,53.6841226716667,54.1548897682306,53.54,8,121.354069,1994700,1.55776804256495,3.869
50,50000,75,4.3,4.22333333333333,121.801437,8.21008376116285,184.836782005794,186.891087556827,186.896039,0.236674473367403,51.440806893,50.9567962122707,51.32,9,121.743763,2003620,1.52314854255398,3.4755
50,50000,75,4.3,4.28333333333333,121.653747,8.22005096152114,182.011251577121,185.454856528016,185.459739,0.23339629588716,52.108354965,51.8965181871231,51.98,7,121.595733,2001180,1.53357734689852,3.4655
50,50000,75,4.3,4.42166666666667,121.606692,8.22323166228385,190.362265741376,192.867029666039,192.872243,0.226119046103656,53.770425646,51.7995100810251,53.63,7,121.549605,1995260,1.55961371696763,4.07216666666667
60,50000,75,5.16,5.00166666666667,121.279523,8.24541501536084,200.765994876604,207.607274626125,207.611396,0.199818598166278,60.6599747538333,59.4036315175746,60.49,7,121.221565,2017750,1.69183086695848,4.2885
60,50000,75,5.16,5.11,121.623768,8.22207711900523,205.075809765463,211.618661853555,211.622807,0.195470143714286,62.149745448,61.0957117234632,61.97,7,121.56696,2017840,1.71803984132473,4.1
60,50000,75,5.16,5.11666666666667,121.455931,8.23343900760186,215.426086320014,216.49941222215,216.50344,0.195424358955375,62.1449513616667,62.644520436411,61.96,7,121.397762,2020880,1.71956759345849,4.34716666666667
60,50000,75,5.16,4.955,121.577547,8.22520296449146,222.754750718464,217.874382131181,217.878775,0.201764023507905,60.2416745385,62.1826130822263,60.07,7,121.519928,2018790,1.68497341053237,4.20416666666667
60,50000,75,5.16,5.10166666666667,121.359937,8.23995154183378,208.051187186685,212.74921023195,212.753401,0.195943655191114,61.9137945261667,61.9794218520333,61.74,7,121.305018,2018860,1.71454442825444,4.16166666666667
70,50000,75,6.02,6.03833333333333,121.189388,8.25154756949511,292.962936570287,291.132985475021,291.136522,0.165606601847916,73.1781921206667,73.4786808334483,72.81,12,121.132263,2038270,1.92303841192691,4.76616666666667
70,50000,75,6.02,6.04666666666667,121.305593,8.24364297860528,299.744807849289,298.987169419515,298.990486,0.165346816854741,73.3494485673333,72.3577235772358,72.99,13,121.245751,2045680,1.93112288257018,4.90733333333333
70,50000,75,6.02,6.04333333333333,121.242077,8.24796163793862,271.215539774363,275.092083936845,275.09554,0.165431074657198,73.2706285336667,73.1835102716117,73.03,11,121.186417,2037240,1.92628899100655,4.622
70,50000,75,6.02,5.96833333333333,121.244689,8.24778395035514,285.886901423326,284.304115806199,284.30773,0.167540281321139,72.3628718848333,73.2514309646796,72.13,18,121.185187,2033920,1.90807087753159,4.82133333333333
70,50000,75,6.02,6.07166666666667,121.273351,8.24583465167051,285.754742962558,286.882520481197,286.88604,0.164679389716717,73.6331362821667,74.5437079731028,73.39,11,121.216335,2038720,1.93369133754167,4.51366666666667
70,50000,75,6.02,6.05333333333333,121.236834,8.24831832873498,268.069102055295,273.658432142897,273.661969,0.165094637842236,73.388696848,72.842395044735,73.14,13,121.179514,2040980,1.93071524212669,4.8405
70,50000,75,6.02,5.965,121.377486,8.23876019313829,283.817917692101,283.40339111316,283.406791,0.167630380895502,72.401670399,72.1469478977511,72.17,10,121.317482,2041140,1.91347745693593,4.78666666666667
80,50000,75,6.88,6.72833333333333,121.196981,8.25103060941757,390.677257044168,390.415062918256,390.419534,0.148604153461234,81.5453687161667,81.4984520123839,81.26,16,121.140703,2049200,2.08188439250794,5.1805
80,50000,75,6.88,6.69833333333333,121.163904,8.25328308998693,334.906271959034,345.268233334163,345.271332,0.149259089287883,81.159621696,80.0223908446324,80.88,12,121.106845,2053710,2.07833950820872,5.29466666666667
80,50000,75,6.88,6.74166666666667,121.095991,8.25791169255141,398.244994094523,396.293687042274,396.296761,0.14827896646848,81.6388805991667,81.1395377580027,81.35,14,121.038054,2049640,2.08382134461506,5.2365
80,50000,75,6.88,7.02666666666667,121.044071,8.26145379727025,429.999520722669,435.428302439279,435.432362,0.142306326652514,85.0536338893333,85.5567413731768,84.6,21,120.985488,2057920,2.1484564754323,5.165
80,50000,75,6.88,6.96,121.013453,8.2635440540648,478.646256902675,473.300969671935,473.303921,0.143639925929119,84.225363288,83.9339159583383,83.79,22,120.955256,2056370,2.13268951185479,5.156
80,50000,75,6.88,6.81,121.134661,8.25527550698309,367.834851799728,375.412345835536,375.41575,0.146839853398189,82.492704141,82.6991312859415,82.07,13,121.077921,2054340,2.10021141788242,5.32766666666667
80,50000,75,6.88,6.915,121.170646,8.25282387287099,422.826644473713,425.683779467583,425.686832,0.144533722037117,83.789501709,83.5401855645258,83.36,18,121.111858,2057840,2.12604371680526,5.35733333333333
80,50000,75,6.88,6.845,121.274066,8.24578603639792,360.526340358881,370.70386871999,370.706861,0.146072714658145,83.012098177,82.7388922702374,82.59,14,121.215199,2054520,2.10970236324266,5.49666666666667
80,50000,75,6.88,6.84333333333333,121.135051,8.25524892873492,411.694503308733,412.209746556503,412.213118,0.146097517858256,82.8967532343334,81.4927553877998,82.6,18,121.077867,2056730,2.11152102577733,5.084
90,50000,75,7.74,7.87833333333333,120.807983,8.27759867491538,1148.76374869571,1157.42036924646,1157.423076,0.126922872898879,95.1765559401667,94.9762030671602,94.66,38,120.753718,2074100,2.34351003433407,6.05866666666667
90,50000,75,7.74,7.795,121.169951,8.2528712089683,1041.82229766028,1046.95669658392,1046.959405,0.128274395826812,94.4519768045,94.0780331373597,93.63,48,121.114888,2075600,2.32605388224551,5.76216666666667
90,50000,75,7.74,7.96,120.840263,8.27538748405405,1068.84522055478,1090.06094671022,1090.063719,0.125550333444933,96.188849348,96.61886318434,95.82,34,120.785227,2078910,2.36870880316436,5.9725
90,50000,75,7.74,7.83333333333333,121.134961,8.25525506216162,1178.72928864516,1183.07132953915,1183.074126,0.12764762523,94.8890527833333,94.1282842250824,94.37,30,121.079336,2074090,2.33823279072962,5.702
90,50000,75,7.74,7.8,121.15925,8.25360011720112,1075.80824972129,1080.21044544145,1080.213117,0.128139284104701,94.504215,94.5518641170815,94.15,29,121.103426,2073700,2.33390715201681,5.789
90,50000,75,7.74,7.715,121.043613,8.26148505662996,958.728075753587,960.593826052063,960.596601,0.129588569861309,93.3851474295,93.6602224862296,93.03,30,120.988029,2075810,2.31531993710359,5.8545
90,50000,75,7.74,7.74,120.761204,8.28080514997184,914.518380913993,918.288370625538,918.290997,0.129160121911499,93.469171896,93.4761545914523,92.96,26,120.705609,2071090,2.31011893558032,5.9675
90,50000,75,7.74,7.84166666666667,120.90368,8.27104683662234,1016.28873711558,1029.31862849139,1029.321243,0.127498274545802,94.8086357333333,94.6445648708958,94.44,42,120.848305,2076750,2.34175280732476,5.9175
90,50000,75,7.74,7.77166666666667,121.048519,8.26115022522498,1118.72120448634,1117.05927733519,1117.062899,0.128645807868325,94.0748740161667,93.9315964404417,93.25,39,120.993375,2075890,2.31938703384692,5.7505
90,50000,75,7.74,7.695,121.045066,8.26138588746773,1002.40173113206,999.911985881308,999.914761,0.129882586602772,93.144178287,93.0914997292908,92.79,34,120.990072,2073120,2.30872123720752,5.66783333333333
100,50000,75,8.1,8.05,120.94304,8.268355087,1857.092067,1872.162957,1872.165466,0.124215411,97.3591472,96.74981886,96.63,53,120.890577,2076760,2.38160079419388,5.9816666666666
100,50000,75,8.1,7.99,120.930944,8.269182121,1294.727702,1313.13771,1313.140471,0.125043094,96.62382426,96.32912712,95.9,35,120.876905,2073660,2.36566116938875,5.8376666666666
100,50000,75,8.1,8.083333333,120.894437,8.271679201,1741.548592,1763.161721,1763.16532,0.123691683,97.72300324,97.54664468,96.83,50,120.841849,2078220,2.38650367216572,5.7956666666666
100,50000,75,8.1,8.028333333,120.872542,8.273177543,1489.767849,1509.651467,1509.65398,0.124517005,97.0405058,95.91074209,95.68,56,120.818754,2074350,2.36225568419119,5.894
100,50000,75,8.1,8.258333333,120.83312,8.27587668,2023.779549,2080.393312,2080.395838,0.121079141,99.78801827,98.82958329,98.55,53,120.781287,2081410,2.4206262154035,6.1148333333333
100,50000,75,8.1,8.148333333,120.977785,8.265980403,2685.142425,2705.745045,2705.748548,0.122701959,98.57673181,98.50700481,98,66,120.925209,2081340,2.410537102917,5.7848333333333
100,50000,75,8.1,8.043333333,121.082646,8.25882183,1544.544728,1567.307103,1567.309546,0.124302627,97.39080827,97.1200663,96.82,42,121.030096,2076600,2.3849186238198,6.0063333333333
100,50000,75,8.1,7.861666667,120.845808,8.275007769,975.3039525,990.2948239,990.2975,0.127195542,95.00494606,94.50980392,94.3,28,120.793124,2074850,2.3376024415089,6.069
100,50000,75,8.1,8.155,120.85778,8.274188058,1863.218122,1897.139864,1897.142332,0.122611113,98.55951959,97.89516706,97.83,39,120.805367,2081190,2.40730648114189,5.9906666666666
100,50000,75,8.1,8.061666667,120.900789,8.271244615,2439.823518,2440.343699,2440.346199,0.124029094,97.46618607,97.29198966,96.58,66,120.847676,2079060,2.38267830083393,5.9051666666666
10,50000,80,0.86,0.863333333333333,122.402541,8.16976503780261,125.100992989132,129.81266707529,129.838381,1.14983434040541,10.567419373,10.6075216972035,10.62,2,122.342693,1651980,0.769803790074396,1.776
10,50000,80,0.86,0.866666666666667,121.777733,8.2116818515582,113.056971846597,128.395738386539,128.418975,1.14960342695192,10.5540701933333,9.41402497598463,10.61,2,121.721697,1659830,0.770529554020572,1.59216666666667
10,50000,80,0.86,0.888333333333333,121.231915,8.24865300527505,124.492053081442,128.28868441651,128.31208,1.12278821739587,10.7694351158333,10.6841611996251,10.82,2,121.16721,1647360,0.772177122914806,1.76666666666667
10,50000,80,0.86,0.898333333333333,122.257337,8.17946819829717,121.737126900638,130.178346200371,130.201611,1.11302453431354,10.9827841071667,10.1019462465246,11.04,2,122.210274,1664910,0.777363955208402,1.57316666666667
10,50000,80,0.86,0.841666666666667,122.119383,8.18870825772187,131.621470752417,129.66223970297,129.686737,1.18623802671287,10.2783814025,10.6824925816024,10.33,2,122.061491,1634460,0.763707509624751,1.54333333333333
10,50000,80,0.86,0.866666666666667,121.850835,8.2067554153404,124.140988694303,128.661708428846,128.685512,1.149933394425,10.5604057,10.3746397694525,10.61,2,121.788133,1631620,0.767401404118321,1.50333333333333
10,50000,80,0.86,0.876666666666667,121.755422,8.21318659632259,125.659441248795,129.569621125475,129.593468,1.13848387972814,10.6738919953333,9.87654320987654,10.73,2,121.702361,1660350,0.772332494219869,1.64316666666667
10,50000,80,0.86,0.851666666666667,121.374344,8.23897346872581,142.323429994663,131.119002538161,131.143447,1.1724077930137,10.3370482973333,11.3391984359726,10.39,2,121.312483,1657860,0.767116226046689,1.545
10,50000,80,0.86,0.858333333333333,122.495155,8.16358818436533,122.041942500918,129.421974549515,129.445656,1.16386196695922,10.5141674708333,10.4752667313288,10.57,1,122.428869,1622040,0.765770760988608,1.59716666666667
20,50000,80,1.72,1.64833333333333,121.781087,8.21145569180213,132.12543639458,136.678895322548,136.690967,0.606594401157735,20.0735825071667,19.0500252652855,20.09,3,121.726977,1865410,0.948231274195144,2.22483333333333
20,50000,80,1.72,1.70333333333333,121.836093,8.20774842147967,130.335551844746,137.627888139922,137.640032,0.585601780335617,20.752747841,18.9731051344743,20.76,3,121.776838,1877460,0.9615867913555,2.27866666666667
20,50000,80,1.72,1.76166666666667,122.07123,8.19193842808006,148.687909713695,140.846127088931,140.857767,0.567043697367077,21.504881685,22.5059101654846,21.51,3,122.018606,1854550,0.969193247844757,2.24466666666667
20,50000,80,1.72,1.625,121.651354,8.22021265788789,136.892323463313,137.528761912821,137.541335,0.615132141438974,19.768345025,19.0671450538186,19.79,3,121.591556,1857020,0.941724189938378,2.017
20,50000,80,1.72,1.80166666666667,122.007766,8.196199576345,147.805814978426,140.318941796485,140.330267,0.554184053694727,21.9817325076667,22.1914008321775,21.98,4,121.947301,1837380,0.973214425306064,2.17116666666667
20,50000,80,1.72,1.85166666666667,121.996028,8.19698818391038,135.560114715925,138.796025489649,138.807552,0.53863771139784,22.5895978513333,23.3018443544759,22.59,2,121.933315,1895810,0.995643013859062,2.15716666666667
20,50000,80,1.72,1.73,121.82755,8.20832397926413,134.698500783422,138.0344777842,138.046111,0.577783765455684,21.07616615,20.8955223880597,21.09,3,121.767531,1874580,0.966430156521246,1.972
20,50000,80,1.72,1.70333333333333,122.083376,8.19112341716369,155.024665189786,140.893447878669,140.905513,0.586231595544031,20.7948683786667,22.5916870415648,20.81,4,122.030425,1854660,0.957843704011564,2.35833333333333
20,50000,80,1.72,1.79,121.742868,8.21403353172196,148.17857337829,140.954557626629,140.966102,0.558550240606145,21.791973372,22.987436016752,21.8,3,121.688573,1858500,0.974729512575882,2.10416666666667
20,50000,80,1.72,1.80666666666667,121.972378,8.19857755007449,157.706971260584,142.09341397417,142.104976,0.553037202,22.0363429586667,24.7118487782388,22.04,3,121.909801,1865090,0.980027197187299,2.36633333333333
30,50000,80,2.58,2.6,121.987967,8.19752984325085,151.08569738496,151.502332038462,151.510643,0.384190689348077,31.71687142,31.7206023710349,31.68,5,121.931007,1926790,1.1557494047576,2.93016666666667
30,50000,80,2.58,2.64166666666667,121.705144,8.21657957201875,146.357914340032,149.702787927445,149.710504,0.378307289160252,32.1504422066667,31.6619362976979,32.11,3,121.648005,1936360,1.16587042617867,2.75616666666667
30,50000,80,2.58,2.73,121.460596,8.23312278164682,147.436735779732,151.783723449939,151.791434,0.366260984307692,33.158742708,32.0109856576137,33.12,4,121.409103,1947640,1.18647675393133,2.95116666666667
30,50000,80,2.58,2.51666666666667,121.471001,8.23241754630803,144.945645382981,148.067121142384,148.075181,0.397307818557616,30.5702019183333,30.6852035749752,30.54,3,121.410308,1940510,1.1404252094326,2.6265
30,50000,80,2.58,2.58666666666667,121.629618,8.22168166309624,135.713929976593,146.748678114046,146.757732,0.386438715142397,31.461527856,29.4363929146538,31.43,4,121.568353,1941580,1.15586728645712,2.61316666666667
30,50000,80,2.58,2.50166666666667,122.018329,8.19549003986114,150.815207444122,151.087275538308,151.097287,0.39890404387475,30.5249186381667,28.9377289377289,30.49,5,121.962268,1926410,1.13555640175304,2.73883333333333
30,50000,80,2.58,2.51833333333333,121.95654,8.19964226600722,153.16064594561,150.508905794176,150.517327,0.397079906123097,30.71272199,30.8303010254714,30.68,4,121.894819,1932060,1.14038238418919,2.61433333333333
30,50000,80,2.58,2.52166666666667,121.805276,8.2098249996987,145.943612576042,147.9804607462,147.992029,0.396431303283543,30.7152304313333,31.3181367690783,30.69,3,121.748385,1933940,1.14109077221436,2.53983333333333
30,50000,80,2.58,2.53333333333333,121.062789,8.26017646099331,131.102995898164,143.660888032895,143.670249,0.394446841094079,30.66923988,28.872081552121,30.64,3,121.008578,1916560,1.13526711183255,2.58483333333333
40,50000,80,3.44,3.46666666666667,121.381414,8.2384935802445,161.11141922245,164.350861141346,164.356891,0.288384348158654,42.0788901866667,41.9130016822879,42,4,121.323736,1973490,1.34794852283641,3.2275
40,50000,80,3.44,3.37333333333333,121.361237,8.23986327693743,165.75604965653,164.754657795455,164.760791,0.296440014119071,40.9391906146667,40.6767102988392,40.86,5,121.304429,1991400,1.33497313531526,2.89766666666667
40,50000,80,3.44,3.47333333333333,121.568231,8.22583327711662,164.706229003121,166.301610318138,166.307551,0.287870246453455,42.2246989006667,42.1443991364836,42.14,6,121.51474,1969620,1.34887070657569,3.38616666666667
40,50000,80,3.44,3.52666666666667,121.478966,8.23187777215687,161.638436320619,164.655886206049,164.661791,0.283512528897448,42.8415820093333,43.6806047720293,42.76,6,121.417785,1960050,1.35581129785008,3.59483333333333
40,50000,80,3.44,3.52166666666667,121.499805,8.23046588428681,165.523708886521,166.272525159962,166.281169,0.283940190669191,42.7881813275,43.3640880056778,42.7,4,121.440021,1974810,1.36056681654482,3.23166666666667
40,50000,80,3.44,3.38333333333333,122.017467,8.19554793741129,165.651159715812,166.547297006897,166.553338,0.295255615821182,41.282576335,40.9258803250431,41.21,7,121.96088,1973230,1.33419329795739,3.48816666666667
50,50000,80,4.3,4.335,121.90953,8.2028041614138,178.452631688621,185.308242878124,185.31311,0.230414253190696,52.847781255,51.6625024024601,52.71,5,121.848519,2008370,1.54982269945542,3.79383333333333
50,50000,80,4.3,4.33166666666667,121.65443,8.22000481199082,180.059488457876,184.639292352828,184.645466,0.230773964574067,52.6966439283333,52.6832083092902,52.56,4,121.595782,1991690,1.53920489931837,3.97516666666667
50,50000,80,4.3,4.26833333333333,121.317501,8.2428338183458,179.862763750892,184.01921836392,184.024073,0.234278490686841,51.7823533435,50.4587155963303,51.65,6,121.260099,2006800,1.53043615036999,3.72266666666667
50,50000,80,4.3,4.315,121.658014,8.21976265369579,183.332412271055,186.712995409425,186.717888,0.231671259468907,52.495433041,50.9557829696853,52.37,6,121.600713,1996630,1.5382449264278,3.5755
50,50000,80,4.3,4.35166666666667,121.515378,8.22941109560635,188.175727179073,188.193894088472,188.198656,0.229758225274224,52.879441993,53.2452613440551,52.74,5,121.459482,1996610,1.54470650291661,3.80333333333333
50,50000,80,4.3,4.19833333333333,121.521919,8.22896814195306,191.629545204412,187.967580862247,187.97261,0.238095551367209,51.0189523268333,51.8753720976384,50.9,6,121.459193,1997960,1.51315199256572,3.60316666666667
50,50000,80,4.3,4.355,121.620953,8.22226742459418,193.379030587669,191.527252577497,191.532026,0.22957257452124,52.9659250315,52.7644920604553,52.84,9,121.559685,2009380,1.55259533801929,3.96
50,50000,80,4.3,4.28,121.054021,8.26077474948147,188.571459759596,188.070292494159,188.075092,0.233600168032321,51.811120988,51.9953280124586,51.68,6,120.997848,1992810,1.52437919783248,3.88683333333333
60,50000,80,5.16,5.19333333333333,121.21289,8.24994767470687,228.606405057186,227.729152749679,227.733315,0.192530193632863,62.9498942066667,62.538103641906,62.76,9,121.154423,2018510,1.73238380887497,4.3795
60,50000,80,5.16,5.16333333333333,121.538208,8.22786526521767,236.520868039086,231.021793865397,231.025892,0.193469317403163,62.754228064,63.1918670324351,62.57,8,121.480867,2015730,1.72745077664508,4.42816666666667
60,50000,80,5.16,5.25833333333333,121.216191,8.24972300936267,218.921958766433,222.402291341363,222.406241,0.190089162419017,63.7395137675,63.2704801140865,63.55,8,121.15789,2026290,1.75082260273537,4.48733333333333
60,50000,80,5.16,5.19833333333333,121.042843,8.26153761110849,228.691050272205,227.860814197179,227.865725,0.192357269022123,62.9221045528333,62.2695944862959,62.74,12,120.983654,2029860,1.73847159644178,4.07783333333333
60,50000,80,5.16,5.06333333333333,121.401202,8.23715073265914,200.748285958897,208.552800198157,208.556912,0.19748993648815,61.4694752793333,60.4410070758598,61.3,8,121.342421,2016690,1.70555913921,4.38516666666667
60,50000,80,5.16,5.07333333333333,121.070632,8.2596413637289,210.219458237631,212.896947959264,212.901105,0.19707886181866,61.4231673013333,61.0609295450813,61.25,9,121.014492,2022950,1.7081468754131,4.25933333333333
60,50000,80,5.16,5.14166666666667,121.487069,8.23132871861449,214.66014376336,217.683890662885,217.687991,0.194329146961426,62.4646013108333,62.7613028682548,62.28,8,121.430233,2021750,1.72572250141133,4.265
60,50000,80,5.16,5.27,121.42646,8.23543731736888,221.403874567805,224.57019282606,224.574094,0.189675284674573,63.99174442,63.3201581027668,63.8,8,121.367212,2010780,1.74631363782458,4.57233333333333
60,50000,80,5.16,5.165,121.343776,8.24104896818111,224.562341582434,224.969424806712,224.97633,0.193557310907712,62.674060304,62.0745281497016,62.49,9,121.286859,2025450,1.73153328069909,4.51466666666667
70,50000,80,6.02,6.07,121.124219,8.2559871861795,257.304678092128,266.609777605437,266.613254,0.164716987503569,73.522400933,72.9444063143446,73.28,8,121.066652,2039680,1.93236037614086,4.901
70,50000,80,6.02,6.00166666666667,121.029114,8.26247476289052,269.83573099286,273.457461207165,273.460967,0.166593800335185,72.637639919,72.2615576842982,72.4,10,120.972497,2030530,1.91067051540966,4.79333333333333
70,50000,80,6.02,5.90333333333333,121.074167,8.25940020714741,326.000286111973,309.70251430096,309.706965,0.169335678994918,71.4741165856667,73.5779816513762,71.24,13,121.018204,2037300,1.89438426294894,4.8585
70,50000,80,6.02,6.02833333333333,121.323649,8.24241611789965,272.268766912906,275.726343533315,275.729762,0.165858842800664,73.1379397388333,73.7111264685556,72.9,9,121.267097,2041260,1.92660831248286,4.82383333333333
70,50000,80,6.02,6.06166666666667,121.286985,8.24490772855802,276.720646051889,279.879836458345,279.884382,0.164956232303822,73.5201274075,73.8831615120275,73.28,11,121.230299,2033580,1.92833528166295,4.88916666666667
70,50000,80,6.02,5.89,121.197095,8.25102284836118,261.309752690013,264.572656271647,264.577736,0.169719902097623,71.385088955,70.8445324656953,71.16,10,121.139603,2031830,1.88944878147628,4.82233333333333
70,50000,80,6.02,6.17333333333333,121.072282,8.25952879949847,265.554676802803,275.152368453834,275.156194,0.1619833705,74.7419554213333,73.7076528546363,74.5,10,121.015253,2042670,1.95616273610832,4.91366666666667
70,50000,80,6.02,5.84,121.289487,8.24473764985089,248.872780006919,255.389926439783,255.394611,0.171150708022546,70.833060408,70.9230988728777,70.61,10,121.230626,2040660,1.88527985370863,4.90016666666667
80,50000,80,6.88,6.78,121.160936,8.25348526525084,381.048294273255,384.728078506637,384.73113,0.147458125281465,82.147114608,82.3522182622588,81.86,15,121.104326,2061380,2.10160689269412,5.51316666666667
80,50000,80,6.88,7.05833333333333,120.859148,8.27409440284984,480.539411008069,478.313206493507,478.316274,0.141657930694687,85.3064152966667,85.6687522134341,84.86,17,120.80196,2061020,2.15550336685655,5.22683333333333
80,50000,80,6.88,6.96,121.017904,8.26324012354403,514.303485154346,503.475290853688,503.478985,0.143647137884818,84.228461184,84.1494073985395,83.79,22,120.960543,2057530,2.133561733088,5.48733333333333
80,50000,80,6.88,6.85166666666667,120.952306,8.26772165881649,389.306202000648,393.99715475821,394.001084,0.145940585152031,82.8724883276667,82.3908549191293,82.44,16,120.896527,2050360,2.10392407803839,5.64933333333333
80,50000,80,6.88,6.96333333333333,120.974889,8.266178281015,420.620659920369,424.150856308521,424.154476,0.143603817355912,84.238847707,84.635634797176,83.94,16,120.917813,2066100,2.14272037208154,5.36816666666667
80,50000,80,6.88,7.005,121.122368,8.25611335471909,508.702215880566,500.186428219367,500.189416,0.142734511042827,84.846218784,85.0838586891876,84.54,18,121.067153,2060400,2.14925592485218,5.4065
80,50000,80,6.88,6.92333333333333,121.013404,8.26354740008801,387.807409672836,395.057019125421,395.060225,0.144435109028406,83.7816133693333,83.9812251775184,83.35,11,120.956542,2059050,2.12676861180549,5.401
80,50000,80,6.88,6.89166666666667,121.204552,8.25051521167291,385.958310362235,393.938188105441,393.941204,0.145056004555986,83.5301370866667,82.879941965905,83.24,15,121.146428,2056040,2.12253584162535,5.2135
80,50000,80,6.88,6.84166666666667,121.074658,8.25936671239658,471.97314555754,461.143890140804,461.146923,0.14611235944458,82.8352451816667,83.1202046035806,82.55,21,121.018066,2050330,2.10587748112236,5.645
90,50000,80,7.74,7.69166666666667,120.888807,8.2720644269407,907.808290708225,910.169043998267,910.172098,0.129948959650704,92.9836407175,92.5793521828621,92.63,33,120.833614,2074880,2.30727534321644,6.188
90,50000,80,7.74,7.73333333333333,121.038724,8.26181875479785,1026.83364976277,1026.13717347177,1026.139966,0.12930669463556,93.6032798933333,92.7378515246202,92.79,35,120.985269,2071470,2.30735049776693,5.836
90,50000,80,7.74,7.62166666666667,121.05557,8.26066904645528,670.79884877635,683.894894258911,683.898074,0.131200140738684,92.2645202683333,91.8443205422543,91.76,30,120.998475,2071340,2.28855408594209,5.66366666666667
90,50000,80,7.74,7.825,120.911392,8.27051929068851,1453.47510004651,1438.48881062875,1438.49155,0.127777694860064,94.61316424,94.8461292727079,94.1,61,120.855762,2074180,2.33340318240902,5.685
90,50000,80,7.74,7.57333333333333,121.084633,8.2586863024972,897.187088866126,887.260639238116,887.263613,0.131941731423856,91.7014287253333,92.4524150071515,91.05,30,121.0304,2072840,2.27689504525885,5.30566666666667
90,50000,80,7.74,7.58833333333333,120.776044,8.27978767047545,638.980579160741,652.436064464749,652.438819,0.131716377886668,91.6488880553333,90.7543647743494,91.31,21,120.721527,2069460,2.27885180527418,5.85266666666667
90,50000,80,7.74,7.85,120.940079,8.26855752260589,751.012273028747,778.148004426752,778.150678,0.127366756851592,94.937962015,94.2256660651736,94.26,27,120.884881,2076810,2.33852895844421,6.01216666666667
90,50000,80,7.74,7.87333333333333,120.954189,8.26759294793833,1060.87594088824,1074.96903517909,1074.971654,0.126892506319433,95.231264806,95.5656683246905,94.86,37,120.898503,2073460,2.34660040245517,6.02266666666667
90,50000,80,7.74,7.60666666666667,120.926425,8.26949113893014,948.888312222445,936.99806362511,937.000803,0.131402099548422,91.9847006166667,91.8501478803812,91.64,34,120.869658,2069900,2.28519501915985,5.6305
100,50000,80,8.1,8.115,120.883975,8.27239508,2649.851196,2659.610621,2659.614219,0.123111772,98.09734571,98.04908101,97.53,61,120.831146,2080500,2.4012355016913,6.1838333333333
100,50000,80,8.1,8.123333333,120.793605,8.278583953,2824.341947,2835.767153,2835.769661,0.123090973,98.1246718,97.80490307,97.72,79,120.740496,2081010,2.4051438315949,5.8518333333333
100,50000,80,8.1,8.123333333,120.824314,8.276479848,1828.829345,1861.477129,1861.480498,0.123077125,98.14961774,97.94850754,97.58,50,120.771778,2078770,2.40063693051722,6.0781666666666
100,50000,80,8.1,8.133333333,120.75809,8.281018688,2154.12708,2178.202394,2178.204844,0.122866619,98.21657987,97.8895605,97.65,70,120.705748,2078330,2.40152731075349,6.191
100,50000,80,8.1,8.171666667,120.828672,8.276181336,2123.196747,2160.132992,2160.136676,0.122341233,98.73716314,98.38890588,98,44,120.776438,2079630,2.40903847833277,5.7996666666666
10,50000,85,0.86,0.758333333333333,122.33611,8.17420138665518,136.065909940773,130.377145424176,130.404353,1.31727041022418,9.27715500833333,9.87925356750823,9.33,2,122.270094,1580380,0.74399984634198,1.63233333333333
10,50000,85,0.86,0.886666666666667,122.193199,8.18376152014811,127.078259027851,129.808717656015,129.836172,1.12527355979511,10.8344636446667,10.8920187793427,10.88,2,122.127283,1640550,0.772271681513791,1.5955
10,50000,85,0.86,0.821666666666667,121.999057,8.19678466858969,140.569800921102,130.745546610548,130.773221,1.216213654,10.0242558501667,10.1317122593718,10.08,3,121.943142,1607820,0.757297831951679,1.62666666666667
10,50000,85,0.86,0.881666666666667,121.736259,8.21447946745267,144.588378307459,130.457315175803,130.481263,1.13411637676371,10.7330801685,11.8035882908404,10.78,2,121.687304,1623020,0.768864656057462,1.65866666666667
10,50000,85,0.86,0.825,121.900019,8.20344416845415,134.544231416078,129.94653550101,129.971905,1.21067960572323,10.0567515675,10.6962663975782,10.11,2,121.841294,1614050,0.758383893310682,1.63083333333333
20,50000,85,1.72,1.71166666666667,122.070436,8.19199171206368,144.42177982786,139.263839329114,139.275525,0.583940421393379,20.8943896286667,21.7031630170316,20.9,4,122.010636,1865900,0.961565361394813,2.27766666666667
20,50000,85,1.72,1.705,121.910692,8.20272597583155,145.55310897716,138.946733110459,138.95934,0.58637196072043,20.785772986,21.9833903273083,20.8,3,121.856309,1845590,0.955865899088913,2.28583333333333
20,50000,85,1.72,1.78833333333333,122.037972,8.19417090936254,130.744431533022,138.495631055918,138.511358,0.558482555199441,21.824457326,20.6800186306474,21.83,3,121.978107,1862670,0.976090144944891,2.037
20,50000,85,1.72,1.76666666666667,121.510992,8.22970814031376,128.632809372581,137.435990723585,137.447574,0.56537150600566,21.46694192,19.8962753418199,21.48,3,121.456375,1890270,0.976067955980746,2.23683333333333
20,50000,85,1.72,1.64,122.053137,8.19315279049321,136.877701941062,138.251733495935,138.264484,0.609033963585366,20.016714468,19.4007110208227,20.03,3,121.993228,1856890,0.945603064113264,2.04633333333333
20,50000,85,1.72,1.715,122.001307,8.19663350000013,123.471299294713,137.014804398445,137.026704,0.582230391793003,20.9232241505,19.1355026711996,20.93,3,121.937705,1885710,0.966043191696914,2.35866666666667
20,50000,85,1.72,1.665,122.00345,8.19648952550112,140.610845963522,137.551538096096,137.564234,0.600312834445445,20.313574425,20.9104552276138,20.33,3,121.945041,1838560,0.946889491260703,2.04383333333333
20,50000,85,1.72,1.79,121.795654,8.21047358553533,143.239287599013,139.849288821229,139.860846,0.558607867303538,21.801422066,21.9171707771056,21.81,3,121.734794,1861070,0.975429427754063,2.30233333333333
20,50000,85,1.72,1.71333333333333,121.543248,8.22752408262119,127.11647993281,136.541493008755,136.553579,0.58343343873249,20.824409824,18.6679630529898,20.84,3,121.490451,1853740,0.958146627199695,1.95083333333333
20,50000,85,1.72,1.81333333333333,121.988377,8.19750229155028,130.711448566565,138.766578216912,138.778324,0.551075181455882,22.1205590293333,21.3137344970142,22.13,2,121.930858,1874500,0.983490589099334,2.27016666666667
30,50000,85,2.58,2.6,121.781013,8.2114606814775,144.923964212654,149.772470704487,149.780498,0.383909612584615,31.66306338,30.6312079461711,31.63,4,121.721811,1939030,1.15851648864438,2.83516666666667
30,50000,85,2.58,2.61166666666667,121.806728,8.20972713428441,144.853634928535,148.856514816209,148.865083,0.382811184634971,31.8118571293333,30.5263157894737,31.77,4,121.752144,1929460,1.15805937836141,2.74766666666667
30,50000,85,2.58,2.63,121.655888,8.21990629832894,157.294249847343,151.399545382129,151.407584,0.379694500138783,31.995498544,33.8295850490973,31.96,5,121.593848,1928490,1.16098165359171,2.82633333333333
30,50000,85,2.58,2.5,122.04675,8.19358155788663,159.813395534822,152.247541243333,152.256654,0.399940425562667,30.5116875,30.8230589803399,30.48,5,121.991133,1928930,1.13610570757192,2.79
30,50000,85,2.58,2.58666666666667,121.480089,8.23180167409986,151.401962249116,150.669653498067,150.679156,0.386523337704253,31.422849688,31.304347826087,31.39,4,121.422618,1937660,1.1540387724339,2.59233333333333
30,50000,85,2.58,2.56333333333333,121.921479,8.20200023984289,152.648979614261,150.646989317945,150.654853,0.389964799658648,31.252539117,32.1091972700683,31.22,4,121.869179,1927240,1.14811671460967,2.6755
30,50000,85,2.58,2.56166666666667,121.777352,8.21170754312345,156.275290794548,151.690385834092,151.698264,0.38997972820039,31.1952983373333,31.6422764227642,31.16,4,121.718171,1922890,1.14583840009026,2.612
40,50000,85,3.44,3.39333333333333,121.180366,8.25216190550209,168.438762717923,164.352229589882,164.358429,0.294484303634578,41.1205375293333,42.9658728210165,41.04,5,121.123997,1981320,1.33430840951038,3.06083333333333
40,50000,85,3.44,3.33333333333333,121.697294,8.21710957681606,156.110972256936,161.7721586755,161.778378,0.2999585072965,40.5657646666667,39.3901524618845,40.49,4,121.639192,1982890,1.32534787590103,2.94283333333333
40,50000,85,3.44,3.49666666666667,121.705576,8.21655040686057,171.237660565118,167.850307627264,167.856419,0.285962460322688,42.5563830746667,44.1029306647605,42.47,4,121.644809,1991810,1.3632176204652,3.47666666666667
40,50000,85,3.44,3.47,121.892532,8.20394804826927,173.533390301366,168.525629987512,168.531557,0.287921413975985,42.296708604,43.6494597839136,42.21,5,121.836503,1973640,1.35163693923754,3.32916666666667
40,50000,85,3.44,3.4,121.652845,8.22011190942555,164.391657177451,165.583368288726,165.58956,0.293959009784804,41.3619673,40.7498162215143,41.28,5,121.594792,1975650,1.33632172413894,3.18066666666667
40,50000,85,3.44,3.48166666666667,121.602103,8.22354198923681,159.588890221469,164.20098314696,164.207027,0.286946633257061,42.3377988611667,41.4453218473319,42.25,6,121.541766,1956980,1.34586369999024,3.25316666666667
40,50000,85,3.44,3.46333333333333,121.690011,8.21760136088738,169.201016039599,166.452350102021,166.459988,0.288683022196343,42.145307143,42.8915082992543,42.06,5,121.631042,1958520,1.34320167528218,2.91133333333333
40,50000,85,3.44,3.39166666666667,121.811808,8.20938475849566,154.264266276057,162.043903026044,162.050049,0.29477644321769,41.31450488,39.4988946204864,41.24,4,121.756812,1979350,1.33703250743585,3.89166666666667
40,50000,85,3.44,3.38333333333333,121.428935,8.23526946028144,163.249363463342,164.31222072069,164.319137,0.295362782053695,41.0834563416667,40.9997537552327,41,5,121.374203,1982380,1.33401390485908,3.52133333333333
40,50000,85,3.44,3.265,121.563345,8.2261638983363,153.412889730676,158.368858324655,158.375272,0.306245278584482,39.6904321425,38.606787445777,39.62,4,121.504454,1971510,1.30608283772904,2.9065
50,50000,85,4.3,4.365,121.585154,8.22468835298757,187.902564408666,189.261931432226,189.268815,0.229062539011073,53.071919721,52.8154227906089,52.94,7,121.527906,1999340,1.54951939076908,4.15233333333333
50,50000,85,4.3,4.36833333333333,121.511405,8.22968016870515,185.738467226846,188.278612988554,188.283376,0.228764009016406,53.0802320841667,53.671562082777,52.94,6,121.457648,1999880,1.5497794987633,3.67383333333333
50,50000,85,4.3,4.335,121.663714,8.21937755409966,195.655022022828,193.152785029604,193.157634,0.230649815021915,52.741220019,52.8733423025178,52.61,7,121.608918,1992920,1.5406661315093,3.80933333333333
50,50000,85,4.3,4.28833333333333,121.464793,8.23283830072472,177.237714874867,182.793790205597,182.798502,0.23310103838049,52.0881520648333,51.2531571789392,51.96,8,121.4072,2008380,1.536633055443,3.8695
50,50000,85,4.3,4.26666666666667,121.910967,8.2027074725771,185.586921499707,187.178548335156,187.183703,0.234352868146484,52.01534592,51.5329037297403,51.89,7,121.853851,1998570,1.53076650725261,3.77133333333333
50,50000,85,4.3,4.30666666666667,121.343684,8.24105521635556,190.151815988026,188.496103549923,188.501263,0.232145769503096,52.2586799093333,52.7761656026311,52.13,6,121.286148,2006390,1.53867936878852,3.91183333333333
50,50000,85,4.3,4.28333333333333,121.741062,8.21415538497602,183.55525920028,186.066256666148,186.071277,0.233317855630739,52.14575489,52.1493872787396,52.01,6,121.68368,2000780,1.53391381843362,3.69566666666667
60,50000,85,5.16,5.23166666666667,121.376046,8.23885793742202,226.364767827709,227.396695985983,227.400685,0.191140480772221,63.499901399,63.1469979296066,63.31,8,121.31891,2020780,1.74340815293937,4.50416666666667
60,50000,85,5.16,5.04333333333333,121.46172,8.2330465927866,224.553129445134,221.461194416061,221.465499,0.198236823292135,61.25719412,61.8371055674872,61.08,9,121.405022,2022000,1.7046091035792,4.3345
60,50000,85,5.16,5.07333333333333,121.266149,8.2463243720224,205.914070503476,209.988659369908,209.992674,0.19710921320795,61.5223595926667,61.8328132698308,61.34,7,121.20959,2019360,1.7077483040372,4.23133333333333
60,50000,85,5.16,5.26833333333333,121.491339,8.23103941590437,232.771266407475,232.634400653907,232.638448,0.18973558834198,64.0056870965,63.1978491222521,63.82,8,121.433541,2018420,1.75107408171613,3.889
60,50000,85,5.16,5.08833333333333,121.395571,8.23753281740402,221.049757327442,219.259442951523,219.263545,0.196522852264658,61.7701130438333,63.3535287375143,61.59,7,121.338752,2012940,1.70859165459314,4.0765
60,50000,85,5.16,5.12833333333333,121.193423,8.25127284341164,218.343850908195,219.713175783555,219.718529,0.194967461495613,62.1520270951667,61.5597075548335,61.98,9,121.136171,2016880,1.71767816241043,4.33216666666667
60,50000,85,5.16,5.24,121.367367,8.23944709948268,231.532337450947,229.596744952926,229.600759,0.190741924983143,63.596500308,63.1578947368421,63.41,9,121.307867,2015420,1.74210487966142,4.02916666666667
60,50000,85,5.16,5.065,121.472133,8.23234082832809,215.491098041629,217.750407563343,217.754655,0.197419867963804,61.5256353645,59.9934199703899,61.35,7,121.412761,2018490,1.70744203753625,4.15833333333333
60,50000,85,5.16,5.03,121.271138,8.24598512467163,228.280803830323,224.221083666004,224.225484,0.198674484907886,60.999382414,62.0341229087295,60.83,8,121.214856,2020660,1.69944306545444,4.44983333333333
70,50000,85,6.02,5.91166666666667,121.319466,8.24270030994037,269.816794229826,270.742395408514,270.745926,0.169094687424584,71.720024317,72.4171952078929,71.49,9,121.260818,2037260,1.89881997481052,4.90483333333333
70,50000,85,6.02,5.95,121.352166,8.24047920166501,276.495418220502,277.051352661905,277.055109,0.168009517532213,72.20453877,72.2307800028007,71.97,11,121.294615,2038460,1.90816389758872,4.735
70,50000,85,6.02,5.94666666666667,121.183419,8.25195400700817,262.314873981418,267.618552776345,267.62223,0.168147782485706,72.063739832,71.4726075381813,71.83,9,121.125436,2038790,1.9058776064868,4.62666666666667
70,50000,85,6.02,5.95333333333333,121.321135,8.24258691612142,263.25584967287,267.15551068533,267.159118,0.167946202649216,72.2265157033333,72.0083974807558,72,10,121.265594,2039440,1.90933524636254,4.89416666666667
70,50000,85,6.02,6.00166666666667,121.280051,8.2453791184504,271.593769188785,275.217032186059,275.220633,0.166579428200778,72.7882439418333,71.7617659308621,72.55,10,121.220174,2030870,1.91356068268487,4.67033333333333
70,50000,85,6.02,6.03,121.221163,8.24938463921518,283.805054686037,285.583483247374,285.587465,0.165724593704809,73.096361289,72.9307724195108,72.86,11,121.161944,2032010,1.91982349250488,4.84716666666667
70,50000,85,6.02,6.105,121.203649,8.250576680245,273.432483068077,278.899663197652,278.903379,0.163770440753481,73.9948277145,74.0412174150403,73.75,8,121.147694,2039890,1.94089718804297,4.68583333333333
80,50000,85,6.88,6.885,121.125536,8.2558974186913,389.729403309905,396.1881098458,396.191805,0.145229896464779,83.394931536,82.7907539634515,82.97,14,121.069884,2050330,2.11342070313878,5.34666666666667
80,50000,85,6.88,6.87333333333333,121.243261,8.24788109254171,371.758314413445,380.5963184258,380.599413,0.145476034088021,83.3345347273333,83.2706994787247,82.9,15,121.186796,2061290,2.1203190417381,5.26916666666667
80,50000,85,6.88,6.86666666666667,121.184943,8.25185023192196,384.991924111387,392.242858851942,392.247008,0.145600576374515,83.21366086,83.1573838126441,82.92,14,121.126571,2050100,2.11235151289503,5.30483333333333
80,50000,85,6.88,6.88666666666667,121.08572,8.25861216335006,427.068271540085,427.592321841239,427.595447,0.145194376811956,83.3876991733333,82.940108892922,83.09,16,121.02898,2056440,2.12013264442954,5.231
80,50000,85,6.88,6.95333333333333,120.915981,8.27020540816685,451.19766172038,448.547759757191,448.550861,0.143797865141419,84.076912122,84.0742959856201,83.78,25,120.858922,2054630,2.13120120281835,5.44516666666667
80,50000,85,6.88,6.89833333333333,120.980139,8.26581956563961,406.27685454318,409.767569624789,409.77137,0.144955331404687,83.4561325535,83.4037927285904,83.16,17,120.922469,2057590,2.12225195033696,5.41533333333333
90,50000,85,7.74,7.65333333333333,121.063789,8.26010823104174,948.377239818747,943.033600609756,943.036303,0.130661140537021,92.6541531813333,92.3135547087643,92.16,51,121.008016,2074570,2.29847722392065,5.593
90,50000,85,7.74,7.74833333333333,121.008546,8.26387914784134,1041.40424437056,1040.08247390127,1040.085188,0.129040528510002,93.761455059,93.655231745349,92.95,33,120.953966,2070400,2.30936333119463,5.80566666666667
90,50000,85,7.74,7.45666666666667,121.112456,8.25678904571137,681.285742137947,683.551175808002,683.554652,0.134079777808672,90.3095213573333,89.7642194658621,89.68,26,121.056481,2069660,2.24946448090531,5.5965
90,50000,85,7.74,7.57,121.030198,8.26240076051103,635.89946411006,649.270134704536,649.27403,0.132086258062087,91.619859886,91.2823335167859,91.28,20,120.973315,2067420,2.27664022721739,6.00066666666667
90,50000,85,7.74,7.83833333333333,120.920646,8.2698863517484,1264.60629241289,1261.30718001148,1261.30986,0.127572701770147,94.781633023,94.1107685765919,93.96,50,120.864541,2074790,2.33137253673313,5.56733333333333
90,50000,85,7.74,7.96,120.972433,8.26634610217354,1233.45188204184,1250.97041083061,1250.973212,0.125576300565327,96.294056668,96.1687428033079,95.45,33,120.917426,2077430,2.36070695809799,5.55866666666667
90,50000,85,7.74,7.79166666666667,121.0801,8.25899549141436,972.277265092755,979.518907847487,979.521678,0.128307518371551,94.3415779166667,94.5674259437493,93.83,29,121.024186,2074760,2.32898468033622,6.1095
90,50000,85,7.74,7.69333333333333,120.875387,8.27298281990195,1026.76876196283,1018.61484060984,1018.617698,0.129967700766898,92.9934643986667,93.2416332719593,92.49,29,120.819868,2071720,2.30211395953885,5.80716666666667
90,50000,85,7.74,7.61666666666667,120.949432,8.26791811639099,686.961885960219,698.306877526915,698.309799,0.131267944673523,92.1231507066667,91.7295700689203,91.62,20,120.893673,2072560,2.28701492613654,5.718
90,50000,85,7.74,7.71,120.809629,8.27748589477086,722.631689683705,735.92192654064,735.924687,0.12967823536792,93.144223959,92.8023343780396,92.79,22,120.753281,2072740,2.3084055517606,5.6495
100,50000,85,8.1,8.213333333,120.983535,8.265587545,3062.544385,3105.099944,3105.103449,0.121728702,99.36781008,98.05214568,97.49,84,120.930657,2079230,2.39939918852701,5.8506666666666
100,50000,85,8.1,8.06,120.83759,8.275570541,1664.542192,1681.921279,1681.92385,0.124066524,97.39509754,97.37413419,96.67,41,120.784673,2078040,2.38343532206906,6.0155
100,50000,85,8.1,8.135,120.952191,8.26772952,1420.122798,1459.881234,1459.88489,0.122912945,98.39460738,98.24848919,97.66,42,120.899506,2081850,2.40478376851761,5.8686666666666
100,50000,85,8.1,8.165,120.806486,8.277701249,2034.475318,2067.507285,2067.509875,0.122403169,98.63849582,98.83661598,98.22,59,120.75389,2078460,2.41201852475513,6.0521666666666
100,50000,85,8.1,8.026666667,120.852844,8.274526001,1457.096712,1475.790647,1475.793276,0.124517075,97.00454945,96.86494342,96.45,43,120.799642,2078810,2.38009507500264,5.8898333333333
100,50000,85,8.1,8.071666667,120.978212,8.265951228,1611.288161,1636.519403,1636.523072,0.123869717,97.64958012,96.99597399,96.92,44,120.924938,2080410,2.39004063728247,6.0843333333333
100,50000,85,8.1,8.035,120.890772,8.27192997,1412.775862,1435.456549,1435.459078,0.124448494,97.1357353,97.20004148,96.73,37,120.837767,2076740,2.38340264575586,5.6603333333333
100,50000,85,8.1,8.21,120.920622,8.269887993,3191.198066,3234.466572,3234.469013,0.121792459,99.27583066,99.14746778,98.86,78,120.868249,2082370,2.42712679358038,6.1278333333333
100,50000,85,8.1,8.056666667,120.938094,8.268693237,1611.028819,1632.42253,1632.426257,0.124040876,97.43579107,96.77319268,96.55,38,120.885663,2076510,2.37992954691119,5.8155
10,50000,90,0.86,0.97,121.849942,8.20681556007634,129.197823105172,131.145332204467,131.167107,1.0288871032921,11.819444374,11.6738197424893,11.86,2,121.79181,1684240,0.791677896743479,1.87933333333333
10,50000,90,0.86,0.833333333333333,122.285183,8.17760562209732,148.651348651349,130.641331828,130.666315,1.198444254896,10.1904319166667,11.7882117882118,10.24,2,122.22414,1598310,0.758527524961634,1.81733333333333
10,50000,90,0.86,0.843333333333333,122.352424,8.17311147019041,126.419783915814,130.04476812253,130.070594,1.18076044512648,10.3183877573333,10.2665350444225,10.37,2,122.294241,1642480,0.765152658810323,1.63516666666667
10,50000,90,0.86,0.856666666666667,122.182095,8.18450526650407,129.323547095325,130.537849087549,130.562127,1.1662035216965,10.466932805,10.3012633624879,10.52,2,122.115301,1635230,0.766512554570487,1.80933333333333
10,50000,90,0.86,0.933333333333333,121.859989,8.20613893211495,131.897540461323,130.578471853571,130.600463,1.07115098470714,11.3735989733333,11.7752007136485,11.42,2,121.801828,1664370,0.782842137965269,1.6535
10,50000,90,0.86,0.906666666666667,121.756072,8.21314274987452,143.817857721601,131.057469801471,131.080908,1.10263565329963,11.0392171946667,12.3048668503214,11.09,2,121.699924,1705280,0.782739439335028,1.84166666666667
10,50000,90,0.86,0.86,121.457,8.23336654124505,128.323465183818,130.097663625969,130.12272,1.16118299382364,10.445302,10.2613746369797,10.5,2,121.401772,1617990,0.76433097856904,1.74516666666667
10,50000,90,0.86,0.835,121.416286,8.23612740056964,171.939272004346,131.430311552894,131.462302,1.19442487723753,10.138259881,12.9611166500499,10.19,3,121.35868,1616470,0.759774412413922,1.69716666666667
10,50000,90,0.86,0.836666666666667,122.343957,8.17367710282577,124.873639769281,129.908825569721,129.936292,1.19498486693626,10.236111069,9.85074626865672,10.29,2,122.295191,1617500,0.761301701494143,1.73166666666667
10,50000,90,0.86,0.923333333333333,122.160443,8.18595590718347,146.487712936167,132.105576788809,132.128122,1.08148451137726,11.2794809036667,11.7222723174031,11.33,3,122.092277,1693710,0.784968507836927,1.76433333333333
20,50000,90,1.72,1.69666666666667,122.109673,8.18935941299261,138.884468376296,138.756738867387,138.769462,0.589224320476424,20.7179411856667,21.3058419243986,20.73,2,122.053731,1868420,0.959289621123578,2.381
20,50000,90,1.72,1.72166666666667,121.951358,8.19999068809057,138.253315480297,139.088220811229,139.101458,0.579998686590513,20.9959588023333,20.899854862119,21,4,121.897389,1874020,0.964839242562277,2.4235
20,50000,90,1.72,1.745,121.64974,8.22032172037524,136.222825529471,137.302874078319,137.318453,0.571283371407832,21.22787963,21.8615751789976,21.23,2,121.59079,1892830,0.972450479896321,2.49866666666667
20,50000,90,1.72,1.67833333333333,122.414846,8.16894382238573,137.794742016801,139.209508159881,139.222363,0.595314464922542,20.5452916536667,21.0421836228288,20.56,2,122.355408,1859710,0.954782320054555,2.20383333333333
20,50000,90,1.72,1.76833333333333,121.470355,8.2324613277042,152.896577718209,140.49456597361,140.506876,0.564403356344958,21.4800077758333,23.4573716439001,21.49,3,121.41079,1854280,0.968812673921981,2.18816666666667
20,50000,90,1.72,1.69333333333333,122.008566,8.19614583454739,158.313031825277,140.37360233563,140.385785,0.590506960904528,20.660117176,23.2661091982292,20.67,3,121.953705,1824370,0.949541258434723,2.2595
20,50000,90,1.72,1.74,121.839662,8.2075079952208,152.413022784922,140.840654378353,140.856378,0.574483859401341,21.200101188,22.0201053135472,21.21,3,121.781065,1858380,0.965100040783443,2.05083333333333
20,50000,90,1.72,1.67333333333333,121.583008,8.22483352278963,128.505391078791,136.741180587649,136.754877,0.597514959997012,20.3448900053333,20.0099552015928,20.36,3,121.527687,1826100,0.944926819125489,2.36283333333333
20,50000,90,1.72,1.64166666666667,121.778552,8.21162662535189,169.668312356582,142.702220527919,142.715076,0.60912844255736,19.9919789533333,21.765601217656,20.01,6,121.720886,1824510,0.939021025131773,2.03916666666667
30,50000,90,2.58,2.535,121.852803,8.20662287103892,155.950119296008,152.231911877712,152.240417,0.394355966879684,30.8896855605,31.2520538941834,30.86,4,121.799649,1919830,1.13990317577134,2.94533333333333
30,50000,90,2.58,2.47,121.967622,8.19889724504098,150.200380962784,149.128556916329,149.138105,0.404370590495277,30.126002634,30.0843170320405,30.1,4,121.910047,1949390,1.13544677501872,2.739
30,50000,90,2.58,2.69333333333333,121.642768,8.22079287113887,149.869997825641,152.454003431931,152.462083,0.371240435226485,32.7624521813333,32.7559542220848,32.72,6,121.581005,1936930,1.17639067713742,2.653
30,50000,90,2.58,2.54166666666667,121.63511,8.22131044235501,142.108741557458,148.782446394754,148.787258,0.393392072707541,30.9155904583333,30.2523762700754,30.88,4,121.574007,1933970,1.14431812504736,2.584
30,50000,90,2.58,2.615,121.709701,8.21627193053412,154.352477954214,152.064202186106,152.072609,0.382361754500319,31.8270868115,31.3157056387385,31.79,4,121.650386,1961270,1.16782640072024,2.79766666666667
30,50000,90,2.58,2.62333333333333,121.702726,8.21674281971301,150.34723917518,151.285119397713,151.293469,0.380917201329098,31.9266817873333,31.2480152429343,31.89,4,121.640833,1943240,1.16418421687527,2.96916666666667
30,50000,90,2.58,2.58666666666667,121.599972,8.22368610413825,154.88819164301,150.952248353737,150.960597,0.386418903813144,31.453859424,32.7858293075684,31.42,5,121.541572,1947500,1.15743280840448,2.85783333333333
30,50000,90,2.58,2.55833333333333,121.726796,8.2151180583115,144.972883876381,148.326065368078,148.334829,0.390859058764169,31.1417719766667,31.3578638879844,31.11,3,121.670808,1927720,1.1463991334376,2.87616666666667
30,50000,90,2.58,2.615,121.283923,8.24511588399066,152.037799910702,150.907548665392,150.917501,0.382187530497132,31.7157458645,31.6661357120102,31.68,5,121.228713,1947540,1.16188004546053,2.57483333333333
40,50000,90,3.44,3.51166666666667,121.462743,8.23297725130413,160.252133626769,165.317601198386,165.323742,0.284599506037019,42.6536665835,42.0403321470937,42.57,4,121.404252,1976380,1.35893163377419,3.2845
40,50000,90,3.44,3.42,121.657725,8.21978217988212,157.275038998226,161.77273589961,161.776318,0.292377657415205,41.60694195,41.4372716199756,41.52,4,121.597787,1978230,1.34145978592284,3.30966666666667
40,50000,90,3.44,3.31,121.651461,8.22020542770136,166.075693712012,164.517621233636,164.523887,0.301806863533233,40.266633591,41.0269317895797,40.19,4,121.591536,1984160,1.32060698001115,3.09566666666667
40,50000,90,3.44,3.38,121.837856,8.20762965494074,163.206846811632,164.129107696746,164.135527,0.295850650957101,41.181195328,40.6950948977077,41.11,5,121.781924,1965450,1.32952355730999,3.35966666666667
40,50000,90,3.44,3.44333333333333,121.826382,8.20840267586704,167.237044926101,165.722082004356,165.73069,0.29035549928848,41.948884202,43.1163803532543,41.86,5,121.771036,1986290,1.35045155025267,3.2625
40,50000,90,3.44,3.395,121.622235,8.22218075502395,159.888685092657,163.550717877761,163.55695,0.294283853728522,41.2907487825,40.6871165644172,41.21,5,121.564564,1992020,1.3413134202257,3.34866666666667
40,50000,90,3.44,3.30333333333333,121.687863,8.21774641567993,157.050274666195,161.642592685167,161.648993,0.302554394442482,40.197557411,39.8738965952081,40.12,6,121.630907,1983060,1.3189840280276,3.17716666666667
40,50000,90,3.44,3.46,121.716437,8.21581722770935,152.964150158184,161.94401289499,161.950021,0.288795635889692,42.113887202,39.9711052251385,42.03,4,121.662431,1991950,1.35559480236615,3.43883333333333
50,50000,90,4.3,4.29,121.635495,8.2212844203084,195.932765363723,191.489458622378,191.492282,0.232990727888889,52.181627355,53.3307438337541,52.05,6,121.57731,2005450,1.53682790400093,3.66666666666667
50,50000,90,4.3,4.48333333333333,121.451369,8.23374827499886,201.245052639433,198.347545859108,198.354096,0.223017237566171,54.4506971016667,55.0826983832002,54.31,7,121.393422,2003780,1.57570469853182,3.87716666666667
50,50000,90,4.3,4.22,121.600671,8.2236388317298,194.205190345415,189.575668086493,189.580744,0.236902662097946,51.315483162,53.5439289239882,51.19,6,121.541554,1997020,1.51778900217445,3.71433333333333
50,50000,90,4.3,4.39,121.612923,8.22281033406294,202.672527799382,197.851216882308,197.856573,0.227705180489749,53.388073197,51.9073828050864,53.17,9,121.55212,2007690,1.55758633604489,3.97466666666667
50,50000,90,4.3,4.42833333333333,121.47178,8.23236475171435,194.80305665894,193.97223351035,193.978682,0.225796631275499,53.7917532433333,54.2427093132644,53.65,6,121.415274,1987980,1.55641135252062,3.8245
50,50000,90,4.3,4.23333333333333,121.40411,8.23695342768873,192.565478616492,189.194572181496,189.199543,0.236160342498425,51.3944065666667,51.3678409761858,51.27,7,121.347007,1987940,1.51494760764483,3.52016666666667
50,50000,90,4.3,4.28166666666667,121.749428,8.21359095009465,195.741720004808,191.708854295835,191.714347,0.233509219881277,52.1290467553333,52.6756178244795,52,6,121.688489,1997240,1.53206255429558,3.48816666666667
50,50000,90,4.3,4.29833333333333,121.459816,8.23317565374873,187.237022062507,186.419208727802,186.424245,0.232632720872431,52.2074775773333,52.7815468113976,52.08,5,121.399608,2001740,1.53559582175483,3.80283333333333
50,50000,90,4.3,4.33333333333333,121.634769,8.221333490591,185.955363613506,188.292996685385,188.29797,0.230754284282692,52.7083999,52.6244952893674,52.57,6,121.578052,1997110,1.541972510306,3.70333333333333
60,50000,90,5.16,5.12,121.049025,8.26111569258819,209.361015052889,213.844371508464,213.848823,0.195295348576497,61.9771008,61.106590724166,61.8,9,120.990873,2020360,1.71644442871162,4.122
60,50000,90,5.16,5.245,121.378765,8.23867337915326,222.489590676396,225.231780207182,225.235751,0.190651202198284,63.6631622425,63.5583796664019,63.47,7,121.320281,2022210,1.7470610515299,4.28116666666667
60,50000,90,5.16,5.13166666666667,121.411976,8.2364197746028,217.079482065631,217.581610121468,217.585772,0.194779145618058,62.3045790173333,63.2083130378308,62.12,8,121.350828,2028610,1.72674491726947,3.9355
60,50000,90,5.16,5.13666666666667,121.307006,8.24354695556496,215.741350372858,219.428932431862,219.433013,0.194585052355938,62.3113654153333,61.4436334144363,62.13,8,121.250849,2026660,1.72582636009015,3.98033333333333
60,50000,90,5.16,5.13666666666667,121.301588,8.24391515797798,222.909571469848,221.742154012005,221.746987,0.194530658383193,62.3085823693333,62.7088402270884,62.13,7,121.241669,2016400,1.72005837161086,4.33933333333333
60,50000,90,5.16,5.07666666666667,121.582504,8.22486761746575,219.060245770337,219.882470052856,219.886774,0.196893173190742,61.7233845306667,61.5460364352536,61.55,9,121.523682,2011610,1.70714540827908,4.33733333333333
60,50000,90,5.16,5.27333333333333,121.471838,8.23236082095012,224.599744438889,226.871824162769,226.875949,0.189588488686789,64.0561492386667,63.8647495654922,63.87,8,121.413713,2023580,1.7549376152253,4.52266666666667
60,50000,90,5.16,5,121.43499,8.23485883269723,207.798700216631,211.383466462333,211.38789,0.199899995173333,60.717495,60.206632227962,60.55,8,121.378483,2018420,1.69325873596756,4.1555
60,50000,90,5.16,5.135,121.566126,8.22597571300413,226.814512147358,224.766512892567,224.770569,0.194701168677053,62.424205701,62.2424144085673,62.24,9,121.507505,2012110,1.71958538903943,3.98866666666667
70,50000,90,6.02,5.97666666666667,121.287236,8.24489066598896,281.474753228492,282.453311063581,282.457049,0.167314474618517,72.4893380493333,71.8388400948,72.25,10,121.229959,2037270,1.9123891121712,4.52916666666667
70,50000,90,6.02,5.99666666666667,121.257309,8.24692555233928,266.717580351828,271.94067201751,271.944196,0.166716531036131,72.713966297,72.2384326802835,72.48,10,121.198807,2035800,1.91553393166318,4.58866666666667
70,50000,90,6.02,6.05333333333333,121.329473,8.24202046933806,273.867526096698,278.761730110132,278.765232,0.165131112822687,73.4447743226667,72.2505161734343,73.21,11,121.272483,2040810,1.93185464211871,5.16683333333333
70,50000,90,6.02,5.96666666666667,121.189752,8.25152278552398,278.65088596752,278.647919766481,278.651556,0.167505458527095,72.30988536,72.5038402457757,72.07,9,121.131086,2043800,1.91341651327122,5.06166666666667
70,50000,90,6.02,6.005,121.467348,8.23266512742173,264.314218517546,270.185118875104,270.189831,0.166518073321399,72.941142474,72.7487165256001,72.7,8,121.4085,2040780,1.92271790182146,4.994
70,50000,90,6.02,5.97666666666667,121.234574,8.24847209014815,269.041999149534,271.323840098717,271.327386,0.167302745655047,72.4578637273333,72.8983688833124,72.23,9,121.177458,2035200,1.91068534538298,4.58266666666667
70,50000,90,6.02,6.02,121.528341,8.22853329331633,278.357033647933,280.699358228405,280.704123,0.166027805214563,73.160061282,73.0242214532872,72.92,11,121.470741,2038340,1.92504836608663,5.26966666666667
70,50000,90,6.02,5.94,121.377931,8.23872998790859,265.714138627591,269.927356726992,269.930913,0.168332901726992,72.098491014,71.6930845840931,71.88,13,121.320714,2036120,1.90504149452674,4.70433333333333
80,50000,90,6.88,6.91333333333333,121.043514,8.26149181359689,383.508161156412,391.458453148988,391.461838,0.144583003854147,83.681416012,84.0785826202242,83.39,14,120.987466,2055300,2.1246835279235,5.46333333333333
80,50000,90,6.88,6.84333333333333,121.189116,8.25156608948282,375.754190560401,382.253494824647,382.25702,0.146096467535314,82.933751716,82.8807987337148,82.64,13,121.132944,2057430,2.11276095925798,5.6405
80,50000,90,6.88,6.85166666666667,121.056173,8.26062789875243,393.583707001202,397.492496495013,397.495513,0.145872047371443,82.9436545338333,82.6097531314605,82.52,14,120.99877,2055080,2.10885743288348,5.26816666666667
80,50000,90,6.88,6.84333333333333,120.983968,8.26555796219215,383.440435663015,387.437533224062,387.440695,0.14609049878641,82.7933621013333,83.0756118348959,82.5,15,120.925002,2057810,2.11051927857942,5.06233333333333
80,50000,90,6.88,6.86833333333333,121.204272,8.25053427159729,388.32004200957,394.517258906576,394.520443,0.145531203034458,83.247134152,82.4214485017591,82.95,14,121.145398,2052700,2.11482610170565,4.9675
80,50000,90,6.88,6.9,121.199519,8.2508578272493,453.386397007993,450.359162478261,450.362272,0.144894434037198,83.62766811,83.5647868614902,83.33,20,121.143188,2057850,2.12551042055123,4.85733333333333
90,50000,90,7.74,7.70333333333333,121.197851,8.25097138067242,824.42027793334,836.119648095846,836.12262,0.129803971641281,93.3627445536667,92.9583558680368,93.01,26,121.14435,2073510,2.3130411121094,5.87733333333333
90,50000,90,7.74,7.72833333333333,120.968146,8.26663905388779,680.368325324197,701.359250711236,701.36202,0.129341336364675,93.4882155003333,93.2938005390836,93.13,23,120.915998,2070700,2.31287790436018,5.41833333333333
90,50000,90,7.74,7.53,120.888826,8.27206312682696,684.466589398373,689.658829094511,689.661605,0.132797167837981,91.029285978,90.3065176496625,90.54,24,120.835528,2066710,2.26266316949348,5.15616666666667
90,50000,90,7.74,7.61,120.912233,8.27046176543609,745.473555990298,750.392589496715,750.395309,0.13135410826982,92.014209313,92.1602978210884,91.52,22,120.859228,2073360,2.28585514951986,5.38133333333333
90,50000,90,7.74,7.80166666666667,121.003884,8.26419753600637,886.67564125319,901.610741037812,901.613685,0.128132479780602,94.403196834,93.8374452632703,94.05,29,120.95007,2072900,2.33141724500168,5.61666666666667
90,50000,90,7.74,7.83,120.925873,8.26952888733745,1052.86176629562,1060.11063035696,1060.114195,0.127688311923372,94.684958559,94.2109183782058,94.01,37,120.872567,2074540,2.33207089286473,5.1895
90,50000,90,7.74,7.81333333333333,121.091085,8.2582462614816,905.376818815627,920.560184887372,920.562838,0.127963887230802,94.61250108,94.9450783832782,94.26,32,121.037665,2074590,2.33665610478363,5.5855
90,50000,90,7.74,7.75,120.955576,8.26749814328527,844.057697576744,854.402967526882,854.405708,0.12902014438172,93.7405714,93.8071175142458,93.24,25,120.899673,2068270,2.31284483377133,5.62866666666667
90,50000,90,7.74,7.63833333333333,120.938329,8.26867717016332,813.860473111711,817.441071185686,817.443825,0.130885233743618,92.3767269678334,92.5820879240755,92.03,31,120.88462,2070230,2.2925382464135,5.3975
100,50000,90,8.1,8.116666667,120.900324,8.271276428,2398.574834,2415.31752,2415.320049,0.123188437,98.13076298,98.04948157,97.39,45,120.847694,2075870,2.39465115587493,6.1525
100,50000,90,8.1,8.048333333,120.843692,8.275152666,1375.875739,1399.997283,1400.00073,0.124217758,97.25903144,96.95620665,96.69,45,120.791452,2076290,2.38228577891539,5.699
100,50000,90,8.1,8.07,121.106627,8.257186454,1474.744412,1502.883702,1502.887258,0.123904679,97.73304799,97.89364997,97.01,35,121.053691,2078560,2.39007548016177,6.0548333333333
100,50000,90,8.1,8.046666667,121.013809,8.263519744,2200.840958,2207.052019,2207.054571,0.124222484,97.37577831,97.01770736,96.81,56,120.96058,2078070,2.38600969030756,5.9086666666666
100,50000,90,8.1,8.1,120.806234,8.277718516,2114.564244,2129.622369,2129.625005,0.123446991,97.85304954,96.95504578,96.8,61,120.753342,2079370,2.38695330015014,6.1241666666666
100,50000,90,8.1,8.118333333,120.885491,8.272291337,2349.788033,2370.01953,2370.023067,0.123152946,98.13887111,97.82407883,97.57,54,120.833385,2078730,2.40041993388445,6.0928333333333
100,50000,90,8.1,8.04,120.91816,8.270056375,1459.602702,1480.738964,1480.74151,0.124336497,97.21820064,97.49196808,96.82,36,120.865783,2076330,2.38468478969117,6.1361666666666
10,50000,95,0.86,0.893333333333333,122.740834,8.14724788329204,133.535491229778,130.933344901119,130.956401,1.1146067158806,10.9648478373333,11.3699906803355,11.01,2,122.682432,1628440,0.772754567755802,1.3635
10,50000,95,0.86,0.923333333333333,122.60166,8.15649641285444,121.096509360565,131.148361761733,131.174702,1.07933390562274,11.32021994,10.8205590622182,11.37,2,122.554707,1660530,0.781661804101291,1.53583333333333
10,50000,95,0.86,0.906666666666667,122.719089,8.14869152100697,95.2033706044401,128.959191919118,128.982335,1.10168633857169,11.126530736,8.44811753902664,11.18,2,122.662733,1663030,0.779187849343644,1.4
10,50000,95,0.86,0.896666666666667,122.013444,8.1958181591858,120.118876267202,127.872583250929,127.895368,1.11496302021004,10.940538812,10.5849582172702,10.99,2,121.956409,1635520,0.77327793208408,1.33416666666667
10,50000,95,0.86,0.873333333333333,121.778663,8.2116191405386,106.972107204972,127.879365213741,127.902392,1.1445151697042,10.6353365686667,8.77025738798855,10.69,3,121.727988,1630650,0.768436548956364,1.61766666666667
10,50000,95,0.86,0.836666666666667,122.061965,8.19256022955226,135.577094606648,129.822381069721,129.847273,1.19367020820319,10.2125177383333,10.9452736318408,10.27,2,121.996689,1610260,0.760237062359787,1.43
10,50000,95,0.86,0.848333333333333,122.836005,8.14093555061482,148.070742339556,132.158891848723,132.183629,1.17440179979371,10.4205877575,11.9725220804711,10.47,2,122.776543,1640180,0.766339182364754,1.41533333333333
10,50000,95,0.86,0.851666666666667,122.723668,8.14838748137808,117.072498866578,128.646743369863,128.675002,1.17265621017417,10.4519657246667,9.77517106549365,10.5,2,122.670324,1585340,0.760741946109157,1.51883333333333
10,50000,95,0.86,0.856666666666667,122.476763,8.16481408804052,167.893727807966,132.260819723735,132.274471,1.165790217893,10.4921760303333,14.1885325558795,10.55,2,122.415607,1578570,0.760689139141437,1.41983333333333
20,50000,95,1.72,1.76833333333333,121.796699,8.2104031407288,131.320579817208,137.847936340245,137.859471,0.565376174145146,21.5377162731667,20.8666980687706,21.54,3,121.750058,1863130,0.971453488896874,1.81833333333333
20,50000,95,1.72,1.74,121.633897,8.22139242977638,140.58313112472,138.850941348659,138.862826,0.574594131440613,21.164298078,20.5361416945907,21.17,3,121.582098,1815810,0.955790613963531,2.27466666666667
20,50000,95,1.72,1.72666666666667,121.5379,8.22788611618269,138.571484447027,138.50116782529,138.517309,0.578202020949807,20.9855440666667,20.935841775205,20.99,3,121.487279,1847190,0.9592604557554,1.9345
20,50000,95,1.72,1.73333333333333,121.843973,8.20721760279436,131.408716223709,136.837270769231,136.849491,0.576435251228846,21.1196219866667,20.8553580009611,21.13,2,121.792316,1836430,0.959341045501047,1.849
20,50000,95,1.72,1.78,122.003427,8.19649107069755,148.270441078273,140.627005681648,140.640935,0.560901558867041,21.716610006,22.3678053345812,21.72,3,121.950458,1832790,0.9680741336591,2.19583333333333
20,50000,95,1.72,1.69,121.650014,8.2203032052261,135.899282883398,138.319837759369,138.332182,0.590255150212032,20.558852366,20.4041399704288,20.57,3,121.601121,1842130,0.951462035995325,1.90366666666667
20,50000,95,1.72,1.73333333333333,122.240143,8.18061870231942,137.507854951392,139.539753290385,139.551712,0.576672357034615,21.1882914533333,20.6631427198462,21.2,4,122.189136,1845100,0.96223275508007,1.93883333333333
20,50000,95,1.72,1.68333333333333,121.507137,8.22996924040766,150.498968748928,138.300019627723,138.314561,0.593660846025743,20.453701395,22.5630875804057,20.47,3,121.456665,1814760,0.944449466357673,1.92866666666667
30,50000,95,2.58,2.53333333333333,121.552389,8.22690535518804,147.58822409526,148.706906832895,148.714953,0.394689956244737,30.79327188,30.549161460046,30.76,4,121.500559,1918130,1.13773291383487,2.49233333333333
30,50000,95,2.58,2.44333333333333,121.655347,8.21994285216251,171.497226135861,152.61631194884,152.626468,0.409272668798772,29.7244564503333,31.6058643027617,29.69,6,121.599917,1909210,1.11727478982371,2.52883333333333
30,50000,95,2.58,2.67,122.277634,8.17811047930483,147.475561943826,150.976051416355,150.984513,0.374206911627341,32.648128278,31.5132605304212,32.6,4,122.224362,1912530,1.16694899350017,2.5015
30,50000,95,2.58,2.605,121.423055,8.23566825921157,161.063905664674,152.341282891875,152.35226,0.383417105301983,31.6307058275,33.0028781579789,31.59,4,121.37136,1927760,1.15451621870417,2.457
30,50000,95,2.58,2.655,121.688525,8.21770171016536,146.782745581893,149.859181933459,149.869681,0.376570819023227,32.3083033875,32.4443049890179,32.26,3,121.636198,1943080,1.17043426706436,2.4605
30,50000,95,2.58,2.59166666666667,122.020045,8.19537478452823,151.562601741978,150.088110883601,150.096029,0.385719913486174,31.6235283291667,31.5654130504661,31.59,5,121.966934,1922220,1.15288377903175,2.58366666666667
30,50000,95,2.58,2.51,121.28084,8.24532547762697,151.666814322531,149.159117942895,149.167572,0.39828046036587,30.44149084,31.5632260205775,30.41,4,121.225408,1909360,1.12935864623151,2.37966666666667
30,50000,95,2.58,2.545,121.99372,8.19714326278435,159.743278917296,152.678921932548,152.686942,0.392777452301244,31.04740174,32.4058919803601,31.01,4,121.945027,1899560,1.13655585429712,2.34033333333333
30,50000,95,2.58,2.60166666666667,121.357606,8.24010981231782,149.907600056862,149.178094121717,149.186005,0.383239360830237,31.5732038276667,32.3406980467499,31.54,3,121.305949,1924460,1.15270095270712,2.654
40,50000,95,3.44,3.52666666666667,121.901037,8.2033756611931,152.260325634798,161.545647177694,161.551762,0.283478698102552,42.990432382,41.2709662178124,42.9,4,121.848142,1969930,1.3621050945053,3.2645
40,50000,95,3.44,3.55,121.942047,8.20061680611283,163.685704936023,166.487320521127,166.494752,0.281458279031925,43.289426685,42.9007275287491,43.19,4,121.884818,1963380,1.36451366683403,3.18116666666667
40,50000,95,3.44,3.45666666666667,121.677448,8.21844981495667,158.976858408098,163.291037090646,163.297022,0.289217156776278,42.0598378586667,41.4557724752953,41.97,4,121.625452,1960290,1.34234014228853,3.23066666666667
40,50000,95,3.44,3.345,121.718785,8.21565874158208,164.405899401907,162.527346212755,162.533462,0.298721588457897,40.7149335825,41.892901618929,40.64,4,121.665956,1954360,1.31728480632826,2.92483333333333
40,50000,95,3.44,3.475,121.530858,8.2283628738966,165.997147139637,165.98778427482,165.993784,0.287655763154437,42.231973155,43.0112682809878,42.14,4,121.478928,1971600,1.34963712079176,3.0285
40,50000,95,3.44,3.35,121.666044,8.2192201465842,156.788799103216,161.655426493035,161.661433,0.298401785753234,40.75812474,40.189007709525,40.68,5,121.615633,1965060,1.32197447316444,2.91883333333333
40,50000,95,3.44,3.51166666666667,121.978098,8.19819308872975,165.386687655282,166.855917227337,166.861702,0.284709704293308,42.834642081,42.7046263345196,42.75,5,121.928126,1961960,1.35638913004829,3.07866666666667
50,50000,95,4.3,4.28333333333333,121.363409,8.23971581088333,177.969584563557,183.246683852918,183.252505,0.23342597861323,51.9839935216667,51.1768138494456,51.85,6,121.310609,1980450,1.52151118169454,3.42866666666667
50,50000,95,4.3,4.31833333333333,121.949775,8.20009713015051,194.621358472869,191.191058624855,191.196666,0.231377981827866,52.6619778375,53.3667759984565,52.52,5,121.897344,1978820,1.53235515228321,3.62316666666667
50,50000,95,4.3,4.22666666666667,121.553206,8.22685005938881,205.625626111143,194.7720860903,194.7777,0.236583489687303,51.3764884026667,53.2820816085157,51.25,6,121.500709,1978760,1.51031339896066,3.6675
50,50000,95,4.3,4.29666666666667,121.383233,8.23837012151423,179.439306324468,184.323017755625,184.328118,0.232604732071761,52.1543291123333,50.921078146209,52.02,5,121.328663,1990710,1.52931969852544,3.68616666666667
50,50000,95,4.3,4.31333333333333,121.276835,8.24559776811458,183.250192042499,185.66799105796,185.673016,0.231427897206337,52.3107414966667,52.5400811280665,52.18,7,121.222602,2000670,1.53684098826943,3.55683333333333
50,50000,95,4.3,4.26333333333333,121.857782,8.20628755576726,170.062752085943,179.587104802189,179.592134,0.234510120367475,51.9520343926667,49.6775454367794,51.82,5,121.801613,2000990,1.53068296849726,3.507
50,50000,95,4.3,4.37666666666667,121.532398,8.22825860804623,195.383945546512,193.930444199924,193.9352,0.228252305721249,53.1906795246667,53.3790215115172,53.05,6,121.478091,2003110,1.55326543661204,3.548
50,50000,95,4.3,4.33666666666667,121.377131,8.23878428960395,189.966928565258,189.674604577248,189.679419,0.230558306152959,52.6372158103333,52.6993275696446,52.5,6,121.325166,1990990,1.537823636843,3.4635
50,50000,95,4.3,4.38166666666667,121.835139,8.20781269022888,178.838125024818,186.869672976417,186.874433,0.228127005127805,53.3840967385,51.8539646320593,53.25,6,121.781036,1987860,1.54938766812135,3.6835
60,50000,95,5.16,5.01,121.624009,8.22206082682244,203.9493273556,209.235283494012,209.240107,0.199457239206587,60.933628509,60.7517046399468,60.76,7,121.570354,2007970,1.69122225168508,4.0925
60,50000,95,5.16,5.105,121.327904,8.24212705430072,217.370905452608,218.249757008488,218.253714,0.19587184017238,61.937894992,62.3306675371307,61.76,7,121.276072,2012740,1.71147739670278,3.93333333333333
60,50000,95,5.16,5.11333333333333,121.668668,8.21904288456581,210.576453040198,216.27653204661,216.280762,0.195537156253585,62.2132455706667,60.7299983705394,62.03,10,121.614405,2011990,1.71581672752284,4.167
60,50000,95,5.16,5.07,121.578206,8.22515838077097,210.755260372857,214.19274853616,214.196794,0.197222959945759,61.640150442,61.5612161051767,61.46,8,121.523967,2020310,1.71039945371085,4.1125
60,50000,95,5.16,5.21833333333333,121.369542,8.23929944466627,201.698639936565,211.196865985628,211.202088,0.191608612596934,63.334672667,62.3024109851509,63.15,6,121.317561,2021910,1.74122132199126,4.384
60,50000,95,5.16,5.13833333333333,121.501398,8.23035797497573,212.003864121239,217.49826360785,217.503945,0.194473918434317,62.431468339,60.450786443976,62.25,7,121.447067,2014280,1.72098385783063,3.966
60,50000,95,5.16,5.08666666666667,121.306241,8.2435989422836,213.369571167736,216.060931899738,216.064868,0.196577596248362,61.7044412553333,61.6052416052416,61.42,9,121.254342,2002570,1.6998287900003,3.9875
70,50000,95,6.02,6.115,121.146048,8.25449956072855,277.708546852092,283.815185076315,283.818522,0.163512052151813,74.080808352,74.1109142935005,73.84,8,121.095393,2032890,1.93785206377557,4.4475
70,50000,95,6.02,6.01,121.378047,8.23872211422219,276.216011347602,278.832147965613,278.835707,0.166286202201331,72.948206247,72.4247885761819,72.71,9,121.324111,2033110,1.91787390044373,4.72783333333333
70,50000,95,6.02,6.01333333333333,121.351732,8.24050867275632,280.794883477574,281.012551252495,281.015973,0.166205124077051,72.9728415093333,72.8557572398504,72.73,10,121.297995,2033500,1.91848554786263,4.367
70,50000,95,6.02,6.03166666666667,121.612103,8.22286577841681,277.533261106283,281.980751329649,281.984161,0.165739437226582,73.3523667928333,72.7034120734908,73.11,11,121.557794,2030920,1.92355577164129,4.81566666666667
70,50000,95,6.02,6.085,121.417372,8.23605373372766,272.959942284612,278.506420471926,278.509853,0.164207215165708,73.882470862,73.394495412844,73.64,9,121.366631,2032050,1.93373368253981,4.59383333333333
70,50000,95,6.02,5.96,121.167856,8.25301390164071,281.596776872144,280.943851676454,280.947319,0.167702520163031,72.216042176,71.8300013980148,71.98,10,121.116453,2033720,1.90526873858501,4.53416666666667
80,50000,95,6.88,6.76,121.143752,8.25465600570139,399.497628541234,397.454822094182,397.457911,0.147892817765533,81.893176352,82.5218784666585,81.47,16,121.092741,2049060,2.08555150190051,5.26866666666667
80,50000,95,6.88,6.875,121.202781,8.25063576717765,354.971849142253,367.042359849455,367.045327,0.145433669191758,83.3269119375,82.5718094776391,83.03,14,121.151166,2053520,2.11687567792266,5.43666666666667
80,50000,95,6.88,6.755,121.29383,8.24444244196098,377.738276093884,381.520025037997,381.523127,0.148000871066371,81.933982165,81.5714814357962,81.51,17,121.241972,2050890,2.08760891467905,4.94866666666667
80,50000,95,6.88,6.85,120.952339,8.2677194030948,424.673503942636,423.068583673723,423.0717,0.14597529260219,82.852352215,81.7540445201314,82.42,20,120.900928,2055590,2.10743462308607,5.17483333333333
80,50000,95,6.88,6.87333333333333,121.012007,8.26364279703253,326.183616413429,341.009505417556,341.012582,0.145483664209748,83.1755861446667,83.1979633895018,82.74,9,120.95839,2053700,2.11179284833451,4.86116666666667
80,50000,95,6.88,6.77166666666667,121.316746,8.24288511661861,438.279817132652,430.285696059316,430.289282,0.147653176522028,82.1516564996667,83.2410483573274,81.86,17,121.265038,2051680,2.09447730689379,5.296
80,50000,95,6.88,6.74333333333333,121.490226,8.23111482235616,361.602109534985,367.399778816609,367.402755,0.148288382490608,81.924909066,81.8485110589398,81.64,13,121.436776,2051870,2.09066277929254,4.9385
80,50000,95,6.88,6.76166666666667,121.210955,8.2500793760762,398.954455387803,398.810417640128,398.813438,0.147875566793197,81.9588074058333,81.762168823167,81.67,21,121.15866,2055240,2.09367335660105,5.1645
80,50000,95,6.88,6.66666666666667,121.040842,8.26167418762669,395.350581177353,390.2215073755,390.224592,0.14994529930775,80.6938946666667,81.3648293963255,80.41,14,120.990882,2053120,2.06945820669628,5.14216666666667
90,50000,95,7.74,7.555,120.835836,8.27569066514341,680.761945942979,687.442315660049,687.445047,0.132349172455107,91.291474098,91.3091430462115,90.8,26,120.785179,2067020,2.26762221754212,5.17966666666667
90,50000,95,7.74,7.705,121.166199,8.25312676516328,850.843323828757,859.411391671858,859.414011,0.129734297548129,93.3585563295,93.5762950145993,92.85,31,121.116364,2068340,2.30583731534503,5.671
90,50000,95,7.74,7.53333333333333,120.920165,8.26991924796001,727.056584898883,727.072345759513,727.075056,0.132697247394469,91.0931909666667,91.1182391328393,90.75,25,120.868701,2062930,2.26339221925632,5.616
90,50000,95,7.74,7.73666666666667,120.933341,8.26901821888804,885.293300823624,892.07962424343,892.082242,0.129226593300302,93.5620948203333,93.4948842218632,93.2,33,120.882502,2072710,2.31582462697356,5.8675
90,50000,95,7.74,7.52666666666667,120.895351,8.27161666456471,622.812309985912,634.125466270593,634.129095,0.132841038730514,90.9939008526667,91.0550204804605,90.35,20,120.843908,2066390,2.25896449704662,5.71016666666667
90,50000,95,7.74,7.66666666666667,121.02715,8.26260884437913,890.630980564494,893.035639087609,893.038359,0.130432598579565,92.7874816666667,92.4356048255624,92.28,28,120.975534,2068590,2.2957167330774,5.53883333333333
90,50000,95,7.74,7.605,120.796228,8.27840418990567,675.946341806722,685.828201222003,685.831034,0.131460954466579,91.865531394,91.8483620028487,91.36,21,120.744822,2069160,2.27951271895582,5.59116666666667
90,50000,95,7.74,7.57833333333333,120.976854,8.26604401532875,813.058359498068,810.069952274247,810.072594,0.131943568247856,91.680292523,91.2039582188016,91.34,36,120.924822,2067470,2.27776771493576,5.834
90,50000,95,7.74,7.74333333333333,121.138532,8.25501170841331,850.347738351563,862.531413505596,862.534154,0.129124766723849,93.8016032786667,93.3928763585494,93.29,34,121.087726,2074640,2.31907047803507,5.327
90,50000,95,7.74,7.65166666666667,120.898909,8.27137323464184,857.692752982964,858.909114398606,858.912015,0.130649803308647,92.5078152031667,92.9543722095176,92.16,33,120.848084,2072410,2.2966947214318,5.19
100,50000,95,8.1,8.223333333,121.126351,8.255841869,5825.922339,5867.705587,5867.708101,0.121573761,99.60623597,97.89239031,97.57,119,121.073788,2079730,2.40129255590603,5.7893333333333
100,50000,95,8.1,8.2,120.834905,8.275754427,3012.012957,3046.381117,3046.384611,0.121907212,99.0846221,98.31317955,98.18,67,120.782662,2080390,2.41298473953467,5.9975
100,50000,95,8.1,8.238333333,120.864274,8.273743489,2742.988487,2795.296482,2795.299931,0.121380172,99.57201773,99.23131385,98.82,58,120.812843,2081650,2.4257609937041,6.0706666666666
100,50000,95,8.1,8.253333333,120.940728,8.268513151,3385.804072,3445.306901,3445.310202,0.121153311,99.81641418,98.64714791,98.1,67,120.888954,2078560,2.4099214760495,6.0901666666666
100,50000,95,8.1,8.128333333,121.01887,8.263174164,1930.979282,1962.379891,1962.382341,0.1230104,98.3681715,97.66273706,97.47,58,120.965814,2079550,2.39931388317494,5.992
100,50000,95,8.1,8.13,120.747958,8.281713551,2188.670549,2211.009028,2211.01151,0.122992274,98.16808985,97.58122374,97.12,47,120.695366,2080100,2.39341605460281,5.9156666666666
100,50000,95,8.1,8.195,121.013064,8.263570617,5168.613421,5183.892818,5183.895384,0.122020644,99.17020595,98.2104728,97.62,98,120.959931,2080820,2.40315507052718,5.7416666666666
10,60000,75,0.86,0.858333333333333,122.208731,8.18272141292425,131.082086389875,130.084622149515,130.108677,1.16192185615922,10.4895827441667,10.2812803103783,10.53,2,122.169044,1651090,0.768403363218026,1.4955
10,60000,75,0.86,0.865,121.902355,8.20328696685146,146.873104975326,130.789948366089,130.813138,1.15453298275337,10.5445537075,11.7420596727623,10.6,2,121.864478,1622460,0.76624354936416,1.3015
10,60000,75,0.86,0.868333333333333,121.901688,8.20333185213973,134.706654177471,131.218758639156,131.242143,1.14980231171593,10.585129908,9.58772770853308,10.63,3,121.862189,1610010,0.765287175466238,1.302
10,60000,75,0.86,0.876666666666667,121.489136,8.23118867188256,112.660188705816,128.456346134981,128.485644,1.13750272347719,10.6505475893333,9.30674264007597,10.7,2,121.442607,1633640,0.768913299493365,1.43816666666667
10,60000,75,0.86,0.86,122.476617,8.16482382102373,141.831198361062,130.539599722868,130.563584,1.15606059577326,10.532989062,11.4230396902227,10.58,2,122.427535,1616250,0.765272325199642,1.29466666666667
10,60000,75,0.86,0.86,122.277872,8.17809456154095,135.07733177244,130.225054428295,130.248557,1.15937245367248,10.515896992,11.0358180058083,10.57,2,122.232211,1668660,0.770924023708335,1.41866666666667
10,60000,75,0.86,0.871666666666667,122.251207,8.1798783385427,120.530113353093,129.440004998088,129.463486,1.14597665096176,10.6562302101667,10.1241642788921,10.7,2,122.202623,1647970,0.770513621484525,1.31266666666667
10,60000,75,0.86,0.85,122.298989,8.17668247445611,139.425015843752,131.167878121569,131.19196,1.17638906221373,10.395414065,11.4593535749265,10.45,2,122.255759,1606840,0.762401558167723,1.506
20,60000,75,1.72,1.71166666666667,121.769469,8.21223914510131,141.01024172169,139.624821013632,139.637308,0.584138457791626,20.8428741105,20.9245742092457,20.85,4,121.716058,1826630,0.95287111556823,1.83416666666667
20,60000,75,1.72,1.79166666666667,121.566024,8.22598261501092,131.815380623399,138.501760941395,138.516381,0.557831005584186,21.7805793,20.5485820548582,21.78,3,121.513286,1852580,0.973168221511023,1.97716666666667
20,60000,75,1.72,1.635,122.096193,8.19026355719379,129.61500293659,136.344957223242,136.357976,0.611129240042813,19.9627275555,18.7468160978095,19.98,2,122.047715,1843890,0.942281234731733,1.81433333333333
20,60000,75,1.72,1.71333333333333,122.235839,8.1809067469975,134.493775643196,138.858222258755,138.869988,0.582554790266537,20.9430737486667,20.3208556149733,20.96,3,122.18242,1851870,0.959718289700734,1.87616666666667
20,60000,75,1.72,1.795,121.740487,8.21419418175976,152.007703791791,140.580576326834,140.593055,0.556421263604457,21.8524174165,24.1299303944316,21.86,3,121.691717,1859470,0.975909444957455,1.745
20,60000,75,1.72,1.725,122.396427,8.17017313748873,117.565553292885,136.606851857971,136.618662,0.579561504221256,21.1133836575,18.2037662964751,21.12,3,122.343497,1826880,0.957241996999293,1.7075
20,60000,75,1.72,1.85,121.939846,8.20076482628984,146.513014590457,141.011658814414,141.026881,0.540174082320721,22.55887151,23.5929761368753,22.56,4,121.886254,1884670,0.992743423109108,1.93366666666667
20,60000,75,1.72,1.66666666666667,121.874161,8.20518469046117,142.728635682159,137.720087661,137.7319,0.599469599607,20.3123601666667,20.7896051974013,20.33,3,121.819243,1835490,0.946287675461317,1.685
20,60000,75,1.72,1.71333333333333,122.109609,8.18936370519375,124.562800648445,136.320469835603,136.332355,0.583654953512646,20.921446342,19.4944093339815,20.93,3,122.061505,1861310,0.961131789880924,1.8055
20,60000,75,1.72,1.72833333333333,121.982665,8.19788615046245,143.602374783609,140.195494648023,140.209441,0.578457573761813,21.0826706008333,21.2530120481928,21.09,3,121.929695,1837890,0.958993515667297,2.0395
30,60000,75,2.58,2.57166666666667,121.752061,8.21341332365618,151.78740693574,150.917369565133,150.925622,0.38876873370836,31.3105716871667,31.648850016197,31.28,4,121.699291,1912820,1.1449197240194,2.45333333333333
30,60000,75,2.58,2.605,121.872506,8.20529611494163,145.841402385391,150.43989096929,150.449292,0.383691080333973,31.747787813,30.7003517748641,31.71,4,121.822972,1937520,1.15942876725772,2.32966666666667
30,60000,75,2.58,2.59666666666667,122.070806,8.1919668819095,148.75565401214,149.415965514763,149.423789,0.384690738290757,31.6977192913333,31.953801732435,31.66,4,122.020923,1920100,1.15343644128704,2.3565
30,60000,75,2.58,2.58166666666667,121.873227,8.2052475725452,143.61449818982,147.468305678502,147.476839,0.387333327322143,31.4636047705,31.9135204904808,31.43,4,121.822929,1904680,1.14504589407354,2.47666666666667
30,60000,75,2.58,2.595,121.704968,8.21659145417959,138.060290037948,146.528459132306,146.536244,0.385187709547206,31.582439196,31.2680577849117,31.55,4,121.656239,1925000,1.15302845699527,2.3345
30,60000,75,2.58,2.64,121.804354,8.20988714409996,146.064622240072,149.674441614268,149.685296,0.378700502680556,32.156349456,32.2183654149574,32.12,4,121.749924,1923510,1.16219395122146,2.24216666666667
40,60000,75,3.44,3.39,121.802762,8.20999444987955,179.354512244897,169.812198858407,169.818272,0.294822213364798,41.291136318,42.7623494716147,41.21,6,121.753891,1973920,1.33445476066975,2.87266666666667
40,60000,75,3.44,3.47,121.399964,8.23723473262315,166.545004168815,166.111099876081,166.116928,0.28764087326513,42.125787508,43.1932773109244,42.04,5,121.347523,1967500,1.34632665190653,2.94133333333333
40,60000,75,3.44,3.30333333333333,121.466678,8.23271053811153,176.213920238006,166.367194347629,166.373566,0.302659435117558,40.1244926326667,41.6393442622951,40.05,5,121.417876,1966780,1.31176449123704,2.62883333333333
40,60000,75,3.44,3.38666666666667,121.814732,8.20918770317534,163.436673736816,164.516210329232,164.522254,0.295016204297736,41.2545892373333,40.8364083640837,41.17,5,121.763522,1974280,1.33389942057726,2.96566666666667
40,60000,75,3.44,3.54333333333333,121.603608,8.22344021239896,166.160171592671,167.755965530574,167.761628,0.281988525731891,43.088211768,43.4516811662356,43,5,121.551757,1951470,1.35654615107817,2.80633333333333
40,60000,75,3.44,3.41333333333333,121.953448,8.19985015921813,169.188201732975,166.260278860352,166.266712,0.292685084210449,41.6267769173333,42.518916280205,41.54,5,121.900736,1948540,1.33047005653458,2.76216666666667
40,60000,75,3.44,3.44833333333333,121.465413,8.2327962775708,163.529528675529,165.997324983084,166.003615,0.289534356756404,41.8853232495,41.5559313843924,41.8,6,121.415174,1960950,1.33967452043928,2.77333333333333
40,60000,75,3.44,3.30333333333333,121.817012,8.20903405511211,163.234558695345,162.502599493946,162.509025,0.30261057459334,40.2402196306667,41.3619167717528,40.17,4,121.767441,1951670,1.30824387111638,2.88
50,60000,75,4.3,4.365,121.663131,8.21941694069997,197.566624621445,193.516854046583,193.523249,0.228716624491409,53.1059566815,53.8652414582936,52.97,8,121.611895,1991440,1.5462374331529,3.44666666666667
50,60000,75,4.3,4.28333333333333,121.457195,8.23335332254298,196.361440074718,191.401545566537,191.406294,0.233301379057198,52.0241651916667,53.0636063022758,51.89,6,121.407612,1985660,1.52466674010196,3.44583333333333
50,60000,75,4.3,4.33,121.315357,8.24297949351952,175.887581261351,182.770161234026,182.774865,0.230894834756351,52.529549581,52.2994035020204,52.4,5,121.263217,1998020,1.53943257859445,3.44633333333333
50,60000,75,4.3,4.36166666666667,121.529817,8.2284333564001,198.306641717753,194.884558616737,194.889441,0.229242611056935,53.0072551815,53.199617956065,52.87,6,121.480149,2006720,1.5518437367578,3.487
50,60000,75,4.3,4.19,121.654582,8.21999454159482,187.456902708918,186.799049643994,186.803814,0.238662646618138,50.973269858,50.3678663750249,50.85,6,121.606464,2010820,1.51823591561445,3.447
50,60000,75,4.3,4.275,121.386705,8.23813448103728,180.305242414814,183.97230822963,183.977067,0.233876809209747,51.8928163875,50.9062560904307,51.76,8,121.338231,1975830,1.5177722531889,3.44766666666667
50,60000,75,4.3,4.225,121.348159,8.24075130797823,170.968694245851,178.965141695858,178.970082,0.236510005269823,51.2695971775,50.0690199171761,51.14,5,121.295769,1993690,1.51536285393487,3.42316666666667
60,60000,75,5.16,5.115,121.45626,8.23341670491089,198.465111842829,207.472705910394,207.476859,0.195343395802542,62.12487699,59.7165662159961,61.94,7,121.406437,2013860,1.71527871691866,4.37183333333333
60,60000,75,5.16,5.14833333333333,121.38426,8.23830041885167,230.073656157713,227.453144517643,227.457126,0.194205051100032,62.49266319,63.1170092247937,62.31,8,121.332363,2019850,1.72518265071568,4.11666666666667
60,60000,75,5.16,5.23833333333333,121.169015,8.25293496031143,225.333540552876,225.157156902323,225.161062,0.190851571113904,63.4723690241667,63.4483855574996,63.28,8,121.117181,2013850,1.73891138513998,4.11483333333333
60,60000,75,5.16,5.1,121.602023,8.2235473993718,219.911522851258,220.761048339869,220.765106,0.196055374221242,62.01703173,62.2283940532593,61.83,6,121.547815,2010210,1.7112958790439,4.12533333333333
60,60000,75,5.16,5.16833333333333,121.18236,8.25202611997324,222.432446918596,222.608772666559,222.612808,0.19347567624476,62.63108306,63.840077381912,62.45,7,121.132671,2016080,1.72552968499067,4.11833333333333
60,60000,75,5.16,5.21333333333333,121.4862,8.23138759793293,224.158150033088,225.033399928069,225.038374,0.191677513991049,63.3348056,64.3279526929839,63.14,7,121.43466,2013810,1.73641887361283,4.27366666666667
70,60000,75,6.02,6.03166666666667,121.302417,8.24385881775134,307.604326614828,302.073147931473,302.076582,0.165601991463388,73.1655745205,74.0295620942119,72.92,14,121.250891,2040420,1.92641429813663,4.72216666666667
70,60000,75,6.02,6.02666666666667,121.169943,8.25287175384741,263.013731312605,268.643262449392,268.646636,0.165895685852323,73.025085648,73.1508364440758,72.67,10,121.119699,2039770,1.92152055658649,4.708
70,60000,75,6.02,6.06666666666667,120.93947,8.26859915956304,292.474315960101,290.592929956044,290.594906,0.164826151884066,73.3699451333333,73.6437302568329,73.01,12,120.886072,2038380,1.92668161778825,4.675
70,60000,75,6.02,6.16333333333333,121.377849,8.23873555379944,285.258820010422,289.668324144943,289.671678,0.162230454040022,74.809214267,73.9083412194133,74.56,12,121.325438,2034260,1.95159266653209,4.70616666666667
70,60000,75,6.02,5.965,121.192515,8.25133466369602,277.635745227521,277.751537488125,277.754963,0.167618466879855,72.2913351975,72.8453694650091,72.06,8,121.142152,2028430,1.90325982096363,4.92533333333333
70,60000,75,6.02,6.03,121.11493,8.25662038528198,295.239751681462,292.102027873134,292.105331,0.16582438622084,73.03230279,72.8478651374879,72.67,11,121.062168,2038130,1.92044716313327,4.57633333333333
70,60000,75,6.02,5.92333333333333,121.187006,8.25170975838779,272.293484849193,273.316084954136,273.319627,0.168798613267023,71.7831032206667,71.3883809255873,71.55,11,121.134932,2032460,1.89679616087084,4.79633333333333
70,60000,75,6.02,5.89166666666667,121.357766,8.24009894842659,253.240670451675,257.985486562659,257.989856,0.169725932672984,71.4999504683333,71.5740347899873,71.27,9,121.305834,2032190,1.89163776959383,4.92866666666667
70,60000,75,6.02,6.05833333333333,121.142786,8.25472182883428,293.438329842677,292.018364383494,292.021891,0.165031045586795,73.3923378516667,74.0063265025444,73.15,12,121.089607,2033070,1.92568360532643,4.59166666666667
80,60000,75,6.88,6.91833333333333,121.14535,8.25454712046315,402.225362666529,407.087302999036,407.090316,0.14451652889352,83.8123913083333,84.752499096712,83.51,14,121.093924,2052980,2.125105206198,5.0975
80,60000,75,6.88,6.90666666666667,121.130967,8.25552725918551,400.126743774952,404.64730058446,404.650354,0.144775319020994,83.661121208,84.4613342984679,83.36,12,121.080181,2048990,2.11942260495167,4.69166666666667
80,60000,75,6.88,6.90333333333333,121.264545,8.24643344845767,403.013480116108,408.843149437228,408.846102,0.14485259989353,83.712957565,83.2709716354858,83.27,16,121.213384,2056540,2.12344982365033,4.59583333333333
80,60000,75,6.88,6.83,121.148038,8.25436397079745,380.63420338584,385.851699612494,385.854636,0.146307382303319,82.744109954,83.1523728193241,82.45,14,121.095996,2052880,2.10596892724091,5.20533333333333
80,60000,75,6.88,6.78666666666667,120.912649,8.27043331091026,360.979351416673,367.716904519892,367.719957,0.147345349039538,82.0593844546667,82.1362799263352,81.64,12,120.860941,2052940,2.09144717674937,5.1285
80,60000,75,6.88,6.905,121.273378,8.24583281583861,429.172586255905,430.224124285301,430.227078,0.144787803788318,83.739267509,82.8888620731266,83.16,19,121.221913,2058030,2.12258036471504,4.90966666666667
80,60000,75,6.88,7,120.894689,8.2716619586159,405.121839236826,412.409093531667,412.412101,0.14284550213881,84.6262823,84.8708487084871,84.33,14,120.844335,2056230,2.142310580139,4.93283333333333
80,60000,75,6.88,6.83166666666667,121.298375,8.24413352610866,361.488576680684,371.677906867773,371.681005,0.146374132455477,82.8670065208333,82.2661300158556,82.43,14,121.246925,2052290,2.1051726783841,5.52366666666667
90,60000,75,7.74,7.635,121.001567,8.26435578309494,884.840451629839,882.541280342502,882.543981,0.130971513342065,92.3846964045,92.6225035468733,92.03,26,120.95108,2071050,2.29321400340074,5.60233333333333
90,60000,75,7.74,7.67,120.754797,8.28124451238157,774.379323067858,782.616768739027,782.619413,0.130374607185789,92.618929299,92.8299837045084,92.27,26,120.704879,2070710,2.29728706897201,5.31783333333333
90,60000,75,7.74,7.685,120.871088,8.27327706357702,760.594623875659,772.309203825634,772.31183,0.130101442438734,92.889431128,92.5187032418953,92.23,21,120.821029,2067820,2.29417483167979,5.26983333333333
90,60000,75,7.74,7.63166666666667,120.732968,8.28274179427114,994.242574958939,983.061714106792,983.064338,0.131002023560821,92.1393767453333,90.9815482039524,91.64,42,120.682184,2068420,2.28398041624325,5.622
90,60000,75,7.74,7.815,120.864944,8.27369762401909,1217.95080377563,1214.39742835658,1214.400219,0.127913131125613,94.455953736,94.1998080818851,93.94,49,120.81565,2074390,2.33067272061041,5.571
90,60000,75,7.74,7.69666666666667,121.100331,8.25761574508,993.500024122955,992.665471621048,992.668216,0.129902125158077,93.206888093,92.6491285049258,92.7,33,121.050708,2072790,2.30681297796415,5.72616666666667
90,60000,75,7.74,7.50666666666667,121.016129,8.26336132434049,656.418773647903,663.750326402531,663.752985,0.13317807866452,90.8427741693333,90.1986901986902,90.5,24,120.967079,2068840,2.26366580146021,5.11083333333333
90,60000,75,7.74,7.60333333333333,121.133816,8.25533309377457,711.295814741191,721.015931622096,721.018676,0.131511253238054,92.1020780986667,91.6931506849315,91.75,21,121.082986,2070490,2.28767425000663,5.36516666666667
100,60000,75,8.1,8.223333333,120.94608,8.26814726,2650.657952,2699.857328,2699.860712,0.121589018,99.45799312,98.09504509,97.48,80,120.795378,2078830,2.39886832301763,5.3193333333333
100,60000,75,8.1,8.138333333,121.010847,8.263722012,2384.412012,2408.952079,2408.9555,0.122846972,98.48266098,97.99324255,97.5,53,120.873849,2081670,2.40170902216752,5.2956666666666
100,60000,75,8.1,8.026666667,120.969557,8.266542631,1578.745612,1596.090051,1596.093757,0.124419646,97.09823109,96.68846673,96.46,39,120.840564,2079230,2.38063958778607,5.113
100,60000,75,8.1,8.021666667,120.975592,8.266130246,1539.729867,1557.626291,1557.629932,0.124650995,97.04258738,97.04996364,96.55,42,120.833819,2078660,2.3817864744743,5.2483333333333
100,60000,75,8.1,8.04,120.962663,8.267013764,2021.734008,2031.316208,2031.318879,0.124324239,97.25398105,96.43486372,95.84,55,120.841305,2073840,2.36472564879514,4.7956666666666
100,60000,75,8.1,8.013333333,121.037434,8.261906808,2481.774077,2470.241342,2470.243897,0.124788734,96.99133045,96.94291359,96.34,61,120.896003,2077210,2.37671307083019,5.2876666666666
100,60000,75,8.1,8.235,121.032741,8.262227161,2981.526237,3033.808344,3033.811796,0.121423205,99.67046221,98.66437317,98.36,67,120.905457,2081270,2.41703894241252,5.0505
100,60000,75,8.1,8.141666667,120.974177,8.266226932,4462.276197,4453.033023,4453.035509,0.12279382,98.49314244,98.52625115,97.85,87,120.855575,2081550,2.40798611550447,4.8813333333333
10,60000,80,0.86,0.826666666666667,122.044396,8.19373959620399,170.548679465939,133.247340479839,133.278431,1.2093944559879,10.0890034026667,12.8902316213494,10.14,3,121.991783,1660660,0.763784640842195,1.43783333333333
10,60000,80,0.86,0.895,122.421694,8.16848686965563,128.881382356762,130.426816389199,130.448941,1.11680283129795,10.956741613,11.3488372093023,11.01,2,122.370617,1691280,0.779942949470711,1.49866666666667
10,60000,80,0.86,0.85,121.902448,8.20328070852195,147.490925851242,131.168860290196,131.192821,1.17553842684706,10.36170808,11.5572967678746,10.41,2,121.849379,1605930,0.761739233897415,1.42666666666667
10,60000,80,0.86,0.82,122.049564,8.19339264497496,155.998514299864,131.852221152439,131.877785,1.21907009781504,10.008064248,12.3857868020305,10.06,2,121.998981,1580710,0.754140591794748,1.44866666666667
10,60000,80,0.86,0.878333333333333,122.131403,8.18790233663327,128.420730775111,130.002383789374,130.025398,1.13796478987097,10.7272082301667,10.4265402843602,10.78,3,122.090166,1595290,0.765748438796976,1.45616666666667
10,60000,80,0.86,0.893333333333333,122.267278,8.17880316269084,135.621983280244,130.547234722015,130.570186,1.11863071752612,10.9225435013333,11.1835973904939,10.97,2,122.214862,1646140,0.774202522366555,1.48083333333333
10,60000,80,0.86,0.883333333333333,121.858613,8.20623159398671,113.100848256362,128.337430339623,128.360641,1.13056589550943,10.7641774816667,9.80207351555137,10.82,2,121.810698,1678400,0.775676184317724,1.43066666666667
20,60000,80,1.72,1.74666666666667,122.090701,8.19063197941668,133.232862650024,138.81336207729,138.825132,0.572372951017176,21.3251757746667,19.5517405817835,21.33,3,122.04039,1850730,0.965486829062199,2.09133333333333
20,60000,80,1.72,1.655,121.994099,8.19711779665671,133.192032197197,137.356311492447,137.371102,0.603630920803625,20.1900233845,18.6210367388022,20.2,3,121.944215,1836620,0.94441774549619,2.0655
20,60000,80,1.72,1.66666666666667,121.874556,8.20515809715032,131.334332833583,136.945562199,136.95877,0.599695400572,20.312426,19.5902048975512,20.32,2,121.823037,1850880,0.949142466186696,1.94633333333333
20,60000,80,1.72,1.79166666666667,121.747816,8.21369970201355,146.346209983458,139.396011589768,139.402551,0.557503990388837,21.8131503666667,23.0590423059042,21.82,3,121.693628,1841100,0.971417062451006,1.94716666666667
20,60000,80,1.72,1.75166666666667,121.928261,8.20154402103709,145.503704779498,138.817155260704,138.829342,0.570532364219791,21.3577670518333,22.9196386115074,21.36,3,121.880219,1841660,0.964113342197822,1.8545
20,60000,80,1.72,1.705,121.995487,8.19702453419445,147.272240185552,140.00589328739,140.017943,0.586303156829912,20.8002305335,22.0810942843185,20.81,3,121.946724,1834060,0.953718846351526,1.95383333333333
20,60000,80,1.72,1.64,121.92204,8.20196249997129,130.684140767258,136.022296300813,136.034693,0.608945561239838,19.99521456,19.2991366175724,20.01,3,121.873007,1865780,0.946995550298704,1.909
20,60000,80,1.72,1.65,121.676855,8.21848986810187,119.009376959907,134.889630758586,134.902369,0.605953926188889,20.076681075,17.9202423018678,20.09,3,121.629772,1821060,0.939630527340542,1.88366666666667
30,60000,80,2.58,2.58666666666667,121.579948,8.22504053053222,152.398027790229,149.152825804124,149.161057,0.386488627454253,31.4486798826667,32.6570048309179,31.41,5,121.526672,1932200,1.15277797700949,2.60416666666667
30,60000,80,2.58,2.58333333333333,121.528104,8.22854934032378,133.692565353528,146.933221074839,146.941639,0.386793007835484,31.3947602,28.1844566268945,31.36,4,121.473041,1937860,1.15358810905414,2.50233333333333
30,60000,80,2.58,2.59666666666667,121.997991,8.19685629085482,132.941099432776,146.668139236842,146.675887,0.385067833526316,31.678811663,29.2268206608919,31.64,4,121.950382,1929210,1.15578843633263,2.29066666666667
30,60000,80,2.58,2.55,121.250664,8.24737751539241,147.971635567,147.884933329412,147.893167,0.392093657815686,30.91891932,31.5256452139824,30.89,5,121.203828,1936460,1.14520597880405,2.22866666666667
30,60000,80,2.58,2.56833333333333,121.994995,8.19705759240369,151.0449697668,150.284223942894,150.292361,0.388538654939001,31.3323812158333,31.268245215699,31.3,4,121.945797,1939300,1.15299027582551,2.241
30,60000,80,2.58,2.59,121.342126,8.24116102927025,145.672484044951,149.324451750965,149.335291,0.385483349173745,31.427610634,31.6822129302026,31.39,3,121.292399,1929500,1.15164860820807,2.35966666666667
30,60000,80,2.58,2.60666666666667,121.792934,8.21065694993439,154.605174430438,152.384300379795,152.392171,0.383560631870844,31.7473581293333,31.7353787152445,31.71,5,121.739171,1934500,1.1585357068955,2.447
40,60000,80,3.44,3.23,121.718506,8.2156775733018,160.428533440445,160.334652337461,160.340955,0.309491821491228,39.315077438,40.0567449058551,39.24,4,121.666247,1970420,1.29912615574895,2.66016666666667
40,60000,80,3.44,3.43333333333333,121.759313,8.21292413172535,163.971889187043,165.098944213107,165.105786,0.291058382735437,41.8040307966667,41.3006551807814,41.72,5,121.706658,1969780,1.34168576274767,3.12166666666667
40,60000,80,3.44,3.3,121.409455,8.23659079929154,167.619135051602,164.42541805101,164.431893,0.302902457231313,40.06512015,40.5200706892199,39.99,5,121.358191,1965110,1.31011583116274,2.96533333333333
40,60000,80,3.44,3.54,121.439486,8.23455395718655,170.994039142477,169.174753611111,169.180591,0.282382842550847,42.989578044,42.833607907743,42.9,5,121.388352,1971370,1.36267207315894,3.1545
40,60000,80,3.44,3.56333333333333,121.687445,8.21777464388376,171.518070528878,169.122630105706,169.128623,0.280495161210009,43.3612929016667,43.9092822071545,43.27,6,121.634301,1968520,1.36792999710765,2.82566666666667
40,60000,80,3.44,3.44333333333333,121.253573,8.24717965218229,153.53485006871,160.934426341723,160.940765,0.290129060089545,41.7516469696667,40.7452213888217,41.67,5,121.200665,1968980,1.34051667067656,3.038
40,60000,80,3.44,3.43333333333333,121.789365,8.21089756071887,165.809505186553,165.469385028155,165.47551,0.291253395258738,41.81434865,42.1256976462024,41.73,4,121.741754,1969320,1.34168190365215,2.47216666666667
40,60000,80,3.44,3.34166666666667,121.875592,8.20508834943752,178.611063963129,169.52708221995,169.53051,0.298869702580549,40.7267603266667,42.2837197706308,40.65,6,121.822347,1967490,1.32236696291551,3.28466666666667
50,60000,80,4.3,4.30333333333333,121.612103,8.22286577841681,171.190376746303,180.77891857591,180.784765,0.232330383735476,52.3337416576667,51.674733785092,52.2,5,121.561053,1996710,1.53530969977341,3.042
50,60000,80,4.3,4.20166666666667,121.801413,8.21008537889458,192.64708276769,189.122358135264,189.127113,0.237791963380405,51.1768936955,52.5084275232996,51.05,7,121.748857,1994480,1.5141585515251,3.32216666666667
50,60000,80,4.3,4.36333333333333,121.257693,8.24689943589806,187.652265065243,189.007866783804,189.012584,0.229155984281513,52.908773379,53.2747756349055,52.77,5,121.203711,1994870,1.54439565286008,3.64683333333333
50,60000,80,4.3,4.30166666666667,121.289073,8.2447657918863,173.754435319473,181.841376004262,181.845936,0.23245282114878,52.1745162355,50.4551617276777,52.04,6,121.238936,1994080,1.53126515335414,2.98833333333333
50,60000,80,4.3,4.33166666666667,121.590809,8.22430583548466,184.055876611072,188.414617127742,188.41919,0.230808583494421,52.6690854318333,51.6830159646086,52.53,6,121.53675,2002090,1.54365364401812,3.32233333333333
50,60000,80,4.3,4.13666666666667,121.638862,8.22105685270222,173.527342485229,178.160762836422,178.166208,0.241595290007252,50.3179425806667,50.3524672708963,50.2,6,121.588513,1984770,1.4948642720003,2.95833333333333
50,60000,80,4.3,4.21,121.449422,8.23388027322189,187.701574709504,186.856044956849,186.86135,0.237355355931116,51.130206662,51.1973085295864,51.01,10,121.396935,2004590,1.51815859825501,3.53616666666667
50,60000,80,4.3,4.2,121.681456,8.21817911186073,173.623903042669,178.359534191667,178.364692,0.237897789864286,51.10621152,50.783574687562,50.98,4,121.630017,1992070,1.51181611793704,3.32833333333333
50,60000,80,4.3,4.165,121.407059,8.23675335056094,180.348194488838,182.652138955182,182.656948,0.240085352710284,50.5660400735,50.5501100220044,50.44,6,121.355407,2001210,1.50659568185636,3.52416666666667
60,60000,80,5.16,5.155,121.525527,8.22872383017932,223.647186138703,224.066883856773,224.071211,0.193956470472357,62.6464091685,63.2778406335866,62.46,9,121.474674,2021600,1.72882548708978,3.85883333333333
60,60000,80,5.16,5.17333333333333,121.402684,8.23705017922009,217.986693741875,221.806906269974,221.81092,0.1932406357529,62.8056551893333,62.0872926397165,62.62,8,121.355164,2030460,1.73667779179853,4.0475
60,60000,80,5.16,5.18333333333333,121.360705,8.23989939742028,229.768376068818,226.392219543408,226.396381,0.192892105045659,62.9052987583333,63.4142420832664,62.72,8,121.308401,2018530,1.73168790299115,3.95066666666667
60,60000,80,5.16,5.25333333333333,121.232887,8.24858687065664,235.70246802755,232.416785366434,232.420752,0.190355151899112,63.6876766373333,64.4409199048374,63.5,10,121.18212,2022370,1.7476843327519,4.15
60,60000,80,5.16,5.09666666666667,121.345707,8.24091782661912,221.610575465794,221.416675030085,221.420756,0.196093220629823,61.845862001,60.9449076344613,61.67,8,121.295478,2015990,1.71170462283616,3.9555
60,60000,80,5.16,5.19166666666667,121.443381,8.23428985396907,212.895033969077,218.752609167255,218.756622,0.192598154120064,63.0493553025,61.8199325950891,62.86,10,121.392401,2019060,1.73446465823606,3.96316666666667
60,60000,80,5.16,5.14333333333333,121.353733,8.24037279512448,214.048614904515,216.620512336682,216.624489,0.194367634599158,62.4162700063333,62.4169771585939,62.24,7,121.305975,2017730,1.72275026769366,3.95483333333333
60,60000,80,5.16,4.995,121.531243,8.22833680718628,216.09599591251,214.940491253253,214.942834,0.199984935433767,60.7048558785,61.4512093411176,60.53,7,121.477193,2011600,1.68916662793768,4.149
60,60000,80,5.16,5.19833333333333,121.571911,8.22558427990821,220.674376000832,221.979921960244,221.984475,0.192229802632575,63.1971317348333,62.9588075012021,63.01,9,121.521596,2023120,1.73943133488285,3.895
70,60000,80,6.02,6.07833333333333,121.298949,8.24409451395989,281.42973099093,283.952612330409,283.957101,0.164515919494653,73.7295445005,72.8032899246059,73.49,12,121.245881,2036540,1.93403468637041,4.89616666666667
70,60000,80,6.02,6.02,121.292007,8.24456635464858,281.575831426962,281.852117732835,281.856708,0.166085311201827,73.017788214,73.8131487889273,72.78,11,121.23878,2035700,1.92081821715577,4.32333333333333
70,60000,80,6.02,5.99833333333333,121.290075,8.2446976803337,304.501864028922,298.366288794109,298.369934,0.166690806285079,72.7538299875,73.5102097513544,72.51,9,121.237465,2036070,1.91624525373055,4.43383333333333
70,60000,80,6.02,6.14833333333333,121.513465,8.2295406521409,275.697582146752,282.05596796232,282.059205,0.162623799945785,74.7105287308333,74.4409811627592,74.46,10,121.461537,2042810,1.95554084425221,4.45033333333333
70,60000,80,6.02,6.15333333333333,121.251901,8.24729337645601,306.013991348749,305.218061175515,305.221516,0.162464547153034,74.6103364153334,74.272173324306,74.24,11,121.198431,2034690,1.94617784720626,5.00333333333333
70,60000,80,6.02,5.95,121.471037,8.2324151064916,305.773618787944,298.642520817367,298.645982,0.167944082210924,72.275267015,73.4771040470522,72.03,12,121.419243,2031110,1.90446583197627,4.48683333333333
70,60000,80,6.02,5.92666666666667,121.386733,8.23813258076564,270.635192110898,273.085639564117,273.089242,0.168638470933915,71.9418704246667,71.2076479685084,71.71,10,121.332262,2038990,1.9038637502773,4.8965
70,60000,80,6.02,6.11666666666667,121.021875,8.26296898804452,293.703350262625,294.07785390109,294.081173,0.163475804451226,74.025046875,74.1724560686555,73.66,10,120.969528,2040570,1.93973997637186,4.768
70,60000,80,6.02,5.9,121.268668,8.24615307888102,255.493933395408,260.23987455565,260.243407,0.169479193643503,71.54851412,71.4447111989832,71.32,8,121.214625,2034350,1.89391602201694,4.29166666666667
80,60000,80,6.88,6.93333333333333,121.107199,8.25714745495848,410.713625396356,415.700520077163,415.703455,0.144218079914664,83.9676579733334,83.6558105996875,83.66,17,121.054667,2056280,2.1302802571594,5.52966666666667
80,60000,80,6.88,6.85333333333333,121.006042,8.26405015379315,473.22389507173,462.715586094601,462.718529,0.145835440006809,82.9294741173333,84.0607902735562,82.63,21,120.956171,2052350,2.10881262785165,5.3195
80,60000,80,6.88,7.01833333333333,121.251507,8.24732017557522,464.498082324993,463.702888965566,463.705758,0.142479094141534,85.0983493295,85.4327436780245,84.79,16,121.200444,2051770,2.14720336974743,5.01416666666667
80,60000,80,6.88,6.87333333333333,121.246786,8.24764130242595,411.583263362376,413.843801113482,413.848204,0.145468799277643,83.3369575773333,83.0767365741302,83.04,13,121.1951,2052480,2.11628039890841,5.22433333333333
80,60000,80,6.88,6.91333333333333,120.992697,8.26496164475117,387.169253703137,394.165254432015,394.168195,0.144596754863549,83.646284526,83.2951669278052,83.2,17,120.942218,2054870,2.1209417452019,5.404
80,60000,80,6.88,6.93333333333333,121.163143,8.25333492710733,433.59364166659,435.096089939183,435.099056,0.144225215474039,84.0064458133333,84.0403797620478,83.7,17,121.11323,2056420,2.13110590174791,5.5045
80,60000,80,6.88,6.88666666666667,121.157357,8.25372907400085,466.106682736484,460.557935415053,460.560913,0.145170180003388,83.4370331873333,82.7223230490018,83.14,20,121.104375,2056310,2.12093631435977,5.138
80,60000,80,6.88,6.84666666666667,120.985863,8.26542849886519,449.420946599534,442.459792118549,442.46275,0.146026639361733,82.834987534,82.7187538030912,82.4,20,120.933179,2048630,2.10192591691754,4.76416666666667
80,60000,80,6.88,6.88833333333333,121.327898,8.24212746189669,386.841172012793,394.05156149383,394.05456,0.145166101093637,83.5747004056667,83.1377767025523,83.27,15,121.27506,2060200,2.12618516077031,5.9925
90,60000,80,7.74,7.64166666666667,121.043031,8.26152477956372,770.200790577001,777.105892653653,777.108507,0.130836977522574,92.4970495225,91.9528949950932,92,28,120.993499,2070070,2.29186240238915,5.77716666666667
90,60000,80,7.74,7.67333333333333,120.977448,8.26600342900274,871.380592343512,874.849666208949,874.852444,0.130301120943962,92.830028432,92.8982517102834,92.48,23,120.927428,2070310,2.30076495499706,5.93266666666667
90,60000,80,7.74,7.71666666666667,121.065965,8.25995976656197,890.559659017366,897.310359910151,897.314141,0.129523734172786,93.4225696583333,93.3484504913076,93.07,30,121.015688,2073080,2.3137726204334,6.02366666666667
90,60000,80,7.74,7.735,120.987708,8.26530245535356,855.648650796011,866.133164177979,866.135898,0.129272824026934,93.583992138,93.7735645804158,93.07,32,120.937703,2072820,2.31355598742938,5.69283333333333
90,60000,80,7.74,7.76833333333333,120.77888,8.27959325339,1024.02275777956,1025.10092900601,1025.103666,0.128706431249303,93.8250599466667,93.1567092137724,93.31,38,120.729336,2071680,2.31696143175274,5.34283333333333
90,60000,80,7.74,7.66166666666667,121.010506,8.26374529828014,804.028160787179,811.588031118991,811.590719,0.130470424201436,92.7142160136667,92.2349102773246,92.21,31,120.959949,2071400,2.29676846732197,5.62783333333333
90,60000,80,7.74,7.785,121.032319,8.26225596817657,997.164304985251,1005.06920714601,1005.071813,0.128396770767716,94.2236603415,94.0276142566627,93.39,31,120.982886,2071610,2.31835467684279,5.20216666666667
90,60000,80,7.74,7.7,120.899001,8.27136694041004,746.0119147166,760.302384131169,760.305105,0.129849407732035,93.09223077,92.511632940158,92.58,32,120.849234,2074920,2.30639974466384,5.86733333333333
90,60000,80,7.74,7.63333333333333,120.920257,8.26991295594087,933.132621722329,926.671357978166,926.673941,0.130993599114629,92.3024628433333,92.2060910380963,91.95,44,120.871359,2070160,2.29102985943249,5.18683333333333
90,60000,80,7.74,7.71,121.092711,8.25813537199609,773.612456183805,786.687632336792,786.69028,0.129690338437527,93.362480181,93.3426996649735,92.7,26,121.042994,2072510,2.30658058837653,5.81683333333333
100,60000,80,8.1,8.04,120.915806,8.270217378,1181.85629,1210.233168,1210.2357,0.124353343,97.21630802,95.95813038,95.92,48,120.77512,2078070,2.36980898161287,5.1965
100,60000,80,8.1,8.196666667,120.87103,8.273281034,2089.529026,2133.856027,2133.858751,0.121987139,99.07395426,98.60729897,98.09,43,120.731255,2078200,2.40942361896951,5.1311666666666
100,60000,80,8.1,8.035,120.663917,8.287481667,1482.999072,1500.842298,1500.845947,0.124451238,96.95345731,97.17930105,96.32,42,120.528081,2077860,2.37690924777187,5.5033333333333
100,60000,80,8.1,8.235,120.951315,8.267789399,3169.038897,3217.949546,3217.953083,0.121413068,99.6034079,98.19892745,97.77,83,120.795392,2080950,2.40600280899226,5.4553333333333
100,60000,80,8.1,8.103333333,120.98063,8.265786019,1636.509566,1668.94034,1668.944004,0.123380626,98.03463718,97.43958869,97.38,40,120.835585,2079120,2.39729993067378,5.459
100,60000,80,8.1,8.196666667,120.921428,8.26983287,2699.409071,2735.106679,2735.110413,0.121977834,99.11526382,98.02785402,97.34,96,120.79212,2080400,2.39768581839586,5.5723333333333
100,60000,80,8.1,8.101666667,120.98924,8.265197798,2695.267848,2703.771543,2703.774115,0.123376138,98.02144927,98.05615551,97.35,58,120.836959,2076610,2.39456811921439,5.5473333333333
100,60000,80,8.1,8.111666667,120.85936,8.274079889,1814.148492,1842.928132,1842.930719,0.123259109,98.03708419,97.47303544,97.09,50,120.73997,2079190,2.39207916998916,5.236
100,60000,80,8.1,8.065,120.93519,8.268891792,1459.125594,1486.530024,1486.532624,0.123988069,97.53423074,96.94183283,96.9,39,120.804912,2077840,2.38744861100853,5.5275
10,60000,85,0.86,0.833333333333333,121.589987,8.22436143528825,127.072927072927,128.329953338,128.354649,1.198827164278,10.1324989166667,10.3896103896104,10.18,2,121.529874,1621540,0.760175921523276,1.565
10,60000,85,0.86,0.82,122.507198,8.16278566750013,101.522842639594,128.786175845528,128.811859,1.21840875554065,10.045590236,8.12182741116752,10.09,2,122.462406,1595230,0.756099938038163,1.34616666666667
10,60000,85,0.86,0.846666666666667,122.125624,8.18828978920918,185.817480779504,133.280863173228,133.304956,1.17920670236417,10.3399694986667,14.7492625368732,10.39,2,122.067599,1649050,0.76615628078659,1.3815
10,60000,85,0.86,0.9,121.89765,8.20360359695203,152.122520300134,131.872957974074,131.895873,1.10726099921482,10.9707885,13.3209990749306,11.02,2,121.850489,1609090,0.770682035821413,1.3755
10,60000,85,0.86,0.858333333333333,122.356628,8.17283065368555,103.961654723004,128.568887751456,128.593677,1.16425985732427,10.5022772366667,8.34141610087293,10.55,2,122.308343,1616240,0.76484649090214,1.40483333333333
10,60000,85,0.86,0.888333333333333,122.262138,8.17914700624653,120.271983485461,129.614534317073,129.637279,1.12462377249906,10.860953259,9.93439550140582,10.91,2,122.213997,1632370,0.771774238220133,1.39466666666667
10,60000,85,0.86,0.895,122.523793,8.16168007466109,143.432506171236,132.485379080075,132.509339,1.11684363402421,10.9658794735,11.9069767441861,11.01,2,122.474033,1629890,0.772920435888944,1.5955
10,60000,85,0.86,0.883333333333333,121.533327,8.22819571128831,119.502783063326,129.014247750943,129.037164,1.13153370054528,10.735443885,9.80207351555137,10.78,2,121.484461,1648070,0.771679702663131,1.4385
10,60000,85,0.86,0.906666666666667,122.305865,8.17622278375612,81.0241451952682,127.670554086397,127.691879,1.09666117418199,11.0890650933333,6.97887970615243,11.14,2,122.252865,1636760,0.775570162947336,1.561
10,60000,85,0.86,0.876666666666667,121.788234,8.21097381213361,123.492899158298,129.573643939164,129.596084,1.13804057124715,10.676768514,10.2564102564103,10.73,2,121.735104,1633120,0.769284391697669,1.51966666666667
20,60000,85,1.72,1.78666666666667,121.597174,8.22387533447118,136.207076505584,138.93317951306,138.944624,0.559364284710821,21.7253617546667,21.0722610722611,21.73,3,121.543564,1855620,0.972990045029978,2.00916666666667
20,60000,85,1.72,1.69,122.092688,8.19049868080552,128.316919460719,137.506887060158,137.519013,0.591572443480276,20.633664272,18.4327254805323,20.64,4,122.036308,1850710,0.954296823883447,2.00533333333333
20,60000,85,1.72,1.695,121.978495,8.19816640629973,132.199778217477,137.137205139626,137.149681,0.589236115116028,20.6753549025,20.5405405405406,20.68,2,121.924193,1838880,0.952589964154996,1.93916666666667
20,60000,85,1.72,1.73,121.954826,8.1997575069313,133.028684658008,137.496246795761,137.508188,0.577103414347784,21.098184898,21.2806933076553,21.1,2,121.906644,1858480,0.963329667012533,2.1155
20,60000,85,1.72,1.68833333333333,121.811441,8.20940949216749,145.518228495761,139.150835634748,139.162414,0.591778240213228,20.5658316221667,21.6082881105081,20.58,4,121.758961,1850740,0.953330082745849,1.93583333333333
20,60000,85,1.72,1.79666666666667,121.845235,8.20713259734777,129.792718705892,137.610665112245,137.621634,0.556522573039889,21.8915272216667,20.9086694483078,21.9,3,121.795096,1847210,0.973989023897109,1.991
20,60000,85,1.72,1.67666666666667,122.214173,8.18235704953795,140.142750057035,138.025074614314,138.037242,0.596413048257455,20.4912430063333,21.3114754098361,20.5,2,122.160471,1822640,0.946482823267742,2.0955
30,60000,85,2.58,2.60333333333333,122.055678,8.19298222242475,160.040973111396,153.468290745839,153.478207,0.383940686519846,31.775161506,32.704,31.74,4,122.004385,1919800,1.15469319111488,2.72416666666667
30,60000,85,2.58,2.59333333333333,121.845445,8.20711845239681,162.392223671031,153.732868655527,153.74092,0.385358506206941,31.5985854033333,32.9264375200771,31.56,3,121.796413,1906430,1.14773004488333,2.66133333333333
30,60000,85,2.58,2.61166666666667,121.429478,8.23523263436906,134.227778066155,146.969156707084,146.977286,0.382704573664965,31.7133320043333,30.0159489633174,31.67,4,121.381428,1946570,1.16142294490098,2.73916666666667
30,60000,85,2.58,2.54666666666667,121.600579,8.22364505353219,153.111817868869,150.481854319372,150.490543,0.392517190803011,30.9676141186667,30.8472358521426,30.93,4,121.551924,1905580,1.13696377966897,2.57866666666667
30,60000,85,2.58,2.64333333333333,121.76175,8.2127597541921,151.896379802948,151.537474892812,151.545273,0.378228184442623,32.18568925,31.7680428616451,32.14,5,121.711349,1913510,1.15953611468397,2.55116666666667
30,60000,85,2.58,2.67666666666667,121.402531,8.23706056012951,147.439631726497,149.972390879203,149.979795,0.373523571015567,32.4954107976667,32.5552443199502,32.45,5,121.35239,1945370,1.17436021061507,2.655
30,60000,85,2.58,2.565,121.999306,8.19676793899139,168.151604879182,155.290667432749,155.298638,0.389789665303444,31.292821989,32.478077297824,31.25,4,121.949546,1923830,1.14762852058542,2.57566666666667
30,60000,85,2.58,2.69166666666667,121.788107,8.21098237449409,156.839748067531,153.167765533127,153.175777,0.371392218691641,32.7812988008333,33.3642835035593,32.74,4,121.73458,1922490,1.17232959860388,2.50183333333333
30,60000,85,2.58,2.47833333333333,121.638052,8.22111159754515,137.528044169921,145.929798399462,145.937872,0.403384829903161,30.1459638873333,28.3697478991597,30.12,3,121.586013,1935620,1.13190807692671,2.52133333333333
40,60000,85,3.44,3.50166666666667,121.683827,8.21801898127349,161.576299787226,165.178762687292,165.184625,0.285360425732032,42.6096200878333,42.160361646443,42.52,5,121.634333,1967160,1.35446647152065,3.32216666666667
40,60000,85,3.44,3.47,121.58282,8.22484624061196,168.136418832663,166.398870487992,166.406622,0.288124334163305,42.18923854,43.0492196878752,42.1,4,121.529785,1952140,1.34142058718583,3.135
40,60000,85,3.44,3.43166666666667,121.698956,8.21699735862977,165.050882435028,165.091281532783,165.097737,0.29135406546236,41.7630250673333,42.0247632920612,41.68,5,121.648489,1970280,1.34118710829089,2.9455
40,60000,85,3.44,3.425,121.465311,8.23280319102793,165.338854098049,165.836126164964,165.841944,0.29141831503017,41.6018690175,40.1848698613476,41.53,6,121.411471,1960850,1.33499852454041,2.8645
40,60000,85,3.44,3.44166666666667,121.617523,8.22249931862204,170.634481036608,167.914593376271,167.922149,0.29029035745908,41.8566974991667,43.4761558944566,41.78,4,121.565354,1965000,1.34088587199406,3.11
40,60000,85,3.44,3.52333333333333,121.310722,8.24329443855754,168.991284890806,166.943755012299,166.94959,0.283709819019395,42.7418110513333,43.7928588318752,42.65,5,121.262284,1958280,1.35322964668846,3.10583333333333
40,60000,85,3.44,3.505,121.907743,8.2029244032514,155.233431679488,164.467890365668,164.474286,0.285119335513552,42.7286639215,40.765391014975,42.64,5,121.857738,1979720,1.36145096207965,3.28816666666667
50,60000,85,4.3,4.43,121.656824,8.21984305623497,185.019217289744,189.735890082769,189.74047,0.225728194146727,53.893973032,53.2443107015234,53.66,6,121.604078,1999890,1.56239743300239,3.668
50,60000,85,4.3,4.32,121.174018,8.25259421537049,195.944498017786,191.595463854552,191.60012,0.231332454829861,52.347175776,53.404050144648,52.21,5,121.123179,2001650,1.53783252103311,3.4875
50,60000,85,4.3,4.35333333333333,121.423321,8.23565021747346,176.601185547748,183.639072931853,183.643798,0.229624960944487,52.8596190753333,51.8851674641148,52.72,5,121.372254,1993880,1.54304698376806,3.60416666666667
50,60000,85,4.3,4.29,121.466153,8.2327461214648,179.00142196122,183.879033058275,183.884279,0.233092463982906,52.108979637,52.0100990483589,51.98,6,121.413782,1993120,1.52976277245611,3.62416666666667
50,60000,85,4.3,4.385,121.335702,8.24159734947592,183.072766983466,186.085593803497,186.090511,0.228022782646522,53.205705327,54.0186205586168,53.07,6,121.28256,1989650,1.54711760497337,3.5665
50,60000,85,4.3,4.27833333333333,121.473044,8.23227908901336,181.298929677819,184.759579738605,184.764563,0.233594221094663,51.9702173246667,51.6455696202532,51.84,8,121.422104,1994680,1.52805491582235,3.34183333333333
50,60000,85,4.3,4.37,121.4119,8.23642493034044,173.598916261101,182.230758255912,182.235316,0.228759285719298,53.0570003,52.2402287893232,52.92,6,121.359731,2006180,1.55246262569977,3.797
50,60000,85,4.3,4.33833333333333,121.504074,8.23017670995954,194.380610456638,190.920833462159,190.926732,0.230441802704956,52.712517437,53.7161513347417,52.57,6,121.451687,1993810,1.54039365691315,3.36433333333333
50,60000,85,4.3,4.295,121.530309,8.22840004463413,185.766274591279,186.815872248351,186.820753,0.232739776873884,52.1972677155,51.9301648884578,52.07,5,121.478811,1978490,1.52439856794923,3.459
60,60000,85,5.16,5.15833333333333,121.426107,8.2354612587555,207.983395564305,215.07579443328,215.079787,0.193839494600323,62.6356335275,62.057825876272,62.45,7,121.374514,2022950,1.72941113319199,4.249
60,60000,85,5.16,5.05,121.450567,8.23380264663565,208.539910252368,213.192218866667,213.196301,0.197941355553465,61.332536335,60.0065995710279,61.15,7,121.396701,2014540,1.70171909715919,4.49683333333333
60,60000,85,5.16,5.16666666666667,121.47223,8.2323342545041,224.448710145606,223.951595646452,223.955451,0.193522162690323,62.7606521666667,63.8122883405902,62.58,8,121.421399,2020560,1.73036172492776,4.04466666666667
60,60000,85,5.16,5.10333333333333,121.335243,8.24162852667629,231.493355016729,226.674810169497,226.680041,0.195905328077727,61.921419011,62.6612244897959,61.74,9,121.280488,2013090,1.71132034917033,4.129
60,60000,85,5.16,5.28666666666667,121.204085,8.25054700095298,217.953189700661,222.148426328815,222.153738,0.189064329973518,64.0765596033333,64.0346729708432,63.88,8,121.150166,2014260,1.74973246633496,4.33433333333333
60,60000,85,5.16,5.06166666666667,121.329914,8.24199051191943,207.514725789339,211.006223421798,211.010579,0.197553202295028,61.4131581363333,61.0041152263375,61.24,6,121.277544,2010070,1.70082918059431,3.796
60,60000,85,5.16,5.24666666666667,121.584039,8.22476377841009,230.793026024978,230.288857763024,230.292775,0.190526723022236,63.791092462,63.1888200730507,63.6,8,121.531794,2010990,1.74291167803567,3.79066666666667
60,60000,85,5.16,5.17833333333333,121.406722,8.23677621408805,221.356752626424,223.233105270679,223.237158,0.19302887968233,62.8684475423333,62.1078037007241,62.69,8,121.352778,2017580,1.73061872495865,3.93216666666667
60,60000,85,5.16,5.15666666666667,121.574798,8.22538894944329,226.82401570942,226.187660850356,226.191828,0.193836733704913,62.6920708353333,62.9665535627727,62.51,10,121.520032,2006340,1.72108121239704,3.71466666666667
60,60000,85,5.16,5.21333333333333,121.389543,8.23794187939236,218.272159222591,221.716436931905,221.720426,0.191754596559783,63.284415084,62.3621543870865,63.1,9,121.336934,2023460,1.74122031906957,3.7185
70,60000,85,6.02,6.18666666666667,121.555215,8.22671409038271,326.693660745385,321.569950716056,321.573784,0.161616916231142,75.20215968,75.3535353535354,74.95,12,121.503593,2043190,1.9645652950237,4.509
70,60000,85,6.02,5.84666666666667,121.242152,8.24795653577644,249.792448994615,255.063921570411,255.06832,0.170996492007982,70.8862448693333,70.143936155052,70.66,10,121.191733,2032470,1.88095739839597,4.35483333333333
70,60000,85,6.02,6.14166666666667,121.46561,8.23278292514235,290.742977310141,293.298871005699,293.30228,0.16279982550095,74.6001288083333,74.4675078008411,74.35,11,121.41483,2035560,1.94872060812707,4.3305
70,60000,85,6.02,5.84666666666667,121.281661,8.24526966199779,284.770216784161,280.13300699886,280.136491,0.171010569111175,70.9093444646667,71.3267778252815,70.56,14,121.229638,2034370,1.880385486169,4.11466666666667
70,60000,85,6.02,6.01833333333333,121.226186,8.24904282644016,308.554632914572,301.513621491277,301.517073,0.166114308805594,72.9579596076667,74.3319950159214,72.72,12,121.17469,2028110,1.91477726165264,4.185
70,60000,85,6.02,5.89166666666667,121.393996,8.23763969348204,283.269493080589,280.513880237341,280.517774,0.169529807859689,71.5212959766667,72.3942865224155,71.29,10,121.344711,2037560,1.89544358788788,3.93116666666667
70,60000,85,6.02,6.08333333333333,121.320202,8.24265030485195,271.195726612793,277.302836700274,277.306313,0.16436349383863,73.8031228833333,73.71592932475,73.44,9,121.268491,2033370,1.93104655119746,4.27616666666667
70,60000,85,6.02,5.95333333333333,121.283928,8.24511554408099,259.517889314057,265.002241331187,265.00568,0.167969897629899,72.204365136,72.036389083275,71.97,10,121.231373,2032810,1.90450057042353,4.05483333333333
70,60000,85,6.02,6.03833333333333,121.018485,8.2632004523937,257.839377014239,266.031203869721,266.034708,0.165586693051891,73.0749951925,72.5679591555126,72.84,9,120.965303,2038240,1.92355436435944,3.906
80,60000,85,6.88,7.05,121.136456,8.25515318031097,433.729728642306,440.417628186052,440.421282,0.141833683938771,85.40120148,84.493558681007,84.95,16,121.084398,2057940,2.15478100515272,4.74616666666667
80,60000,85,6.88,6.68,121.187592,8.25166985742237,381.375206428854,381.010934448104,381.014165,0.149609401257735,80.953311456,80.9779219159287,80.67,16,121.135859,2049940,2.07182999444916,4.60683333333333
80,60000,85,6.88,6.71666666666667,120.970117,8.2665043632222,483.663184840898,462.691442755831,462.695223,0.148844641976179,81.2515952516667,81.9129140305173,80.96,23,120.918932,2047810,2.07548864223667,4.389
80,60000,85,6.88,7.15166666666667,120.935691,8.26885753685403,476.501910023426,479.737490877884,479.74062,0.139816064628758,86.4891750135,87.3121286263544,86.17,17,120.884341,2059980,2.17835003077428,5.071
80,60000,85,6.88,6.85,121.313816,8.2430842007311,382.978610057739,388.508398744039,388.511743,0.145981601389294,83.09996396,82.775818027004,82.66,12,121.261669,2056270,2.11226066500711,4.8175
80,60000,85,6.88,6.905,120.905753,8.27090502467654,380.677027706343,387.545375275646,387.548363,0.144821150718561,83.4854224465,83.1784723060215,83.05,13,120.855069,2055710,2.11886793557475,4.61366666666667
80,60000,85,6.88,6.77166666666667,121.279803,8.24539597908153,352.604471453529,361.205359728526,361.208436,0.147617659721142,82.1266399315,81.3953488372093,81.7,12,121.230076,2050880,2.09101492058625,4.41333333333333
80,60000,85,6.88,7.02166666666667,121.100622,8.25759590235631,504.329907674435,498.063364589841,498.066294,0.142394130483978,85.032820081,85.5939242909695,84.59,18,121.048997,2052230,2.14395794086457,5.0735
80,60000,85,6.88,6.77833333333333,121.080174,8.25899044380296,406.044483240086,405.61982081018,405.62287,0.147523184769363,82.072177943,81.6840811309158,81.64,15,121.029767,2054030,2.0922462358409,4.589
90,60000,85,7.74,7.69166666666667,120.982534,8.26565593344243,772.811665623852,783.284563778765,783.287187,0.129916990359697,93.0557324016667,92.8501787455314,92.55,26,120.931007,2073650,2.30480209707058,5.48466666666667
90,60000,85,7.74,7.655,120.930005,8.26924632972603,779.251230884069,786.156715602656,786.159516,0.130601530442412,92.5719188275,92.8050506149995,92.22,25,120.879812,2068640,2.29467082083465,4.95516666666667
90,60000,85,7.74,7.625,121.003444,8.26422758677844,821.037206361036,823.833571901202,823.836258,0.131147065961093,92.26512605,92.3942738498525,91.77,28,120.95194,2068540,2.28643444095543,5.1995
90,60000,85,7.74,7.78666666666667,120.797873,8.27829145634046,921.304338266013,931.59746095548,931.600099,0.128410376981164,94.0612771093334,94.071696094168,93.55,30,120.748236,2073380,2.32274032286945,5.16783333333333
90,60000,85,7.74,7.73,120.941928,8.26843111017711,848.76548589823,859.02960712182,859.032251,0.129349318908366,93.488110344,92.9287485178398,93.13,30,120.891242,2073090,2.31487051771483,5.212
90,60000,85,7.74,7.63,121.023479,8.26285947373898,853.353134507673,852.487586295762,852.49068,0.131052077801442,92.340914477,92.4429398274544,91.68,30,120.974161,2069010,2.28518956331787,5.1375
90,60000,85,7.74,7.60166666666667,121.05876,8.26045137088799,732.891079099417,739.568335001316,739.571058,0.131545255328875,92.02483406,92.3490080017538,91.52,26,121.00807,2071020,2.28393722352057,4.939
90,60000,85,7.74,7.65666666666667,121.236426,8.24834608700854,930.581145246017,929.690957744014,929.693542,0.130568418656291,92.826690174,93.0569158776798,92.47,38,121.185917,2068380,2.29898566446011,4.95116666666667
90,60000,85,7.74,7.65333333333333,121.030042,8.2624114102183,701.961613674773,715.144009214939,715.146742,0.130614661344294,92.6283254773333,92.5530756668481,92.12,21,120.980681,2066870,2.29139873519869,5.36283333333333
100,60000,85,8.1,8.181666667,121.004774,8.264136752,3696.223296,3723.125758,3723.129288,0.122111401,99.00207259,98.87972299,98.32,78,120.855038,2080560,2.4156854733282,5.5011666666666
100,60000,85,8.1,8.165,120.908174,8.270739413,2667.967856,2694.440229,2694.443772,0.12240388,98.72152407,98.46923155,97.92,64,120.784729,2080950,2.40873704965719,5.4801666666666
100,60000,85,8.1,7.933333333,121.450016,8.233840002,2107.720307,2094.308973,2094.311608,0.126045372,96.35034603,96.19787837,95.87,55,121.311024,2076290,2.36737206876327,5.4708333333333
100,60000,85,8.1,7.933333333,121.163355,8.253320486,1751.599075,1747.774282,1747.775996,0.12601089,96.1229283,95.94580401,95.49,53,121.0226,2073380,2.35797452719959,5.5393333333333
100,60000,85,8.1,8.051666667,120.922729,8.269743896,1494.539014,1516.259346,1516.262899,0.124167554,97.36295063,97.08165166,96.58,37,120.798335,2075230,2.37936937223287,5.5185
100,60000,85,8.1,8.131666667,121.038975,8.261801622,2034.403168,2065.80843,2065.810896,0.122925256,98.42485984,98.80110667,97.93,46,120.886952,2077110,2.4055563545466,5.5645
100,60000,85,8.1,8.243333333,120.971788,8.266390177,4728.778275,4782.30295,4782.306567,0.121308261,99.72107724,99.51480845,99.06,95,120.837436,2082670,2.43104063766785,5.422
10,60000,90,0.86,0.875,122.045233,8.19368340261188,100.040777490825,127.724729662857,127.748246,1.14224781473333,10.6789578875,8.75356803044718,10.72,1,121.998681,1645890,0.770569681159581,1.57916666666667
10,60000,90,0.86,0.866666666666667,121.654403,8.22000663634016,136.333407226779,129.441655634615,129.475399,1.15371883224615,10.5433815933333,11.431316042267,10.59,2,121.596591,1630100,0.766947274200409,1.27483333333333
10,60000,90,0.86,0.786666666666667,122.134971,8.18766313867631,147.968792036589,130.203394095339,130.233935,1.26976539271398,9.607951052,11.005291005291,9.66,2,122.086641,1608830,0.751486208763124,1.22766666666667
10,60000,90,0.86,0.921666666666667,122.066148,8.1922794843989,109.773249631231,128.59321436528,128.616476,1.08224804176311,11.250429974,9.93676603432701,11.3,2,122.01611,1649270,0.779326959218157,1.22016666666667
10,60000,90,0.86,0.901666666666667,122.561633,8.15916021615019,129.031597380454,129.141157421442,129.163798,1.10312529570056,11.0509739088333,11.0803324099723,11.1,2,122.497004,1636600,0.774978240185517,1.32883333333333
10,60000,90,0.86,0.958333333333333,122.1765,8.18488007104476,159.558795754165,132.925880001739,132.950354,1.04295319137217,11.70858125,14.4222415291051,11.75,2,122.121102,1652890,0.786265641650644,1.21866666666667
10,60000,90,0.86,0.795,121.148652,8.25432213641139,119.859066811551,127.914103922432,127.943153,1.25767531125786,9.631317834,8.69109947643979,9.69,2,121.099579,1577730,0.748711002809097,1.43533333333333
10,60000,90,0.86,0.896666666666667,122.220201,8.18195348901447,115.976846051092,130.006758193309,130.030713,1.11319220189777,10.959078023,9.84215413184772,11.01,2,122.160698,1638340,0.773887046733803,1.29583333333333
10,60000,90,0.86,0.941666666666667,122.12668,8.1882189870387,142.719654468205,130.84071979646,130.864537,1.05976220059292,11.5002623666667,12.9089301503095,11.55,2,122.080926,1656250,0.783770163447704,1.40383333333333
10,60000,90,0.86,0.82,121.70262,8.21674997629468,103.999009533243,127.533329361789,127.559289,1.21741930629675,9.97961484,8.12182741116752,10.04,2,121.643931,1599310,0.755833311564019,1.4505
20,60000,90,1.72,1.68333333333333,122.206283,8.18288532677162,143.444329588822,139.080161920792,139.094388,0.593521758268317,20.5713909716667,21.4745175655616,20.58,3,122.150115,1817090,0.946659942637076,2.17666666666667
20,60000,90,1.72,1.78166666666667,122.240005,8.18062793763793,126.476488361933,137.536806362956,137.548357,0.560608216883068,21.7790942241667,20.8508648901356,21.78,3,122.190335,1856380,0.973961405437028,2.0155
20,60000,90,1.72,1.64666666666667,121.462234,8.23301175244315,137.000608208978,137.041642105263,137.053921,0.607102292396761,20.0007811986667,20.6373292867982,20.01,3,121.412635,1845210,0.943020847544069,1.79883333333333
20,60000,90,1.72,1.74166666666667,121.986112,8.19765450021065,144.433079568623,139.436347727273,139.447735,0.572518954919617,21.2459145066667,21.999043519847,21.25,3,121.931803,1838650,0.961724490471088,2.17183333333333
20,60000,90,1.72,1.63,121.67972,8.21829636031378,130.411202823904,136.885011151329,136.897497,0.613000843798569,19.83379436,19.2130812468063,19.85,3,121.631291,1826690,0.936882093273314,1.83166666666667
20,60000,90,1.72,1.765,122.180445,8.18461579510535,135.292851537486,138.012813626062,138.024584,0.566431098458924,21.5648485425,21.5195847097688,21.57,3,122.128935,1819060,0.962825317778069,2.08083333333333
20,60000,90,1.72,1.75666666666667,121.682166,8.2181311598283,153.584124422035,140.92478300759,140.937674,0.567620861690702,21.375500494,22.2380275011854,21.38,3,121.636912,1848990,0.965940312894364,2.2005
20,60000,90,1.72,1.69,122.13624,8.18757806855688,129.483436910362,137.175944446746,137.188309,0.590899258337278,20.64102456,19.714144898965,20.66,3,122.085934,1847500,0.9539825139374,1.94
20,60000,90,1.72,1.66,121.93402,8.20115665833047,140.854436310218,137.863259264056,137.875278,0.60039527864759,20.24104732,21.0737581535374,20.26,3,121.881971,1832540,0.944585722331325,2.13016666666667
30,60000,90,2.58,2.475,121.931617,8.20131828482189,152.858099677352,150.135024009428,150.142979,0.403421442921212,30.1780752075,30.8313699091215,30.15,4,121.880131,1918630,1.12762469799893,2.379
30,60000,90,2.58,2.61,122.005884,8.19632600670309,150.541816016133,150.417293606641,150.425412,0.383112273466794,31.843535724,31.8225343121609,31.8,4,121.957347,1939310,1.16148697837277,2.54983333333333
30,60000,90,2.58,2.59333333333333,121.839252,8.20753561422061,153.84526453045,151.528267339332,151.536117,0.385313367533419,31.596979352,32.2518470928365,31.56,3,121.788773,1929770,1.15460137386426,2.313
30,60000,90,2.58,2.61333333333333,121.522349,8.22893902421192,154.671368069064,150.555663586735,150.563851,0.38201708602551,31.7578405386667,33.0251832961428,31.72,4,121.465927,1941380,1.1607402854651,2.46833333333333
30,60000,90,2.58,2.61666666666667,122.221533,8.18186432009489,147.707432214577,151.139091507643,151.146918,0.382085763114013,31.981301135,31.3276026743075,31.94,3,122.170726,1940890,1.16433565063017,2.33083333333333
30,60000,90,2.58,2.42833333333333,121.992962,8.19719419551433,150.877469741509,148.966791122169,148.977306,0.411265776227866,29.6239576056667,30.0514579759863,29.6,4,121.942759,1920300,1.11884414861545,2.63416666666667
30,60000,90,2.58,2.575,121.552924,8.22686914549254,159.184352944502,152.314727266667,152.32286,0.388307280879612,31.29987793,32.772565512779,31.26,4,121.507844,1925160,1.14818509902941,2.7935
30,60000,90,2.58,2.60166666666667,121.53572,8.22803370070955,145.476833552718,149.166136732223,149.177317,0.384266217112748,31.6195431533333,31.0598783221262,31.58,5,121.485362,1941910,1.15851561376993,2.64666666666667
30,60000,90,2.58,2.49166666666667,121.649991,8.22030475941424,152.296353944778,149.142329045485,149.150395,0.401324931777926,30.3111227575,31.461049816115,30.28,4,121.601899,1919710,1.13011537612169,2.58916666666667
40,60000,90,3.44,3.40833333333333,121.653638,8.22005832657466,151.109926435213,160.665389104157,160.672449,0.293309701159902,41.4636149516667,39.4280127108287,41.39,4,121.599382,1966310,1.33467142508816,3.3045
40,60000,90,3.44,3.53,121.383483,8.23835315386361,163.071712105885,165.26896763645,165.274721,0.282854320646365,42.848369499,42.7897097002596,42.76,4,121.334528,1970040,1.35973246109559,3.00883333333333
40,60000,90,3.44,3.53333333333333,121.73713,8.21442069482006,166.768250635085,166.962229285377,166.968056,0.282832183375943,43.0137859333333,43.7396840367838,42.92,5,121.687677,1979540,1.36623568876732,3.16566666666667
40,60000,90,3.44,3.56833333333333,121.272472,8.24589441864432,163.84033724239,166.934685560019,166.940416,0.280097146567492,43.2740604253333,42.1667055802008,43.19,6,121.222819,1959230,1.36286912368517,2.95633333333333
40,60000,90,3.44,3.28166666666667,121.654176,8.22002197442034,157.815523709655,160.799909837989,160.806167,0.304496897433215,39.922845424,39.9086062452399,39.85,4,121.600878,1951620,1.30275485422333,2.74783333333333
40,60000,90,3.44,3.37166666666667,121.1084,8.25706557100911,162.548776541969,163.418574980722,163.424827,0.296489101719229,40.8337155333333,41.0180380528787,40.76,6,121.05832,1954040,1.31921913697535,3.00166666666667
40,60000,90,3.44,3.39,121.336845,8.24151971315885,162.535495736887,163.004085281711,163.012561,0.294938709545231,41.133190455,41.5089702629639,41.05,4,121.289396,1972680,1.33122010642306,3.21116666666667
40,60000,90,3.44,3.34,121.608973,8.2230774204466,162.583289395268,163.848820675649,163.854902,0.299273827533932,40.617396982,40.6585183337491,40.54,4,121.557686,1958620,1.31716211330731,2.92283333333333
40,60000,90,3.44,3.49166666666667,121.693448,8.21736927036532,166.808179135994,167.09373921957,167.099651,0.286337182553222,42.4912955933333,42.4958243855882,42.4,5,121.63986,1959290,1.34933446260803,3.30333333333333
40,60000,90,3.44,3.38333333333333,121.747561,8.21371690558959,180.207500639873,170.198590346305,170.205018,0.295180303347783,41.1912581383333,43.2898300911106,41.12,5,121.6997,1955560,1.32595588739489,2.89466666666667
50,60000,90,4.3,4.21833333333333,121.379949,8.23859301506215,189.255054429557,187.338608559068,187.343709,0.237043619998815,51.2021084865,52.3997629863717,51.07,5,121.330652,1983500,1.50939896274127,3.53233333333333
50,60000,90,4.3,4.29666666666667,121.478989,8.2318762135895,193.249273058696,190.434473795578,190.439253,0.232610384869666,52.1954722736667,52.7438433197596,52.06,6,121.424404,1991770,1.53051962216184,3.75333333333333
50,60000,90,4.3,4.21166666666667,121.514135,8.22949527641373,182.996926957406,185.102475313019,185.107382,0.237228461214879,51.1777031908333,50.8011869436202,51.05,8,121.462653,1985070,1.50978171733679,3.43383333333333
50,60000,90,4.3,4.33833333333333,121.510856,8.22971735134513,189.909546540418,189.339722973876,189.34474,0.230438241538609,52.7154596946667,53.351257922028,52.58,6,121.458432,1979730,1.5338306320232,3.48966666666667
50,60000,90,4.3,4.26166666666667,121.631734,8.22153863234409,179.049633173039,182.445096890888,182.449813,0.234641793013297,51.8353906396667,52.6099706744868,51.7,6,121.580834,1982910,1.52006720802687,3.66216666666667
50,60000,90,4.3,4.15166666666667,121.652879,8.22010961203804,178.511394784016,182.66615679165,182.671376,0.240825278213167,50.5062202648333,49.709010636163,50.38,8,121.60245,1993870,1.50217294920311,3.55583333333333
50,60000,90,4.3,4.10833333333333,121.478901,8.23188217680698,174.398586909082,179.033622954158,179.03861,0.243384382843002,49.9075818275,49.6248225512067,49.78,6,121.426582,1987620,1.48885615039101,3.595
50,60000,90,4.3,4.43,121.326486,8.24222338393613,171.136407731749,182.493504940181,182.499394,0.225729609998119,53.747633298,51.3071280797442,53.61,8,121.27669,2007950,1.56545117826851,3.28783333333333
50,60000,90,4.3,4.39166666666667,121.138613,8.25500618865432,189.7317209881,189.427292733966,189.43215,0.227636464954459,53.2000408758333,53.3485107190287,53.07,9,121.085794,1992590,1.54853709641319,3.43916666666667
50,60000,90,4.3,4.365,121.661825,8.2195051734593,197.391709504472,193.232369777396,193.237085,0.229086460900344,53.1053866125,52.8345104027486,52.97,7,121.611188,2003940,1.55226173638435,3.74866666666667
60,60000,90,5.16,5.185,121.217575,8.24962881826336,204.981954056955,212.417620355834,212.421546,0.192846707997107,62.8513126375,61.5619476136912,62.66,7,121.165429,2023970,1.7337105394935,4.52
60,60000,90,5.16,4.98,121.158668,8.25363976434604,219.213813594683,216.841291971218,216.846932,0.200685261935408,60.337016664,61.4355027605822,60.17,8,121.104468,2008740,1.68126440421396,4.15516666666667
60,60000,90,5.16,5.19333333333333,121.451895,8.2337126151881,231.35586046936,228.72092301733,228.725015,0.192553547865212,63.07401747,63.2119364671908,62.78,7,121.39938,2010890,1.72841022136388,4.04566666666667
60,60000,90,5.16,5.06166666666667,121.315659,8.2429589736639,220.035203681346,218.364977342443,218.36915,0.197552381412908,61.4059427305,62.40329218107,61.23,7,121.264455,2004650,1.69764880891445,4.00633333333333
60,60000,90,5.16,5.09166666666667,121.6127,8.22282541214857,209.190531629663,214.875732538134,214.880011,0.196288672162029,61.9211330833333,60.6938307969236,61.74,8,121.561935,2002010,1.70512922330345,4.2145
60,60000,90,5.16,5.19,121.459327,8.23320880083586,230.04462624476,228.035118856455,228.039157,0.192651478545601,63.037390713,64.7776529137903,62.85,7,121.407848,2008400,1.7282277038979,4.2905
60,60000,90,5.16,5.04333333333333,121.641766,8.22086058829498,205.357194528307,211.61323243688,211.617523,0.198267506806676,61.3479973193333,60.3171980835949,61.17,7,121.588161,2020090,1.70514546771801,3.90583333333333
60,60000,90,5.16,5.14666666666667,121.394845,8.23758208184211,222.044254089842,221.895522563472,221.899674,0.194280804124352,62.4778802266667,63.3640926015865,62.29,7,121.343759,2009030,1.71873081444733,4.361
60,60000,90,5.16,5.25666666666667,121.65168,8.22019062950878,211.673331964392,218.643135576728,218.647007,0.190154396925809,63.94823312,62.9259787605009,63.76,8,121.598828,2022420,1.75231909066998,4.16433333333333
60,60000,90,5.16,5.14833333333333,121.733578,8.21466037907799,222.27774596136,222.884499580447,222.888438,0.194186734639042,62.6725037403333,62.421103738469,62.49,9,121.679807,2013590,1.72482840088885,3.78633333333333
70,60000,90,6.02,6.13333333333333,121.264405,8.24644296898171,292.220161485621,292.841925473641,292.846006,0.162990185123641,74.3755017333333,74.9626409455237,74.13,9,121.212894,2025980,1.93840515277466,4.51283333333333
70,60000,90,6.02,6.05833333333333,121.454601,8.23352916864796,259.250017546292,267.619014227785,267.623148,0.16505174792022,73.5812457725,73.4974556457159,73.34,11,121.402293,2040930,1.93425785331888,4.58633333333333
70,60000,90,6.02,6.06833333333333,121.090906,8.25825846905465,288.444535839351,289.0231932546,289.02663,0.164788395925021,73.4819981243333,73.3626252917754,73.24,10,121.041103,2038300,1.93073559401511,4.576
70,60000,90,6.02,5.955,121.314324,8.24304968306958,270.674243195873,273.07740279625,273.081834,0.167889007832074,72.242679942,72.1001818945012,72.01,9,121.262735,2035980,1.90726929798648,4.5435
70,60000,90,6.02,6.03833333333333,121.13439,8.25529397555888,283.73071922439,284.421045031742,284.42483,0.165603393974883,73.144982495,72.8439354215537,72.9,16,121.085082,2042320,1.92730422676655,5.0055
70,60000,90,6.02,5.98166666666667,121.417392,8.23605237707626,285.056360982279,284.261203422402,284.264647,0.167163260319866,72.627836648,72.4056275247249,72.39,9,121.365723,2029820,1.91002968986694,4.387
70,60000,90,6.02,5.97333333333333,120.933726,8.26899189395686,271.560775063268,272.145804452567,272.149667,0.167398599466518,72.237745664,72.9948388896638,72,9,120.880259,2032780,1.90501530877673,4.2945
70,60000,90,6.02,6.08,121.240313,8.24808164261338,299.600412570415,297.485256157347,297.489859,0.164419166148575,73.714110304,74.4552555844868,73.47,10,121.1875,2039310,1.93551030019394,4.81216666666667
70,60000,90,6.02,6.01333333333333,121.304046,8.24374811042989,274.942109769769,277.57972730959,277.584096,0.166266067996397,72.944166328,71.8165442704725,72.71,10,121.252717,2036230,1.91991705923464,4.756
70,60000,90,6.02,5.955,121.20833,8.25025804744608,267.196831043704,270.677716167646,270.68136,0.167896379183599,72.179560515,71.7643766615363,71.95,10,121.154828,2031850,1.90352216549016,4.76766666666667
80,60000,90,6.88,6.76166666666667,121.218807,8.24954497366073,361.812745092232,368.622982732808,368.626368,0.147891413090954,81.9641166665,82.2427603203943,81.67,12,121.166094,2050990,2.09055664237794,5.04183333333333
80,60000,90,6.88,6.87,121.053691,8.26079726887468,444.09606457268,440.442131329452,440.445213,0.145517738821446,83.163885717,83.3959975742875,82.87,20,121.001892,2052190,2.11300827011705,4.97483333333333
80,60000,90,6.88,6.92833333333333,121.139196,8.25496646023637,461.350790840161,457.504904271831,457.507919,0.144307508601636,83.929272962,84.4377630787733,83.63,21,121.089485,2051530,2.12617495372199,5.418
80,60000,90,6.88,6.905,121.053573,8.26080532129357,425.624983234081,425.408564419261,425.411483,0.144791894413951,83.5874921565,83.9266320743333,83.15,16,121.003683,2050150,2.11651917700517,5.15583333333333
80,60000,90,6.88,7.02166666666667,121.175679,8.25248109399907,369.738278939123,384.501285604083,384.507066,0.142397975943271,85.0855226045,84.502195324552,84.78,10,121.122692,2052430,2.14752563040705,5.09933333333333
80,60000,90,6.88,6.81333333333333,121.126153,8.25585536428289,388.547467516041,392.225029053571,392.228146,0.146762541021037,82.5272855773333,81.16668704904,82.1,13,121.074354,2052410,2.09932864871962,5.00666666666667
80,60000,90,6.88,6.90833333333333,120.86059,8.27399568378741,401.382812382925,405.30824306345,405.31122,0.144697324373703,83.4945242583333,83.2227716801351,83.2,13,120.809609,2051740,2.11860442803883,5.40766666666667
80,60000,90,6.88,6.69166666666667,121.014319,8.26348491867314,343.668285394098,349.878882082192,349.88192,0.149428744716812,80.9787484641667,80.6748848213174,80.7,14,120.96174,2053580,2.07500713923432,5.24983333333333
90,60000,90,7.74,7.51333333333333,121.033869,8.2621501589774,663.358052161947,669.928139856256,669.931163,0.133085239879326,90.936780242,90.6620827326162,90.59,28,120.982179,2062700,2.26031431111604,5.9955
90,60000,90,7.74,7.7,120.936877,8.26877644607939,800.24509631695,810.387954729004,810.389517,0.129869328313853,93.12139529,92.4467049020669,92.61,31,120.887059,2066690,2.3001209024656,5.84333333333333
90,60000,90,7.74,7.77,120.896822,8.27151602049556,865.858581676276,877.777696854783,877.780366,0.128591276604247,93.936830694,94.1233243967828,93.26,24,120.846161,2075160,2.31895941954833,5.737
90,60000,90,7.74,7.82,120.944419,8.26826081160471,1260.77282271459,1254.34036425,1254.342973,0.127681228432012,94.578535658,94.5977623867874,94.22,40,120.89501,2075250,2.33648576545795,5.43133333333333
90,60000,90,7.74,7.52166666666667,121.083063,8.2587933871478,752.318714143411,750.184917325947,750.187577,0.132924751187015,91.0746438865,91.3814113215908,90.58,24,121.031437,2067030,2.2636469564679,5.36266666666667
90,60000,90,7.74,7.76833333333333,120.871382,8.27325694017464,1035.64871056056,1036.09079869856,1036.093508,0.128686217151255,93.8969185836667,94.1864206800386,93.38,37,120.820178,2068210,2.31533108653905,5.621
90,60000,90,7.74,7.62333333333333,120.860041,8.27403326795165,658.08908273335,671.107487154788,671.110259,0.131170053586795,92.1356379223333,91.911684337086,91.48,21,120.809448,2068780,2.2813763934958,5.59766666666667
90,60000,90,7.74,7.53,121.166392,8.25311361916265,656.560067869131,665.669797761399,665.672544,0.132796293687694,91.238293176,90.9261923204603,90.89,19,121.117424,2067690,2.26979723237024,5.613
90,60000,90,7.74,7.66333333333333,120.880187,8.27265431017244,932.722780652182,928.976604423445,928.979368,0.130460813459983,92.6345166376667,92.8237468739806,92.28,45,120.82919,2069740,2.29666695942975,5.51416666666667
90,60000,90,7.74,7.77166666666667,120.874552,8.2730399695711,897.465708536651,906.674987247266,906.677746,0.128651689146258,93.9396726626667,93.6742789750188,93.27,30,120.82443,2077120,2.3207777084075,5.99066666666667
100,60000,90,8.1,8.056666667,120.728812,8.283026922,2129.938276,2134.829889,2134.833415,0.124109899,97.26717953,97.37304788,96.6,46,120.5765,2078020,2.38214384491644,5.5885
100,60000,90,8.1,8.05,121.170988,8.25280058,1646.872454,1669.042822,1669.045361,0.124200964,97.54264534,96.89473139,96.26,61,121.033945,2076070,2.37427572248064,5.5801666666666
100,60000,90,8.1,8.023333333,120.906111,8.270880535,2550.860437,2537.008671,2537.012319,0.124547543,97.00700306,96.96749403,96.52,67,120.766166,2078380,2.38099846927896,5.2138333333333
100,60000,90,8.1,7.945,121.216926,8.249672987,1636.354816,1637.368178,1637.371834,0.125857549,96.30684771,96.74882014,95.84,50,121.078709,2072980,2.36398822637622,5.5493333333333
100,60000,90,8.1,8.028333333,121.043945,8.261462397,1517.058325,1538.452522,1538.454062,0.12455235,97.17811384,96.51271406,96.39,52,120.925099,2077020,2.37745901205786,5.4171666666666
100,60000,90,8.1,8.141666667,120.920841,8.269873016,1871.776685,1904.332161,1904.334764,0.122811247,98.44971805,98.03500154,97.95,56,120.779716,2080240,2.40866197281718,5.5661666666666
100,60000,90,8.1,8.031666667,121.083062,8.258793455,1729.937785,1747.891511,1747.895084,0.124500002,97.2498793,96.92914203,96.37,51,121.030687,2073640,2.37418120160831,5.492
10,60000,95,0.86,0.853333333333333,121.674549,8.21864562653937,146.341463414634,130.906640261719,130.937483,1.17012974306836,10.382894848,12.2926829268293,10.43,2,121.627307,1648950,0.766723149809416,1.52816666666667
10,60000,95,0.86,0.896666666666667,121.718211,8.21569748507066,124.260906483313,128.965501875465,128.995931,1.10555894976766,10.914066253,10.5849582172702,10.96,3,121.670199,1625320,0.771685808359675,1.532
10,60000,95,0.86,0.893333333333333,121.856866,8.20634924256135,141.88145943164,129.230105580224,129.25281,1.11677463733769,10.8858800293333,11.9291705498602,10.93,2,121.807965,1647500,0.773780361661014,1.52333333333333
10,60000,95,0.86,0.86,121.497483,8.23062318089339,117.067020869448,128.103475575581,128.127956,1.1557002148314,10.448783538,9.87415295256534,10.5,2,121.431829,1616760,0.764195771526906,1.46433333333333
10,60000,95,0.86,0.89,121.956841,8.19962202858305,129.281802797953,130.058683496255,130.084341,1.12338387933146,10.854158849,11.1318989710009,10.9,2,121.909411,1599190,0.767867699584947,1.5565
10,60000,95,0.86,0.87,121.879657,8.20481468863996,123.191992520486,129.303895894636,129.32827,1.14535195521839,10.603530159,9.95215311004785,10.65,2,121.824691,1587940,0.763114205376553,1.4725
10,60000,95,0.86,0.816666666666667,121.867063,8.20566259154042,117.331336204207,129.719111320408,129.744853,1.22342966126327,9.95247681166667,9.17431192660551,10.01,2,121.815224,1602820,0.755783801624012,1.4095
10,60000,95,0.86,0.866666666666667,121.614318,8.22271601276422,166.260252715584,131.619884923077,131.653794,1.15377931746731,10.53990756,13.3525456292027,10.59,2,121.555547,1619650,0.765790325568968,1.48383333333333
20,60000,95,1.72,1.645,121.902744,8.20326078960126,130.506713862491,137.954496016211,137.966986,0.604052190364742,20.053001388,17.8227848101266,20.06,5,121.843601,1826530,0.940211328762804,1.94683333333333
20,60000,95,1.72,1.82666666666667,121.695355,8.21724050190741,154.52285140843,142.132045010949,142.143039,0.547279553835766,22.2296848466667,24.2134062927497,22.23,4,121.644507,1864380,0.98298030923864,1.9075
20,60000,95,1.72,1.75333333333333,121.808319,8.20961990289021,137.098886410231,139.384342485741,139.39838,0.569302791867871,21.357058598,20.8076009501188,21.36,4,121.758826,1849510,0.965723012831003,2.08
20,60000,95,1.72,1.66666666666667,121.69538,8.21723881383172,153.223388305847,140.113749509,140.125881,0.599932036543,20.2825633333333,22.4387806096952,20.29,3,121.644893,1800280,0.938754628066234,1.9595
20,60000,95,1.72,1.76333333333333,122.001826,8.19659863123688,141.709966934341,139.79855621172,139.811525,0.567020857665406,21.5129886513333,21.3037316957959,21.52,3,121.946157,1857550,0.969975064196764,1.96716666666667
20,60000,95,1.72,1.715,121.959646,8.19943344210756,126.303209828995,137.411162375122,137.423655,0.58261450874344,20.916079289,19.7183098591549,20.93,2,121.903965,1823300,0.953480872543802,2.1035
20,60000,95,1.72,1.66666666666667,121.889433,8.20415663103462,163.718140929535,140.846125535,140.858662,0.599352297415,20.3149055,23.3883058470765,20.33,4,121.838052,1841990,0.947561878293893,1.82016666666667
20,60000,95,1.72,1.64166666666667,121.901417,8.20335008903137,118.057004226255,135.18546477665,135.19783,0.609022303047716,20.0121492908333,17.7574835109082,20.03,3,121.852649,1802710,0.935124471819469,1.9675
20,60000,95,1.72,1.74333333333333,121.722535,8.21540563544787,135.113037266167,136.78486889675,136.800666,0.573576943612811,21.2202952683333,21.5480172001911,21.23,3,121.664095,1844200,0.962534101372927,2.078
20,60000,95,1.72,1.73833333333333,121.649897,8.22031111131972,126.243774523473,137.803895492809,137.815252,0.575125227075743,21.1468070951667,19.5495927168184,21.16,3,121.600462,1828850,0.958282610152125,1.9025
30,60000,95,2.58,2.46,121.944206,8.200471615683,154.727588589804,150.979403207317,150.988944,0.405977742288618,29.998274676,30.2742973247545,29.97,4,121.895256,1913260,1.12309339985846,2.32816666666667
30,60000,95,2.58,2.51166666666667,122.110936,8.18927471000632,149.352771642781,148.985495114798,148.996441,0.398016635031188,30.6701967586667,30.7462686567164,30.64,3,122.05988,1933000,1.13997458399986,2.5385
30,60000,95,2.58,2.60666666666667,121.746358,8.21379806696148,152.520885798148,150.457657149616,150.468446,0.383592906851023,31.7352173186667,32.5982742090125,31.7,4,121.694439,1927700,1.1563559838661,2.48233333333333
30,60000,95,2.58,2.65,121.651531,8.22020069767967,153.387151305214,151.736370577359,151.747406,0.377329394184277,32.237655715,32.8513046211883,32.2,4,121.601105,1917670,1.16178984000761,2.31933333333333
30,60000,95,2.58,2.56666666666667,121.707852,8.21639675310349,136.319376825706,146.517876127273,146.529022,0.388879772995455,31.23834868,29.6656929568322,31.2,3,121.653662,1911710,1.14325599709967,2.44866666666667
30,60000,95,2.58,2.455,121.826683,8.20838239517692,132.413991376504,145.371260577733,145.379759,0.407196921857434,29.9084506765,27.6891754326434,29.88,4,121.771701,1907530,1.11998245931525,2.5795
30,60000,95,2.58,2.58333333333333,121.732426,8.21473811751686,155.288096451717,152.056940587742,152.064599,0.386898769625161,31.4475433833333,32.4411480167688,31.41,4,121.684895,1910560,1.14643556406348,2.60266666666667
30,60000,95,2.58,2.46666666666667,121.610528,8.22297227424257,151.838768860045,148.359081327703,148.3692,0.405374164062162,29.9972635733333,29.6859169199595,29.97,4,121.556452,1914360,1.123401920888,2.29166666666667
30,60000,95,2.58,2.53333333333333,121.903954,8.2031793652895,151.222762595407,150.081608257237,150.089484,0.394714986676316,30.8823350133333,31.1410720157843,30.85,4,121.849786,1926260,1.14158801743828,2.40883333333333
30,60000,95,2.58,2.57833333333333,121.739959,8.21422980765091,147.996069311284,149.139559222366,149.147293,0.38768148961086,31.3886194288333,31.0823909531502,31.36,4,121.690568,1912090,1.146046531572,2.29666666666667
40,60000,95,3.44,3.44666666666667,121.515761,8.22938515769983,188.44423747761,172.960940926016,172.968704,0.290087124711315,41.8824322913333,44.9842881314963,41.8,5,121.460648,1976240,1.34554740371973,3.03783333333333
40,60000,95,3.44,3.45166666666667,121.764148,8.21259801366163,163.493588051402,165.421793258812,165.427795,0.289575905370835,42.0289250846667,42.0951001689597,41.94,6,121.713457,1958590,1.34116994797664,2.6875
40,60000,95,3.44,3.40166666666667,121.303343,8.24379588615295,162.142644487492,161.919256450759,161.927195,0.293814535690348,41.2633538438333,41.6360519226059,41.19,6,121.254047,1952010,1.32581039603538,2.87333333333333
40,60000,95,3.44,3.46,121.784241,8.21124302938342,179.270086809591,171.810482684971,171.813781,0.288969004283237,42.137347386,42.8124247531905,42.05,7,121.738283,1968260,1.34679257689944,3.07033333333333
40,60000,95,3.44,3.45833333333333,121.434541,8.23488928080191,166.555888695713,165.784955031807,165.791398,0.289108204136386,41.9961120958333,42.1344254396531,41.91,4,121.383624,1946820,1.33612306091089,2.76166666666667
40,60000,95,3.44,3.41833333333333,121.59357,8.22411908787611,174.896702452083,168.317017555826,168.323316,0.292533450641638,41.564735345,42.5298562027785,41.48,6,121.541506,1957490,1.33285855589922,3.10016666666667
40,60000,95,3.44,3.45666666666667,121.671704,8.21883779978951,174.595637479771,170.357259721794,170.363254,0.289284847357281,42.0578523493333,42.0824295010846,41.97,7,121.618793,1955090,1.34033508075516,3.205
50,60000,95,4.3,4.27333333333333,121.265844,8.24634511264359,191.48709017185,188.987323320983,188.992194,0.23399278800507,51.820937336,51.9984402417625,51.69,6,121.214931,2002640,1.52918105522203,3.38966666666667
50,60000,95,4.3,4.20833333333333,121.56942,8.22575282501142,174.160199627169,179.775445603564,179.781137,0.237620350858614,51.16046425,50.1286873886359,51.03,6,121.516718,1985110,1.50945254733277,3.68283333333333
50,60000,95,4.3,4.15666666666667,121.490652,8.23108596042435,173.790518772414,180.104757686848,180.110888,0.240412664447474,50.499614348,49.4287432351173,50.38,6,121.43446,2002230,1.50601233703397,3.47233333333333
50,60000,95,4.3,4.395,121.529503,8.2284546164893,188.322576818768,189.653621407281,189.658345,0.22747367172317,53.4122165685,53.8388625592417,53.27,6,121.475889,1991650,1.55157245333148,3.55233333333333
50,60000,95,4.3,4.47,121.577545,8.22520309979939,214.748421182117,205.406999655854,205.412439,0.223661224592468,54.345162615,55.955265610438,54.2,7,121.525538,1989560,1.56676748839166,3.59083333333333
50,60000,95,4.3,4.39,121.433778,8.23494102275233,197.268503487325,194.146810037206,194.151332,0.227781754547456,53.309428542,53.2359081419624,53.17,10,121.38038,1997140,1.55248334138033,3.56933333333333
50,60000,95,4.3,4.40333333333333,121.582382,8.2248758705846,188.512902340978,189.906082558668,189.910767,0.227014585657078,53.5367755406667,53.2639545884579,53.4,7,121.530307,1992830,1.55441357732292,3.37966666666667
50,60000,95,4.3,4.125,121.806443,8.20974634322094,188.122387274074,186.39574623596,186.400612,0.242174805359192,50.2451577375,50.6968289234498,50.13,6,121.754895,1989740,1.49591889093473,3.398
50,60000,95,4.3,4.20166666666667,121.643089,8.22077117755535,176.601024918348,182.300541093614,182.30547,0.237952494243158,51.1103712281667,49.7124727344834,50.98,5,121.591012,1985370,1.50870388303312,3.436
50,60000,95,4.3,4.385,121.522994,8.22889534798657,194.642099240172,192.98081195591,192.985468,0.227987613056252,53.287832869,53.9616188485655,53.15,6,121.473643,2008020,1.5573941671008,3.442
60,60000,95,5.16,5.19833333333333,121.274597,8.24574993227972,220.612709275667,222.041263394357,222.045292,0.192307222311959,63.0425780071667,63.103061388043,62.86,7,121.223499,2014240,1.7317241189542,4.062
60,60000,95,5.16,5.29833333333333,121.322824,8.24247216665514,214.174825642865,221.484714001573,221.490199,0.188622355333753,64.2808762493333,62.3053939298632,64.09,9,121.269216,2022760,1.75836220881662,4.00916666666667
60,60000,95,5.16,5.08833333333333,121.548847,8.22714509171774,226.069958542041,224.174478784802,224.1799,0.196484339084507,61.8481049818333,62.4365482233503,61.67,9,121.496489,2013820,1.7104934314748,3.97483333333333
60,60000,95,5.16,5.18833333333333,121.204853,8.25049472235241,210.816279333582,216.319821090909,216.324272,0.19273141074205,62.8851178981667,62.0202344628232,62.7,7,121.151926,2016930,1.73042679291482,3.99683333333333
60,60000,95,5.16,5.025,121.311066,8.24327106316913,220.71700855695,219.270770621559,219.274781,0.19897823048325,60.958810665,60.8025203117228,60.79,9,121.257972,2013230,1.69464525838174,4.14466666666667
60,60000,95,5.16,5.14666666666667,121.416968,8.23608113818161,221.698243777476,221.409439050194,221.413481,0.194270497024935,62.4892661973333,62.6517727051967,62.31,8,121.364189,2016050,1.723040367126,3.9745
60,60000,95,5.16,5.00666666666667,121.473289,8.2322624852942,224.928918207243,220.959880120506,220.963957,0.199713205315912,60.8176266926667,62.1234814444999,60.64,9,121.422222,2006580,1.68834828100022,4.06816666666667
60,60000,95,5.16,5.125,121.298613,8.24411735029485,228.112819252075,225.319604675447,225.323548,0.195052008301138,62.1655391625,63.0791741180296,61.98,8,121.243385,2008170,1.71279300061204,3.9025
70,60000,95,6.02,6.045,121.251336,8.24733180671923,264.749959954602,271.524371671078,271.528208,0.165406182527433,73.296432612,72.9565816678153,73.06,13,121.201183,2037990,1.92731779602052,4.63533333333333
70,60000,95,6.02,5.86,121.344023,8.2410321932379,287.552246382122,281.956070665814,281.959682,0.170548537881684,71.107597478,71.7048201336556,70.88,12,121.291281,2030030,1.88331545011735,4.33783333333333
70,60000,95,6.02,6.285,121.263465,8.24650689306957,292.019733902186,298.178996783081,298.182243,0.159099765483957,76.2140877525,75.7390958504574,75.95,13,121.210402,2046720,1.98487463997014,4.658
70,60000,95,6.02,6.13666666666667,121.220527,8.24942792073491,281.725043172543,285.672175179794,285.675485,0.16293105339761,74.3889967356667,73.4147997284454,74.14,12,121.169073,2047120,1.95269113505488,4.6805
70,60000,95,6.02,5.965,121.204232,8.25053699445082,283.326153973328,282.271751527522,282.275755,0.167594770216541,72.298324388,73.278390836709,72.06,12,121.154127,2029850,1.90418163505434,4.4515
70,60000,95,6.02,5.99166666666667,121.200455,8.25079410799242,265.7935307405,269.551207340751,269.554755,0.16688311593936,72.6192726208333,72.4933945209289,72.38,10,121.146181,2039810,1.91636504547333,4.20066666666667
70,60000,95,6.02,5.82666666666667,121.328079,8.24211516610265,267.658963311137,267.639004627288,267.642629,0.171581990509153,70.693827364,71.4571714571715,70.46,10,121.274812,2030960,1.87643760141602,4.702
70,60000,95,6.02,5.94666666666667,120.927853,8.26939348704057,253.903267944288,260.177449007567,260.180829,0.168117556372197,71.9117632506667,72.3413198823035,71.68,8,120.873693,2021800,1.89222600430212,4.8735
70,60000,95,6.02,6.06666666666667,121.22888,8.24885951268378,281.267969772296,283.960013171429,283.963813,0.164806868776374,73.5455205333333,73.4377145996429,73.3,10,121.174566,2042120,1.93432817665557,4.2275
80,60000,95,6.88,6.935,120.983603,8.26558289886606,418.468432218604,420.068872638308,420.071846,0.14417562069815,83.9021286805,84.2364532019705,83.6,16,120.932318,2054600,2.12793910594321,5.33383333333333
80,60000,95,6.88,6.83666666666667,121.079043,8.25906759107767,392.888117180098,395.738438401999,395.741344,0.146235560205022,82.777705731,82.7544180377819,82.48,12,121.027333,2051380,2.10539773923442,4.974
80,60000,95,6.88,6.91666666666667,121.173049,8.25266020994487,415.046525095684,417.648700965783,417.651665,0.144470776088675,83.8113588916667,84.001927478617,83.51,16,121.12345,2051310,2.12385360437291,5.1215
80,60000,95,6.88,7.025,121.195764,8.25111346300849,455.039886269575,456.876556984342,456.879487,0.142326050253381,85.14002421,84.3434942474202,84.83,17,121.145144,2057550,2.15232099991964,5.0965
80,60000,95,6.88,6.85166666666667,121.059396,8.26040797361983,415.681191340165,414.776475984189,414.779542,0.145923454948674,82.945862826,82.7556852730147,82.51,15,121.008663,2054810,2.1084774265822,4.937
80,60000,95,6.88,6.86,121.084527,8.25869353232887,405.588828858052,407.254621886297,407.257628,0.145754599403547,83.063985522,83.7483298918985,82.77,18,121.034489,2050730,2.11012588468409,4.9995
80,60000,95,6.88,6.955,121.131695,8.25547764356802,424.402470243553,428.149359173257,428.152404,0.143779535646777,84.2470938725,83.8984066131544,83.81,17,121.080453,2056370,2.13304977106179,5.2105
80,60000,95,6.88,6.81666666666667,121.142271,8.25475692130619,381.694241143756,385.967266629095,385.970341,0.146696429853056,82.578648065,82.1782178217822,82.15,20,121.0913,2048220,2.09713723149675,4.9425
90,60000,95,7.74,7.86166666666667,121.116508,8.25651281161442,1188.20637595033,1194.71529636315,1194.717877,0.127184810831673,95.2177613726667,94.954954954955,94.69,34,121.066313,2075540,2.34527533030595,6.06383333333333
90,60000,95,7.74,7.65333333333333,121.125482,8.25590109932442,768.679618905995,777.91167486128,777.91428,0.130612141278092,92.7013688906667,92.7708219923789,92.35,29,121.075761,2069280,2.29755569215581,5.858
90,60000,95,7.74,7.91166666666667,121.028947,8.26248616374395,1175.25960521836,1187.45038946893,1187.452911,0.126385760488308,95.7540685681667,95.7451290152712,95.07,32,120.979665,2074570,2.35135886400388,5.77916666666667
90,60000,95,7.74,7.64,121.157368,8.25372832463644,753.963246290283,763.712030726222,763.714714,0.130821446736693,92.564229152,92.1256407459919,92.06,24,121.10651,2075820,2.29769043127308,5.50583333333333
90,60000,95,7.74,7.64166666666667,120.954673,8.26755986517363,876.448175326735,874.894566107525,874.89721,0.130835578283533,92.4295292841667,92.1927815941555,91.93,32,120.904267,2069940,2.29048607638615,5.51
90,60000,95,7.74,7.825,120.89015,8.27197253043362,1252.75270354357,1249.92854107391,1249.931148,0.127791002015549,94.596542375,94.7396443403258,94.08,36,120.840782,2072190,2.33136412144888,5.56083333333333
90,60000,95,7.74,7.61,120.636072,8.28939456848363,809.975176300353,809.426694204117,809.429471,0.131250284581472,91.804050792,92.0508047738969,91.3,31,120.585593,2068030,2.27750121891911,5.65266666666667
90,60000,95,7.74,7.65666666666667,120.863872,8.27377100743554,918.798398626664,916.099530466043,916.102219,0.130580602848498,92.5414379946667,92.5671999129394,92.19,36,120.814301,2066270,2.2921707834698,5.554
90,60000,95,7.74,7.73333333333333,120.769007,8.28027011930304,695.595190767939,714.100765601724,714.103395,0.129245518352586,93.3946987466667,93.2658118737205,93.04,24,120.718564,2072220,2.31251151111633,5.49683333333333
90,60000,95,7.74,7.61,121.142053,8.2547717760735,770.06273045157,775.027790131625,775.031333,0.131386896457731,92.189102333,92.4887769626629,91.69,33,121.092397,2062760,2.28023882747176,5.81133333333333
100,60000,95,8.1,7.891666667,120.841932,8.275273189,1516.497256,1509.473998,1509.476571,0.126713008,95.36442467,94.86854609,94.96,44,120.789806,2073960,2.34884154837579,5.3303333333333
100,60000,95,8.1,7.866666667,120.727921,8.283088052,1055.888578,1065.473826,1065.477516,0.127082455,94.97263119,94.53447728,94.27,39,120.675877,2074760,2.3369812619977,5.5448333333333
100,60000,95,8.1,8.078333333,120.580878,8.293188908,1365.420868,1392.238968,1392.241423,0.123745929,97.40925261,96.24548736,96.52,33,120.528704,2078070,2.38073080769918,5.7591666666666
100,60000,95,8.1,7.848333333,120.926263,8.269502217,813.4901529,835.1699621,835.173478,0.127394095,94.90696208,94.62787982,94.36,22,120.87343,2072830,2.33698703422156,5.6058333333333
100,60000,95,8.1,8.188333333,120.744803,8.281929948,2127.835366,2167.166877,2167.169405,0.122096325,98.86986952,98.88063499,98.46,46,120.693636,2081040,2.41865955367613,5.7205
100,60000,95,8.1,8.021666667,120.920993,8.26986262,1270.010062,1293.391517,1293.395013,0.124557188,96.99878988,96.67601537,96.44,40,120.86879,2079070,2.38013728790463,5.5826666666666
100,60000,95,8.1,8.071666667,121.034634,8.262097938,1440.371678,1468.494077,1468.497567,0.123887192,97.69512208,97.43986786,97.13,31,120.983626,2079590,2.39315519127852,5.868
100,60000,95,8.1,8.115,120.85832,8.274151089,1645.612216,1677.763775,1677.767257,0.123156911,98.07652668,97.61782524,97.51,43,120.807497,2080950,2.40126345850638,5.8548333333333
100,60000,95,8.1,7.985,120.870143,8.273341747,2004.946272,1998.912546,1998.916313,0.125222346,96.51480919,96.66075342,95.95,56,120.818094,2077740,2.37007179052747,5.7616666666666
100,60000,95,8.1,7.916666667,121.067817,8.259833412,1011.643096,1034.176663,1034.180261,0.126307493,95.84535513,95.69518998,95.3,29,121.016369,2074420,2.35541060187033,5.8991666666666
10,70000,75,0.86,0.886666666666667,121.996234,8.196974342667,118.606375092661,128.527694635338,128.552083,1.12557595628196,10.8169994146667,9.76525821596245,10.87,2,121.948058,1652320,0.773459933661631,1.46016666666667
10,70000,75,0.86,0.946666666666667,122.008928,8.19612151661557,126.351778215467,129.560826929578,129.582636,1.05574712165493,11.5501785173333,11.6094986807388,11.59,2,121.96408,1653050,0.783968174745927,1.67016666666667
10,70000,75,0.86,0.961666666666667,121.368447,8.23937378056753,108.037543046209,128.859413859619,128.880055,1.03671397142461,11.6715989865,9.87012987012987,11.71,2,121.320861,1638650,0.783970240965961,1.49166666666667
10,70000,75,0.86,0.906666666666667,121.677132,8.21847115857399,111.408199643494,128.374882303309,128.396389,1.10140101776838,11.032059968,9.91735537190083,11.08,2,121.624255,1643680,0.775505756559976,1.435
10,70000,75,0.86,0.83,122.175258,8.18496327627972,155.889354811422,130.709379815261,130.750877,1.20456611838153,10.140546414,11.5346038114343,10.19,3,122.131311,1595660,0.757543394138249,1.41366666666667
10,70000,75,0.86,0.801666666666667,121.172787,8.25267805386039,116.579555831892,128.50764133264,128.532622,1.24659836429938,9.7140184245,9.13811007268951,9.77,2,121.115881,1604440,0.752581908625609,1.38683333333333
10,70000,75,0.86,0.866666666666667,121.930243,8.20141070333141,123.032587009532,129.389092773077,129.412259,1.15374680811346,10.5672877266667,9.51008645533142,10.62,2,121.880882,1616420,0.76585749861208,1.58816666666667
10,70000,75,0.86,0.86,121.795009,8.21051706642593,113.690087575137,128.972765325581,128.996995,1.16273064502907,10.474370774,9.58373668925459,10.53,2,121.746237,1619550,0.764928058544238,1.4715
10,70000,75,0.86,0.893333333333333,121.528992,8.22848921514958,112.670570725126,128.847802371269,128.87023,1.11857703790672,10.856589952,9.69245107176143,10.91,2,121.49004,1675470,0.776666771650356,1.47083333333333
20,70000,75,1.72,1.675,121.819192,8.20888715137759,142.499833008008,137.559250976119,137.571236,0.596629753945274,20.40471466,22.3769269020388,20.41,2,121.768693,1812210,0.942994006495631,2.144
20,70000,75,1.72,1.66,122.052442,8.19319944454696,137.227283443861,138.348430687751,138.362544,0.601766320981928,20.260705372,20.5720020070246,20.27,3,121.999618,1843400,0.946869436478936,2.11916666666667
20,70000,75,1.72,1.73166666666667,121.974703,8.19842127428669,132.495031436321,138.219263097209,138.239815,0.577437144169394,21.1219527361667,20.1539201539202,21.13,3,121.923498,1856170,0.963349032950629,1.913
20,70000,75,1.72,1.64333333333333,122.360855,8.1725483202941,146.192667954506,139.30041241785,139.315397,0.608240844615619,20.1079671716667,21.6928535225545,20.12,3,122.310182,1834670,0.942752028482486,1.86583333333333
20,70000,75,1.72,1.66,121.199295,8.25087307644818,140.854436310218,137.262128038153,137.2749,0.600938024487952,20.11908297,20.471650777722,20.13,3,121.14671,1829600,0.941927742088486,2.0165
20,70000,75,1.72,1.71,121.976659,8.19828980559305,146.697316436081,139.586755304094,139.600083,0.584756938424951,20.858008689,21.8704335119338,20.86,4,121.926988,1853130,0.95834897627695,2.0685
20,70000,75,1.72,1.62166666666667,121.965727,8.19902463255108,133.65490746298,137.510070331963,137.523313,0.61501721002261,19.7787753951667,19.8253723677453,19.79,2,121.91697,1819620,0.934569531572795,1.85416666666667
20,70000,75,1.72,1.815,121.964737,8.19909118485616,131.988667179956,138.74224132966,138.753704,0.550185724545455,22.1365997655,21.2023864157871,22.14,2,121.911238,1860030,0.980588796275361,2.049
20,70000,75,1.72,1.77166666666667,121.785676,8.21114627634862,132.153855747963,138.427892160866,138.439089,0.56418100128222,21.5763622646667,20.8744710860367,21.58,3,121.74014,1840230,0.967366441285514,2.13316666666667
20,70000,75,1.72,1.73666666666667,121.464538,8.23285558456576,139.189991576796,138.53882462572,138.550472,0.575176251714012,21.0943414326667,21.7745803357314,21.1,3,121.414253,1856050,0.962836921113448,1.90866666666667
30,70000,75,2.58,2.555,121.783992,8.21125981812125,161.558207214352,152.963244330072,152.971244,0.391108271960861,31.115809956,32.5399413107271,31.08,4,121.735266,1911390,1.14115363837247,2.33983333333333
30,70000,75,2.58,2.53,121.76042,8.21284946290428,140.298635667349,147.096522663373,147.104825,0.395143683231884,30.80538626,29.3052354297004,30.78,3,121.702004,1906820,1.13481654990341,2.45283333333333
30,70000,75,2.58,2.50666666666667,121.883778,8.20453727648646,158.566852633589,151.327541831782,151.33568,0.398556267451463,30.552200352,31.8378198737122,30.52,4,121.835143,1900970,1.12880482447889,2.43033333333333
30,70000,75,2.58,2.61,121.885572,8.20441651617306,155.555800140147,152.246826418902,152.254496,0.382677765923372,31.812134292,32.4289818065752,31.77,4,121.833943,1932700,1.15901919896552,2.65783333333333
30,70000,75,2.58,2.54833333333333,122.200381,8.18328054149029,151.500541668956,150.301981970569,150.312912,0.392410914342708,31.1407304248333,30.8924485125858,31.1,4,122.149397,1923390,1.14497296228303,2.57433333333333
30,70000,75,2.58,2.57,121.48169,8.23169318767297,170.272878053087,152.869775544747,152.877639,0.388441629749676,31.22079433,34.1004862236629,31.19,4,121.429987,1918370,1.14502766714727,2.52583333333333
30,70000,75,2.58,2.48,121.871157,8.20538693991393,136.530605610758,145.960349711694,145.970844,0.40312923431922,30.224046936,29.0896876049715,30.19,3,121.819146,1915990,1.12755141652841,2.24033333333333
30,70000,75,2.58,2.49166666666667,121.773405,8.21197370640987,138.743991170837,146.947169771238,146.956377,0.401335064200669,30.3418734125,29.3547308592444,30.31,4,121.725492,1905260,1.12652397205606,2.40816666666667
30,70000,75,2.58,2.58833333333333,121.749193,8.21360680394818,142.502721665201,148.671186177721,148.679906,0.386135376224726,31.5127494548333,30.8336015448986,31.48,4,121.69792,1929960,1.15330485729759,2.58183333333333
30,70000,75,2.58,2.52,122.181926,8.1845165871751,145.87432769251,148.653709937831,148.662603,0.395730910832011,30.789845352,30.8760330578512,30.76,4,122.129535,1911830,1.13592233327171,2.54883333333333
40,70000,75,3.44,3.49833333333333,121.653485,8.22006866469958,173.321060017806,168.523029861839,168.529728,0.285800918199142,42.5584441691667,43.3198380566802,42.47,8,121.602892,1973190,1.35595640602759,3.174
40,70000,75,3.44,3.47166666666667,121.585945,8.22463484574636,177.306986828476,170.395781678349,170.402393,0.287151897226596,42.2105872391667,43.2205423566115,42.12,5,121.540234,1955970,1.34324442347139,3.2065
40,70000,75,3.44,3.545,121.530961,8.22835590018909,176.080907055335,171.710430347438,171.716374,0.28196207206441,43.0827256745,43.7132784958872,42.99,6,121.477921,1979760,1.3675362812136,3.12966666666667
40,70000,75,3.44,3.43833333333333,121.644651,8.22066561726582,169.062700368487,167.24207228793,167.247998,0.29080336466602,41.8254858355,41.7494548097892,41.74,5,121.593997,1969450,1.34190427265816,3.13516666666667
40,70000,75,3.44,3.51166666666667,121.465301,8.23280386881847,171.602200426641,168.285573435691,168.291632,0.284730369520646,42.6545648678333,43.6773428232503,42.57,4,121.411814,1954210,1.35026661096364,3.13016666666667
40,70000,75,3.44,3.465,121.704758,8.21660563180283,172.299715459129,169.292494771044,169.298418,0.288578021883598,42.170698647,43.44794421736,42.09,5,121.649454,1952270,1.34129985089209,3.13633333333333
40,70000,75,3.44,3.44333333333333,121.691087,8.21752870035584,163.723661629334,164.402177698935,164.40816,0.290313910035818,41.9022976236667,42.5356883619647,41.82,4,121.638042,1963840,1.34112861706593,3.22233333333333
50,70000,75,4.3,4.33333333333333,121.55086,8.22700884222456,189.726827681067,190.257821009231,190.264268,0.230747155366539,52.6720393333333,52.2014997115939,52.54,7,121.498352,2002790,1.54416374325961,3.685
50,70000,75,4.3,4.24666666666667,121.404437,8.23693124164811,186.553545672355,186.785020879906,186.789842,0.235475112770408,51.5564175793334,51.9717480871101,51.43,7,121.351271,2002360,1.52448888801,3.68266666666667
50,70000,75,4.3,4.32333333333333,121.524174,8.22881544539443,189.758508487128,188.770002094834,188.774735,0.231264695006554,52.538951226,52.6112931200617,52.4,7,121.47286,1996760,1.53883161996705,3.90516666666667
50,70000,75,4.3,4.32,121.49332,8.23090520532322,186.792385442337,187.819510953318,187.824246,0.230933817831404,52.48511424,53.3847637415622,52.35,6,121.439639,1989160,1.53433557873935,3.66433333333333
50,70000,75,4.3,4.35833333333333,121.395792,8.23751782104606,210.189804639425,199.298241442447,199.303008,0.229342474171319,52.90833268,54.6740584974192,52.77,8,121.343749,1996670,1.54525999907261,3.84916666666667
50,70000,75,4.3,4.31,121.258452,8.24684781560629,188.601981643937,188.949049482599,188.95388,0.231947101112529,52.262392812,52.0780978155809,52.13,7,121.206731,1993100,1.53237211816405,3.7875
50,70000,75,4.3,4.35166666666667,121.834073,8.20788450534687,199.482989719411,194.751370145155,194.755991,0.229666827801226,53.0181274338333,54.7195098602336,52.89,7,121.781437,2001950,1.54989976623769,3.69616666666667
60,70000,75,5.16,5.18,121.324882,8.24233235190783,240.839198535837,234.85940856435,234.863312,0.192948667030245,62.846288876,63.37461798295,62.66,13,121.272432,2021900,1.73253721237221,4.3415
60,70000,75,5.16,5.27333333333333,121.413858,8.23629210431646,225.708361107011,228.005886814159,228.009727,0.189604886639381,64.025574452,63.5013430241744,63.83,7,121.358877,2022530,1.75362265880222,4.519
60,70000,75,5.16,5.09666666666667,121.622575,8.22215776964104,198.997251438673,208.455342049706,208.459431,0.196201130568018,61.9869723916667,61.4516920058852,61.81,7,121.572104,2011500,1.71166530565795,4.10216666666667
60,70000,75,5.16,5.06666666666667,121.222503,8.24929345007833,202.821125334303,209.487796445724,209.491906,0.197351328875329,61.41940152,60.565696431508,61.24,8,121.171324,2006840,1.69903851356588,3.885
60,70000,75,5.16,5.11,121.014387,8.2634802752833,212.44666896195,215.713454791585,215.717505,0.195668846584149,61.838351757,61.7316158486874,61.66,7,120.962777,2019390,1.71342545171313,4.12
60,70000,75,5.16,5.305,121.346549,8.24086064450008,229.564938322557,229.442389325479,229.446234,0.188472979066918,64.3743442445,65.4311292602482,64.08,8,121.294386,2016080,1.75431554436323,3.91616666666667
60,70000,75,5.16,5.045,121.392039,8.23777249511395,207.644003309603,211.938907419227,211.943208,0.198191563539148,61.2422836755,59.9504541701074,61.06,8,121.342014,2014480,1.70009773939925,4.103
60,70000,75,5.16,5.16333333333333,121.483887,8.23154431994755,227.988865267592,225.56163144093,225.565602,0.193649713316333,62.726180321,62.917540745522,62.54,8,121.429389,2021120,1.72997058693743,4.22666666666667
60,70000,75,5.16,5.09333333333333,121.335861,8.2415865495857,220.423301812377,219.631934349477,219.635955,0.196288624254908,61.800398536,62.4734173073777,61.62,9,121.283556,2004910,1.70464218131851,4.33816666666667
60,70000,75,5.16,5.24,121.625115,8.22198605937598,215.024658345664,221.038613983143,221.043583,0.190836510486641,63.73156026,62.6172682461441,63.54,7,121.575432,2010540,1.7415962111179,4.43866666666667
70,70000,75,6.02,5.96,121.160157,8.25353833108684,267.077126319553,270.728959731544,270.73244,0.167781512730984,72.211453572,72.3193065846498,71.86,10,121.11004,2031950,1.90198507101771,4.62633333333333
70,70000,75,6.02,5.98333333333333,121.148935,8.25430285458143,291.321224881972,288.253674091644,288.25711,0.167122339304457,72.4874461083333,72.3715359977719,72.25,12,121.097842,2030510,1.90798950694872,4.59183333333333
70,70000,75,6.02,5.79666666666667,121.164868,8.25321742602815,261.360697352,263.451979155549,263.455544,0.17227497560552,70.2352351506667,69.1677447175507,70.01,11,121.11137,2034440,1.870628533567,4.475
70,70000,75,6.02,6.11,121.022266,8.26294229195808,261.356917800683,269.169702956901,269.173033,0.163619890512275,73.944604526,73.7897177144416,73.58,10,120.97249,2038940,1.93723017019431,4.69583333333333
70,70000,75,6.02,5.85166666666667,121.561201,8.22630898488737,326.112440172468,309.438097644831,309.441633,0.170879033252065,71.1335627851667,71.3227965257013,70.79,23,121.507609,2031210,1.88246793657535,4.78816666666667
70,70000,75,6.02,5.96833333333333,121.323002,8.24246007364704,284.015607681396,282.93548007093,282.939906,0.167485016251606,72.4096116936667,73.1257852854949,72.17,12,121.272903,2031380,1.9071322036774,4.6425
70,70000,75,6.02,5.85333333333333,121.296355,8.24427081918496,237.769437171183,247.835979636105,247.839607,0.170816640549544,70.9987997933334,70.4341637010676,70.77,9,121.242293,2025740,1.87862296375346,4.54983333333333
70,70000,75,6.02,6.065,121.316345,8.24291236271584,297.120073590279,294.569874505908,294.574298,0.164867586708986,73.5783632425,73.5403214727298,73.34,12,121.266929,2035100,1.93040785465551,4.507
70,70000,75,6.02,6.05,121.251539,8.24731799899051,276.764464517216,280.277097894766,280.280375,0.165102285650413,73.357181095,73.5435890373227,73.11,11,121.199978,2036210,1.92703850886039,4.74483333333333
80,70000,75,6.88,6.83833333333333,121.058159,8.26049238036075,447.808518797418,440.407483969778,440.410712,0.146205252544967,82.7836043961667,83.0876081393932,82.49,15,121.006626,2056550,2.10940595832919,4.982
80,70000,75,6.88,7.005,120.989643,8.26517026750794,533.867336513953,520.857793958839,520.860988,0.142729580910064,84.7532449215,85.3574402283811,84.3,18,120.937938,2060270,2.14482601239939,5.4715
80,70000,75,6.88,6.825,121.274153,8.24578012101227,437.610653701485,433.50708589011,433.510413,0.146518907298901,82.7696094225,82.9080698327433,82.47,20,121.223252,2060630,2.1120663045472,5.27833333333333
80,70000,75,6.88,7.05666666666667,120.992997,8.26494115192469,451.785229333712,454.935281362069,454.938883,0.141611627734294,85.380724883,85.1340181839651,85.07,16,120.942713,2064620,2.16204189994899,5.27683333333333
80,70000,75,6.88,6.695,121.01269,8.26359615673364,360.000799340823,363.315521160568,363.31858,0.149335757784665,81.017995955,81.829495955196,80.73,13,120.962834,2048670,2.07198650227547,5.21283333333333
80,70000,75,6.88,7.09666666666667,121.167075,8.25306709764183,550.574589224006,542.048910860028,542.051893,0.140889773836778,85.988234225,86.5680403898086,85.53,26,121.11596,2062370,2.16863500213271,5.134
80,70000,75,6.88,6.96,121.064085,8.26008803519227,373.652662475179,384.634426321839,384.637362,0.143673673637452,84.26060316,84.5325032922303,83.82,13,121.012988,2059520,2.13559926024374,5.319
80,70000,75,6.88,6.855,121.07479,8.25935770774411,426.891334744247,424.786507545101,424.789576,0.145801959790664,82.996768545,83.0314817065759,82.7,17,121.023375,2053310,2.11078374235308,5.12983333333333
80,70000,75,6.88,6.80666666666667,121.165277,8.25318956684265,453.081685630047,443.495106977473,443.498096,0.146859201978453,82.4731652113333,83.0211776227201,82.18,15,121.114289,2054080,2.10199905640648,5.19516666666667
90,70000,75,7.74,7.77666666666667,120.818918,8.27684949140167,1071.33365105333,1070.65984824882,1070.662932,0.128552883441063,93.9568452313333,93.9462123647273,93.6,38,120.768524,2070390,2.32114326004892,5.59533333333333
90,70000,75,7.74,7.725,121.11723,8.25646359316507,890.091558079113,898.387371474649,898.390093,0.12944748680561,93.563060175,92.6437277532089,93.05,30,121.067536,2072670,2.31306789201643,5.93833333333333
90,70000,75,7.74,7.705,121.094866,8.25798841050784,1055.33990468663,1048.6694239377,1048.672164,0.129623157899416,93.303594253,93.5871093327566,92.95,33,121.044065,2074050,2.31240068858866,5.46716666666667
90,70000,75,7.74,7.69166666666667,120.906193,8.2708749253233,883.738469918534,886.465711884507,886.468354,0.129998057520043,92.9970134491667,93.1751706207345,92.49,25,120.856699,2072240,2.30254458365422,5.99866666666667
90,70000,75,7.74,7.82833333333333,120.916182,8.27019166053391,836.157011660201,855.598341818821,855.601974,0.12767232586864,94.657217809,94.6780202235232,94.29,23,120.8664,2073210,2.33603671261002,5.842
90,70000,75,7.74,7.79833333333333,120.943907,8.26829581419095,833.751210672041,851.502518958538,851.505629,0.128217548455867,94.3160901421667,94.379741425366,93.95,25,120.894043,2072730,2.32945851427125,6.01283333333333
90,70000,75,7.74,7.925,120.996468,8.26470405731182,977.344180920183,1000.31184500883,1000.314472,0.126170224240799,95.88970089,95.0373252023972,95.04,28,120.946838,2076440,2.35240405313552,5.746
90,70000,75,7.74,7.73,121.068733,8.25977091872267,1197.051339672,1184.85699239715,1184.859628,0.129360666468952,93.586130609,93.575509324135,93.07,37,121.020271,2074060,2.3145891602178,5.78166666666667
90,70000,75,7.74,7.92833333333333,121.100872,8.25757885541898,1305.44129397052,1318.16089408156,1318.163517,0.126122320919487,96.0128080173333,95.3336836573831,95.32,38,121.051488,2079510,2.36011535016247,5.5645
90,70000,75,7.74,7.78333333333333,120.912774,8.2704247609107,1052.30629994129,1054.32899348094,1054.331699,0.128478331121627,94.11044243,94.4438496948935,93.44,35,120.863235,2077730,2.32438104251996,5.6255
100,70000,75,8.1,8.01,120.837339,8.27558773,1638.62061,1648.140946,1648.143408,0.12483841,96.79070854,96.56714865,96.22,48,120.786199,2076470,2.37389262013828,5.6258333333333
100,70000,75,8.1,7.995,120.915752,8.270221071,1806.600725,1809.924598,1809.928415,0.125064819,96.67214372,95.99791558,95.32,55,120.865319,2077060,2.35802571345555,5.4601666666666
100,70000,75,8.1,8.061666667,120.864379,8.273736301,1605.466903,1627.156444,1627.158966,0.124038892,97.43683354,97.29198966,96.71,49,120.813046,2076750,2.38304746877918,5.865
100,70000,75,8.1,8.168333333,120.91521,8.270258142,1980.413868,2017.719127,2017.721547,0.122408418,98.76757404,98.36784658,97.87,45,120.864653,2080310,2.40726547616691,5.8078333333333
100,70000,75,8.1,8.165,120.96375,8.266939476,2037.137524,2075.838084,2075.840549,0.122464556,98.76690188,98.12225737,97.87,55,120.912263,2082490,2.40917352094653,5.5771666666666
100,70000,75,8.1,8.23,120.963465,8.266958953,2517.133279,2569.507911,2569.511364,0.12149382,99.5529317,98.38007492,98.16,64,120.91254,2081120,2.41326105905174,5.9553333333333
100,70000,75,8.1,7.981666667,120.854832,8.27438989,1494.172135,1504.363373,1504.366855,0.125273657,96.46229841,96.07474684,95.9,44,120.803324,2077280,2.36876710587482,5.6733333333333
100,70000,75,8.1,7.936666667,120.982805,8.265637418,1120.431765,1136.864861,1136.867529,0.125984465,96.02001957,95.35958005,94.84,42,120.930596,2072650,2.34554969546625,5.7273333333333
100,70000,75,8.1,8.001666667,120.849032,8.274787009,1183.953593,1207.406855,1207.409391,0.124971925,96.69936711,96.18869103,96.14,43,120.797689,2076260,2.37225687776844,5.5795
10,70000,80,0.86,0.911666666666667,121.911102,8.20269838919182,130.224637499687,130.42112920841,130.444592,1.09364833372029,11.114228799,11.1415525114155,11.16,2,121.868875,1649000,0.777273148350519,1.70316666666667
10,70000,80,0.86,0.875,121.960979,8.19934382455228,132.662770150877,129.840684407619,129.864019,1.14225459292952,10.6715856625,10.6565176022835,10.72,2,121.907508,1597330,0.765138170642284,1.5605
10,70000,80,0.86,0.818333333333333,122.176234,8.18489789102519,106.9091044705,128.666123519348,128.692473,1.21955501759063,9.99808848233333,8.54526958290947,10.05,2,122.116142,1606960,0.756784171535494,1.58783333333333
10,70000,80,0.86,0.845,122.473993,8.16499875202077,109.598624187484,128.981032930967,129.005343,1.18272854123471,10.3490524085,9.064039408867,10.39,2,122.422463,1574310,0.758012545401825,1.75833333333333
10,70000,80,0.86,0.853333333333333,121.979807,8.19807822781684,102.896341463415,127.905678162109,127.929828,1.16854737147656,10.4089435306667,8.78048780487805,10.46,1,121.929429,1562290,0.757660787261276,1.50016666666667
10,70000,80,0.86,0.905,122.045835,8.19364298666972,134.182478004747,130.371955977901,130.394334,1.1044794528674,11.0451480675,11.7755289788408,11.09,2,121.996644,1641110,0.775353948268021,1.5155
10,70000,80,0.86,0.826666666666667,122.661627,8.15250885266669,141.311762986064,131.004147824597,131.028749,1.20831290484476,10.140027832,10.8761329305136,10.19,2,122.620588,1586410,0.756551711339115,1.6475
10,70000,80,0.86,0.908333333333333,122.387852,8.17074557367017,119.072646086832,129.689233409174,129.712243,1.10033086781284,11.1168965566667,10.6324472960587,11.17,2,122.337245,1685010,0.781587312560549,1.5335
10,70000,80,0.86,0.858333333333333,122.472617,8.16509048712497,119.781906528679,128.892200112621,128.917447,1.16405780531262,10.5122329591667,9.8933074684772,10.56,2,122.426319,1614230,0.764766062417406,1.52783333333333
10,70000,80,0.86,0.873333333333333,122.715984,8.14889770186743,155.000400235775,132.036244826336,132.058968,1.14318330290458,10.717195936,12.3927550047664,10.77,2,122.663531,1636410,0.770226042735733,1.63816666666667
20,70000,80,1.72,1.82833333333333,121.977312,8.19824591642092,123.592402555738,137.955358593437,137.966156,0.546472155776664,22.301518544,20.4100227790433,22.3,3,121.922985,1855390,0.982206038171178,2.2555
20,70000,80,1.72,1.725,121.905498,8.20307546752321,126.243010797836,137.799476188406,137.811474,0.57964470985314,21.028698405,19.9420569773056,21.03,3,121.845789,1857770,0.962046564599471,2.09333333333333
20,70000,80,1.72,1.77666666666667,121.870185,8.20545238361622,138.272074054723,139.816719804878,139.82804,0.562297700163227,21.652269535,21.5658696671355,21.66,3,121.824267,1845200,0.969688191133949,2.37583333333333
20,70000,80,1.72,1.73166666666667,121.475586,8.23210682021324,161.105069670998,142.444329490857,142.456136,0.577006801313763,21.035522309,23.3766233766234,21.04,4,121.420944,1826230,0.955830316421641,2.13216666666667
20,70000,80,1.72,1.78833333333333,121.925145,8.20175362514435,144.808573570439,139.354082954334,139.365324,0.557803905453868,21.8042800975,23.3814625058221,21.81,3,121.877624,1861410,0.975500486190008,2.365
20,70000,80,1.72,1.74166666666667,122.465961,8.16553425812745,144.982254776108,140.045104214354,140.057016,0.574022402374163,21.3294882075,22.0946915351506,21.34,3,122.421962,1823080,0.959984057903136,2.086
20,70000,80,1.72,1.78833333333333,122.17488,8.18498859994788,150.798856290079,141.715306639329,141.726709,0.559146820133271,21.84894104,22.9622729389846,21.86,3,122.118118,1839360,0.971697739697828,1.94583333333333
20,70000,80,1.72,1.68166666666667,122.112031,8.18920127534362,135.481999301973,138.59604717443,138.608319,0.594333318580773,20.5351732131667,20.5052005943536,20.55,3,122.064085,1811890,0.94515305043704,1.95633333333333
20,70000,80,1.72,1.78,122.119804,8.18868002768822,148.533331931249,142.063650534644,142.075101,0.561771072377341,21.737325112,21.1043518951802,21.74,4,122.068392,1864870,0.975080125367628,2.097
20,70000,80,1.72,1.72333333333333,122.18717,8.18416532603218,137.986094815892,139.546580737911,139.558388,0.579486495578337,21.0569222966667,20.2996616723055,21.07,3,122.137008,1842320,0.959568666299308,2.01333333333333
30,70000,80,2.58,2.6,122.084098,8.19107497521913,147.881596135361,149.988910823077,149.996444,0.384456018267949,31.74186548,32.4895866709388,31.7,3,122.033515,1921200,1.15443440345328,2.48933333333333
30,70000,80,2.58,2.56833333333333,121.769174,8.21225904020668,164.053023183172,152.930438454899,152.941572,0.389337615153147,31.2743828556667,33.9604281543951,31.24,3,121.720794,1913490,1.14444487406791,2.62083333333333
30,70000,80,2.58,2.57333333333333,121.628002,8.22179089976336,158.384171143805,151.970555979922,151.978577,0.388468172376943,31.2989391813333,32.8261573324701,31.26,4,121.576662,1921090,1.14699758073897,2.4785
30,70000,80,2.58,2.60166666666667,121.654995,8.21996663597742,144.492218774019,148.653289867393,148.661254,0.384096984980141,31.6505745325,29.971181556196,31.61,4,121.606684,1927260,1.15470652679464,2.44933333333333
30,70000,80,2.58,2.50666666666667,121.64807,8.22043456998537,156.975880868034,151.417341273936,151.425488,0.398763266210771,30.4931162133333,32.3695579926886,30.46,3,121.603721,1918950,1.13292581149942,2.38983333333333
30,70000,80,2.58,2.60666666666667,121.949158,8.20013861842326,150.313991952194,149.53386811509,149.542351,0.383266904654092,31.7880805186667,32.8539469479067,31.75,3,121.89378,1906040,1.15078749322608,2.4535
30,70000,80,2.58,2.64333333333333,121.552983,8.2268651522933,145.934983421357,149.444722126103,149.452573,0.377964909940731,32.130505173,31.8941065237945,32.09,4,121.499233,1920890,1.16090498111873,2.61833333333333
30,70000,80,2.58,2.56833333333333,121.687674,8.21775917912606,168.473235509123,155.095731467229,155.103763,0.388939444055808,31.253450939,33.3441453130068,31.22,4,121.638967,1918220,1.14548807777782,2.65733333333333
40,70000,80,3.44,3.595,121.736266,8.21447899510898,158.711484503551,165.461156622624,165.468062,0.27813391422114,43.764187627,43.0590961761298,43.67,4,121.683388,1970570,1.37564835334216,3.43516666666667
40,70000,80,3.44,3.42666666666667,121.873906,8.20520185838632,163.049493822851,165.033865867704,165.039992,0.291665571175584,41.7621251226667,41.9645027960127,41.68,4,121.828893,1951530,1.3340049493847,3.37183333333333
40,70000,80,3.44,3.61,121.819745,8.20884988718373,160.272290282717,166.902244933518,166.908284,0.276990109874885,43.976927945,42.5801984768059,43.89,5,121.765317,1979690,1.38311581198013,3.35316666666667
40,70000,80,3.44,3.465,121.733506,8.21466523768731,174.797818462161,171.368350047138,171.374404,0.288546396132756,42.180659829,42.1976436643424,42.1,7,121.688732,1960070,1.34448733628667,3.3915
40,70000,80,3.44,3.49,121.524831,8.22877095792875,178.664136731418,170.103428845272,170.109499,0.286317733447947,42.412166019,44.9271902602053,42.32,5,121.47241,1968320,1.35147100742643,3.05366666666667
40,70000,80,3.44,3.595,121.55581,8.22667382167911,168.896868155688,168.733985968938,168.739826,0.277966716735744,43.699313695,43.6616454229432,43.61,6,121.503666,1980490,1.37858021859545,3.25066666666667
40,70000,80,3.44,3.48333333333333,121.929565,8.20145630799224,159.161575090779,164.210606517225,164.216753,0.286971759344976,42.4721318083333,41.3298254006219,42.39,5,121.879019,1973050,1.35451916153273,3.17066666666667
40,70000,80,3.44,3.38,121.779918,8.21153451589613,159.706431866611,163.715494537475,163.724319,0.295692333593195,41.161612284,39.5366034015282,41.08,6,121.728925,1940550,1.31960002242378,2.93416666666667
40,70000,80,3.44,3.45,121.850077,8.2068064675905,156.371946844738,162.722753144444,162.729529,0.289776994001449,42.038276565,41.8497947355711,41.96,4,121.801054,1948310,1.33755012499731,2.974
40,70000,80,3.44,3.46666666666667,121.741936,8.21409641456663,173.867228661749,168.739638242308,168.745598,0.288092147251442,42.2038711466667,43.6914203316511,42.12,4,121.687946,1958160,1.34409174037362,3.34783333333333
50,70000,80,4.3,4.35333333333333,121.451664,8.23372827563729,190.010038321475,190.20775231853,190.212549,0.229696861300919,52.871957728,54.0095693779904,52.74,5,121.401151,1993440,1.54318512623498,3.78
50,70000,80,4.3,4.29,121.408733,8.23663978109384,174.247969936453,181.347575576923,181.352342,0.233049511714841,52.084346457,51.0196154593125,51.95,6,121.355179,1998800,1.53192569879108,3.569
50,70000,80,4.3,4.4,121.541544,8.22763943166626,185.269663114768,190.229906054546,190.234442,0.227264831219318,53.47827936,53.0581329293694,53.34,7,121.488037,1989980,1.55198341664142,3.38633333333333
50,70000,80,4.3,4.32666666666667,121.833026,8.20795504168139,176.114165774302,183.674028603236,183.678638,0.231050960964176,52.7130892493333,51.1650298478721,52.58,7,121.779851,1995940,1.54158757119477,3.6265
50,70000,80,4.3,4.39333333333333,121.306932,8.24355198431694,190.192140393973,191.185654441578,191.191658,0.227508437726859,53.294178792,52.2283330172577,53.15,6,121.254426,1995190,1.55119059286436,3.4305
50,70000,80,4.3,4.22666666666667,121.446545,8.23407532919113,190.281822302895,187.683962940457,187.690785,0.236480963501577,51.3314063533333,51.9613640843682,51.21,6,121.397297,1995960,1.51764434472595,3.28266666666667
50,70000,80,4.3,4.49,121.636908,8.22118891742957,173.619362381755,184.324587284707,184.327287,0.22265494259614,54.614971692,52.1989237335313,54.48,5,121.583942,1992490,1.57309810510731,3.8115
50,70000,80,4.3,4.34333333333333,121.39307,8.23770253112472,185.630145075354,187.418474124329,187.423225,0.230220913392939,52.7250567366667,52.7719163629388,52.59,7,121.341772,1999500,1.54346627896285,3.80166666666667
50,70000,80,4.3,4.38833333333333,121.696982,8.21713064338769,190.020039643753,190.396669863274,190.40181,0.227806183434485,53.4046922676667,53.2371368900703,53.26,6,121.644182,1989260,1.5502400748849,3.59583333333333
50,70000,80,4.3,4.21833333333333,121.463215,8.23294525836485,187.990856886361,187.005185805215,187.010085,0.23693457509759,51.2372328608333,50.7999209954572,51.11,7,121.412382,1995530,1.51569573527055,3.83433333333333
60,70000,80,5.16,5.13833333333333,121.503762,8.23019784358611,219.987933430955,222.27038618748,222.274323,0.194548041819656,62.432683041,61.9588130371331,62.15,7,121.455677,2019040,1.72189625168545,4.215
60,70000,80,5.16,5.26,121.493388,8.23090059847537,233.750261244978,233.022669110583,233.026708,0.1899603903609,63.905522088,63.2979565974972,63.72,8,121.443138,2022000,1.75136850163829,4.0185
60,70000,80,5.16,5.12666666666667,121.564935,8.22605630480533,196.168065436696,207.103045373862,207.107097,0.194776693498375,62.32229001,60.2307817324882,62.14,8,121.51309,2020200,1.72237162489963,4.286
60,70000,80,5.16,5.19,121.130671,8.25554743273898,215.011455832638,218.875964449261,218.881468,0.192657880449904,62.866818249,62.562209022315,62.57,8,121.078606,2026750,1.73368849703557,4.08083333333333
60,70000,80,5.16,5.14333333333333,121.447267,8.23402637788465,224.379389726275,223.612235200583,223.617282,0.194306377964355,62.4643776603333,62.5627733678924,62.28,9,121.394805,2016380,1.72269652761393,4.184
60,70000,80,5.16,5.07,121.187224,8.25169491463886,216.849075960384,216.120506303419,216.12463,0.197157219202827,61.441922568,61.4790468364832,61.26,10,121.134801,2007660,1.6998448357623,3.96266666666667
60,70000,80,5.16,5.11333333333333,121.47285,8.23229223649565,213.858743394789,218.065930274446,218.070788,0.195553081758149,62.1131173,61.284014991038,61.93,9,121.42074,2001660,1.70826506264112,4.1915
60,70000,80,5.16,5.205,121.550959,8.22700214154625,225.922083330066,226.889739821006,226.893592,0.191855463027538,63.2672741595,62.7181046902513,63.08,9,121.500549,2010710,1.73359190293758,4.01883333333333
60,70000,80,5.16,5.05666666666667,121.406419,8.23679677101752,197.10703312695,205.525623550099,205.530021,0.197659534552406,61.3911792076667,60.8666996210249,61.22,7,121.351603,2001580,1.69577178235424,4.02916666666667
70,70000,80,6.02,6.145,121.214009,8.24987151443857,308.168415826564,306.451229210198,306.455088,0.162698320228912,74.4860085305,74.2237288135593,74.24,16,121.162769,2033260,1.94522223431773,5.028
70,70000,80,6.02,5.91666666666667,121.415293,8.23619476007854,250.343633410093,258.314211340845,258.318311,0.168969700738592,71.8373816916667,71.3702295451345,71.61,9,121.36196,2033010,1.89821924465261,4.47983333333333
70,70000,80,6.02,6.09333333333333,121.292787,8.24451333614752,275.692308981248,280.788042073578,280.792091,0.164071264522155,73.907738212,73.7727334883085,73.66,11,121.240672,2035820,1.93658987042958,4.67483333333333
70,70000,80,6.02,5.99333333333333,121.266552,8.24629696736162,266.341627713385,270.671031437709,270.674976,0.166789496085373,72.679086832,72.5983595161963,72.45,10,121.216274,2035230,1.91462697717325,4.68766666666667
70,70000,80,6.02,6.00333333333333,121.292799,8.24451252048359,288.320044265639,287.038380208773,287.041706,0.166368898163243,72.816110333,72.7550312283137,72.58,11,121.242441,2034480,1.91645429903054,4.36833333333333
70,70000,80,6.02,6.15666666666667,121.380017,8.23858839960453,274.380264844441,281.748520251218,281.751984,0.162419379918517,74.7296304663333,73.8936256597645,74.36,11,121.328457,2037510,1.95020407308834,4.84716666666667
70,70000,80,6.02,6.12666666666667,121.119766,8.25629071971622,292.412459394558,292.77029332753,292.773832,0.163166831930903,74.2060433026667,74.6634026927785,73.96,10,121.068224,2032790,1.93992235718615,4.35316666666667
80,70000,80,6.88,6.75333333333333,120.916173,8.27019227609858,384.739289909766,385.099720984205,385.10292,0.148069183205084,81.658722166,81.9617520049352,81.37,14,120.865189,2054320,2.08760017868325,5.26733333333333
80,70000,80,6.88,6.81666666666667,121.256015,8.24701356052316,412.124342018554,410.940240849633,410.943253,0.146675300671883,82.6561835583333,83.1805402762498,82.36,20,121.204188,2055250,2.10610286327599,4.82983333333333
80,70000,80,6.88,6.59166666666667,121.121565,8.25616809029837,357.664223078461,358.985184348673,358.9884,0.151678679564096,79.8392982625,79.9014031095942,79.56,14,121.069677,2049260,2.05141202227549,4.86616666666667
80,70000,80,6.88,6.9,120.922029,8.26979176804915,422.549261536361,422.203177473913,422.206244,0.144914789017633,83.43620001,84.8085979954112,83.14,17,120.873993,2049650,2.11596648168723,5.27733333333333
80,70000,80,6.88,6.91666666666667,121.110465,8.2569247835024,399.075158603333,405.187524431084,405.190465,0.144559284090362,83.768071625,82.9297674978918,83.33,17,121.058916,2057360,2.12514395668352,5.291
80,70000,80,6.88,6.87166666666667,120.94111,8.26848703472293,340.705552355289,354.146422075431,354.149721,0.145521021132913,83.1066994216667,83.1453862010428,82.81,11,120.890942,2057220,2.11566864159989,5.10583333333333
80,70000,80,6.88,6.68666666666667,121.138302,8.25502738184328,393.622869708631,390.716660705135,390.720449,0.149529091781157,81.001144604,82.0809968847352,80.58,16,121.086682,2047350,2.06833926407985,5.4095
80,70000,80,6.88,6.78833333333333,121.277721,8.24553752951872,412.172222955368,409.814626043211,409.817693,0.1473054036877,82.3273596055,82.8403093163128,82.04,18,121.226759,2049170,2.09586341512484,4.8935
80,70000,80,6.88,6.935,121.108838,8.25703570865736,367.446260616228,379.300250649363,379.30317,0.144161960031002,83.988979153,83.0830229484561,83.69,14,121.056012,2060660,2.13411017268835,5.09316666666667
90,70000,80,7.74,7.945,120.692033,8.28555104378762,969.658008668009,992.838573406545,992.841156,0.12584038952381,95.8898202185,95.4693235448348,95.52,41,120.642333,2076530,2.36121158033787,5.93066666666667
90,70000,80,7.74,7.73,120.994937,8.26480863410012,898.799504289497,905.778311454291,905.780982,0.129315420203536,93.529086301,93.2305702274442,93.02,32,120.945324,2073360,2.3130978282245,5.60716666666667
90,70000,80,7.74,7.845,121.05689,8.26057897241537,1391.91795904925,1384.31607124495,1384.318694,0.127453462271723,94.969130205,95.06107275624,94.29,39,121.007274,2076850,2.33910847425849,5.746
90,70000,80,7.74,7.68166666666667,120.911647,8.27050184834551,853.944061820501,857.796635085919,857.799394,0.130169641067911,92.8802968371667,92.7757891311422,92.37,25,120.861744,2069240,2.29788513020333,5.29066666666667
90,70000,80,7.74,7.90833333333333,120.75826,8.28100703007811,1145.50093988437,1157.13514670432,1157.138114,0.126407015521812,95.4996572833333,95.3851016752713,94.82,44,120.709566,2076150,2.34815645014756,5.934
90,70000,80,7.74,7.73833333333333,120.73653,8.28249743470348,1008.68420654107,1006.40742434482,1006.410132,0.12920088769201,93.429951465,93.1732529342091,92.93,32,120.687144,2071680,2.31006554527052,5.53866666666667
90,70000,80,7.74,7.56,121.069866,8.25969362186293,636.678860529847,647.2169405097,647.21968,0.132249285425706,91.528818696,91.0062823762813,91.19,32,121.020387,2069510,2.27671732725796,5.55816666666667
90,70000,80,7.74,7.60166666666667,120.978498,8.26593168647209,673.770679612784,684.994174420741,684.996933,0.131504064091647,91.963821563,92.5024662939822,91.62,25,120.928499,2069240,2.2842908579875,5.7935
90,70000,80,7.74,7.7,121.16921,8.25292167870039,811.530207699454,821.891661853247,821.895391,0.129867360714502,93.3002917,93.0094145655232,92.79,33,121.119172,2074320,2.30971813861886,5.83083333333333
90,70000,80,7.74,7.63833333333333,120.837685,8.27556403451457,696.852052661358,708.189501767838,708.192279,0.130899812634737,92.2998517258333,92.2766444856551,91.65,22,120.787885,2068280,2.28404669424356,5.53366666666667
100,70000,80,8.1,8.088333333,121.060136,8.260357481,2450.917593,2463.545998,2463.549441,0.12362654,97.91747333,96.97125786,96.39,66,121.008787,2078100,2.37839028061827,5.6983333333333
100,70000,80,8.1,8.111666667,120.802108,8.278001242,2150.871107,2167.910146,2167.912621,0.123273734,97.99064327,97.88392399,97.58,56,120.751605,2078020,2.39998239830411,5.8611666666666
100,70000,80,8.1,8.096666667,120.790783,8.278777363,1171.612797,1207.365477,1207.367981,0.123506074,97.80027064,97.67417927,97.07,31,120.739632,2076060,2.38899731473731,5.7488333333333
100,70000,80,8.1,8.026666667,120.69127,8.285603424,1756.485441,1767.472717,1767.475286,0.124578152,96.87485939,96.55351396,96.47,37,120.640515,2078470,2.38016585011386,5.6125
100,70000,80,8.1,7.961666667,120.868392,8.273461601,1341.067497,1352.688831,1352.691366,0.125573714,96.23138476,95.87650445,95.83,38,120.816275,2077090,2.36733047497352,5.6085
100,70000,80,8.1,8.196666667,120.745245,8.281899631,2518.572041,2552.950894,2552.95328,0.121993078,98.97085249,98.69879028,98.23,52,120.694273,2078270,2.41203369271549,6.0383333333333
100,70000,80,8.1,8.04,120.784235,8.279226176,1522.7263,1540.663243,1540.66583,0.124333862,97.11052494,96.64213908,96.23,32,120.732963,2076310,2.37393676895247,5.5943333333333
100,70000,80,8.1,8.03,120.767497,8.280373651,1379.787404,1401.022955,1401.026567,0.124512612,96.97630009,96.86624468,96.42,37,120.717148,2078730,2.37947978535605,5.7758333333333
10,70000,85,0.86,0.878333333333333,122.149954,8.18665883410812,112.233243702618,128.798635941177,128.822104,1.13478080343264,10.7288376263333,9.47867298578198,10.77,2,122.101979,1654160,0.772219181610932,1.74783333333333
10,70000,85,0.86,0.846666666666667,122.101212,8.18992689441936,146.33126611386,129.795630472441,129.821596,1.17760717166535,10.337902616,11.9960668633235,10.39,2,122.043281,1615340,0.762483209876496,1.58383333333333
10,70000,85,0.86,0.88,122.737507,8.14746872771336,137.610733637224,130.190968418561,130.22076,1.13418167583902,10.800900616,11.9205298013245,10.85,2,122.685565,1625220,0.770108424084805,1.58133333333333
10,70000,85,0.86,0.896666666666667,122.244255,8.18034352616407,122.189891375258,129.338302819703,129.35307,1.1146197062881,10.961234865,10.5849582172702,11.01,2,122.192526,1635900,0.773607930702862,1.71
10,70000,85,0.86,0.896666666666667,122.727586,8.14812734929863,109.763800726926,129.641144154275,129.663556,1.11407926935316,11.0045735446667,9.4707520891365,11.05,2,122.681729,1629740,0.773474311356522,1.6295
10,70000,85,0.86,0.89,122.110249,8.18932078338486,149.25216257975,131.103050310861,131.125918,1.12326246737453,10.867812161,12.5350795135641,10.92,2,122.051653,1606810,0.769013522904808,1.501
10,70000,85,0.86,0.846666666666667,122.293098,8.17707635470973,111.490488467703,129.015467005906,129.042599,1.18048326014567,10.354148964,9.24287118977385,10.41,2,122.233308,1643960,0.765889678308643,1.58683333333333
10,70000,85,0.86,0.913333333333333,122.460052,8.16592826532525,120.767321626999,130.013711764599,130.04562,1.09484780358942,11.1846847493333,10.3008204193254,11.24,2,122.415087,1602340,0.772997185295983,1.71583333333333
10,70000,85,0.86,0.863333333333333,122.318896,8.17535174614395,136.270724506019,130.587194079151,130.61058,1.15745297521622,10.5601980213333,11.1861137897782,10.61,2,122.262711,1600220,0.763919521561402,1.54116666666667
20,70000,85,1.72,1.77333333333333,121.950761,8.20003083047592,130.581267635976,137.773668630639,137.785981,0.562407449255639,21.6259349506667,20.0563644903711,21.63,3,121.900388,1871610,0.974681222374613,2.09133333333333
20,70000,85,1.72,1.67166666666667,122.01264,8.19587216537565,142.472433223498,139.049475664008,139.062901,0.597991942289133,20.39644632,20.9267563527653,20.41,3,121.967824,1802050,0.940995209657066,2.14566666666667
20,70000,85,1.72,1.67333333333333,122.073346,8.19179643031985,146.948294428062,139.8547342251,139.867295,0.597439185898406,20.4269398973333,20.7068193130911,20.44,3,122.022971,1839510,0.948848190002144,2.13283333333333
20,70000,85,1.72,1.74333333333333,121.941164,8.20067618839525,135.387100222082,139.217453179732,139.224338,0.573214260329828,21.2584095906667,20.44911610129,21.27,5,121.891185,1815800,0.957379146622854,2.04316666666667
20,70000,85,1.72,1.72333333333333,121.490122,8.23112186849232,141.351609323597,137.65998154352,137.67187,0.57982644688588,20.9367976913333,22.329627839536,20.95,2,121.440063,1854050,0.959995260951287,2.1145
20,70000,85,1.72,1.69166666666667,122.246865,8.18016887386028,130.392706157999,136.632484112315,136.649439,0.590818357317241,20.6800946625,20.2855736090596,20.69,3,122.195691,1805470,0.94609628310646,2.05283333333333
20,70000,85,1.72,1.655,121.854007,8.20654178405475,132.583849401776,136.528230624371,136.540582,0.603666956978852,20.1668381585,19.9295420231505,20.18,3,121.804756,1815520,0.939987450372152,1.924
20,70000,85,1.72,1.73166666666667,121.825156,8.20848528197247,150.549909933933,140.419351172281,140.431049,0.577193263936477,21.0960561806667,21.7412217412217,21.11,3,121.780251,1842810,0.960313588300496,1.99233333333333
20,70000,85,1.72,1.62666666666667,122.157501,8.18615305498105,130.316536979678,137.497382682377,137.509705,0.614353747466189,19.870953496,18.4331797235023,19.89,4,122.107263,1813880,0.935060348395048,2.0495
30,70000,85,2.58,2.54833333333333,121.857309,8.20631940920343,145.984433885921,149.281293366907,149.289329,0.392189969999346,31.0533042435,29.9444262830991,31.02,5,121.805392,1898130,1.13630801812139,2.81566666666667
30,70000,85,2.58,2.545,121.765399,8.21251363862406,155.241656725584,151.62857121873,151.636938,0.392775414147348,30.9892940455,31.1620294599018,30.95,4,121.717243,1914320,1.13982398916733,2.96416666666667
30,70000,85,2.58,2.59,121.864106,8.20586169975267,149.894874886834,150.132136129987,150.141298,0.386055988895753,31.562803454,31.5535541974912,31.53,3,121.812378,1913220,1.14922625973151,2.67733333333333
30,70000,85,2.58,2.55666666666667,122.022624,8.19520157180033,145.161927556679,148.782771776402,148.790905,0.391100886054759,31.197117536,31.1827956989247,31.16,3,121.97096,1921620,1.14546896016795,2.87633333333333
30,70000,85,2.58,2.58333333333333,121.856799,8.20635375462308,135.565010246435,146.645699070968,146.653671,0.386559656210968,31.479673075,30.1193163495647,31.44,3,121.804243,1933720,1.15373162786564,2.55166666666667
30,70000,85,2.58,2.62333333333333,121.547822,8.22721447036706,153.615657418119,150.420148249682,150.428045,0.381188222863405,31.8860453046667,32.7405525563671,31.85,4,121.49792,1918950,1.15629062360389,2.72266666666667
30,70000,85,2.58,2.51666666666667,121.796016,8.21044918250856,162.833674214275,151.171844007947,151.183089,0.397304530137748,30.65199736,32.0754716981132,30.62,5,121.746794,1899290,1.12998923524055,2.35516666666667
30,70000,85,2.58,2.53333333333333,121.457275,8.23334789949799,165.24169681026,152.723743210526,152.734642,0.394422815155263,30.7691763333333,34.1006247944755,30.74,3,121.411034,1898880,1.13186791608936,2.44183333333333
30,70000,85,2.58,2.58666666666667,121.956053,8.19967500916088,150.779421285921,150.439833787371,150.447506,0.386156824731314,31.5459657093333,31.6264090177134,31.51,5,121.901943,1914150,1.14916446522699,2.50816666666667
40,70000,85,3.44,3.46333333333333,121.84833,8.20692413264917,161.977327341685,164.245106743503,164.250975,0.288712108475457,42.20013829,41.8330526822228,42.11,5,121.796216,1968410,1.34788506833102,3.39633333333333
40,70000,85,3.44,3.465,121.550584,8.22702752296114,161.197035445653,164.899089054353,164.902602,0.288502868560847,42.117277356,41.8610242846838,42.04,4,121.49787,1955490,1.34168836675374,3.07183333333333
40,70000,85,3.44,3.41333333333333,121.891004,8.20405089123722,166.685417683671,165.806727522461,165.812565,0.292866896992188,41.6054626986667,42.1283866243593,41.52,5,121.840364,1947340,1.32967071193324,3.35166666666667
40,70000,85,3.44,3.5,121.596155,8.22394425218462,165.130751181692,166.997975546191,167.00384,0.285640346681905,42.55865425,41.1330635562961,42.47,5,121.545097,1975480,1.3568494340116,3.22966666666667
40,70000,85,3.44,3.49,121.438152,8.23464441389062,156.228517723797,162.078930014804,162.084886,0.286329244690067,42.381915048,40.8689424683695,42.3,5,121.388974,1952700,1.34505812529585,3.29233333333333
40,70000,85,3.44,3.55166666666667,121.50284,8.23026029679635,168.881934883696,168.240440601126,168.247625,0.28152064637588,43.1537586733333,42.9744311517711,43.07,5,121.452818,1963890,1.36265142251354,3.04966666666667
40,70000,85,3.44,3.40666666666667,121.929504,8.20146041109132,170.425259119618,166.6842241409,166.690401,0.293317476675147,41.537317696,42.7977500611396,41.46,6,121.875131,1932490,1.3229875855357,3.23383333333333
40,70000,85,3.44,3.44333333333333,122.065623,8.1923147191081,161.756166983145,163.979915367377,163.983451,0.290347926808325,42.031262853,42.1969513670457,41.95,4,122.01165,1963080,1.343072019357,3.14883333333333
50,70000,85,4.3,4.06,121.75447,8.21325081534994,177.261051395091,180.010488295156,180.017179,0.246175426630131,49.43231482,48.3069977426637,49.31,5,121.700627,1992050,1.48266609012083,3.62016666666667
50,70000,85,4.3,4.34666666666667,121.634392,8.22135897222226,214.847401898701,204.37316106135,204.377927,0.230020904820936,52.8704157226667,52.7314548591144,52.73,9,121.584163,1988250,1.54052012928714,3.95483333333333
50,70000,85,4.3,4.31333333333333,121.527277,8.22860533606789,189.698879152499,189.806316468315,189.81117,0.231830005388717,52.4187654793333,52.8877728414139,52.28,6,121.475439,1990220,1.53362033691217,3.77666666666667
50,70000,85,4.3,4.34833333333333,121.611707,8.22289255425056,203.490342617721,196.295419959755,196.300077,0.229963862451897,52.8808239271667,54.6081624832343,52.74,7,121.558874,1995290,1.54407299590722,3.77683333333333
50,70000,85,4.3,4.20166666666667,121.639979,8.22098136008392,187.361322534966,185.78381396311,185.7889,0.237792883792543,51.1090645098334,51.7549077929804,50.98,6,121.587098,1989820,1.51077096442453,3.88916666666667
50,70000,85,4.3,4.37333333333333,121.566131,8.22597537467076,196.727367349879,193.69827654497,193.70297,0.228639402422637,53.1649212906667,53.8578776909888,53.03,7,121.513248,1996700,1.54982187648566,3.43066666666667
50,70000,85,4.3,4.19,121.501123,8.2303766031858,182.853530667712,184.440454222355,184.445574,0.23858266300716,50.908970537,50.0497116723007,50.79,6,121.446515,1988000,1.50661687861078,3.8055
50,70000,85,4.3,4.12833333333333,121.264361,8.24644596115094,171.539821249542,178.283884872426,178.28885,0.242171419954784,50.0619703661667,48.9808274470232,49.95,4,121.214535,1987960,1.49197084262933,3.459
50,70000,85,4.3,4.21,121.672043,8.21881490064238,179.663265349293,183.385864401029,183.390944,0.237451471819873,51.223930103,50.0692657827033,51.1,5,121.62003,1984740,1.51049750135039,3.84283333333333
60,70000,85,5.16,5.13666666666667,121.154983,8.25389080364941,218.962313156528,219.397261884815,219.40252,0.194628882258598,62.2332762676667,61.5247364152474,62.05,9,121.105248,2014800,1.71774697429821,4.1005
60,70000,85,5.16,5.14333333333333,121.319771,8.2426795876494,218.804550874289,219.648904304926,219.652983,0.194401517515878,62.3988022176667,62.0281872671311,62.21,11,121.266018,2013700,1.71995161499363,4.26066666666667
60,70000,85,5.16,5.17166666666667,121.692536,8.21743085377069,225.479108058479,225.225546559136,225.229916,0.193319431356429,62.9353232013333,62.9772837119381,62.65,7,121.641601,2005840,1.72325830436792,4.1455
60,70000,85,5.16,5.21333333333333,121.468535,8.23258467717586,224.58733686302,225.279058545396,225.283265,0.191675256780691,63.3255962466667,63.4489371903468,63.14,7,121.417303,2015150,1.73718405287484,4.23516666666667
60,70000,85,5.16,5.10833333333333,121.3244,8.24236509721045,207.827841448654,213.533115427733,213.53708,0.195703661033932,61.9765476666667,61.2461262436797,61.8,7,121.272593,2013340,1.71251820274716,4.49783333333333
60,70000,85,5.16,5.25666666666667,121.483926,8.23154167737384,229.312776294758,229.261823965758,229.265799,0.190193156534242,63.860050434,63.9721033444286,63.67,8,121.429755,2013600,1.74564726315848,4.514
60,70000,85,5.16,5.24833333333333,121.283473,8.24514647597534,249.70317184534,241.162303869482,241.166315,0.190513665524293,63.6536094128333,63.8672805207176,63.36,12,121.230762,2012860,1.73975539849697,4.32866666666667
60,70000,85,5.16,4.95833333333333,121.67748,8.21844765358389,223.404300385925,219.802324343193,219.806472,0.20167454456605,60.3317505,61.0485632666779,60.16,8,121.626269,2007960,1.68066340474325,3.89216666666667
60,70000,85,5.16,5.34666666666667,121.318222,8.24278483078989,230.926890347763,232.324356383728,232.328197,0.187014156930175,64.8648093626667,64.4382110020259,64.67,10,121.267128,2009260,1.76074914319861,4.17566666666667
70,70000,85,6.02,6.02333333333333,121.19044,8.25147594150166,258.459076509077,265.810861719425,265.814208,0.165875479359159,72.9970416933333,72.6241527182183,72.76,8,121.140083,2032960,1.91866606657184,4.77766666666667
70,70000,85,6.02,6.02666666666667,121.234702,8.24846338138399,276.250445047221,279.691441815266,279.693466,0.165915263316372,73.0641137386667,73.3996958385179,72.82,9,121.181163,2033600,1.92015426664198,4.48383333333333
70,70000,85,6.02,5.985,121.44377,8.23426347848062,289.833126135214,289.416903463381,289.420418,0.16707334100724,72.684096345,71.6552972295698,72.45,12,121.391576,2033780,1.91368073458819,4.48466666666667
70,70000,85,6.02,6.04833333333333,121.234395,8.24848426884136,301.401769910698,297.774732910719,297.779027,0.165327716564894,73.3266032425,73.9358038297286,73.08,13,121.182236,2042130,1.93039936769296,4.9115
70,70000,85,6.02,6.06333333333333,121.203982,8.2505540123261,263.242129196321,270.447617816932,270.45088,0.1646777051674,73.4900144193333,72.9971141954102,73.25,8,121.153104,2031280,1.92628382762302,4.62883333333333
70,70000,85,6.02,5.965,121.141287,8.25482397260647,283.021728814087,282.080503490081,282.084042,0.167574832198379,72.2607776955,72.4263165246543,72.03,10,121.091832,2037270,1.90846306869594,4.68883333333333
70,70000,85,6.02,5.97166666666667,121.098944,8.25771032322132,262.903738142082,268.25798606168,268.261435,0.167395554035724,72.3162527253333,71.7455002092926,72.08,9,121.047413,2031810,1.90580995466133,4.6815
70,70000,85,6.02,6.06833333333333,121.466994,8.23268912047004,279.077102686112,282.364660710519,282.368141,0.164632498221917,73.710220859,74.0903473843196,73.47,12,121.414277,2037100,1.93404835010783,4.563
70,70000,85,6.02,6.12666666666667,120.947388,8.26805784346496,299.249401434604,298.198764304135,298.202168,0.163198350176007,74.100433048,74.9762001903985,73.86,13,120.894449,2035690,1.94007001940506,4.60433333333333
80,70000,85,6.88,6.82666666666667,121.288803,8.24478414549115,448.160300714024,441.890030186524,441.893447,0.146443397426025,82.799822848,82.59489808373,82.51,26,121.236698,2051670,2.10615162048223,4.8695
80,70000,85,6.88,6.89333333333333,121.163418,8.25331619482706,373.356875539058,382.576290743472,382.579836,0.144996678786025,83.521982808,82.9807808533785,83.09,14,121.111005,2055800,2.11965534321838,4.8285
80,70000,85,6.88,6.84166666666667,121.077049,8.25920360843945,405.700383208942,406.165334275518,406.168411,0.146148488378563,82.8368810241667,83.0593106807941,82.54,19,121.028837,2050900,2.10612023085754,4.57733333333333
80,70000,85,6.88,6.81333333333333,121.336295,8.24155707078414,394.416873063126,397.871472022994,397.874718,0.146763396478718,82.6704623266667,82.1450409685704,82.24,15,121.286472,2049860,2.09996284625183,4.58816666666667
80,70000,85,6.88,6.795,121.25087,8.24736350345363,399.561656987118,401.672264087074,401.675366,0.147157815513122,82.389966165,82.1459227467811,82.1,16,121.199427,2051490,2.09865050646415,4.87883333333333
80,70000,85,6.88,6.88666666666667,121.307695,8.24350013410114,409.551936723338,412.671000754356,412.673942,0.145193036220232,83.5405659566667,83.6418632788869,83.11,16,121.257331,2055810,2.12002296214939,4.862
80,70000,85,6.88,6.875,120.879297,8.2727152193812,357.298839810051,367.52154704,367.524631,0.145392041307636,83.1045166875,82.705126651315,82.81,17,120.825589,2054160,2.11339405040165,4.8365
80,70000,85,6.88,6.74166666666667,121.16848,8.25297139982279,409.244717726467,406.471725820025,406.475007,0.148314211406181,81.6877502666667,81.6339142256829,81.41,14,121.116137,2048760,2.08425524612733,4.7205
80,70000,85,6.88,6.715,121.24079,8.24804919202523,342.670127245666,350.466611322164,350.469714,0.148862183671383,81.413190485,81.8215659511106,81.13,13,121.188961,2048420,2.07898255328903,4.44033333333333
90,70000,85,7.74,7.66,120.748624,8.28166787225666,779.313582618629,786.66621347389,786.668879,0.130543540538512,92.493445984,92.7662351789405,91.99,28,120.698276,2069740,2.29140923736559,5.52683333333333
90,70000,85,7.74,7.68166666666667,120.792826,8.27863734225408,827.25566222992,832.275467363636,832.278244,0.130150928951183,92.7890225056667,93.2747586506129,92.29,33,120.744567,2069740,2.29684826019059,5.155
90,70000,85,7.74,7.67833333333333,121.099736,8.25765631726893,889.566126518882,892.148897197743,892.151607,0.130229847681137,92.9844139586667,93.0113944655453,92.63,28,121.049737,2074510,2.30696848384907,5.32083333333333
90,70000,85,7.74,7.73333333333333,120.908872,8.27069166603424,924.956994081345,929.024873933621,929.028233,0.129268057967026,93.5028610133333,93.147290162698,93,32,120.859436,2072130,2.31171050595944,4.82716666666667
90,70000,85,7.74,7.715,121.022453,8.26292952432554,793.986716397988,807.113380847915,807.116109,0.129612298874055,93.3688224895,92.8285992007776,93.02,22,120.973217,2074540,2.31408049196535,5.21283333333333
90,70000,85,7.74,7.65166666666667,120.944615,8.2682474122556,805.67557891877,810.467063806143,810.470288,0.130657185564801,92.5427879108333,92.3772187738212,92.19,25,120.895082,2072390,2.29722281544912,5.14216666666667
90,70000,85,7.74,7.67833333333333,121.035747,8.26202196281732,1009.59861853574,1004.23996527328,1004.242744,0.130219908515303,92.9352810715,92.8269126424308,92.43,36,120.985641,2072520,2.30168719251309,4.88583333333333
100,70000,85,8.1,8.068333333,120.795802,8.278433385,1769.687185,1786.30457,1786.307054,0.123935646,97.46207958,96.79851286,96.41,44,120.745204,2078070,2.37872847291669,5.8245
100,70000,85,8.1,8.111666667,121.026443,8.262657112,1333.973685,1371.489775,1371.492275,0.123258014,98.17261635,97.57575758,97.28,39,120.974998,2077890,2.3944085060286,5.6963333333333
100,70000,85,8.1,8.056666667,121.075433,8.259313844,2145.612235,2156.606365,2156.608886,0.124120775,97.54644052,97.60057917,97.14,55,121.024093,2079600,2.39334604341305,5.7445
100,70000,85,8.1,8.006666667,120.987585,8.265310858,1570.32996,1585.051981,1585.054486,0.124773772,96.87072639,96.44083672,96.47,39,120.936839,2075900,2.37794797488245,5.7218333333333
100,70000,85,8.1,8.173333333,120.821339,8.276683641,2086.308525,2122.226596,2122.22907,0.122342475,98.75130774,98.49118157,98.17,61,120.770848,2080180,2.41261815154438,5.5716666666666
100,70000,85,8.1,7.926666667,120.766871,8.280416572,885.1373054,910.9433406,910.947026,0.126111171,95.72787308,96.10007358,95.33,24,120.715863,2073890,2.35550364371454,5.9185
100,70000,85,8.1,8.093333333,120.878219,8.272788996,1860.958945,1884.875746,1884.879212,0.123552479,97.83077191,97.57026665,97.1,53,120.827319,2077700,2.39096722606085,5.6643333333333
100,70000,85,8.1,8.148333333,120.948899,8.267954552,2842.73025,2864.953205,2864.955635,0.122616556,98.55319454,98.75242867,98.14,61,120.898164,2080390,2.41225580490553,5.61
100,70000,85,8.1,8.053333333,120.991578,8.265038084,2078.037262,2086.448537,2086.452044,0.124134437,97.43855082,97.2064149,96.71,58,120.940458,2076530,2.38285714924907,5.5731666666666
10,70000,90,0.86,0.888333333333333,122.71288,8.14910382675397,109.721809495508,129.693329557223,129.7249,1.12528616982552,10.9009941733333,9.18462980318651,10.94,2,122.660035,1635140,0.772518371877344,1.47366666666667
10,70000,90,0.86,0.808333333333333,122.280168,8.17794100511867,122.309872912398,128.734456797938,128.760191,1.23520468291546,9.88431358,9.68074150360452,9.93,2,122.227323,1609790,0.755391970058735,1.3055
10,70000,90,0.86,0.863333333333333,121.898606,8.20353925950556,118.399154079,129.012613399614,129.035949,1.15409965909459,10.5239129846667,9.8360655737705,10.58,2,121.85041,1609620,0.764538880178096,1.39516666666667
10,70000,90,0.86,0.905,122.056781,8.19290818426549,138.248613701861,130.416608082873,130.439882,1.10335668828545,11.0461386805,11.7755289788408,11.09,2,121.995144,1613130,0.77213365778875,1.41233333333333
10,70000,90,0.86,0.886666666666667,122.518084,8.16206038612226,118.606375092661,128.686910676692,128.709416,1.12120376844549,10.8632701146667,10.5164319248826,10.91,1,122.470031,1632250,0.771760616317311,1.32016666666667
10,70000,90,0.86,0.89,121.162275,8.25339405355339,99.8517989089877,127.153478906367,127.177075,1.1235813369382,10.783442475,8.51262862488306,10.83,2,121.11046,1610360,0.768147266600967,1.39616666666667
10,70000,90,0.86,0.836666666666667,122.089415,8.19071825350298,104.656002854255,128.140122103586,128.164511,1.19298947331474,10.2148143883333,8.35820895522387,10.27,2,122.045677,1575090,0.756441877558534,1.2395
10,70000,90,0.86,0.891666666666667,121.86181,8.20601630650324,125.657739731407,130.933487538318,130.95665,1.11984976725421,10.8660113916667,10.4575163398693,10.92,2,121.813159,1670010,0.776193261119286,1.37833333333333
20,70000,90,1.72,1.695,122.093462,8.19044675791076,129.010748479775,137.07750687414,137.094041,0.589873248422812,20.694841809,19.3120393120393,20.7,3,122.04044,1854970,0.956118411454969,2.073
20,70000,90,1.72,1.75,121.94965,8.20010553535824,133.269871489767,137.488757181905,137.500456,0.570535520558095,21.34118875,20.8472156116135,21.35,3,121.896504,1825610,0.960662316206034,1.81183333333333
20,70000,90,1.72,1.64833333333333,121.847191,8.20700084912093,126.913992267648,135.998372571284,136.0112,0.606376492424671,20.0844786498333,19.100555836281,20.1,3,121.793989,1811070,0.937851819924631,1.85233333333333
20,70000,90,1.72,1.58,122.004642,8.1964094448144,140.795259670499,137.60413056962,137.617135,0.632823508157173,19.276733436,19.0300474433316,19.29,3,121.95032,1814180,0.925583116501448,1.87033333333333
20,70000,90,1.72,1.78166666666667,122.391047,8.17053227757746,135.92286508606,139.530733378859,139.542287,0.560589229173995,21.8060048738333,21.3183730715288,21.81,3,122.335882,1841480,0.971335207871203,2.02566666666667
20,70000,90,1.72,1.73833333333333,122.05176,8.19324522645147,153.807917432529,141.346520262704,141.358564,0.574830434794823,21.21666428,22.6161954959272,21.22,4,122.005767,1803010,0.953976912933334,1.8615
20,70000,90,1.72,1.72833333333333,121.325101,8.24231747394136,139.977460468683,138.706243659595,138.718139,0.577535909432015,20.9690216228333,22.1686746987952,20.98,2,121.276794,1808090,0.951211204340796,1.6675
20,70000,90,1.72,1.73333333333333,122.368966,8.17200661808322,128.081913281337,138.545506285577,138.552209,0.576482857204808,21.2106207733333,19.5098510331571,21.22,3,122.31886,1841230,0.961767190087822,1.77816666666667
20,70000,90,1.72,1.655,122.391136,8.17052633615559,130.455209617803,136.589983281974,136.604005,0.604043215310171,20.255733008,20.1811776547559,20.27,2,122.342544,1834680,0.945164627389297,2.0135
20,70000,90,1.72,1.725,122.272433,8.17845834473581,120.364733133192,136.618713658937,136.625558,0.575561369892754,21.0919946925,18.6383389666828,21.1,3,122.219777,1827170,0.956980747629664,1.98133333333333
30,70000,90,2.58,2.51166666666667,121.712767,8.21606495890443,150.541255236756,149.584333228932,149.592414,0.397999430425348,30.5701899781667,30.1824212271973,30.54,6,121.662058,1913400,1.13268620908944,2.3875
30,70000,90,2.58,2.55,121.794336,8.21056243535003,158.092639211843,151.355580760131,151.363408,0.39169604756536,31.05755568,31.6889905259719,31.02,4,121.744597,1915530,1.14134829759074,2.38983333333333
30,70000,90,2.58,2.53,121.93956,8.20078406056246,141.079518611694,146.847065774045,146.855205,0.395044265609355,30.85070868,29.1735265064208,30.82,4,121.886714,1907300,1.13562286971497,2.5745
30,70000,90,2.58,2.64666666666667,121.835873,8.20776324227594,138.194152080167,149.000689575567,149.005179,0.377573234263854,32.2458943873333,29.5876613157066,32.2,5,121.787254,1918080,1.16191284310367,2.48183333333333
30,70000,90,2.58,2.43833333333333,121.805967,8.20977842571539,149.362442351492,147.666030386193,147.674515,0.4099662951162,29.7003549535,30.7482063546293,29.67,3,121.75692,1921810,1.12044116874739,2.506
30,70000,90,2.58,2.57333333333333,121.69365,8.2173556303061,144.923403620066,148.723499092617,148.731576,0.388137304415803,31.3158326,30.6247976691486,31.28,4,121.644694,1927300,1.14914714159442,2.46916666666667
30,70000,90,2.58,2.61833333333333,121.755165,8.21320393266273,148.49160117165,150.782755621897,150.790874,0.381607090677912,31.8795607025,31.4985682468979,31.84,4,121.709933,1927860,1.15876750144876,2.566
30,70000,90,2.58,2.635,121.860503,8.20610431913284,142.299992621038,149.560509087919,149.56861,0.378891130134725,32.1102425405,31.5523237432817,32.07,3,121.810528,1908890,1.15698203124546,2.5465
30,70000,90,2.58,2.57,121.454929,8.23350693325917,151.858181611791,149.927868098573,149.936121,0.388727953241245,31.213916753,31.1183144246353,31.18,4,121.404486,1932810,1.14906271655586,2.5305
30,70000,90,2.58,2.525,122.1493,8.18670266632719,154.182359839415,151.283121281188,151.29193,0.395897538340594,30.84269825,30.5509732761465,30.81,4,122.09562,1902410,1.1340483009244,2.2455
40,70000,90,3.44,3.47833333333333,121.933723,8.20117663429337,169.328807645849,168.515819822233,168.522001,0.287445623019166,42.4126133168333,42.2275449101796,42.33,5,121.882835,1950800,1.34483266070458,3.21083333333333
40,70000,90,3.44,3.49666666666667,121.42866,8.23528811073103,160.471424843157,164.145370693041,164.151487,0.285934773573403,42.45955478,42.7209911841792,42.37,5,121.378254,1961740,1.34977286208313,3.189
40,70000,90,3.44,3.53,121.77344,8.21197134613262,180.655910664248,172.382863146365,172.389193,0.283247420774788,42.98602432,45.5274958697191,42.89,6,121.722612,1960540,1.35823618591401,3.05083333333333
40,70000,90,3.44,3.34833333333333,121.819581,8.2088609383741,169.057603560787,164.787606583375,164.793864,0.298578898706322,40.7892563715,41.5277432197064,40.71,4,121.769798,1963690,1.32197773103692,3.16533333333333
40,70000,90,3.44,3.34166666666667,121.447301,8.23402407271282,166.226169803614,164.397903120698,164.405615,0.298989205401496,40.5836397508333,41.1867364746946,40.51,4,121.395808,1955410,1.31545072478926,2.97916666666667
40,70000,90,3.44,3.41666666666667,121.436531,8.23475433434442,170.142915767124,165.77392137561,165.779874,0.292576746246829,41.4908147583333,42.6237503048037,41.41,6,121.382427,1962070,1.33340180896558,2.84066666666667
40,70000,90,3.44,3.54666666666667,121.688819,8.21768185621064,165.583090919688,167.725436552632,167.734179,0.281896344093515,43.1589678053333,42.1423537702607,43.07,5,121.633024,1956520,1.35973861937371,3.17516666666667
40,70000,90,3.44,3.425,121.825181,8.20848359749205,178.335851649571,171.48033893236,171.486095,0.291798824915328,41.7251244925,42.3497932376551,41.65,7,121.773162,1966240,1.33912288869977,3.1055
40,70000,90,3.44,3.37,121.841298,8.20739779052584,172.466282511655,166.159572661721,166.165661,0.296713827318497,41.060517426,41.9530284301607,40.98,5,121.79325,1958950,1.32483544837944,3.0125
50,70000,90,4.3,4.26833333333333,121.524074,8.22882221674036,198.155442494945,193.28653112417,193.29127,0.234201041819211,51.8705255856667,51.2004684755026,51.74,8,121.471565,1989230,1.52373978141484,3.80316666666667
50,70000,90,4.3,4.39666666666667,121.796545,8.21041352199276,177.749350141652,185.829686423048,185.834359,0.227391005365807,53.5498809516667,51.9234413492515,53.41,6,121.744102,1995930,1.55609411636589,3.777
50,70000,90,4.3,4.19833333333333,121.66508,8.21928527067915,182.081156420177,183.374284055181,183.379266,0.237995437457324,51.0790560866667,51.2006350466362,50.95,8,121.616176,1993380,1.51190079372645,3.748
50,70000,90,4.3,4.40833333333333,121.444218,8.2342331028061,193.701970639589,192.188505086957,192.193198,0.226838782447259,53.536659435,54.0540540540541,53.39,9,121.391088,1991720,1.55369997171528,3.98033333333333
50,70000,90,4.3,4.34,121.520964,8.2290328111617,189.763728675909,190.295409289555,190.300065,0.230277883234255,52.740098376,52.7164522941064,52.6,7,121.467374,1987500,1.53789698846919,3.84883333333333
50,70000,90,4.3,4.14833333333333,121.561458,8.22629159317915,175.264031794122,179.802808220571,179.808353,0.240993072409401,50.427744827,50.090379594296,50.3,6,121.509509,1998940,1.5031005900125,3.79333333333333
50,70000,90,4.3,4.36166666666667,121.430833,8.23514074057287,194.496421349059,192.431849956439,192.43848,0.229179020335499,52.9640816601667,53.9255014326648,52.83,7,121.376865,1986820,1.54157432836806,3.84383333333333
50,70000,90,4.3,4.51166666666667,121.483374,8.23157908011346,189.393047879357,191.681505875508,191.686058,0.221625732323975,54.809248903,55.3093259464451,54.66,6,121.427584,1994390,1.57718353782626,3.68016666666667
50,70000,90,4.3,4.22333333333333,121.399698,8.23725278130428,182.921616966058,184.701171273086,184.70611,0.23676947381176,51.271139122,50.3649635036496,51.15,5,121.345257,1996220,1.51671647758754,3.54616666666667
60,70000,90,5.16,5.28833333333333,121.437676,8.2346766912766,227.021846284461,227.886178281437,227.890121,0.188991075655216,64.2202909913333,64.471403812825,64.03,6,121.385944,2015330,1.75299842353993,4.108
60,70000,90,5.16,5.09333333333333,121.475914,8.23208459250613,232.981295548154,228.595220517997,228.599158,0.196244991534359,61.8717321973333,61.769998364142,61.69,9,121.423564,2012640,1.71018740935615,3.86166666666667
60,70000,90,5.16,5.24833333333333,121.275567,8.24568398018704,226.441907260353,226.459679050492,226.463449,0.190471384118133,63.6494600805,63.7561517701222,63.46,7,121.22618,2009290,1.73946999999324,3.98233333333333
60,70000,90,5.16,5.19166666666667,121.211349,8.25005255902234,235.553965274338,230.90159918748,230.905549,0.192615390527769,62.9288920225,64.0667629593966,62.74,7,121.160106,2016740,1.73102566235983,4.078
60,70000,90,5.16,5.11333333333333,121.523955,8.22883027465655,219.658518584456,220.607140916558,220.612344,0.195550955138201,62.13924899,62.3920482320352,61.96,9,121.472891,2009260,1.71305234100179,4.081
60,70000,90,5.16,5.22833333333333,121.315989,8.24293655142192,219.21621769219,221.894063782914,221.899193,0.191227673415365,63.4280429155,63.1553784860558,63.24,9,121.265796,2019230,1.74128261533253,4.01366666666667
60,70000,90,5.16,5.13166666666667,121.533933,8.22815468335086,213.978798602225,217.560434286781,217.565578,0.194812752439104,62.3671632845,61.8444552687125,62.19,7,121.483798,2005420,1.71493961156124,4.04466666666667
70,70000,90,6.02,5.955,121.204513,8.25051786644281,257.117035008025,263.413679303107,263.417326,0.167920421345088,72.1772874915,72.2401007415699,71.94,8,121.153111,2032870,1.90400525971411,4.89466666666667
70,70000,90,6.02,5.93333333333333,121.265395,8.24637564574791,279.09222445402,277.813982109551,277.818005,0.16852585826236,71.9508010333333,72.3915180452184,71.72,12,121.210487,2033070,1.90021693284135,4.6825
70,70000,90,6.02,5.935,121.28484,8.24505354502673,276.995827676425,276.89469487672,276.898295,0.168468483346251,71.98255254,71.5850063175628,71.75,11,121.231614,2038070,1.90398344559455,4.6715
70,70000,90,6.02,6.08333333333333,121.055457,8.26067675743028,284.119458208952,285.312725141644,285.316025,0.164371410781644,73.642069675,73.757019586358,73.4,11,121.00272,2038800,1.93392279329372,4.6495
70,70000,90,6.02,6.03333333333333,121.025415,8.26272729575024,291.411475933928,289.734523351381,289.737987,0.165720451358564,73.01866705,73.0838282005248,72.78,9,120.972215,2030370,1.91732455268453,4.5165
70,70000,90,6.02,6.09,121.257489,8.24691331023686,307.873348668589,304.352068000821,304.355495,0.164173352591133,73.845810801,73.6489259816664,73.6,12,121.206844,2040870,1.93886629923007,4.42333333333333
70,70000,90,6.02,6.00666666666667,121.261969,8.24660862961907,270.449027136353,273.760391175361,273.763958,0.166449795061598,72.8380227126667,72.0765709529754,72.48,12,121.209368,2029150,1.91119251985535,4.6905
70,70000,90,6.02,5.88666666666667,121.458438,8.23326906278838,275.335242478234,274.302206037373,274.306005,0.169817012746886,71.498533836,71.2809624911536,71.27,11,121.407294,2027950,1.88891465174509,4.59533333333333
80,70000,90,6.88,6.89833333333333,121.276691,8.24560755866929,426.885735196428,428.057314314327,428.059165,0.144950543689297,83.6607040081667,83.6453677980432,83.37,17,121.227054,2056470,2.12519889209045,5.064
80,70000,90,6.88,7.03333333333333,121.089759,8.25833669385699,443.1484556029,446.344150726066,446.347454,0.142146225630095,85.16646383,85.2861035422343,84.86,16,121.038526,2058330,2.15345550316226,5.3645
80,70000,90,6.88,6.79833333333333,120.870216,8.27333674989048,417.054267805161,414.043742226526,414.047613,0.147092509944839,82.171601844,82.154675818115,81.88,18,120.818879,2051750,2.09488820733376,5.22216666666667
80,70000,90,6.88,6.85333333333333,121.210351,8.25012048682212,384.930162146819,391.062211695282,391.065497,0.145849221880107,83.0694938853333,82.7234042553192,82.78,14,121.16002,2056490,2.11458559002128,5.24733333333333
80,70000,90,6.88,6.835,121.064441,8.26006374572035,399.268702967967,401.755858382834,401.760099,0.14628676192197,82.7475454235,82.4210654638547,82.32,20,121.012571,2047840,2.09990646380506,4.83183333333333
80,70000,90,6.88,7.025,120.957767,8.26734838780547,502.179931628362,495.504868824437,495.508156,0.142235970292527,84.9728313175,85.3991222867987,84.67,22,120.906894,2050520,2.1440971206792,5.45416666666667
80,70000,90,6.88,6.94666666666667,121.001566,8.26435585139452,447.781862736634,447.272660932822,447.275545,0.143897094945537,84.0557545146667,84.1789612570469,83.62,21,120.951051,2061500,2.13347699256823,5.174
80,70000,90,6.88,6.82,121.010627,8.26373703526055,384.205425488654,387.368482469697,387.37142,0.146580094321603,82.529247614,83.0421502748931,82.24,16,120.958777,2053600,2.10272422846448,5.27483333333333
80,70000,90,6.88,6.75333333333333,121.139423,8.25495099147038,452.080997617037,442.278051819595,442.281617,0.148053527588105,81.8094903326667,80.9006785934608,81.52,29,121.088132,2055340,2.09104610035764,4.91516666666667
90,70000,90,7.74,7.69333333333333,120.96805,8.26664561427584,773.645358062154,783.388812247617,783.391886,0.129915781026646,93.0647531333333,92.8733889310083,92.56,34,120.916989,2073540,2.30489257931971,5.47566666666667
90,70000,90,7.74,7.69666666666667,121.026988,8.26261990424813,778.981549948371,789.3790148822,789.381704,0.129912333342139,93.1504384306667,93.2878640251164,92.64,26,120.97765,2069490,2.30298642751038,5.9465
90,70000,90,7.74,7.70166666666667,120.807233,8.27765006421429,816.334500478707,824.921836890067,824.924474,0.129824017425665,93.0417039488333,92.6430812506762,92.53,29,120.757011,2072160,2.30320438476207,5.40066666666667
90,70000,90,7.74,7.65,120.992327,8.26498691937713,788.214933796922,794.04922974292,794.052482,0.130717420243573,92.559130155,92.7676723668446,92.06,26,120.94229,2066890,2.29032892616877,5.66683333333333
90,70000,90,7.74,7.68833333333333,120.780051,8.27951298016922,824.13014651696,830.744765647952,830.748563,0.130057516164969,92.8597292105,92.305191286442,92.2,22,120.730279,2073840,2.2986014437143,4.99033333333333
90,70000,90,7.74,7.68,120.763677,8.28063557554644,715.079246681856,729.899527815104,729.902136,0.130170865547526,92.746503936,92.3619398936747,92.24,22,120.714267,2071050,2.29702372914175,5.63333333333333
100,70000,90,8.1,8.066666667,120.622143,8.290351797,1685.891509,1699.137096,1699.139648,0.123960086,97.30186202,97.43828117,96.89,40,120.571387,2079000,2.38827193270039,5.8676666666666
100,70000,90,8.1,8.076666667,120.894625,8.271666338,2241.901063,2250.680692,2250.683269,0.123759679,97.64255879,97.67873723,97.23,51,120.842248,2077710,2.39334189681415,5.7143333333333
100,70000,90,8.1,8.038333333,120.854983,8.274379551,1437.756753,1459.201954,1459.205692,0.124400702,97.14726383,96.72437027,96.11,49,120.803465,2078140,2.37332774818483,5.4863333333333
100,70000,90,8.1,8.168333333,120.722632,8.283450944,3416.919517,3430.853025,3430.855483,0.122392137,98.61026991,98.02101398,97.55,68,120.671427,2078190,2.39958463610024,5.9331666666666
100,70000,90,8.1,7.99,120.881562,8.272560211,957.9969539,988.3454705,988.348018,0.125132588,96.58436804,96.20398373,96.18,28,120.830488,2077430,2.37399108735537,5.6996666666666
100,70000,90,8.1,8.163333333,120.907355,8.270795437,2233.715182,2266.568935,2266.571428,0.122491409,98.70070413,98.16270287,97.48,51,120.856522,2077850,2.39801392603242,5.928
100,70000,90,8.1,7.896666667,121.105317,8.257275773,1212.185838,1223.527589,1223.530203,0.126618686,95.63283199,95.48380289,95.24,34,121.053603,2076090,2.35574353194325,5.7543333333333
100,70000,90,8.1,8.228333333,120.587417,8.2927392,2842.60159,2883.587693,2883.59105,0.121528535,99.22334629,98.70379747,98.16,70,120.536879,2079850,2.41214626552272,5.7703333333333
10,70000,95,0.86,0.905,122.292009,8.17714917088328,136.215545853304,131.488767294659,131.51309,1.10398129743094,11.0674268145,11.2235510579577,11.11,3,122.242012,1625360,0.773825989861676,1.5585
10,70000,95,0.86,0.885,121.853336,8.20658697436072,144.564737896689,131.137715348399,131.162455,1.12951171202637,10.784020236,11.8532455315146,10.83,2,121.80076,1657380,0.773451832112159,1.38733333333333
10,70000,95,0.86,0.891666666666667,121.086364,8.25856823977306,144.506400691118,130.182743031776,130.206131,1.11994400315514,10.7968674566667,12.1381886087768,10.85,2,121.044478,1617720,0.769260996974427,1.44583333333333
10,70000,95,0.86,0.905,121.955669,8.19970082735555,126.05020661052,129.876088062615,129.899329,1.10098614934623,11.0369880445,11.0395584176633,11.08,2,121.907145,1638130,0.774867478880257,1.373
10,70000,95,0.86,0.866666666666667,122.590434,8.15724332944282,138.55021059632,130.890761253846,130.915418,1.15379776817885,10.62450428,11.2391930835735,10.68,2,122.540644,1606240,0.765571967590703,1.51716666666667
10,70000,95,0.86,0.876666666666667,122.179011,8.18471185693261,116.993272886809,128.967325490494,128.990496,1.13986759172053,10.711026631,9.87654320987654,10.76,2,122.130678,1628980,0.769249039658901,1.423
10,70000,95,0.86,0.846666666666667,122.408967,8.16933615655788,130.072236545653,129.703192783465,129.727446,1.18004467258071,10.363959206,10.8161258603737,10.42,2,122.355344,1590190,0.760160726434271,1.4065
10,70000,95,0.86,0.876666666666667,122.056254,8.19294355863158,144.075049018015,130.106788815589,130.130481,1.13895660845627,10.700264934,12.0607787274454,10.75,2,122.013089,1616560,0.767713887789161,1.4725
10,70000,95,0.86,0.843333333333333,122.029208,8.19475940546955,141.636980127903,130.878807035573,130.905376,1.18376295234387,10.2911298746667,11.3524185587364,10.35,2,121.977894,1594710,0.759676586838247,1.425
20,70000,95,1.72,1.71166666666667,122.322284,8.1751253107733,142.431715932594,139.783904037001,139.790915,0.584137612751704,20.9374976113333,22.2384428223844,20.94,3,122.272457,1846940,0.958401080662304,1.72766666666667
20,70000,95,1.72,1.655,122.360593,8.17256581945463,131.367483810934,138.284864612286,138.299291,0.604023872253776,20.2506781415,19.4262707599396,20.27,3,122.316752,1847570,0.947684694954141,1.9285
20,70000,95,1.72,1.755,121.457054,8.23336288067715,149.008122430049,141.115357350427,141.127367,0.569480997388414,21.315712977,22.3065970574276,21.32,4,121.404609,1836840,0.962481385231046,2.04883333333333
20,70000,95,1.72,1.67333333333333,122.39743,8.17010618605309,127.018060163527,138.160043310757,138.177258,0.597449539812749,20.4811699533333,19.2633150821304,20.49,3,122.351028,1840270,0.949803906655449,1.90816666666667
20,70000,95,1.72,1.77166666666667,122.02038,8.19535228459377,141.176408148426,139.360999040452,139.375872,0.56308571380809,21.61794399,21.6267042783263,21.62,3,121.974593,1858250,0.971747333795816,1.93033333333333
20,70000,95,1.72,1.68166666666667,121.946067,8.20034646955855,121.344747200898,136.637199763132,136.64471,0.593424904695738,20.5072636005,18.2268449727588,20.52,3,121.893672,1847030,0.951623928801545,1.92716666666667
20,70000,95,1.72,1.645,122.504435,8.16296977329841,127.428725327998,136.757736108409,136.770526,0.607498838931104,20.1519795575,18.5316455696203,20.17,3,122.452852,1829910,0.942629139201384,1.75483333333333
20,70000,95,1.72,1.755,122.149151,8.18671265263235,128.725710121059,137.385616305793,137.397257,0.568517835520418,21.4371760005,20.7878500237304,21.45,3,122.098723,1852160,0.967726579610852,1.89716666666667
20,70000,95,1.72,1.74,122.19184,8.183852538762,129.578580743137,138.342288737548,138.354656,0.574692142807471,21.26138016,19.2915270464337,21.27,3,122.142727,1832480,0.960786290503224,1.725
30,70000,95,2.58,2.545,121.927279,8.20161007611759,157.942630040611,151.482347016372,151.490402,0.392860288707924,31.0304925055,32.3076923076923,31,4,121.871961,1928710,1.14482827023414,2.34383333333333
30,70000,95,2.58,2.58166666666667,121.240634,8.2480598047681,142.1146078693,147.8812956204,147.889385,0.387247464726921,31.3002903443333,30.8163923846402,31.26,4,121.187962,1915270,1.14529945876099,2.35416666666667
30,70000,95,2.58,2.52666666666667,121.801956,8.2100487778702,159.981626906143,152.6431349281,152.65161,0.39560589921438,30.775294216,30.9924167490933,30.75,5,121.751505,1905380,1.13390174015062,2.391
30,70000,95,2.58,2.64666666666667,121.53852,8.22784414356864,151.751926036397,150.537511935139,150.545556,0.377371301910579,32.16719496,32.9870947434687,32.13,3,121.513719,1923560,1.16237741255123,2.3555
30,70000,95,2.58,2.615,122.072006,8.19188635271546,157.641757279206,154.284525798598,154.293578,0.381670127300829,31.921829569,33.0678560050972,31.89,4,122.01801,1938990,1.16292072554322,2.44583333333333
30,70000,95,2.58,2.61333333333333,121.921467,8.20200104711667,151.133931417642,150.199043643495,150.207173,0.382517113146684,31.862143376,32.6107746254383,31.82,3,121.854119,1946650,1.16400435280064,2.48916666666667
30,70000,95,2.58,2.54833333333333,121.779141,8.21158690879582,159.453999402636,152.428135784173,152.435979,0.39240918865206,31.0333844315,32.0693036940177,31,4,121.724815,1931410,1.14560990954767,2.51216666666667
30,70000,95,2.58,2.68,121.687797,8.21775087275185,153.800472304316,151.60151339801,151.61102,0.373127143717662,32.612329596,33.6338203294995,32.57,4,121.643252,1931070,1.17206863312258,2.4085
30,70000,95,2.58,2.715,121.898348,8.20355662244086,148.505032387998,152.209877385513,152.21743,0.368272024518109,33.095401482,32.6173672905799,33.05,4,121.851914,1925750,1.17855236619937,2.60766666666667
40,70000,95,3.44,3.57,121.784088,8.21125334534673,163.752782326466,166.44652835761,166.453893,0.280097239271242,43.476919416,43.757292882147,43.39,6,121.733672,1973970,1.3721684579383,2.737
40,70000,95,3.44,1.86833333333333,121.306669,8.24356985682296,320.235061762176,167.835496869759,167.850524,0.272886563454059,22.6641293248333,43.6914846188141,22.67,4,121.260198,1441200,0.898456472380641,2.86133333333333
40,70000,95,3.44,3.29166666666667,121.651304,8.22021603648408,165.239372182655,163.816427778734,163.822801,0.303612912596456,40.0435542333333,39.8380156922298,39.97,4,121.604424,1941780,1.30118449679496,2.822
40,70000,95,3.44,3.45,121.962251,8.19925830985196,160.571730555876,164.43186257343,164.438032,0.28970275957343,42.076976595,41.4875633904854,41.99,4,121.911066,1961030,1.34296903438697,2.74116666666667
40,70000,95,3.44,3.485,121.745122,8.21388145637572,159.763969143397,164.182466643711,164.188436,0.286840467726447,42.428175017,41.9316280181688,42.34,4,121.696169,1953840,1.34618558541533,2.992
40,70000,95,3.44,3.50666666666667,121.815491,8.20913655390512,166.129613619918,167.153295043726,167.159304,0.284968863519962,42.7166321773333,41.9577096697553,42.63,5,121.768435,1938050,1.34496915519654,2.83233333333333
40,70000,95,3.44,1.74166666666667,122.240552,8.18059133109936,354.767184035477,172.363060547368,172.375296,0.288159720244019,21.2902294733333,42.3720707795313,21.3,5,122.190811,1416240,0.87583213120166,2.72716666666667
40,70000,95,3.44,3.54166666666667,121.772052,8.21206494902459,168.840549628461,167.897399023059,167.903208,0.281977423285647,43.12760175,43.707362973418,43.04,5,121.724228,1938180,1.35198087566185,3.00983333333333
40,70000,95,3.44,2.44666666666667,121.800119,8.21017260254073,213.753120712065,162.409975388965,162.418215,0.292625049138965,29.8004291153333,40.1770514130065,29.77,5,121.635835,1672520,1.0526420519146,2.80083333333333
40,70000,95,3.44,3.515,121.493911,8.2308651665679,172.692995886319,168.934666258416,168.940756,0.284458098935989,42.7051097165,43.9677648731927,42.62,5,121.491607,1968720,1.35680002392887,2.86683333333333
50,70000,95,4.3,4.33,121.461911,8.23303364624323,181.086885709956,184.62604988953,184.632739,0.230883422190146,52.593007463,51.7413892630364,52.45,6,121.411057,2014470,1.54816072401524,3.29466666666667
50,70000,95,4.3,4.36666666666667,121.366528,8.23950405831829,201.086267844112,195.223668296183,195.22838,0.228989151911832,52.9967172266667,53.9019271131464,52.86,9,121.311867,2005690,1.55117254616668,3.4885
50,70000,95,4.3,4.36166666666667,121.408546,8.2366524676113,194.846786440433,191.951079231181,191.955796,0.228916291412686,52.9543608136667,54.0783190066858,52.82,6,121.379875,1989670,1.54277008747174,3.53816666666667
50,70000,95,4.3,4.24833333333333,121.430296,8.23517715875452,196.147661165725,190.018202260887,190.023195,0.235365504957238,51.5876374173333,52.5397136693469,51.46,6,121.340278,1996980,1.52249338471041,3.47566666666667
50,70000,95,4.3,4.28666666666667,121.80556,8.209805857795,194.695963255331,191.056074398911,191.062029,0.233258405999611,52.2139833866667,52.108843537415,52.08,9,121.793657,2003370,1.53636868335741,3.50933333333333
50,70000,95,4.3,4.37333333333333,121.184813,8.25185908402565,190.454395494612,190.787299070122,190.792161,0.228600722852515,52.9981582186667,52.7719565631549,52.86,7,121.101556,2000630,1.548738783807,3.39983333333333
50,70000,95,4.3,4.265,121.439961,8.23452174857006,182.159332390856,186.058909456428,186.063858,0.234234126890973,51.7941433665,50.9083805430748,51.67,7,121.449573,1981810,1.51902851113414,3.462
60,70000,95,5.16,5.28833333333333,121.129341,8.2556380786386,234.797791413102,231.984068204223,231.987995,0.189086754912071,64.0572331655,64.5344257129353,63.86,9,121.049595,2017480,1.75123860703759,4.38866666666667
60,70000,95,5.16,5.18166666666667,121.29145,8.24460421571347,226.657834955299,224.993482214539,224.997644,0.192973780729173,62.8491863416667,63.2738382376588,62.66,7,121.242917,2013890,1.72799694655505,4.07166666666667
60,70000,95,5.16,5.03666666666667,121.183847,8.25192486256027,225.344988693337,220.810067300794,220.814926,0.198461457890139,61.0362642723333,61.8362282878412,60.86,12,121.135393,2009700,1.69393448065705,3.77366666666667
60,70000,95,5.16,5.065,121.167951,8.25300743098313,215.133840757762,215.884128102665,215.888544,0.197378892649556,61.3715671815,61.0955749300872,61.2,8,121.119981,2020690,1.70600874400552,3.85983333333333
60,70000,95,5.16,5.22,121.739476,8.21426239751517,223.127329657863,225.387076963921,225.391189,0.191552207754789,63.548006472,62.9688747007183,63.36,8,121.68812,2020030,1.74386349595699,4.1005
60,70000,95,5.16,5.19833333333333,121.340469,8.24127356883712,216.666038865145,220.099722805386,220.104308,0.192343595158384,63.0768204685,62.9427792915531,62.89,7,121.287842,2013150,1.73163340156909,3.963
60,70000,95,5.16,5.06,121.017454,8.26327085017009,228.15299234804,222.616320305007,222.621978,0.19759673255303,61.234831724,62.78610242055,61.06,7,120.966774,2003200,1.69386204992544,3.73
60,70000,95,5.16,5.05333333333333,121.359249,8.23999825509797,231.235059067664,226.7267401438,226.731229,0.197854239619393,61.326873828,61.2860676009893,61.15,9,121.30719,2013320,1.70104370794846,4.18283333333333
70,70000,95,6.02,5.96,121.16459,8.2532363622078,272.026474084652,272.887672266499,272.891839,0.167783696602908,72.21409564,72.9344331049909,71.98,9,121.114615,2025240,1.89976976314144,4.866
70,70000,95,6.02,5.94166666666667,121.307145,8.24353750968255,285.791665216152,284.47535016662,284.478923,0.168227881543899,72.0766619875,72.0516056654046,71.84,11,121.257613,2028520,1.89940906453797,4.71716666666667
70,70000,95,6.02,5.905,121.306777,8.24356251753354,258.574124164088,263.642771522439,263.647603,0.169249653295512,71.6316518185,71.144348807676,71.4,10,121.256206,2032920,1.89442158951212,4.90883333333333
70,70000,95,6.02,5.97666666666667,121.278596,8.24547803966992,290.012066535995,286.859593567764,286.863451,0.16729542055884,72.4841742093333,73.6372508016172,72.25,12,121.225389,2035160,1.91101586261211,4.91916666666667
70,70000,95,6.02,6.03166666666667,121.220972,8.24939763723393,285.136912095496,285.877629147555,285.88113,0.165721933985908,73.1164496113333,73.1040198922503,72.88,12,121.169625,2040040,1.92544995620916,4.58483333333333
70,70000,95,6.02,5.93333333333333,121.400268,8.23721410565585,262.714017252343,266.601164848596,266.604794,0.16851092432809,72.03082568,71.8017132425221,71.8,10,121.348747,2024070,1.89581965556121,4.58133333333333
70,70000,95,6.02,6.01833333333333,121.307753,8.24349619269595,276.624875926171,279.230036418721,279.233533,0.166117835478815,73.0070493471667,71.2861691817804,72.77,11,121.255661,2031570,1.91793316156947,4.741
70,70000,95,6.02,5.985,121.103639,8.257390184617,306.022841688192,298.842134681704,298.845718,0.167077442977165,72.4805279415,72.8804120840874,72.24,18,121.05203,2031520,1.90846889157028,4.63
80,70000,95,6.88,6.875,121.034872,8.26208169163016,512.960412511982,497.488324094788,497.49141,0.145367567349576,83.2114745,83.2383953460187,82.92,23,120.981568,2060130,2.11981678183499,5.16433333333333
80,70000,95,6.88,6.84833333333333,121.307966,8.24348171825748,439.377492588433,435.993725578,435.99681,0.145997171137746,83.0757387156667,83.6963134201241,82.78,22,121.255568,2050820,2.11037239633688,4.96783333333333
80,70000,95,6.88,6.805,121.045381,8.26136438861719,361.538123127185,369.8643160289,369.868779,0.146904808156258,82.3713817705,82.4047998040896,82.08,14,120.99363,2051950,2.09863009273273,4.911
80,70000,95,6.88,6.79166666666667,121.395548,8.2375343781141,384.924729774585,388.478842201963,388.481945,0.147221413650552,82.4478096833333,82.5542878174457,82.16,16,121.349963,2053570,2.10126300366016,4.79733333333333
80,70000,95,6.88,6.825,121.166899,8.25307908556775,432.333710321746,428.205512475458,428.208542,0.146502433160928,82.6964085675,82.834818703455,82.27,17,121.117252,2057700,2.10629215049172,4.99083333333333
80,70000,95,6.88,6.965,120.976264,8.26608432874072,457.073190882205,454.681903433118,454.686207,0.143533217795884,84.259967876,84.770905610719,83.68,20,120.924787,2056820,2.13104601430179,5.16616666666667
80,70000,95,6.88,6.83833333333333,121.031121,8.26233775030473,461.546397517489,452.491117183524,452.494252,0.146212455136242,82.7651149105,82.7829901303765,82.33,16,120.967084,2059590,2.10877057499068,5.10083333333333
80,70000,95,6.88,6.865,121.048338,8.2611625778786,433.569330384409,431.151981878369,431.155106,0.145663666817431,83.099684037,83.2261196747178,82.81,17,120.991528,2059850,2.11762360070164,5.20733333333333
80,70000,95,6.88,6.895,121.380461,8.23855826350833,392.736099761419,398.976139472565,398.979212,0.145018909274353,83.6918278595,83.8066465256798,83.39,17,121.328421,2050020,2.12073191773908,5.21533333333333
80,70000,95,6.88,6.73333333333333,121.138049,8.25504462268498,389.968646660483,390.345820680446,390.348987,0.148477428045545,81.5662863266667,80.8934537804727,81.28,19,121.087945,2051990,2.08427989549792,5.27883333333333
90,70000,95,7.74,7.71333333333333,121.140631,8.25486867407848,731.152644979169,747.78286042675,747.785654,0.129641529578868,93.4398067113333,92.805444528465,92.78,23,121.091208,2073280,2.30867254654534,5.75266666666667
90,70000,95,7.74,7.81666666666667,121.013805,8.26352001740628,927.556470468708,940.948952371215,940.951855,0.127879553366951,94.592457575,95.0325125253171,94.08,21,120.965543,2073060,2.33209670586119,5.43466666666667
90,70000,95,7.74,7.615,120.765934,8.28048081837383,876.102123639878,870.526389178376,870.529247,0.131286556683957,91.963258741,92.2310974942554,91.47,28,120.71572,2072080,2.2838984989294,5.48766666666667
90,70000,95,7.74,7.71,120.93162,8.26913589679854,1357.16491429919,1330.25602802551,1330.258759,0.129699512648076,93.23827902,92.7158759321301,92.28,45,120.881956,2072670,2.2990879709188,5.28266666666667
90,70000,95,7.74,7.73333333333333,120.948977,8.26794921961184,1014.79570795359,1014.41249386789,1014.415221,0.129306407972414,93.5338755466667,93.1257407606939,93.18,31,120.899679,2072790,2.31552823852551,5.73116666666667
90,70000,95,7.74,7.75833333333333,121.023351,8.2628682129286,1079.54498917407,1077.61519075446,1077.617906,0.128859019047691,93.8939498175,94.1681881645366,93.53,43,120.973044,2073180,2.32220963699485,5.60466666666667
100,70000,95,8.1,8.055,120.742684,8.282075293,3250.180097,3225.221277,3225.223794,0.12414438,97.25823196,97.3725044,96.69,76,120.691945,2077400,2.38324583299075,5.7723333333333
100,70000,95,8.1,7.855,121.053853,8.260786214,949.8834456,966.7162656,966.718811,0.12730486,95.08780153,94.71730137,94.54,28,121.000438,2071650,2.33925694505768,5.5933333333333
100,70000,95,8.1,7.973333333,121.067922,8.259826249,1350.908085,1368.057431,1368.059968,0.125407495,96.53148981,96.74992162,95.97,33,121.017961,2074250,2.36743925628511,5.84
100,70000,95,8.1,8.273333333,121.010489,8.263746459,1947.716783,2010.990187,2010.993608,0.120865065,100.1160112,98.79141908,98.88,50,120.959915,2082090,2.4272440605907,5.8336666666666
100,70000,95,8.1,7.981666667,120.959297,8.267243815,1355.949539,1373.090408,1373.092968,0.125267357,96.54567889,96.65935901,96.15,46,120.908191,2076730,2.37284303585365,5.701
100,70000,95,8.1,7.938333333,120.847863,8.274867053,1065.180431,1084.536876,1084.540449,0.125971852,95.93306191,95.17161751,95.07,37,120.796651,2075370,2.35203944243894,5.6426666666666
100,70000,95,8.1,8.085,120.908469,8.270719233,2322.904933,2334.285095,2334.288649,0.123671172,97.75449719,97.01123364,96.39,58,120.857395,2073800,2.37468245209073,5.4248333333333
100,70000,95,8.1,7.876666667,121.060389,8.260340217,1142.319851,1153.52197,1153.525562,0.126943495,95.35523307,95.15497726,94.8,36,121.008289,2072270,2.3445010967839,5.93
100,70000,95,8.1,8.098333333,120.983502,8.265589799,2088.766366,2108.150698,2108.154183,0.123460715,97.9764727,98.10680111,97.57,51,120.932847,2079210,2.40083879245481,5.9355
10,80000,75,0.86,0.875,122.562953,8.15907234219463,166.372162566263,133.006438727619,133.03004,1.14275023024762,10.7242583875,12.6546146527117,10.77,3,122.519757,1630440,0.769555674336581,1.64716666666667
10,80000,75,0.86,0.888333333333333,122.124784,8.18834610999189,113.941879091489,129.022403570357,129.052928,1.12144024691557,10.8487516453333,9.93439550140582,10.89,2,122.075987,1640360,0.772393852259226,1.53883333333333
10,80000,75,0.86,0.905,122.196725,8.18352537680531,162.645427884542,132.756854655617,132.77875,1.10253807676243,11.0588036125,13.247470101196,11.1,3,122.15555,1601430,0.770927353284505,1.52433333333333
10,80000,75,0.86,0.853333333333333,122.096938,8.19021358258796,144.054878048781,131.425980296875,131.453722,1.17044878644922,10.4189387093333,11.7073170731707,10.47,2,122.046013,1662060,0.768738578977188,1.3975
10,80000,75,0.86,0.848333333333333,122.593692,8.15702654586828,150.384347688612,130.762069318271,130.78956,1.17750634651277,10.400031538,11.3837095191364,10.45,3,122.547911,1608230,0.762553744326195,1.47066666666667
10,80000,75,0.86,0.881666666666667,121.701887,8.21679946507321,121.025827768466,128.735934308129,128.759653,1.13401601672212,10.7300497038333,10.2927289896128,10.78,2,121.651974,1573580,0.76330873173873,1.37416666666667
10,80000,75,0.86,0.883333333333333,121.511633,8.22966472683319,128.038696139278,129.470626690566,129.493539,1.13028810743962,10.7335275816667,10.7445805843544,10.78,2,121.454692,1646500,0.77150327060042,1.313
10,80000,75,0.86,0.913333333333333,122.43963,8.16729028011601,133.742323124114,132.177461965329,132.204651,1.09456724401095,11.18281954,10.9389243391067,11.23,2,122.388113,1640180,0.777258335023857,1.599
10,80000,75,0.86,0.846666666666667,122.510614,8.16255806211207,133.556314310269,130.153959362205,130.178083,1.18083765837992,10.3725653186667,10.7177974434612,10.43,2,122.457959,1621590,0.763732393924006,1.553
10,80000,75,0.86,0.94,122.010609,8.19600859462967,133.803215046266,130.359708861702,130.38199,1.06295927957092,11.468997246,11.8689105403011,11.52,2,121.960518,1683150,0.78653223394454,1.45833333333333
20,80000,75,1.72,1.62,122.24506,8.18028965751254,141.546859627408,138.480515417696,138.496391,0.616843931039095,19.80369972,20.2570694087404,19.81,3,122.19532,1790910,0.929391031907506,2.08616666666667
20,80000,75,1.72,1.65166666666667,121.742433,8.21406288142771,140.141759954568,136.925299321897,136.940269,0.605015219521695,20.1077918505,20.6757438224912,20.12,2,121.693758,1828620,0.941577168752658,1.9615
20,80000,75,1.72,1.71833333333333,121.58675,8.22458039218912,126.942156220659,137.127526482056,137.140098,0.581695376017459,20.8926565416667,19.3892389723703,20.9,3,121.540304,1811630,0.950655779583699,1.99916666666667
20,80000,75,1.72,1.77333333333333,121.146431,8.25447346443083,133.494845615683,137.760559566729,137.772752,0.562401627419173,21.4833004306667,21.7003287928605,21.49,3,121.098388,1841350,0.966146607086189,2.02516666666667
20,80000,75,1.72,1.73166666666667,121.515076,8.22943154806569,148.883305764923,139.632603785371,139.644254,0.575543522392685,21.0423606606667,22.991822991823,21.05,3,121.461954,1807510,0.952202517271685,2.17916666666667
20,80000,75,1.72,1.75833333333333,121.951604,8.19997414712151,128.777044638668,137.610179934597,137.622533,0.568695557708057,21.4431570366667,20.1326385599242,21.45,3,121.90171,1827360,0.962621699324167,1.9335
20,80000,75,1.72,1.745,122.018635,8.19546948709925,143.334860597274,140.097057890162,140.110051,0.572567816906399,21.2922518075,21.0978520286396,21.3,4,121.968324,1814720,0.957635426339386,2.23433333333333
20,80000,75,1.72,1.64333333333333,121.98005,8.19806189618712,145.575821254276,139.490768505071,139.503851,0.607720160967546,20.0453882166667,21.2873796249367,20.06,2,121.928829,1833510,0.941563118248399,2.02116666666667
20,80000,75,1.72,1.76,121.9342,8.20114455173364,145.205007959386,139.424441513258,139.436566,0.567390588929924,21.4604192,22.7165168007572,21.47,3,121.881862,1820140,0.961454394109407,1.75433333333333
30,80000,75,2.58,2.59833333333333,121.807916,8.20964706431723,139.433845118612,148.329475862091,148.337565,0.384720131631174,31.6497568406667,30.5867265149086,31.61,3,121.755238,1922660,1.15335026558859,2.55316666666667
30,80000,75,2.58,2.54833333333333,122.242232,8.18047890355929,154.06617319595,150.09124306671,150.100275,0.392205173827992,31.1513954546667,32.5269695979078,31.12,4,122.195148,1892610,1.1363668818816,2.69233333333333
30,80000,75,2.58,2.62666666666667,121.672919,8.21875572821591,163.489449255483,154.802997501269,154.812272,0.380651175949873,31.9594200573333,32.6355851569933,31.92,6,121.619013,1923370,1.15878246132489,2.49116666666667
30,80000,75,2.58,2.56833333333333,121.720143,8.21556708161278,147.761383467522,149.566745367294,149.575269,0.389192667482803,31.2617900605,30.8790139474538,31.23,4,121.667837,1908280,1.14275848917108,2.3355
30,80000,75,2.58,2.65,121.481292,8.23172015654888,160.504884544435,153.154760213208,153.162739,0.377329304286793,32.19254238,33.4486010688463,32.15,4,121.426292,1927620,1.16393065699392,2.63266666666667
30,80000,75,2.58,2.515,121.694588,8.21729229240663,131.703979501593,145.171894600398,145.180296,0.397533476033135,30.606188882,28.3537595230209,30.57,4,121.646714,1922970,1.13592345766683,2.422
30,80000,75,2.58,2.6,121.898616,8.20353858652505,157.247430557267,152.344226720513,152.352484,0.38457232166859,31.69364016,31.8808074335149,31.66,4,121.849995,1902340,1.14819231515721,2.525
30,80000,75,2.58,2.665,121.876004,8.20506061225965,160.228307743919,153.400544213258,153.408932,0.374524209773609,32.479955066,33.8855892466396,32.44,4,121.825007,1935010,1.1710599460782,2.41316666666667
30,80000,75,2.58,2.61666666666667,121.850819,8.2067564929539,150.505843203816,151.068491849045,151.076875,0.382133243024841,31.8842976383333,31.2320916905444,31.84,4,121.805479,1902890,1.1513550546074,2.56266666666667
40,80000,75,3.44,3.41333333333333,121.181359,8.25209428456732,169.474234195753,166.212117323731,166.220441,0.292844771623047,41.3632372053333,42.2748352453015,41.28,4,121.130896,1958560,1.329835306266,2.81233333333333
40,80000,75,3.44,3.44666666666667,121.61899,8.22240013668918,158.217417100666,163.020377600097,163.026864,0.289950660123308,41.9180118866667,40.5607928450568,41.84,4,121.5702,1955560,1.33828941969438,2.718
40,80000,75,3.44,3.31833333333333,121.908607,8.20286626685842,162.36761131847,163.967378763435,163.973713,0.301051874662983,40.4533394228333,39.7690183278936,40.38,5,121.856899,1940560,1.30770484187747,2.6045
40,80000,75,3.44,3.46,121.88436,8.20449809967415,169.457554884066,168.318629489884,168.324652,0.288960191198459,42.17198856,42.3067661931134,42.09,5,121.832089,1947470,1.33944397933682,2.83583333333333
40,80000,75,3.44,3.46666666666667,121.59068,8.22431456095155,174.699129277356,169.3327383625,169.338956,0.2881902407375,42.1514357333333,42.7301129536169,42.07,5,121.542606,1965940,1.34624080181499,2.61683333333333
40,80000,75,3.44,3.38,121.65689,8.21983859689328,175.458299119208,167.876038819527,167.8824,0.295633043013314,41.12002882,42.7902390929258,41.04,5,121.604113,1964560,1.32798247594741,2.67833333333333
50,80000,75,4.3,4.32833333333333,121.740793,8.21417353507793,191.32166640786,190.075742608394,190.082293,0.230955710145168,52.6934732368333,54.0134744947065,52.56,5,121.688272,1998270,1.54235246091453,3.38766666666667
50,80000,75,4.3,4.33833333333333,121.508991,8.2298436664658,193.450983305741,191.748636261237,191.755147,0.230454418031886,52.7146505955,53.3128480891108,52.58,7,121.462162,1999710,1.54339162182258,3.35733333333333
50,80000,75,4.3,4.30166666666667,121.720114,8.21556903898398,185.91139244211,187.424574950407,187.427327,0.232329941206122,52.3599357056667,52.7019174898315,52.22,5,121.673074,1992080,1.53345852279948,3.28966666666667
50,80000,75,4.3,4.36333333333333,121.666802,8.21916893977373,195.967080914682,192.34967794194,192.355276,0.229034483097785,53.0872812726667,54.0003818980332,52.95,8,121.623442,1979300,1.54003987268124,2.974
50,80000,75,4.3,4.15333333333333,121.420202,8.23586177199738,177.353891530128,180.708587820225,180.713786,0.240673095293339,50.4298572306667,50.1103309929789,50.31,6,121.371297,1974850,1.49222696113712,3.329
50,80000,75,4.3,4.39,121.65288,8.22010954446783,198.608701516715,195.368201030372,195.373074,0.227715416461655,53.40561432,52.9132662744354,53.27,7,121.560588,2008290,1.55963573367196,3.27083333333333
50,80000,75,4.3,4.215,121.651129,8.22022786159264,188.335177526774,188.025601752867,188.03081,0.237203119214709,51.2759508735,50.7610199644198,51.15,7,121.612376,1985900,1.51190733898353,2.90133333333333
50,80000,75,4.3,2.69666666666667,121.518788,8.22918016595096,295.333659445236,187.351732284302,187.359559,0.233627512730532,32.7695664973333,51.2820512820513,32.73,6,121.464939,1579380,1.06763268864059,3.51583333333333
60,80000,75,5.16,5.10833333333333,121.522237,8.2289466083479,223.185836799215,222.748960132137,222.754207,0.195632412845025,62.0776094008333,61.4255423258849,61.9,8,121.469474,2017230,1.71646085747507,3.78066666666667
60,80000,75,5.16,5.11,121.293253,8.24448166131714,217.105307241981,218.765935070776,218.770051,0.195559514310502,61.980852283,61.5685635088864,61.8,7,121.243147,2008830,1.70999579831701,3.723
60,80000,75,5.16,5.27,121.213379,8.24991439270083,221.58387771786,224.405311490512,224.410573,0.189723538463631,63.879450733,64.5849802371542,63.69,7,121.184331,2021400,1.7504916365971,3.9225
60,80000,75,5.16,5.21833333333333,121.555262,8.22671090947918,225.931850317293,226.780893402747,226.785035,0.191584235915043,63.4315875536667,63.2444515407951,63.24,7,121.51056,2018330,1.74076790059933,3.821
60,80000,75,5.16,5.225,121.363357,8.23971934131651,242.660259613822,236.289581283254,236.295249,0.191301312286443,63.4123540325,64.7903045766226,63.22,8,121.31033,2018530,1.74052865170269,3.6945
60,80000,75,5.16,5.10166666666667,121.368239,8.23938790114603,212.18083838642,216.325109636067,216.329292,0.195908268667756,61.9180299298333,61.4404703576678,61.73,8,121.293738,2017780,1.71376421183488,3.78183333333333
60,80000,75,5.16,5.14833333333333,121.399053,8.23729654629184,219.542890368284,220.181676594367,220.186039,0.194168121508903,62.5002791195,62.8580676484868,62.28,8,121.2889,2008640,1.71833506817411,3.582
60,80000,75,5.16,5.135,121.597307,8.22386633940832,214.996648182032,218.905155294385,218.909218,0.19468796446024,62.4402171445,61.5771539834496,62.22,7,121.495949,2018580,1.72287530280342,3.6665
70,80000,75,6.02,5.82333333333333,121.377865,8.23873446777137,273.690367797691,272.772414621065,272.777365,0.171626356506583,70.6823767183333,70.8828158534841,70.4,11,121.258133,2023560,1.87067396157531,4.15416666666667
70,80000,75,6.02,5.96,121.263398,8.24651144939877,262.174691803411,267.106330453859,267.110696,0.167773775698546,72.272985208,71.3966168041381,71.98,10,121.140695,2037050,1.90742812398915,3.72933333333333
70,80000,75,6.02,6.16666666666667,121.362429,8.23978234647891,284.468497682928,289.026211418919,289.02971,0.162159911866216,74.84016455,73.1117416565329,74.42,9,121.249089,2040850,1.95351219556469,3.97633333333333
70,80000,75,6.02,5.85166666666667,121.708773,8.21633457762326,270.754597955459,271.181113122757,271.184733,0.170866256090573,71.2199170005,71.2088850918411,70.92,9,121.563891,2039090,1.88981770043015,3.82766666666667
70,80000,75,6.02,5.89833333333333,121.559969,8.22639235783286,285.647215350786,283.892230096638,283.896012,0.169512137712631,71.7001217151667,71.6909167961577,71.42,12,121.440373,2031450,1.89383170916087,3.81716666666667
70,80000,75,6.02,5.80666666666667,121.206043,8.25041371905855,303.237282246669,291.252096341274,291.256125,0.172151748238519,70.3803089686667,70.8279523604534,70.08,13,121.056382,2027880,1.86773124908695,3.91116666666667
70,80000,75,6.02,6.04,121.527095,8.22861765929647,287.022918895413,288.934091506623,288.937626,0.165533468318433,73.40236538,72.713477721065,73.11,14,121.402983,2038010,1.92822356122228,4.5015
70,80000,75,6.02,6.05333333333333,121.582021,8.22490029179561,296.174404467743,295.319904340033,295.323286,0.165196151230176,73.5976500453333,74.2326221610461,73.29,9,121.449064,2033780,1.92864540278557,3.91666666666667
70,80000,75,6.02,6.03833333333333,121.58221,8.22488750615736,308.433756231604,302.757028868341,302.760471,0.165531153445763,73.4153911383333,73.9754381123223,73.13,10,121.466923,2037330,1.92813279832917,4.18266666666667
70,80000,75,6.02,5.89,121.398819,8.23731242393717,270.244240557723,273.058392062818,273.062298,0.169675901711941,71.503904391,70.1089262979205,71.21,11,121.262981,2030080,1.8892156728752,4.051
80,80000,75,6.88,6.85333333333333,121.299817,8.24403552068013,418.211062883635,418.544592080739,418.547692,0.145861227416586,83.1308079173333,83.0151975683891,82.77,17,121.161733,2057310,2.11501469356637,4.3455
80,80000,75,6.88,6.83166666666667,121.232693,8.24860007027972,420.260820577998,418.811785932179,418.814907,0.146360335060503,82.8221347678333,82.6686181241615,82.45,15,121.092429,2050890,2.10449597500267,4.45166666666667
80,80000,75,6.88,6.955,121.097956,8.2577776952734,433.463096079583,434.397928634556,434.400991,0.143775966442847,84.223628398,84.0301904876003,83.74,18,120.995714,2058810,2.13362246741633,4.86366666666667
80,80000,75,6.88,6.735,121.136254,8.25516694613984,385.514026202353,385.808875957189,385.812013,0.148470533993319,81.585267069,81.7394531733267,81.16,13,121.086649,2049550,2.0803444840958,5.207
80,80000,75,6.88,6.80333333333333,121.211026,8.25007454354854,378.295163478153,383.960767257717,383.963745,0.146969422743263,82.4639013553334,82.1432945499082,82.03,13,121.156388,2050790,2.09687704293283,4.7685
80,80000,75,6.88,6.835,121.072803,8.25949325712728,410.594336238076,411.235327584735,411.237155,0.146300284318459,82.7532608505,82.2869681823723,82.46,18,121.003894,2062490,2.11326269394121,5.2175
80,80000,75,6.88,6.71,121.010996,8.26371183656732,393.388584532095,390.966986384749,390.970286,0.148989598863636,81.198378316,81.5224140072023,80.9,15,120.936144,2055650,2.08010890470308,4.8115
80,80000,75,6.88,6.79166666666667,121.187982,8.25164330238621,368.793621618937,374.839494371043,374.842621,0.147168243877301,82.306837775,82.5910931174089,82.02,17,121.132696,2051820,2.09745590480588,4.7175
90,80000,75,7.74,7.52666666666667,120.98027,8.26581061523503,559.919209723779,576.198707745128,576.201464,0.13285865833791,91.0578165533333,90.3907893280195,90.57,18,120.925847,2069230,2.26525076383651,5.45733333333333
90,80000,75,7.74,7.69,120.857987,8.27417388641431,793.802990826818,803.332024070221,803.334826,0.130022145989597,92.939792003,92.2526817640048,92.59,32,120.863673,2074210,2.30599290969839,5.73683333333333
90,80000,75,7.74,7.67666666666667,121.017036,8.26329939199635,834.484150117504,840.74869284911,840.751873,0.130251269359097,92.900744636,92.5105828720287,92.39,29,121.010419,2073240,2.30155663348779,5.59316666666667
90,80000,75,7.74,7.6,121.07357,8.25944093331022,664.170018292085,675.94790393136,675.950911,0.131563308677193,92.0159132,91.8868545115667,91.36,17,120.977508,2068820,2.27923452246913,5.62333333333333
90,80000,75,7.74,7.73833333333333,120.827163,8.27628469601658,896.544793925334,903.077566984493,903.080258,0.129217841532414,93.5000863015,93.7331754064822,92.99,30,120.820901,2073390,2.31257794974324,5.73283333333333
90,80000,75,7.74,7.79333333333333,121.068388,8.25979445600614,1056.76902064881,1059.1498387669,1059.152518,0.128284718235458,94.3526303813333,94.6327381588795,93.99,28,121.023851,2074040,2.3312868190796,5.3415
90,80000,75,7.74,7.67333333333333,120.918227,8.27005179293606,769.404651646356,780.323960346004,780.326608,0.130283397215248,92.7845861846667,92.4530350743838,92.28,26,120.873224,2070230,2.29707183848424,5.6055
90,80000,75,7.74,7.62666666666667,120.905465,8.27092472619,760.082673799488,765.255541912806,765.258275,0.131118159570804,92.2105679733333,92.3959357587676,91.71,22,120.811704,2075240,2.29084991555978,5.3265
90,80000,75,7.74,7.76,120.846725,8.27494497678775,1176.23242535376,1168.84173322272,1168.844481,0.128844721639175,93.7770586,93.0419843229894,93.11,35,120.818504,2075760,2.31673291913543,5.425
100,80000,75,8.1,8.118333333,120.787853,8.278978185,2446.959956,2465.8055,2465.808055,0.123172284,98.05960533,98.00882685,97.64,58,120.737135,2077760,2.4008475134838,5.818
100,80000,75,8.1,8.018333333,121.139071,8.254974978,1562.523861,1578.605849,1578.609518,0.124704351,97.1333451,96.96560324,96.41,34,121.088868,2075650,2.37664131754861,5.9448333333333
100,80000,75,8.1,7.92,120.827534,8.276259284,1026.174422,1043.952833,1043.956563,0.126260089,95.69540693,95.37085744,95.15,32,120.775324,2075550,2.35364705013144,5.6958333333333
100,80000,75,8.1,7.995,120.91104,8.270543368,1384.646019,1400.389933,1400.392509,0.125076918,96.66837648,96.39395518,96.27,38,120.859931,2077460,2.37565469375246,5.8346666666666
100,80000,75,8.1,7.935,121.140605,8.254870446,1011.248527,1036.230041,1036.232581,0.126020749,96.12507007,95.56862333,95.25,26,121.089869,2075450,2.35537991708517,5.5245
100,80000,75,8.1,7.971666667,120.916607,8.270162592,1261.942989,1279.269732,1279.272168,0.125415207,96.39068855,96.08027595,95.83,36,120.865838,2077050,2.3672961797602,5.9746666666666
100,80000,75,8.1,8.053333333,121.047268,8.261235603,1713.46053,1734.793267,1734.795894,0.12414858,97.48339983,97.04086912,97.08,45,120.995413,2080390,2.39293903723329,5.5976666666666
100,80000,75,8.1,7.94,120.845342,8.275039678,2162.81308,2143.062963,2143.066642,0.125925437,95.95120155,95.36152797,95.24,59,120.79294,2074890,2.35472087733407,5.779
100,80000,75,8.1,7.79,121.227333,8.248964778,1074.974416,1078.256309,1078.260005,0.128351192,94.43609241,94.20258851,93.9,32,121.175944,2073200,2.32894572383967,5.9316666666666
10,80000,80,0.86,0.86,122.663861,8.15236037613393,119.318309732322,130.799062265504,130.823492,1.16145226390504,10.549092046,9.87415295256534,10.59,2,122.61353,1600140,0.763630319080985,1.747
10,80000,80,0.86,0.871666666666667,122.860139,8.13933638802085,142.444679417292,131.989742439771,132.013653,1.14649589058509,10.7093087828333,12.0343839541547,10.76,2,122.876722,1602860,0.766318325555916,1.42833333333333
10,80000,80,0.86,0.878333333333333,121.993305,8.19717114803964,140.291554628272,130.429821675522,130.45278,1.13589802856547,10.7150786225,11.563981042654,10.76,2,121.997191,1669200,0.77376180080829,1.57933333333333
10,80000,80,0.86,0.896666666666667,121.80775,8.2096582524511,126.331921591368,129.725733092937,129.749196,1.11345550230112,10.9220949166667,10.9563602599814,10.97,2,121.762092,1644730,0.77404172394699,1.56783333333333
10,80000,80,0.86,0.86,122.37899,8.17133725323277,126.072176320944,128.725660025194,128.750747,1.1600833600814,10.52459314,10.4549854791868,10.57,2,122.329364,1614390,0.764925148380159,1.42683333333333
10,80000,80,0.86,0.86,121.931118,8.20135184850843,137.328620635314,130.32616645155,130.350543,1.15803600278682,10.486076148,11.2294288480155,10.54,2,121.870413,1611450,0.764176698555942,1.55533333333333
10,80000,80,0.86,0.896666666666667,121.636888,8.22119026918874,136.686997131644,129.503346210037,129.528019,1.11405837021004,10.9067742906667,11.6991643454039,10.95,2,121.585305,1594130,0.76799194893261,1.485
10,80000,80,0.86,0.875,122.499516,8.16329755947771,132.662770150877,130.70972316381,130.744275,1.14223070964191,10.71870765,10.6565176022835,10.77,2,122.449882,1577670,0.76363015667775,1.408
20,80000,80,1.72,1.68,122.32659,8.17483753940987,129.258446065585,137.731883608135,137.744287,0.594149617552579,20.55086712,19.3356470004958,20.56,3,122.267034,1843070,0.951486836096102,1.9885
20,80000,80,1.72,1.805,122.032532,8.19453619138215,126.040698618282,137.324898207756,137.336437,0.553958203147738,22.026872026,20.2584217812644,22.03,3,121.981274,1905740,0.988437822956344,2.048
20,80000,80,1.72,1.77666666666667,122.088753,8.19076266591076,134.050025991983,138.698410187617,138.705331,0.562736901040338,21.691101783,20.7219878105954,21.7,3,122.031217,1866140,0.974690905864361,2.05616666666667
20,80000,80,1.72,1.67666666666667,121.890834,8.20406233334986,128.587639587216,137.713252878728,137.730517,0.595986024159046,20.437029834,19.1753601589667,20.45,3,121.848118,1791610,0.939569078706684,2.00666666666667
20,80000,80,1.72,1.76833333333333,121.965527,8.19903807737411,123.063099139047,137.160758743638,137.172518,0.564311469157399,21.5675706911667,19.7833254828073,21.57,3,121.914877,1830930,0.96528113885104,2.10416666666667
20,80000,80,1.72,1.75666666666667,122.094797,8.19035720252682,143.327188168894,138.693306476281,138.705089,0.569171649348197,21.4479860063333,21.9535324798483,21.45,3,122.046157,1855440,0.968401741197155,2.1
20,80000,80,1.72,1.72833333333333,121.986478,8.19762990452106,135.23718790301,138.183317019286,138.197155,0.578531770698168,21.0833296143333,19.710843373494,21.1,4,121.933436,1832370,0.958035183298489,1.9905
20,80000,80,1.72,1.655,121.681344,8.21818667617609,133.192032197197,136.723754145015,136.736853,0.60300925904431,20.138262432,20.1308505284348,20.15,2,121.626984,1821660,0.940704304485824,1.95383333333333
30,80000,80,2.58,2.58166666666667,121.624804,8.22200708335777,140.739708408823,148.080358154939,148.089185,0.387105782602324,31.3994702326667,31.0422717005486,31.36,4,121.577074,1901110,1.1428332401186,2.6
30,80000,80,2.58,2.56166666666667,122.007644,8.19620777203107,141.676055667518,148.043480234873,148.05177,0.390279771630449,31.2542914713333,30.8943089430894,31.22,3,121.953212,1901870,1.14072330924113,2.146
30,80000,80,2.58,2.66333333333333,121.690639,8.21755895291174,155.848548564968,151.827063048185,151.835039,0.375396803361076,32.4102735203333,33.2499218016891,32.37,4,121.641996,1924890,1.16682230691161,2.61516666666667
30,80000,80,2.58,2.56,122.152419,8.18649362973319,144.784209241783,148.451234852214,148.459174,0.390230554986979,31.271019264,30.8493328994468,31.23,5,122.102651,1912480,1.14398283431268,2.52816666666667
30,80000,80,2.58,2.60666666666667,121.834731,8.20784017654211,147.861887678912,148.655457905371,148.663841,0.382432012257033,31.758253214,32.2147651006711,31.72,4,121.783444,1925180,1.15594827771332,2.75383333333333
30,80000,80,2.58,2.655,122.266587,8.1788493858915,157.41917642116,153.821577376648,153.82932,0.376369183825487,32.4617788485,33.3856291182931,32.42,4,122.218616,1921730,1.16671125584718,2.40316666666667
30,80000,80,2.58,2.55,122.090248,8.1906623696923,140.412911325916,147.695974837909,147.70436,0.391986113566667,31.13301324,30.3822280300555,31.1,3,122.038206,1921550,1.14443867780089,2.80266666666667
30,80000,80,2.58,2.61666666666667,121.992223,8.19724385217572,147.464092128557,151.337508424841,151.345665,0.382112564421656,31.9212983516667,30.3406558420885,31.88,5,121.943102,1922850,1.15795399760478,2.33466666666667
30,80000,80,2.58,2.55166666666667,121.614683,8.22269133407189,144.57976228784,148.194332678641,148.202541,0.391846431844546,31.0320132788333,30.6235716617695,31,4,121.567393,1925650,1.14394241234547,2.53716666666667
40,80000,80,3.44,3.52833333333333,121.689898,8.21760899166831,168.981188434102,168.401085006613,168.407805,0.28340906798394,42.9362523443333,43.754427390791,42.84,5,121.637344,1964040,1.3587537430796,3.2525
40,80000,80,3.44,3.23833333333333,121.699631,8.21695178352677,152.771799210348,159.062289908904,159.06592,0.308790880960885,39.4103971721667,38.35863133522,39.34,4,121.646878,1954420,1.29505134658932,2.84866666666667
40,80000,80,3.44,3.48833333333333,121.827134,8.20835200801818,186.092347129097,173.239176051601,173.245154,0.286661023826087,42.4973652436667,45.1158347265345,42.41,6,121.774762,1959510,1.34959176585532,2.94533333333333
40,80000,80,3.44,3.40666666666667,121.794885,8.21052542559566,159.728812780602,163.932404323875,163.938501,0.292927756423679,41.49145749,39.9853264856933,41.41,5,121.744017,1966490,1.33508442952905,3.03616666666667
40,80000,80,3.44,3.475,121.729974,8.2149035865234,160.339721509774,164.689017198561,164.695179,0.287663847380336,42.301165965,41.3809637976504,42.21,5,121.679499,1953190,1.34370865709572,3.095
40,80000,80,3.44,3.50166666666667,121.526003,8.22869159944313,168.16709082144,167.102947674917,167.108875,0.285469308734888,42.5543553838333,42.4934570544849,42.47,6,121.476669,1966150,1.35321102742176,3.137
40,80000,80,3.44,3.455,121.736913,8.21443533729166,164.504391262214,164.813525535456,164.819665,0.289366776880367,42.0601034415,42.6091150229081,41.98,4,121.68792,1954310,1.34020551108999,2.9025
40,80000,80,3.44,3.35333333333333,121.56136,8.22629822502809,160.922662781078,161.984897746024,161.991587,0.298173809049702,40.7635760533333,40.4472049689441,40.69,4,121.508395,1951540,1.31708503437831,3.14616666666667
40,80000,80,3.44,3.425,121.799892,8.2101879039433,173.932497287853,168.083969220925,168.090015,0.291761939314842,41.71646301,43.8822670882997,41.64,4,121.751649,1950230,1.33282365767317,2.99683333333333
40,80000,80,3.44,3.36833333333333,121.533402,8.2281906335511,155.821210948166,161.942628121722,161.948719,0.296777171827808,40.936500907,39.871382636656,40.86,5,121.484062,1953020,1.32054741319215,3.0415
50,80000,80,4.3,4.24833333333333,121.440922,8.23445658622388,183.91439917257,185.003313333856,185.008448,0.235237716711259,51.5921516963333,52.0690331437537,51.46,7,121.39273,1979110,1.5141174069891,3.5905
50,80000,80,4.3,4.22833333333333,121.43311,8.23498632292297,176.803990594376,181.841911189988,181.847011,0.236429186456839,51.3459666783333,49.9704433497537,51.21,6,121.381843,1980550,1.5104551578282,3.6645
50,80000,80,4.3,4.24666666666667,121.261594,8.24663413215564,180.917207739708,184.083995916798,184.089122,0.235360653051805,51.4957569186667,50.5002942907593,51.37,5,121.212572,1976910,1.51152770589027,3.58066666666667
50,80000,80,4.3,4.31833333333333,121.66881,8.21903329209844,169.601165464419,178.927023355847,178.93214,0.231473033114628,52.540647785,51.6689176152807,52.41,6,121.617958,1984920,1.5333583875503,3.48233333333333
50,80000,80,4.3,4.38833333333333,121.517602,8.22926048195059,192.745736933725,191.512915195974,191.519456,0.227804157633498,53.3259743443333,54.6610973988988,53.18,6,121.46547,1993220,1.55076185028925,3.6745
50,80000,80,4.3,4.22666666666667,121.635775,8.22126549528706,189.722169884357,188.137713272082,188.143566,0.236482846941246,51.4113875666667,51.9613640843682,51.29,6,121.580872,1985730,1.51426330427397,3.54316666666667
50,80000,80,4.3,4.46166666666667,121.705926,8.21652677783332,197.386388249734,195.049859845723,195.054492,0.223915479859544,54.301127317,55.0513538748833,54.16,6,121.655226,1988600,1.56559770566385,3.61216666666667
50,80000,80,4.3,4.395,121.763267,8.21265743469252,196.216079236961,194.348896855138,194.353687,0.227416531391354,53.5149558465,54.8436018957346,53.37,6,121.713554,1981330,1.54830723295297,3.53683333333333
50,80000,80,4.3,4.26833333333333,121.582381,8.22487593823319,178.810934723109,182.842605542366,182.849463,0.234261871888325,51.8954129568333,51.5127854772594,51.76,7,121.530659,1989550,1.52423910869197,3.41866666666667
60,80000,80,5.16,5.20333333333333,121.225247,8.24910672279348,226.097598129753,226.271373264254,226.275995,0.192153569800128,63.0775368556667,62.9783827061649,62.89,8,121.179129,2010260,1.72998945569665,4.48183333333333
60,80000,80,5.16,4.99666666666667,121.543332,8.22751839648431,215.484660275435,215.199123467979,215.203621,0.200125233531688,60.731151556,60.61364015341,60.56,10,121.495997,2007300,1.68733700465504,4.0045
60,80000,80,5.16,5.03833333333333,121.456148,8.23342429730276,214.889638618122,216.65008728614,216.654343,0.198448545228581,61.1936559006667,60.6747147345791,61.02,10,121.403356,2001200,1.69205524347604,4.08266666666667
60,80000,80,5.16,5.19166666666667,121.32301,8.24245953014189,209.030959735574,214.336773266453,214.341934,0.192598970347673,62.9868626916667,63.3285186968384,62.8,6,121.267402,2027750,1.73833985336484,4.201
60,80000,80,5.16,5.14833333333333,121.219236,8.24951577817237,207.188887516804,213.958879002914,213.963785,0.194103302442862,62.407703334,61.4500728273183,62.23,8,121.165905,2017660,1.72253410873111,3.96033333333333
60,80000,80,5.16,5.12666666666667,121.649802,8.22031753080864,213.096595970503,216.793998775358,216.798627,0.194965842225618,62.365798492,62.8311392816512,62.18,7,121.596313,2010770,1.71777396246452,3.9405
60,80000,80,5.16,5.12833333333333,121.387598,8.23807387637739,218.43889321126,220.282050878128,220.284693,0.194791278207345,62.2516065076667,61.5434606011373,62.07,10,121.335854,2007220,1.71384259422673,4.14283333333333
60,80000,80,5.16,5.065,121.674919,8.21862063454507,227.118198734757,223.559926737743,223.56515,0.197351454217177,61.6283464735,62.7734824806712,61.44,8,121.624236,2006450,1.7023374393084,3.93483333333333
60,80000,80,5.16,5.28166666666667,121.686805,8.21781786447594,237.272548471147,235.548245523825,235.552258,0.188901401110445,64.2709141741667,63.8113267076826,64.08,8,121.634263,2019540,1.75631979543534,3.84216666666667
60,80000,80,5.16,5.20833333333333,121.253793,8.24716468869555,236.874740041593,231.2850763936,231.290578,0.19195214244224,63.1530171875,64.4696848504239,62.97,9,121.199845,2013380,1.73317514547392,4.24933333333333
70,80000,80,6.02,6.13666666666667,121.350909,8.2405645597595,297.677588222995,297.582436356057,297.585758,0.162915898741988,74.469007823,74.949083503055,74.22,13,121.300751,2033220,1.94483930037095,4.79816666666667
70,80000,80,6.02,6.27166666666667,121.178153,8.25231260951799,298.240710270028,302.919509980601,302.922791,0.159387087569227,75.9988982898333,75.1561046897835,75.74,11,121.127903,2033600,1.97216969966798,4.6055
70,80000,80,6.02,5.955,121.260216,8.24672784683148,258.127364214398,263.618842570949,263.622276,0.167772063787573,72.210458628,71.6384496991745,71.98,11,121.209796,2030420,1.90312880710343,4.59816666666667
70,80000,80,6.02,6.09666666666667,121.373948,8.23900034956431,261.044163202704,270.889217019956,270.89295,0.163994265178786,73.9976502973333,72.7483941506082,73.75,9,121.321565,2035550,1.93801556448574,4.49816666666667
70,80000,80,6.02,6.00333333333333,121.435916,8.23479603843067,312.132861649458,303.430786068295,303.434174,0.166556926266241,72.9020282386667,73.851492019431,72.5,13,121.329943,2034480,1.91502860199845,4.03483333333333
70,80000,80,6.02,5.81166666666667,121.240972,8.2480368105264,272.347983755331,271.010302463722,271.015133,0.172042574185546,70.4612115606667,69.9784946236559,70.23,15,121.175905,2029380,1.87134546122829,4.26233333333333
70,80000,80,6.02,6.04,121.179011,8.2522541795625,291.979071787933,290.60261378808,290.606167,0.165554963883278,73.192122644,73.1549179197131,72.82,11,121.110558,2033450,1.9200558933207,3.81583333333333
70,80000,80,6.02,5.96,121.096347,8.25788741587721,260.673467836746,265.298493751678,265.302074,0.167764839538031,72.173422812,72.0956242136167,71.94,10,121.049757,2036630,1.90644216723243,4.2085
80,80000,80,6.88,6.94333333333333,120.999348,8.26450734263461,426.607558781468,429.42412387302,429.427167,0.144018754132741,84.013880628,83.559342373695,83.58,15,120.972356,2059160,2.13099950038565,4.81633333333333
80,80000,80,6.88,6.83333333333333,121.037113,8.26192871933421,439.577564901365,433.632176686829,433.635283,0.146284661512195,82.7086938833333,83.4898183148397,82.41,18,120.994287,2063110,2.11281805799353,4.80816666666667
80,80000,80,6.88,6.72166666666667,121.367732,8.2394223202589,355.527294022898,363.634557002975,363.637595,0.14875561776965,81.5793438593333,80.4512210239246,81.29,14,121.311832,2055130,2.08675189128972,4.646
80,80000,80,6.88,6.87333333333333,121.049877,8.26105754737776,375.338679620103,382.848933436954,382.852021,0.145474349698109,83.201615458,82.4706024972724,82.77,20,120.998768,2056980,2.11476951014219,4.94416666666667
80,80000,80,6.88,6.97333333333333,120.799081,8.27820867279611,456.838231413527,455.394107116635,455.3971,0.143382671078633,84.2372258173333,83.9407336599355,83.93,19,120.751993,2061700,2.13922556889435,4.6775
80,80000,80,6.88,6.89833333333333,121.04846,8.26115425177652,521.017716837774,503.837260596279,503.841454,0.14489215692776,83.5032626566667,85.0465032008697,83.06,20,120.997197,2059910,2.12217919285475,4.9495
80,80000,80,6.88,6.91833333333333,120.773866,8.27993698570517,436.398415551809,434.388802730426,434.391819,0.14454281285377,83.5553862943333,84.1503071179092,83.12,26,120.723304,2055400,2.11989716386781,4.67833333333333
80,80000,80,6.88,6.93666666666667,120.985899,8.26542603944283,459.446471940465,456.141045791927,456.144181,0.144153203679001,83.923885273,84.0720720720721,83.63,16,120.937228,2055430,2.1291019556764,4.80283333333333
90,80000,80,7.74,7.585,121.114816,8.25662815687224,733.740012401831,739.50180040167,739.504738,0.13177055584443,91.865587936,92.1784027243766,91.36,22,121.065676,2070260,2.28041276641275,5.0615
90,80000,80,7.74,7.77333333333333,120.98493,8.26549223940535,951.316161797983,959.107808180103,959.110584,0.128637994987779,94.04561892,93.9543359416872,93.69,35,120.935792,2070880,2.32318641038847,5.3385
90,80000,80,7.74,7.75833333333333,120.896743,8.2715214255193,812.10898119995,827.216749253921,827.219425,0.12888973844189,93.7957231108333,93.0834496831704,93.13,30,120.847095,2071980,2.31394507803966,5.19066666666667
90,80000,80,7.74,7.84333333333333,120.972861,8.26631685597648,1201.58262377234,1204.13462637314,1204.137306,0.127492205035062,94.883047311,94.815680441942,94.36,43,120.923418,2074540,2.33843113560694,5.37883333333333
90,80000,80,7.74,7.72,121.067552,8.25985149183491,1025.64389353212,1021.89955661615,1021.902469,0.129506323205743,93.464150144,93.2649757150567,92.95,31,121.020155,2069680,2.30876418124293,5.3345
90,80000,80,7.74,7.79,120.941589,8.26845428663915,856.43422765555,871.21756410398,871.220335,0.128356069651262,94.213497831,94.0742325382394,93.85,28,120.893587,2071540,2.32664324429739,5.24866666666667
90,80000,80,7.74,7.70833333333333,120.970123,8.26650395321165,927.095682862627,928.960827981189,928.963649,0.129704337580757,93.2478031458333,92.9088747162469,92.74,32,120.922845,2072210,2.30705766802359,4.99583333333333
90,80000,80,7.74,7.75333333333333,120.948706,8.26796774493809,1145.8350178322,1140.67180506212,1140.674444,0.128933947107911,93.7755633853333,93.0574959699087,93.42,35,120.899419,2072470,2.31961826249627,4.97
100,80000,80,8.1,8.211666667,120.988091,8.265276291,2229.667298,2275.771276,2275.773715,0.121753043,99.35138739,98.25469305,97.79,64,120.937209,2078820,2.4045045847639,6.0531666666666
100,80000,80,8.1,8.08,121.014859,8.263448045,3037.213204,3034.342666,3034.346227,0.123752845,97.78000607,97.5043828,97.05,71,120.963966,2077620,2.38998779057669,5.8248333333333
100,80000,80,8.1,8.035,120.796311,8.278398502,1919.864618,1926.023976,1926.02743,0.124415328,97.05983589,97.07559888,96.33,41,120.745446,2076330,2.37577276681473,5.8333333333333
100,80000,80,8.1,8.041666667,120.897676,8.271457592,1938.162063,1946.114565,1946.117061,0.124303659,97.22188112,96.60138846,96.34,52,120.847055,2075830,2.37552372097035,5.6456666666666
100,80000,80,8.1,8.055,121.099752,8.257655226,2510.05279,2512.132412,2512.13498,0.124124142,97.54585024,97.66214958,97.14,66,121.048659,2079440,2.39320702654947,5.916
100,80000,80,8.1,8.11,121.028744,8.262500022,1883.102512,1911.865906,1911.868373,0.123292941,98.15431138,97.31840132,97.1,49,120.978436,2078300,2.3914883290691,5.85
100,80000,80,8.1,8.035,121.003132,8.264248896,1109.916489,1141.837303,1141.839884,0.12444799,97.22601656,96.41190501,96.34,31,120.951999,2078800,2.37808340871219,6.1051666666666
100,80000,80,8.1,8.048333333,120.959114,8.267256323,1495.725722,1516.864473,1516.867033,0.124244532,97.35192692,97.12185526,96.79,46,120.907514,2078380,2.38591402419557,6.0471666666666
10,80000,85,0.86,0.886666666666667,121.53607,8.22801000558929,127.078259027851,128.169822958647,128.192137,1.12022550318609,10.7761982066667,10.7042253521127,10.82,2,121.491803,1645950,0.772018177148758,1.54566666666667
10,80000,85,0.86,0.841666666666667,122.547028,8.16013261455839,108.117636689485,128.763379174257,128.787883,1.18737431680396,10.3143748566667,8.90207715133531,10.37,2,122.498127,1600490,0.760584748205559,1.44783333333333
10,80000,85,0.86,0.85,121.911398,8.20267847309896,149.795471567667,130.990152892157,131.015705,1.17174161585294,10.36246883,11.3614103819785,10.42,3,121.862042,1626050,0.764077486781847,1.38883333333333
10,80000,85,0.86,0.84,122.504683,8.16295324808114,139.223181839634,130.355368337302,130.380099,1.18835307623413,10.290393372,10.1090188305253,10.34,2,122.463328,1599530,0.760059977092444,1.37283333333333
10,80000,85,0.86,0.863333333333333,122.371364,8.17184647872357,127.334939292509,128.92662627027,128.952267,1.15569231606757,10.5647277586667,10.8003857280617,10.62,2,122.320406,1658200,0.770494058153575,1.2865
10,80000,85,0.86,0.893333333333333,121.978454,8.19816916190789,102.238110472799,127.690002720149,127.721683,1.11604178419963,10.8967418906667,8.94687791239515,10.95,2,121.920048,1596280,0.768236761349671,1.3045
10,80000,85,0.86,0.878333333333333,122.475228,8.16491641885329,94.9665908252921,128.739890328273,128.762472,1.13492117658444,10.757407526,8.34123222748815,10.81,1,122.432522,1633670,0.770490780714804,1.3755
10,80000,85,0.86,0.883333333333333,122.351824,8.17315155023762,119.502783063326,129.363084586793,129.386382,1.12530770788491,10.8077444533333,10.3675777568332,10.86,2,122.304624,1599800,0.767376347070449,1.3605
10,80000,85,0.86,0.82,122.49447,8.16363383587847,116.379844001486,129.534043034553,129.559272,1.21814414789837,10.04454654,9.13705583756345,10.1,2,122.443386,1605100,0.757290044867407,1.4665
20,80000,85,1.72,1.69666666666667,122.227779,8.18144621608481,152.194229929024,140.698599679764,140.715097,0.589124305995089,20.737979837,22.5822287677958,20.75,3,122.176258,1840730,0.95408697666829,2.06683333333333
20,80000,85,1.72,1.71666666666667,122.115713,8.18895435675833,128.884555051512,137.415914606796,137.427811,0.582033229070874,20.9631973983333,19.893255701116,20.97,4,122.065655,1837750,0.95703338665282,1.87966666666667
20,80000,85,1.72,1.68333333333333,122.29421,8.1770020019754,149.323195555577,140.196866240594,140.209206,0.59374356299604,20.5861920166667,22.0682830282039,20.59,3,122.236351,1861570,0.95563988320907,1.94366666666667
20,80000,85,1.72,1.69666666666667,121.828495,8.20826030888751,145.250006510209,138.862569596267,138.874805,0.58875111571611,20.6702346516667,22.3858615611193,20.68,3,121.777249,1865080,0.95780630717669,2.09716666666667
20,80000,85,1.72,1.73,122.142791,8.18713893642728,123.009787905522,137.286716847784,137.298714,0.577901152789981,21.130702843,18.9696677900818,21.14,3,122.091701,1829890,0.958173462121215,2.01566666666667
20,80000,85,1.72,1.655,121.764095,8.21260158834179,127.718387038408,136.131661076536,136.144151,0.603883261045317,20.1519577225,19.3256165072974,20.16,3,121.715406,1834060,0.943276196177163,1.77516666666667
20,80000,85,1.72,1.71166666666667,121.969424,8.19877611293794,147.833317934029,140.017634429406,140.030474,0.584133815626096,20.8770997413333,22.3844282238443,20.89,3,121.920251,1806160,0.949397965132582,1.9345
20,80000,85,1.72,1.745,122.18884,8.1840534700223,123.639994255664,137.874595882522,137.886191,0.57303117182426,21.32195258,18.9976133651551,21.33,4,122.13886,1865330,0.96847677468543,2.046
20,80000,85,1.72,1.68,121.688416,8.21770907100969,149.030856765116,139.022344671627,139.034689,0.595114840605159,20.443653888,21.9633118492811,20.46,3,121.638144,1818030,0.944935246544792,1.9835
30,80000,85,2.58,2.49666666666667,121.648048,8.22043605664762,154.493612437538,149.993852140855,150.00228,0.400376740982644,30.3714626506667,31.8985652318986,30.34,4,121.602316,1925950,1.13289470840192,2.67233333333333
30,80000,85,2.58,2.49833333333333,121.541036,8.22767382038771,139.606241884942,146.962891022015,146.967615,0.399787225977985,30.3650021606667,29.1430476825609,30.33,4,121.493489,1900310,1.12545380380259,2.32283333333333
30,80000,85,2.58,2.62,121.961728,8.19929347016139,149.516377625942,150.544185723283,150.554107,0.381518468156489,31.953972736,32.0508744038156,31.91,4,121.914368,1910470,1.1547766541952,2.4035
30,80000,85,2.58,2.66,121.972337,8.19858030595905,160.831141430149,154.746441997494,154.754604,0.37569302356203,32.444641642,33.1349827748199,32.4,5,121.924598,1919240,1.16562320338781,2.53683333333333
30,80000,85,2.58,2.46666666666667,121.938873,8.20083026353704,148.689723157808,148.931517736487,148.939904,0.404812176114865,30.07825534,29.9223235393448,30.04,4,121.888516,1919850,1.12611891836719,2.495
30,80000,85,2.58,2.5,122.06538,8.19233102784754,150.083305564812,150.296482465333,150.305723,0.399425439214667,30.516345,30.923025658114,30.49,3,122.013412,1891210,1.12552339325236,2.40716666666667
30,80000,85,2.58,2.42166666666667,121.997075,8.19691783593992,152.845576960092,148.278034341363,148.286651,0.412755831077082,29.5436249958333,30.546955624355,29.51,4,121.938785,1949300,1.12534713805239,2.3035
30,80000,85,2.58,2.72833333333333,121.673833,8.21869398985729,152.317355803532,152.928204312767,152.937721,0.366278659109346,33.1966774368333,33.2213740458015,33.15,5,121.615692,1948260,1.18717973391264,2.3115
30,80000,85,2.58,2.54333333333333,121.896122,8.20370643128417,159.179957062623,151.373498084535,151.381905,0.392876929828309,31.0022470286667,32.361611529643,30.97,4,121.843222,1933840,1.14580519550027,2.65616666666667
30,80000,85,2.58,2.53833333333333,121.69531,8.2172435404454,165.23793033674,154.239357336179,154.247304,0.393713964726198,30.8903261883333,32.1627830653101,30.86,4,121.647431,1892480,1.13201899949563,2.559
40,80000,85,3.44,3.43166666666667,121.393029,8.23770531337512,176.228781888407,168.713683302574,168.720271,0.291364290359883,41.6580411185,43.5785384802136,41.57,5,121.343136,1962780,1.3364229982043,3.17633333333333
40,80000,85,3.44,3.42166666666667,121.688849,8.21767983030228,167.582440064372,166.343471613249,166.350053,0.292128845867998,41.6378678328333,42.4884343803263,41.55,6,121.635409,1967810,1.33800014113253,2.89633333333333
40,80000,85,3.44,3.31833333333333,121.410526,8.2365181417631,173.111414117735,166.252938998996,166.25933,0.301126384877449,40.2880595443333,42.0788350489581,40.21,6,121.359253,1971640,1.31632003672817,2.98183333333333
40,80000,85,3.44,3.48333333333333,121.679328,8.21832283623394,158.062961975398,164.01320670622,164.016639,0.287003229633014,42.38496592,40.7079646017699,42.3,5,121.657556,1969180,1.35146026616182,3.10883333333333
40,80000,85,3.44,3.40166666666667,121.751706,8.21343727208225,170.566574063441,168.13149211024,168.137837,0.293949302492406,41.415871991,41.513592946363,41.34,5,121.675638,1973670,1.33660753828458,3.14933333333333
40,80000,85,3.44,3.58166666666667,121.684209,8.21799318266514,169.507101275947,169.964378176361,169.972661,0.27914990018241,43.5832275235,43.0100023261224,43.49,6,121.645924,1979030,1.3759160258172,3.091
40,80000,85,3.44,3.28666666666667,122.117074,8.18886309051263,152.245505518321,159.997149378296,160.003536,0.304088944959432,40.1358116546667,38.5804816223067,40.06,5,122.089027,1964400,1.31105889123183,3.021
50,80000,85,4.3,4.41833333333333,121.536881,8.2279551011351,179.296815898818,186.407617347793,186.412512,0.226112232121464,53.6990452551667,52.3288704506883,53.56,5,121.501248,1987320,1.55452260805288,3.88133333333333
50,80000,85,4.3,4.23333333333333,121.740348,8.21420356051553,184.801491429395,186.316507933465,186.321281,0.23612365025315,51.53674732,50.403463885062,51.41,8,121.690735,2003280,1.52456890786599,3.73333333333333
50,80000,85,4.3,4.32833333333333,121.072748,8.25949700918658,184.072612101844,186.460917572969,186.465715,0.231018477385445,52.4043210926667,51.8768046198268,52.27,6,121.021121,1991860,1.53422633435157,3.606
50,80000,85,4.3,4.26,121.328149,8.24211041083302,197.87543305337,192.143283405712,192.149079,0.234579905686229,51.685791474,51.9851359280266,51.55,8,121.274663,1988590,1.52012857793905,3.412
50,80000,85,4.3,4.52333333333333,121.509806,8.22978846661972,190.249883503166,192.914667127487,192.919191,0.220996931681282,54.9629355806667,54.1904586480015,54.82,6,121.460553,1996200,1.580880394968,3.39466666666667
50,80000,85,4.3,4.155,121.562824,8.22619915443886,181.410294925652,182.446486901324,182.451482,0.240644716687525,50.509353372,49.4686184078604,50.39,6,121.510766,1981450,1.49664254520478,3.6215
50,80000,85,4.3,4.43666666666667,121.741815,8.21410457861171,199.27831451519,197.425481530428,197.432082,0.225083527574005,54.012785255,53.5586854460094,53.88,7,121.689902,1993830,1.5632825532566,3.52966666666667
50,80000,85,4.3,4.23333333333333,121.161282,8.25346169579157,190.240931554487,188.331638441339,188.336482,0.236052442616535,51.29160938,52.2338122416847,51.16,6,121.109842,1989230,1.51363337340061,3.6545
50,80000,85,4.3,4.32833333333333,121.413095,8.23634386389705,189.453811924101,187.973976572199,187.978786,0.230918127510974,52.5516346191667,53.2435033686237,52.42,6,121.364499,1980340,1.53134701913194,3.71133333333333
60,80000,85,5.16,5.165,121.59073,8.22431117898544,210.726303012056,216.87232224879,216.877163,0.193591907825428,62.801612045,61.8648169059526,62.61,9,121.53622,2008280,1.72393747442823,4.18416666666667
60,80000,85,5.16,5.15833333333333,121.723181,8.21536203527248,209.768257585859,215.288686644265,215.292599,0.1937724354,62.7888741991667,62.8169924083347,62.6,7,121.674736,2011770,1.72573794124371,4.09266666666667
60,80000,85,5.16,5.08666666666667,121.31112,8.2432673937888,208.313878038649,212.962329012123,212.966713,0.196592051910551,61.70692304,61.1302211302211,61.52,7,121.263358,2008820,1.70506320170035,3.94216666666667
60,80000,85,5.16,5.06166666666667,121.457847,8.23330912493451,210.181424976727,212.800317077708,212.805842,0.197522622283174,61.4779135565,61.4485596707819,61.3,6,121.406993,2010570,1.70216307989744,4.13283333333333
60,80000,85,5.16,5.02166666666667,121.321389,8.24256965933682,232.177901071465,224.709154401593,224.714954,0.199135923113176,60.9235575095,62.9334660693546,60.74,10,121.271461,2007780,1.6907659705688,3.82866666666667
60,80000,85,5.16,5.20166666666667,121.509822,8.22978738294918,223.286286985544,224.326376217559,224.330425,0.192215519334508,63.205359077,63.5431683485504,63.02,8,121.458905,2010010,1.73213613838799,4.245
60,80000,85,5.16,5.00333333333333,121.226965,8.2489898183956,218.638587319805,216.730671476682,216.734852,0.199812418582279,60.6538914883333,61.1157368859284,60.38,7,121.175539,2006990,1.68400251737948,3.91566666666667
60,80000,85,5.16,5.09166666666667,121.432903,8.23500036065184,222.785184399574,220.917934538134,220.923634,0.196320663860884,61.8295864441667,63.0993290787105,61.65,7,121.383344,2007190,1.7064412357934,4.09383333333333
70,80000,85,6.02,5.98166666666667,121.388614,8.23800492523953,269.477347380682,273.393259575091,273.396709,0.16714344114238,72.6106226076667,72.5309931745369,72.37,11,121.336072,2030070,1.90983705208428,4.62933333333333
70,80000,85,6.02,5.935,121.415104,8.23620758089537,250.904760389739,258.839460784892,258.843961,0.168473483816625,72.059864224,72.3150357995227,71.82,9,121.361267,2034590,1.90298135410626,4.70733333333333
70,80000,85,6.02,5.94166666666667,121.182086,8.25204477830164,278.994407012977,278.401423073212,278.404989,0.168294637656101,72.0023560983333,71.0279063244987,71.77,11,121.131918,2026830,1.89707243861098,4.7535
70,80000,85,6.02,5.95166666666667,121.214858,8.24981373158066,272.953375992687,274.113170040885,274.116605,0.16796317650126,72.1430429863333,71.7905641887162,71.91,10,121.163737,2034310,1.90440395173141,4.653
70,80000,85,6.02,6.05333333333333,121.074405,8.25938397136868,302.404867947525,297.406081087555,297.409448,0.164991149046806,73.29037316,74.6593255333792,73.05,13,121.020805,2033520,1.92419874572018,4.61533333333333
70,80000,85,6.02,6.03666666666667,121.287317,8.24488515975665,244.057193616649,256.511314300939,256.51478,0.165594782780508,73.2171103623333,71.3319530710835,72.98,10,121.236516,2035350,1.92415456878948,4.46133333333333
70,80000,85,6.02,5.95,121.125451,8.25590321228195,273.9300453412,275.195553467227,275.19989,0.168056998548179,72.069643345,73.0569948186529,71.84,9,121.075297,2029910,1.90030872500015,4.82266666666667
70,80000,85,6.02,5.91,121.411465,8.23645444027877,252.745551427816,259.62181872899,259.625388,0.169166025111675,71.754175815,71.0982658959538,71.52,9,121.359732,2033130,1.89669382654622,4.36366666666667
70,80000,85,6.02,6.03333333333333,121.33666,8.24153227886774,275.915005176935,278.222586262155,278.225965,0.16572928239337,73.2064515333333,72.959535975694,72.97,10,121.286538,2027850,1.91904775984816,4.39416666666667
80,80000,85,6.88,6.79333333333333,121.143627,8.2546645231284,366.554416172449,371.969929950196,371.973,0.147191999644014,82.296903942,82.067950447688,82,14,121.091751,2059300,2.10260348192901,5.2985
80,80000,85,6.88,6.78166666666667,121.074334,8.2593888148086,382.02054008095,385.373737719833,385.378032,0.147386167748587,82.1085775076667,82.0616783388623,81.68,12,121.023868,2053970,2.09292192843005,4.96366666666667
80,80000,85,6.88,6.815,121.0932,8.25810202389564,380.176600651401,385.552635303497,385.555782,0.146688081996821,82.5250158,81.6725761095488,82.23,16,121.042293,2054280,2.10304635142964,5.0775
80,80000,85,6.88,6.78833333333333,120.855451,8.27434750957158,371.379920477311,375.889719238645,375.892664,0.147251146128161,82.0407086538333,82.4229777832331,81.75,12,120.805726,2053250,2.0936528514342,5.3245
80,80000,85,6.88,6.87333333333333,121.146077,8.2544975847629,400.189588862372,404.769449045102,404.772381,0.145457503950533,83.2677369246667,82.4948478603467,82.98,19,121.095374,2055810,2.11768191500208,5.2325
80,80000,85,6.88,6.77833333333333,121.204306,8.25053195717321,360.942534610426,368.053883964839,368.056913,0.147473951168429,82.1563187503333,82.0036877688998,81.87,13,121.154323,2053260,2.09581847804974,4.86783333333333
80,80000,85,6.88,6.81,121.278249,8.24550163154153,356.497783881708,366.515663527166,366.518673,0.146833875847039,82.590487569,82.0628900036706,82.3,18,121.226993,2050020,2.10115842046704,5.21133333333333
80,80000,85,6.88,6.79666666666667,121.117307,8.25645834414069,420.830221132925,417.901142697401,417.904123,0.146992815271947,82.3193963243333,82.2728944464877,82.03,22,121.067295,2056980,2.10143596540354,5.21366666666667
80,80000,85,6.88,6.87833333333333,121.224057,8.24918770042484,373.208181133329,382.846650931912,382.850845,0.145379774337049,83.3819472065,82.6287098728044,82.95,14,121.174649,2055220,2.11670238484088,5.394
90,80000,85,7.74,7.69333333333333,121.050826,8.26099278331236,1338.87921048774,1311.58397104398,1311.58668,0.129951318321057,93.1284354693333,93.6965233401928,92.62,55,121.001855,2071730,2.30448141676889,5.67916666666667
90,80000,85,7.74,7.55,120.947766,8.26803200317069,730.910656324207,732.419797274834,732.422419,0.132439207755408,91.31556333,91.7669131442446,90.97,25,120.899073,2067390,2.27100175926787,4.97333333333333
90,80000,85,7.74,7.62166666666667,120.972179,8.26636345865937,813.880608993266,816.459282660179,816.461964,0.131194939060354,92.2009624278333,91.8224554498743,91.85,25,120.922942,2071740,2.2905160610349,5.405
90,80000,85,7.74,7.43666666666667,120.864249,8.27374519987296,619.008697158828,623.996869564545,623.999902,0.134463336639175,89.882713173,89.9607843137255,89.4,22,120.814686,2066980,2.24224142530189,5.14566666666667
90,80000,85,7.74,7.66666666666667,120.86613,8.2736164382859,1055.15941083909,1043.51198150891,1043.514793,0.130415180603913,92.664033,92.968155635257,92.16,48,120.816829,2072330,2.2966287028211,5.42316666666667
90,80000,85,7.74,7.53333333333333,120.855799,8.27432368388049,668.283033143996,674.585724582301,674.589659,0.132731559318363,91.0447019133333,90.8749032186705,90.56,25,120.806824,2066550,2.26289544541785,4.98033333333333
90,80000,85,7.74,7.76166666666667,120.972912,8.26631337104624,1237.8159451756,1228.2433347011,1228.246008,0.128821726995276,93.895141864,93.9559849704777,93.38,44,120.924365,2074060,2.32022121464802,5.16866666666667
90,80000,85,7.74,7.72833333333333,120.876746,8.27288980793709,690.957009917301,709.176850613759,709.179443,0.129380448226655,93.4175785336667,93.4016172506739,92.91,20,120.827382,2073880,2.31153256899623,5.10533333333333
90,80000,85,7.74,7.61,120.968003,8.26664882613628,686.813483270225,697.42419501774,697.426875,0.131345972175646,92.056650283,91.9194131172671,91.56,19,120.918925,2069750,2.28362150441856,5.33183333333333
100,80000,85,8.1,8.03,120.902964,8.271095819,1591.766168,1609.087912,1609.090416,0.124519027,97.08508009,96.63795787,96.67,37,120.851828,2078520,2.38385039649607,5.8038333333333
100,80000,85,8.1,7.931666667,121.056212,8.260625237,1270.371523,1282.692076,1282.69561,0.126052439,96.01775215,95.71383549,95.46,32,121.003926,2076600,2.36017999686537,5.8798333333333
100,80000,85,8.1,8.075,120.960442,8.267165558,1940.008172,1954.677019,1954.679574,0.123812503,97.67555692,97.35837375,96.94,62,120.908967,2080420,2.39041377913567,6.0321666666666
100,80000,85,8.1,7.791666667,121.0647,8.260046075,1044.97846,1050.321036,1050.324519,0.128311423,94.32957875,94.54603786,93.94,40,121.013722,2072280,2.328898580481,5.8543333333333
100,80000,85,8.1,8.08,120.760965,8.280821539,2299.322951,2304.096568,2304.099302,0.123758753,97.57485972,97.52500773,97.16,49,120.710349,2079150,2.39331930856093,5.7375
100,80000,85,8.1,7.868333333,121.118736,8.256360932,1040.152105,1054.996091,1054.999732,0.12707409,95.30025878,94.91686964,94.91,39,121.067041,2076630,2.3502008847276,5.9083333333333
100,80000,85,8.1,8.085,120.845188,8.275050224,1750.646011,1770.367249,1770.369676,0.123673037,97.7033345,97.62959909,97.3,52,120.795243,2079110,2.39583424882063,5.8906666666666
10,80000,90,0.86,0.918333333333333,122.484891,8.16427227746808,113.532964872243,129.934732568058,129.956718,1.08887924436298,11.2481958235,10.2447869446963,11.29,2,122.43885,1627090,0.776590878867468,1.54516666666667
10,80000,90,0.86,0.833333333333333,122.581316,8.15785009193408,134.265734265734,130.011118918,130.034717,1.198063121728,10.2151096666667,10.989010989011,10.26,2,122.531926,1585710,0.757448977057458,1.34583333333333
10,80000,90,0.86,0.878333333333333,122.596062,8.15686885603226,127.341564970278,129.959078072106,129.982251,1.13751534064516,10.768020779,10.0473933649289,10.82,3,122.542788,1617510,0.768812207229332,1.49316666666667
10,80000,90,0.86,0.848333333333333,122.163182,8.18577237125339,130.71870222164,129.340813497053,129.364543,1.17857392657171,10.3635099396667,10.5004906771345,10.42,2,122.115385,1589760,0.76011376026167,1.22933333333333
10,80000,90,0.86,0.873333333333333,121.831295,8.20807166171877,111.338315662317,128.54348659542,128.566505,1.14362680582634,10.6399330966667,9.53288846520496,10.69,2,121.787319,1607210,0.765820908731191,1.36316666666667
10,80000,90,0.86,0.876666666666667,122.735733,8.14758648974704,99.6609361628373,128.112243863118,128.135724,1.13927680167871,10.759832593,8.7369420702754,10.81,1,122.689228,1624560,0.769464631246395,1.39066666666667
10,80000,90,0.86,0.806666666666667,121.776472,8.21176688383615,110.022260317785,128.713737940083,128.73905,1.23915386688636,9.82330207466667,8.04953560371517,9.88,2,121.723913,1600270,0.753692137040172,1.249
10,80000,90,0.86,0.85,122.439521,8.1672975509272,133.663651552688,130.483550221569,130.51674,1.17579541115098,10.407359285,10.9696376101861,10.46,2,122.397955,1592490,0.760969923295089,1.4565
10,80000,90,0.86,0.821666666666667,122.492437,8.16376932724426,140.569800921102,129.924130261663,129.949075,1.21634960559026,10.0647952401667,11.144883485309,10.12,2,122.435214,1640910,0.761388440138428,1.25183333333333
20,80000,90,1.72,1.74166666666667,122.193938,8.18371202669645,133.449575418918,137.591236282297,137.602834,0.573033102316746,21.2821108683333,21.4251554280249,21.29,3,122.149953,1834000,0.961418075440154,1.86483333333333
20,80000,90,1.72,1.715,121.747539,8.21371838982306,141.59552671412,138.301783588921,138.313726,0.58279439240622,20.8797029385,21.8552695483244,20.89,3,121.699541,1853080,0.958825909279803,1.77283333333333
20,80000,90,1.72,1.755,122.195019,8.18363962936984,130.348303105778,137.527093673314,137.539276,0.569623446209877,21.4452258345,21.2624584717608,21.46,3,122.144832,1841220,0.965635952053445,1.79533333333333
20,80000,90,1.72,1.74833333333333,122.497095,8.16345889671914,144.968937498496,138.367133341277,138.379075,0.571163781015253,21.4165754425,22.772748928061,21.42,3,122.451422,1828880,0.962453971854545,1.8445
20,80000,90,1.72,1.615,122.240385,8.18060250710107,134.760345331368,136.457620473684,136.470461,0.618718584097007,19.7418221775,19.7008767405879,19.76,3,122.195635,1822410,0.93462435444233,1.67783333333333
20,80000,90,1.72,1.69166666666667,122.236509,8.1808619059957,132.721147339392,138.46419128867,138.476621,0.591002075830542,20.6783427725,20.630231413097,20.69,2,122.183933,1827550,0.950494280350854,1.75533333333333
30,80000,90,2.58,2.58833333333333,121.969484,8.19877207974414,158.419256022222,152.497957034771,152.506611,0.386265277839665,31.5697681086667,32.8934663662697,31.54,4,121.917694,1908600,1.14803452483821,2.39483333333333
30,80000,90,2.58,2.53333333333333,122.089694,8.19069953603127,154.338081309818,150.971669923026,150.979782,0.3946992598,30.9293891466667,31.6672147319961,30.89,4,122.041571,1928540,1.14292080150679,2.49166666666667
30,80000,90,2.58,2.555,121.899384,8.20348690195186,151.0939315496,150.426873977169,150.438595,0.390956079958904,31.145292612,31.6922073687643,31.11,4,121.848117,1928500,1.14662569192331,2.34466666666667
30,80000,90,2.58,2.52,121.453187,8.23362502624159,157.418339236521,150.188806156085,150.196878,0.396587689371032,30.606203124,32.2644628099174,30.57,4,121.397113,1906830,1.13131178486231,2.4825
30,80000,90,2.58,2.58,122.011112,8.19597480596685,155.188942537539,151.465921390827,151.47357,0.387501969894057,31.478866896,31.6435259928963,31.44,5,121.959575,1912290,1.14744513174813,2.4425
30,80000,90,2.58,2.67,121.716007,8.21584625266256,151.565613186325,151.680751766542,151.688208,0.374474431043071,32.498173869,33.0421216848674,32.46,4,121.658383,1930150,1.16992983868672,2.43633333333333
40,80000,90,3.44,3.31,121.430675,8.2351514557586,159.003789172078,161.379147421954,161.3856,0.302112536783988,40.193553425,39.9446262270325,40.11,4,121.378912,1964320,1.31188971459632,2.81633333333333
40,80000,90,3.44,3.39,121.311109,8.24326814125489,165.07284736525,163.947909786136,163.953957,0.294944883564897,41.124465951,41.2632096338167,41.04,5,121.253724,1972060,1.3308132934726,2.7165
40,80000,90,3.44,3.46666666666667,121.85365,8.2065658271213,160.002218401642,165.848568294231,165.85441,0.288370447278846,42.2425986666667,41.3362172554674,42.16,5,121.803568,1964490,1.34722915959828,2.81133333333333
40,80000,90,3.44,3.36,121.769189,8.21225802858882,154.233525793159,160.843477482639,160.851765,0.297597824395337,40.914447504,39.0280188445326,40.84,5,121.717393,1960550,1.32303420891105,3.04366666666667
40,80000,90,3.44,3.43666666666667,121.795389,8.21049144972147,155.965082444229,162.006945872454,162.012793,0.290925381687197,41.857015353,40.9454545454545,41.78,5,121.738967,1953640,1.33652449042261,2.84183333333333
40,80000,90,3.44,3.44,121.588256,8.22447852200463,165.801168141394,164.954976551357,164.96163,0.290660171432171,41.826360064,42.6979898280455,41.74,5,121.534265,1970050,1.34213441708844,2.90583333333333
40,80000,90,3.44,3.51666666666667,121.942396,8.20059333588951,166.398878997026,167.876429743128,167.882805,0.284174265024171,42.8830759266667,43.1177446102819,42.8,5,121.890322,1963150,1.35771593088429,2.9445
40,80000,90,3.44,3.43166666666667,121.549824,8.22707896310899,169.507892976565,166.841744283147,166.847741,0.291290761372997,41.711847936,42.2918184025249,41.63,5,121.496836,1961810,1.33708345503688,2.77816666666667
40,80000,90,3.44,3.39333333333333,121.76058,8.21283867077506,142.608591631025,157.331445736248,157.337533,0.294584577336935,41.31742348,38.2519027743678,41.24,4,121.701891,1974360,1.33514032810383,2.87033333333333
50,80000,90,4.3,4.29,121.391134,8.2378339096824,190.454977792325,190.358698096348,190.363308,0.233059345926962,52.076796486,52.2237327636434,51.95,8,121.3363,1988860,1.52722398460368,3.489
50,80000,90,4.3,4.36,121.44303,8.23431365307667,194.820449616671,194.069015331804,194.073752,0.229355882400229,52.94916108,52.8377603669024,52.81,7,121.387886,1992360,1.5438884604429,3.67766666666667
50,80000,90,4.3,4.31833333333333,121.733982,8.21463311698783,186.13236441643,187.713189769201,187.718606,0.231482296321112,52.568791227,52.3634960447617,52.43,6,121.67977,1991720,1.53695118504101,3.68383333333333
50,80000,90,4.3,4.3,121.508947,8.22984664660126,189.840620395362,189.196399362791,189.201307,0.232523469862016,52.24884721,52.7998449912808,52.12,7,121.454376,2000940,1.53591759982551,3.42533333333333
50,80000,90,4.3,4.455,121.345535,8.24092950762465,192.85597491445,193.227633564534,193.23223,0.224234151674897,54.0594358425,53.5253413128857,53.92,6,121.290962,1995930,1.56501071700465,3.69316666666667
50,80000,90,4.3,4.255,121.676032,8.21854545684067,192.542343554169,189.697284520564,189.70431,0.234961919699178,51.773151616,51.9287252790288,51.64,6,121.618312,1994540,1.52449455842695,3.491
50,80000,90,4.3,4.29666666666667,121.623412,8.22210118558424,179.258783883498,184.82055007758,184.825401,0.232543154732351,52.2575260226667,50.8047314330037,52.12,6,121.568866,2001190,1.53603622447703,3.4
50,80000,90,4.3,4.4,121.770504,8.2121693443923,187.851818698249,189.313138870455,189.317799,0.227175615291667,53.57902176,54.0427949252036,53.44,6,121.718844,1997010,1.55714356845346,3.77516666666667
60,80000,90,5.16,5.19,121.237895,8.24824614449137,234.127709566571,230.269703143224,230.27383,0.192671638982017,62.922467505,63.0117193771071,62.74,9,121.183104,2016610,1.73095188404957,4.11566666666667
60,80000,90,5.16,5.18333333333333,121.146752,8.25445159272615,215.471814944817,219.581267082637,219.586277,0.192857988305145,62.7943997866667,62.4979906767401,62.61,8,121.093374,2012220,1.72616903809211,4.08083333333333
60,80000,90,5.16,5.285,121.330119,8.2419765862094,217.10626110533,223.288404751498,223.292386,0.189157848667613,64.1229678915,62.2891376320353,63.94,8,121.278653,2025800,1.75746165864017,4.48116666666667
60,80000,90,5.16,5.20333333333333,121.44465,8.23420381218934,216.065228864706,219.800122991992,219.804695,0.192171514877002,63.19169955,63.1705364291433,63,7,121.392086,2016870,1.73569284936058,4.08983333333333
60,80000,90,5.16,5.20333333333333,121.50652,8.23001103150679,232.960231093267,229.219856703075,229.223968,0.192175286278347,63.2238925733333,63.6188951160929,63.03,9,121.45415,2013620,1.73437014438445,4.26566666666667
60,80000,90,5.16,5.235,121.420183,8.23586306075655,223.401148716059,223.635210572429,223.639361,0.190997447153454,63.5634658005,65.0167117618972,63.38,7,121.367472,2010790,1.73892165269194,4.41116666666667
60,80000,90,5.16,5.21333333333333,121.545609,8.22736426455356,233.385666876628,230.478949695013,230.483533,0.191753443444693,63.365777492,63.4649192903948,63.18,10,121.49095,2019350,1.74028992314636,4.26716666666667
60,80000,90,5.16,5.20333333333333,121.53393,8.22815488645846,240.653765805726,235.87487365567,235.878805,0.192113796483985,63.23815491,64.1473178542834,63.05,11,121.481789,2021080,1.73897691152962,4.1885
70,80000,90,6.02,5.92833333333333,121.076683,8.25922857500151,261.853390155822,266.452609932809,266.455982,0.168679126577453,71.7782935718333,70.9908643710471,71.54,10,121.025396,2037860,1.90009901895788,4.82866666666667
70,80000,90,6.02,6.13,121.400431,8.23720304584421,298.680153025351,299.064146323545,299.067579,0.163131265367047,74.418464203,74.4596982465679,74.05,10,121.348009,2034370,1.94257815638692,4.1955
70,80000,90,6.02,5.895,121.308457,8.24344835249203,266.980761680408,268.57334788069,268.576905,0.169619049757987,71.5113354015,71.7314487632509,71.28,10,121.252588,2034990,1.89361431176856,4.84383333333333
70,80000,90,6.02,5.99666666666667,121.481369,8.2317149389385,261.874910358471,268.442670165926,268.446095,0.166686047200111,72.8483276103333,72.4607475336946,72.61,10,121.425946,2031470,1.91502044770813,4.79966666666667
70,80000,90,6.02,6.05166666666667,121.470869,8.23242649231397,261.505092171217,268.918088134949,268.92161,0.165230092019003,73.5101208898334,73.5095690486025,73.27,10,121.416201,2032200,1.92724667410843,4.73533333333333
70,80000,90,6.02,6.065,121.274892,8.24572987457288,297.323937329115,294.512632130805,294.517205,0.164873453887057,73.553221998,74.0074186014562,73.31,13,121.22227,2040940,1.93372812309438,4.52383333333333
70,80000,90,6.02,6.03833333333333,121.255494,8.24704899556964,269.859541182412,275.94077457687,275.944214,0.165602953861165,73.218109127,70.5671312267145,72.98,15,121.202353,2039800,1.92707921414958,4.65883333333333
70,80000,90,6.02,6.03833333333333,121.08652,8.25855759997067,280.485731939446,281.948956036158,281.953325,0.165590522807342,73.1160769933333,73.1199116875949,72.76,11,121.032698,2041230,1.92408536917584,4.6455
70,80000,90,6.02,6.01333333333333,121.535015,8.22808142986612,258.789376032876,266.467700149667,266.472065,0.166285458411585,73.0830556866667,72.0936677289733,72.84,11,121.482162,2037370,1.92298364667914,4.55383333333333
80,80000,90,6.88,6.82166666666667,121.233135,8.24856999697319,385.50387263081,389.984112282678,389.987208,0.146572904249939,82.7012035925,82.6676438255771,82.41,13,121.182199,2050670,2.10361461483452,5.00083333333333
80,80000,90,6.88,6.84833333333333,121.137589,8.25507596985441,393.078606749386,396.870396900706,396.873526,0.146007554800195,82.9590588668333,83.0879669059496,82.66,16,121.085792,2058170,2.11367049639184,5.30633333333333
80,80000,90,6.88,6.73333333333333,121.079456,8.25903941953621,390.942695309006,390.692131414109,390.695166,0.148501819657426,81.5268337066667,81.5369384977107,81.11,20,121.027194,2049800,2.07962893288687,4.92316666666667
80,80000,90,6.88,6.955,121.221633,8.24935265473614,423.713449267429,425.998881948239,426.002039,0.143760114617541,84.3096457515,84.3776207020486,83.87,16,121.169353,2054310,2.13258016049839,5.09633333333333
80,80000,90,6.88,6.9,121.236989,8.2483077833614,389.629481841618,396.076044840338,396.079163,0.144886249238164,83.65352241,83.6251660427485,83.36,12,121.185041,2057490,2.12578186492405,5.05816666666667
80,80000,90,6.88,6.88833333333333,121.122002,8.2561383026017,438.767693672507,435.835836196951,435.839253,0.145159761067264,83.4328723776667,83.645820733035,83.14,21,121.068938,2050190,2.11636944109311,5.248
80,80000,90,6.88,6.99166666666667,120.823297,8.27654951346014,478.939848287988,473.516342558522,473.519292,0.143016067779976,84.4756218191667,84.5787152901919,84.17,19,120.770628,2058580,2.14120352492475,5.49916666666667
80,80000,90,6.88,6.98,120.975985,8.26610339233857,435.939174428003,439.037388940783,439.040381,0.143249369982331,84.44123753,84.4335681031396,84,19,120.923207,2050360,2.13194216976256,5.08566666666667
90,80000,90,7.74,7.78666666666667,120.792807,8.27863864443518,1032.13845950878,1035.53007236944,1035.532764,0.12841374862714,94.057332384,94.0288924558588,93.54,35,120.741775,2073520,2.32267592818122,5.57816666666667
90,80000,90,7.74,7.69333333333333,120.776835,8.27973344391745,963.713159845412,959.699227590121,959.70302,0.129885090889082,92.91764506,92.4401602945955,92.26,36,120.725293,2070640,2.29704785564164,5.56
90,80000,90,7.74,7.90166666666667,121.102422,8.25747316597846,1182.66675679342,1195.76418908353,1195.767794,0.126534260481966,95.691097117,95.9084677844564,95.32,28,121.051143,2077200,2.35814512126737,5.65366666666667
90,80000,90,7.74,7.79333333333333,121.031543,8.26230894205819,952.476376385321,962.353222131737,962.35586,0.128289176686057,94.3239158446667,94.2692184325885,93.5,30,120.981152,2070730,2.31961425303234,5.97416666666667
90,80000,90,7.74,7.625,121.207324,8.25032652317281,935.02994387427,930.548654423607,930.551368,0.131120650263388,92.42058455,92.1101518959677,92.07,32,121.155146,2066750,2.29039455508339,5.734
90,80000,90,7.74,7.845,120.782427,8.27935010777685,890.73109608056,908.414406564691,908.417149,0.127438409920119,94.7538139815,94.5618693574084,94.23,29,120.730294,2076920,2.33807596840104,5.64283333333333
90,80000,90,7.74,7.8,120.963082,8.26698512857005,1037.07690664212,1041.95469960235,1041.957466,0.128185236997436,94.35120396,94.3168464907595,93.68,32,120.911412,2073760,2.32542002573943,5.80233333333333
100,80000,90,8.1,8.088333333,121.021917,8.26296612,2486.758585,2496.208012,2496.21157,0.123574967,97.88656053,98.14566807,97.47,54,120.971973,2076610,2.39675094975129,6.0575
100,80000,90,8.1,8.091666667,120.961806,8.267072335,1249.240008,1285.053876,1285.057445,0.123572201,97.87826136,97.54917104,97.3,30,120.911156,2078600,2.39539041778532,6.0088333333333
100,80000,90,8.1,8.188333333,120.909014,8.270681953,3056.430077,3089.547163,3089.549641,0.12209535,99.00433096,99.12486008,98.42,55,120.858346,2082550,2.41925929348538,6.1196666666666
100,80000,90,8.1,8.056666667,120.863093,8.273824334,2044.03317,2052.550644,2052.554239,0.124101397,97.37536526,97.33167856,96.81,52,120.812361,2079320,2.38709214622298,6.0298333333333
100,80000,90,8.1,8.18,121.003156,8.264247256,2138.847511,2176.227564,2176.231224,0.122247929,98.98058161,98.41091983,97.92,45,120.952623,2080910,2.40870202214205,6.1208333333333
100,80000,90,8.1,7.916666667,120.903296,8.271073106,1259.52836,1268.165321,1268.168795,0.126279909,95.71510933,95.68466477,95,38,120.852643,2073070,2.34881163225162,5.8765
100,80000,90,8.1,7.841666667,120.955596,8.267496776,917.640977,934.7338364,934.737506,0.127501458,94.84934653,94.45329933,94.31,31,120.904658,2073500,2.33664470111614,5.9528333333333
100,80000,90,8.1,8.063333333,120.997295,8.264647569,1953.174344,1966.343363,1966.34677,0.123992723,97.5641522,97.4785574,97,52,120.946179,2078120,2.38951165002095,5.9513333333333
10,80000,95,0.86,0.881666666666667,122.000682,8.1966754907157,132.807103037963,129.728004024575,129.750648,1.13336193295652,10.756393463,10.9537299338999,10.8,2,121.948118,1619700,0.768775322246333,1.80383333333333
10,80000,95,0.86,0.82,121.729045,8.21496628023328,131.236845363378,129.520904961382,129.545869,1.21811510212398,9.98178169,10.1522842639594,10.03,2,121.686916,1660420,0.762159109781017,1.49816666666667
10,80000,95,0.86,0.893333333333333,121.751563,8.21344691895249,129.362507128848,129.534486380597,129.557247,1.11436390618843,10.8764729613333,10.9972041006524,10.92,2,121.698095,1642700,0.77309075082439,1.54783333333333
10,80000,95,0.86,0.86,121.832488,8.20799128718442,137.328620635314,130.202303992248,130.226961,1.16195905597481,10.477593968,11.0358180058083,10.53,2,121.781961,1604190,0.763235582964359,1.75633333333333
10,80000,95,0.86,0.858333333333333,122.042398,8.19387373886246,116.39185257032,130.152505392233,130.167325,1.16498236888544,10.4753058283333,9.40834141610087,10.53,2,121.984112,1665440,0.769984549713551,1.37083333333333
10,80000,95,0.86,0.848333333333333,121.44896,8.23391159545541,138.816320943334,129.132289111984,129.156763,1.17793560028094,10.3029201066667,11.1874386653582,10.36,2,121.397297,1605310,0.760968476579972,1.38183333333333
10,80000,95,0.86,0.901666666666667,121.979418,8.19810437200151,120.839115007092,129.91337915342,129.938261,1.10848160896673,10.998477523,10.3416435826408,11.05,2,121.920206,1639860,0.774635502416512,1.415
20,80000,95,1.72,1.76,121.920341,8.2020767970129,136.062470421202,139.141681878788,139.15442,0.567759525472538,21.457980016,21.2967345007099,21.46,3,121.869243,1833210,0.963986456414378,2.256
20,80000,95,1.72,1.71833333333333,122.268804,8.17870108551974,144.431964411061,139.971833529583,139.989057,0.581684041476237,21.009856154,21.9098400387785,21.01,2,122.214697,1824530,0.955007026444173,2.23516666666667
20,80000,95,1.72,1.78,122.181391,8.18455242500881,136.177461841393,137.699844375468,137.711204,0.560873282558989,21.748287598,21.5255030416472,21.75,3,122.126478,1844920,0.971084507357919,2.25216666666667
20,80000,95,1.72,1.66833333333333,121.901019,8.20337687250998,146.034694212428,140.74728059041,140.759715,0.598821917555445,20.3371533365,20.9685471792312,20.35,3,121.847008,1838180,0.947137033506163,1.854
20,80000,95,1.72,1.625,121.840341,8.2074622558714,136.576903363167,136.692273781539,136.705005,0.615309146633846,19.7990554125,19.9384930804716,19.81,3,121.787434,1821460,0.9352406303564,1.9395
20,80000,95,1.72,1.70333333333333,121.78646,8.21109341711714,137.799702390921,139.03258008317,139.044362,0.586608946177104,20.7442936866667,21.0268948655257,20.76,3,121.735421,1837760,0.953654817536866,2.072
20,80000,95,1.72,1.69,122.136114,8.18758651515636,137.357429695452,137.794899685404,137.812284,0.591567831500986,20.641003266,21.7348447511089,20.65,2,122.081391,1848720,0.954063258306308,1.924
20,80000,95,1.72,1.64666666666667,121.859835,8.20614930259835,144.372838247129,138.231430515182,138.243873,0.604735420359312,20.06625283,20.8396560445119,20.08,3,121.810958,1837620,0.942681021978697,2.05316666666667
20,80000,95,1.72,1.71,121.429041,8.23526227140343,120.776043046405,135.480177005848,135.497527,0.584159985118908,20.764366011,18.8991719434973,20.78,2,121.376183,1842560,0.954936648560497,1.968
30,80000,95,2.58,2.59333333333333,121.815577,8.20913075837584,147.651815877855,149.730067208869,149.737904,0.384627542353471,31.5908396353333,31.0311596530678,31.55,4,121.759753,1917270,1.15075341118867,2.64
30,80000,95,2.58,2.53333333333333,121.649146,8.22036185934261,162.515792935149,151.880906970395,151.889139,0.3939114670625,30.8177836533333,32.357777047024,30.79,4,121.599435,1925410,1.14033111439241,2.47533333333333
30,80000,95,2.58,2.64666666666667,121.800022,8.21017914101855,138.907719130495,148.626268039673,148.634116,0.377702416384761,32.2364058226667,31.2244255587032,32.2,3,121.750384,1926130,1.16432790389219,2.73333333333333
30,80000,95,2.58,2.69833333333333,121.550175,8.22705520580287,152.404460690919,151.164726171093,151.172425,0.37052299302903,32.7982888875,32.4791602346403,32.76,4,121.496579,1927310,1.17413608341565,2.68016666666667
30,80000,95,2.58,2.62333333333333,121.943583,8.20051351123577,150.831449285245,150.495813611182,150.503595,0.381164137237611,31.989866607,32.9946014607812,31.95,3,121.890607,1927430,1.1604970390405,2.53933333333333
30,80000,95,2.58,2.58833333333333,122.250558,8.17992176362909,169.361873392674,153.708158739214,153.716301,0.38629848889311,31.642519429,35.0498873511426,31.6,4,122.196177,1904830,1.14792642389903,2.53916666666667
30,80000,95,2.58,2.62166666666667,121.232774,8.24859455909175,144.478106173227,149.865865473617,149.874017,0.380698393387158,31.7831922503333,30.3145853193518,31.75,4,121.176399,1911990,1.15254908435155,2.39733333333333
40,80000,95,3.44,3.36333333333333,121.54708,8.22726469447065,176.170227182506,168.594300935084,168.600687,0.297296733537661,40.8803345733333,42.036165469408,40.8,5,121.491535,1958400,1.32154028318292,3.306
40,80000,95,3.44,3.43666666666667,121.404471,8.23692893484953,170.496428886342,167.007904382153,167.013903,0.290948021578565,41.722669867,42.4,41.64,5,121.350889,1969560,1.34022121177902,3.3215
40,80000,95,3.44,3.45,121.486826,8.23134518305713,163.511579153674,165.341817918841,165.348257,0.289725296531401,41.91295497,41.2460758270949,41.83,5,121.430921,1954690,1.33778372533478,3.25266666666667
40,80000,95,3.44,3.55833333333333,121.301802,8.24390061410629,173.84276178815,169.990821326464,169.997109,0.280765720116628,43.163224545,43.7368297822524,43.07,5,121.248705,1970670,1.36533104331246,3.09183333333333
40,80000,95,3.44,3.46,121.663191,8.21941288717308,160.271354783575,165.357167642582,165.362921,0.288940006623796,42.095464086,41.1509751986516,42.01,7,121.615009,1971010,1.34716426342346,3.366
40,80000,95,3.44,3.44166666666667,121.395428,8.23754252095886,169.227766436141,167.119095011622,167.125126,0.290203884135109,41.7802598033333,41.8300653594771,41.7,4,121.342415,1973980,1.34295021280117,3.11
40,80000,95,3.44,3.58333333333333,121.471748,8.23236692041346,164.223571586921,167.169269838605,167.176111,0.279050939757209,43.5273763666667,43.3620088351546,43.43,5,121.419858,1967620,1.37033040596772,3.30583333333333
40,80000,95,3.44,3.40166666666667,121.757854,8.21302254555176,169.846580082591,165.872238022538,165.878132,0.293919640239588,41.4179633356667,42.1503796228264,41.34,5,121.700023,1963800,1.33285624527217,3.18133333333333
50,80000,95,4.3,4.315,121.563781,8.22613439442131,177.470428866733,182.947441586327,182.952105,0.231680694542681,52.4547715015,52.056381540838,52.32,5,121.511944,1993010,1.53564641641093,3.61033333333333
50,80000,95,4.3,4.29333333333333,121.700106,8.21691971246106,181.616449683173,185.563289811724,185.568288,0.232828347628494,52.249912176,52.2414127692606,52.12,7,121.645271,1997340,1.53420940484362,3.4705
50,80000,95,4.3,4.32833333333333,121.530083,8.2284153463468,174.244139699209,181.544934632653,181.550467,0.23095683683712,52.6022709251667,51.8190567853706,52.47,5,121.477639,1986150,1.53498901709372,3.76166666666667
50,80000,95,4.3,4.31,121.81602,8.20910090479068,181.515391132702,185.350766798917,185.355801,0.231917909177494,52.50270462,52.6000386622849,52.37,6,121.76172,1995410,1.5376633664531,3.599
60,80000,95,5.16,5.16166666666667,121.355792,8.24023298368816,218.347678492269,220.149431726832,220.154145,0.193635595821763,62.6398146373333,63.0831315577078,62.46,9,121.299431,2010640,1.7226322894423,4.51733333333333
60,80000,95,5.16,5.00666666666667,121.303299,8.24379887640154,204.187726399748,210.147693156125,210.151779,0.199710608134155,60.732518366,59.6605092361458,60.56,7,121.250016,2017300,1.69282130020468,3.8755
60,80000,95,5.16,5.09,121.290028,8.24470087516181,207.204996589463,210.870263153569,210.874693,0.196389068690242,61.736624252,62.4161073825503,61.55,8,121.236047,2007090,1.70462730927239,4.3805
60,80000,95,5.16,5.09333333333333,121.482296,8.23165212484953,216.280127408501,218.903124704516,218.907156,0.196264461658704,61.8749827626667,61.835432684443,61.7,7,121.428815,2013030,1.7105814904311,4.075
60,80000,95,5.16,5.095,121.414753,8.23623139108968,222.686375063491,221.828114263657,221.832191,0.196145838232908,61.8608166535,62.1095666394113,61.68,8,121.361652,2019340,1.71375132031171,4.01366666666667
60,80000,95,5.16,5.25,121.135579,8.25521294614855,213.45062386167,219.357308866667,219.362631,0.19043046117873,63.596178975,64.1326773528012,63.41,7,121.082254,2026160,1.74826313540572,4.31766666666667
60,80000,95,5.16,5.175,121.448823,8.23392088369601,222.948687734167,223.314117610628,223.318508,0.193193987980354,62.8497659025,62.9689260988569,62.56,7,121.395558,2015870,1.7273534397626,4.31533333333333
60,80000,95,5.16,5.21666666666667,121.379685,8.23861093394665,208.838833429522,215.829017804153,215.83322,0.191683709797444,63.319735675,62.3382846190704,63.13,7,121.329006,2015350,1.7371217223156,4.05716666666667
60,80000,95,5.16,5.145,121.389286,8.23795932039669,205.285584447776,212.453575118562,212.457706,0.194257632884354,62.454787647,61.6356275303644,62.27,7,121.337798,2019640,1.72435661253664,3.9695
60,80000,95,5.16,4.98833333333333,121.231667,8.24866987929812,209.843233677423,211.908231529903,211.910882,0.200228613519212,60.4743965551667,60.2973108401537,60.3,9,121.176587,2007080,1.68264523812565,3.79083333333333
70,80000,95,6.02,5.96666666666667,121.362768,8.23975933047275,281.459394813152,281.282145532682,281.285626,0.167569480742737,72.41311824,73.1881022203603,72.18,8,121.310836,2037450,1.91125695540062,4.69583333333333
70,80000,95,6.02,5.98166666666667,121.194362,8.25120891349715,281.050994256607,281.524428429089,281.527929,0.167150021767902,72.4944275363333,71.8902354088313,72.26,15,121.140061,2036070,1.9117864685678,4.91483333333333
70,80000,95,6.02,5.985,121.366145,8.23953006005093,261.454601746373,266.797366726539,266.801151,0.167065590747981,72.6376377825,71.9058889043575,72.4,9,121.314087,2037450,1.91518334575569,4.90533333333333
70,80000,95,6.02,6.10833333333333,121.339667,8.24132803990636,296.291719757787,296.082232353342,296.085713,0.16369671207749,74.1183132591667,75.0102305278952,73.75,9,121.286994,2038570,1.94002074954169,4.87433333333333
70,80000,95,6.02,6.03333333333333,121.113222,8.2567368243246,257.351286146033,265.697595752486,265.701631,0.16571218525,73.07164394,72.3518850987433,72.83,8,121.060571,2035010,1.92125723441683,4.76066666666667
70,80000,95,6.02,6.04,120.985725,8.26543792666449,275.23778114177,276.90745655574,276.911016,0.165542716316225,73.0753779,73.3480480066216,72.84,11,120.932521,2038310,1.9236002841728,4.7105
70,80000,95,6.02,5.91333333333333,121.137964,8.25505041507879,279.362844296914,278.008210493799,278.011723,0.169095337689966,71.6329160453334,72.4390587572214,71.4,10,121.085994,2037920,1.89763850712457,4.60716666666667
80,80000,95,6.88,6.82333333333333,121.296926,8.24423200963889,455.005263712692,449.463680618466,449.466655,0.146536762043967,82.7649358406667,82.7207229209916,82.34,26,121.243192,2053860,2.10471529358955,5.53266666666667
80,80000,95,6.88,6.8,121.351847,8.24050086357565,378.738188082487,385.040716370343,385.045,0.146954271942892,82.51925596,81.3870849160642,82.23,18,121.297944,2060330,2.10751276328895,5.069
80,80000,95,6.88,6.85,121.120435,8.25624511668902,425.82774930146,423.081367239173,423.084398,0.145948464909489,82.967497975,83.5543121274784,82.54,20,121.066243,2056670,2.11039560102711,5.14316666666667
80,80000,95,6.88,6.82,121.211122,8.25006800943564,423.329995324399,420.871647950391,420.875875,0.146550393678397,82.665985204,82.5901038485034,82.38,17,121.158282,2049680,2.10234355571965,5.213
80,80000,95,6.88,6.76833333333333,121.080554,8.25896452373351,380.562299607824,383.213389203891,383.21657,0.147703666548387,81.9513549656667,81.5339160408716,81.66,14,121.027722,2052440,2.09144020658484,5.3355
80,80000,95,6.88,6.80666666666667,121.17736,8.25236661369748,346.991546959319,358.512827835945,358.51603,0.146882504315867,82.4813897066667,81.5766923736075,82.19,11,121.123604,2052390,2.10093193524268,5.13183333333333
80,80000,95,6.88,6.87666666666667,120.951323,8.26778885254525,428.170217219738,425.698472202618,425.701497,0.145403118804896,83.1741931163333,84.4904883072822,82.74,18,120.899965,2055800,2.11335255463419,5.10266666666667
80,80000,95,6.88,6.82166666666667,120.94476,8.26823749949977,433.633664067485,428.617215451258,428.620163,0.146572461902517,82.50448378,82.9485770123366,82.08,24,120.891644,2051000,2.09793000357507,5.41
90,80000,95,7.74,7.7,120.89283,8.27178915407969,724.551933295576,739.228170790043,739.23096,0.129848310251948,93.0874791,92.4467049020669,92.58,27,120.840214,2072240,2.30417826140972,5.58366666666667
90,80000,95,7.74,7.57833333333333,121.096722,8.25786184369219,755.720625080931,758.776270320651,758.779017,0.131941909361117,91.771132489,91.3578889499725,91.28,26,121.044961,2069320,2.27819352318515,5.60383333333333
90,80000,95,7.74,7.71333333333333,120.936245,8.2688196578288,689.753433805005,708.696359445765,708.699062,0.129633665395635,93.2821569766667,92.3733390947391,92.78,21,120.88453,2076340,2.31121437710078,5.676
90,80000,95,7.74,7.59333333333333,121.011099,8.26370480281317,727.202607934887,734.02345715957,734.02616,0.13166028692691,91.887761174,91.7699989026665,91.54,27,120.960064,2072380,2.28541497958242,5.68483333333333
90,80000,95,7.74,7.78333333333333,121.136483,8.25515134032742,1027.933539756,1033.25542174304,1033.258122,0.128441847480728,94.2845626016667,94.1333904292902,93.93,25,121.084932,2071890,2.32838916975366,5.62216666666667
90,80000,95,7.74,7.52666666666667,120.935271,8.26888625403585,690.20617935006,695.149696110496,695.152584,0.132838294502657,91.023947306,90.6121997121665,90.54,26,120.882953,2066590,2.26256584444194,5.6025
90,80000,95,7.74,7.735,121.062059,8.26022626956973,1153.15294738782,1145.56716512627,1145.569768,0.129243697059039,93.6415026365,93.7089303027039,93.13,33,121.010579,2075530,2.31690481754133,5.68916666666667
90,80000,95,7.74,7.70166666666667,120.905989,8.27088888045075,715.177687119209,730.915877218135,730.918507,0.129796577071413,93.1177625281667,92.9460131991778,92.46,24,120.85415,2067330,2.29793522929311,5.80566666666667
100,80000,95,8.1,8.208333333,120.853355,8.274491014,2322.178119,2367.493486,2367.495925,0.121816089,99.20046223,98.8833621,98.29,53,120.803744,2079970,2.4146201596154,6.0326666666666
100,80000,95,8.1,7.968333333,120.90503,8.270954484,1475.712217,1484.366812,1484.369354,0.125494927,96.34115807,95.62898672,95.62,44,120.85347,2075990,2.36256854366634,5.4206666666666
100,80000,95,8.1,8.103333333,121.015608,8.2633969,2500.148574,2514.92317,2514.925701,0.123400452,98.06298102,97.82005141,97.33,50,120.965493,2078000,2.39541433653531,5.9815
100,80000,95,8.1,7.926666667,120.740448,8.28222867,1046.980375,1064.161598,1064.164261,0.126146931,95.70692845,95.60601282,95.31,32,120.689576,2078190,2.35880746413327,5.9351666666666
100,80000,95,8.1,8.101666667,121.062504,8.260195907,2240.451792,2259.168447,2259.171038,0.123399095,98.08080532,96.99681168,96.87,63,121.011088,2080310,2.38904281120567,5.5381666666666
100,80000,95,8.1,8.053333333,120.850891,8.274659721,1434.153411,1458.337815,1458.341389,0.124148191,97.32525089,97.22710812,96.76,44,120.800843,2077430,2.38454560101192,5.9055
100,80000,95,8.1,8.105,120.698422,8.28511246,2252.118238,2263.598956,2263.601472,0.123333446,97.82607103,97.03916932,96.78,55,120.648017,2079410,2.38662363960901,5.8203333333333
100,80000,95,8.1,8.025,120.918095,8.270060821,1587.216255,1602.878264,1602.880819,0.124593655,97.03677124,96.55279826,96.16,53,120.866821,2079340,2.37527025621501,5.9853333333333
10,90000,75,0.86,0.82,122.321759,8.17516039807766,138.665346044323,130.313270302846,130.349837,1.21354535763618,10.030384238,10.5583756345178,10.08,2,122.268759,1594180,0.75584864474701,1.69933333333333
10,90000,75,0.86,0.845,122.077615,8.19150996683544,102.602967324453,127.991197745562,128.015994,1.18125380355819,10.3155584675,8.66995073891626,10.37,1,122.027243,1619510,0.762653851794571,1.51466666666667
10,90000,75,0.86,0.84,122.56071,8.15922166247242,148.662041625372,131.387066224206,131.411791,1.18784535993651,10.29509964,12.0911793855302,10.35,2,122.509764,1615480,0.761932426629014,1.6145
10,90000,75,0.86,0.86,121.636861,8.22119209406432,142.956842792499,130.217268232558,130.241198,1.1626210995814,10.460770046,11.1326234269119,10.51,3,121.587474,1581030,0.760406663602735,1.50483333333333
10,90000,75,0.86,0.863333333333333,121.679711,8.21829696817738,163.078080146547,132.381576301158,132.405223,1.15768028767182,10.5050150496667,12.3432979749277,10.56,3,121.631207,1586690,0.761724269418377,1.37766666666667
10,90000,75,0.86,0.838333333333333,122.298638,8.17670594172929,101.871393288728,128.127619220676,128.151119,1.19049789634394,10.2527024856667,8.54021847070506,10.31,1,122.245053,1605870,0.760326009277761,1.423
10,90000,75,0.86,0.855,121.42841,8.2353050657585,151.465974250784,130.519368608187,130.543372,1.16955791118129,10.382129055,11.3924050632912,10.43,3,121.381519,1618310,0.763373853013766,1.48783333333333
20,90000,75,1.72,1.8,121.683437,8.21804532033394,143.966270759422,140.442203303704,140.458702,0.555397385992593,21.90301866,22.4895881536326,21.91,3,121.631275,1845690,0.973831827474264,2.06283333333333
20,90000,75,1.72,1.77333333333333,122.218276,8.18208235894278,127.137948205413,138.901848139098,138.91305,0.562769038343045,21.6733742773333,19.1639267261625,21.68,4,122.160798,1810110,0.962717765130248,2.26116666666667
20,90000,75,1.72,1.715,121.634321,8.22136377116784,143.861055141546,138.898831765792,138.91267,0.582891527581147,20.8602860515,21.6610004856727,20.87,3,121.589771,1854770,0.958840551557599,1.80983333333333
20,90000,75,1.72,1.65833333333333,121.684301,8.21798696941194,133.263000083289,137.285099292462,137.29782,0.602579751572864,20.1793132491667,18.9854344550477,20.19,4,121.624446,1817900,0.940610118072665,1.93666666666667
20,90000,75,1.72,1.80666666666667,121.959038,8.19947431858228,127.339447668336,137.272073595018,137.284688,0.553279537850554,22.0339328653333,20.7007837713232,22.04,3,121.907524,1865790,0.980174904261354,2.19716666666667
20,90000,75,1.72,1.72166666666667,121.583351,8.22481031963003,148.931417082434,139.513406051307,139.527415,0.578158594142304,20.9326002638333,22.447992259313,20.94,3,121.531517,1808550,0.950670311473484,2.09083333333333
20,90000,75,1.72,1.69666666666667,122.104078,8.18973466226083,137.727097806493,138.559799423379,138.57182,0.588087474625737,20.7169919006667,20.5203730976927,20.73,3,122.053309,1840840,0.95378644468034,1.96283333333333
20,90000,75,1.72,1.69,121.752152,8.21340718478635,132.982989259291,136.915398671598,136.927545,0.591084711919132,20.576113688,20.2069985214391,20.59,3,121.696976,1802220,0.94387026194136,2.0185
20,90000,75,1.72,1.79666666666667,121.960801,8.19935579137431,146.049063195894,140.992357513915,141.008163,0.556289393445269,21.9122905796667,22.6240148354196,21.92,4,121.906996,1827760,0.970228938310585,2.11583333333333
20,90000,75,1.72,1.71166666666667,121.894397,8.20382252680572,129.922742876637,136.654337878286,136.66843,0.584126402255112,20.8642576198333,20,20.87,3,121.838923,1813140,0.950482855133114,2.2135
30,90000,75,2.58,2.655,121.397788,8.23738238130006,137.564505521194,147.397321568111,147.404905,0.376226684824859,32.231112714,29.9968622529024,32.19,4,121.347669,1933570,1.16639058724874,2.9245
30,90000,75,2.58,2.715,121.939577,8.20078291726401,146.696751932741,150.559283230203,150.566928,0.368160937046041,33.1065951555,32.9855783982817,33.06,4,121.889842,1944480,1.18448129320363,2.68066666666667
30,90000,75,2.58,2.49,121.943884,8.20049326951075,155.59057911136,151.943548548862,151.952055,0.4014649152751,30.364027116,30.1104048176648,30.33,5,121.892339,1911750,1.12869849800976,2.7355
30,90000,75,2.58,2.60833333333333,121.936196,8.20101030542235,140.815895461545,147.985587959105,147.993582,0.3825061948,31.8050244566667,30.7888853401469,31.77,3,121.885558,1921000,1.15555318011733,2.28733333333333
30,90000,75,2.58,2.52166666666667,121.111102,8.25688135510484,155.900268371176,149.24940984534,149.258396,0.395957738298083,30.5401828876667,31.6484968615791,30.5,4,121.05878,1907490,1.1303307480082,2.34483333333333
30,90000,75,2.58,2.60166666666667,121.5648,8.22606543999579,156.43067296574,151.787186575913,151.795534,0.384278088836643,31.6271088,31.9884726224784,31.59,4,121.513022,1921270,1.15260384804099,2.62916666666667
30,90000,75,2.58,2.53833333333333,121.677563,8.21844204752852,132.009332452122,145.300851500328,145.308883,0.393933925404465,30.8858214081667,28.7824089268133,30.85,4,121.627275,1946150,1.14731995947458,2.475
30,90000,75,2.58,2.605,121.524666,8.22878213053472,145.718640262171,149.820500868202,149.831674,0.383875550600128,31.657175493,30.7962903741605,31.62,4,121.474859,1936430,1.1575798273749,2.7075
30,90000,75,2.58,2.545,121.577661,8.22519525194682,141.994025704263,147.28448497184,147.292552,0.391935399988212,30.9415147245,30.6382978723404,30.91,3,121.526848,1928070,1.14312297333413,2.533
30,90000,75,2.58,2.495,121.563885,8.22612735682148,146.67063676602,148.648847424182,148.657048,0.400037086680695,30.3301893075,29.7161936560935,30.3,3,121.516519,1932710,1.13413542988192,2.339
40,90000,75,3.44,3.33666666666667,121.662173,8.21948166255423,167.547807997246,164.452302171828,164.458559,0.299648290582418,40.5946117243333,40.0249687890137,40.51,8,121.609729,1947470,1.31249069474718,3.12166666666667
40,90000,75,3.44,3.4,121.459698,8.2331836524079,174.553526384825,168.100166101471,168.106938,0.293973298214216,41.29629732,41.6564567507964,41.21,6,121.406282,1950530,1.32559155365241,2.98266666666667
40,90000,75,3.44,3.38833333333333,121.673733,8.21870074455594,160.953802461016,163.563577856862,163.569474,0.294915786519921,41.2271165315,40.5704450454881,41.15,5,121.617475,1952910,1.325467008961,2.85483333333333
40,90000,75,3.44,3.465,121.721386,8.21548318551023,163.140004448011,165.365035830207,165.37111,0.288463428483405,42.176460249,41.4282279394085,42.1,5,121.668073,1947950,1.33980019894718,3.067
40,90000,75,3.44,3.335,121.934932,8.20109531860813,156.104810447637,160.889624838581,160.896643,0.299848531226887,40.665299822,39.1956032975269,40.59,6,121.882147,1958380,1.31793030869836,2.81883333333333
40,90000,75,3.44,3.46833333333333,121.548049,8.22719910543361,184.850799409872,172.389723195099,172.395565,0.288296065479097,42.1569149948333,45.1357194331011,42.07,4,121.498595,1952460,1.3410312574497,3.0875
40,90000,75,3.44,3.31833333333333,121.672356,8.21879375788532,168.420457965943,166.366002618282,166.372537,0.300998165314415,40.374943466,40.7732864674868,40.3,5,121.619492,1946620,1.3085929799591,3.134
50,90000,75,4.3,4.23833333333333,121.781884,8.21140195203418,203.614017395007,194.045058290208,194.04994,0.235911890174204,51.6152218353333,53.7448397876941,51.49,7,121.733012,1984510,1.51716998516327,3.92466666666667
50,90000,75,4.3,4.42,121.753401,8.21332292803878,191.145551238693,192.881257585973,192.885802,0.225970209710407,53.815003242,54.0245051837889,53.67,8,121.701684,1996150,1.5607472110525,4.06183333333333
50,90000,75,4.3,4.27,121.766972,8.2124075484114,178.397212543554,183.294305831772,183.299317,0.234075511616706,51.994497044,50.9463414634146,51.86,5,121.714415,1987030,1.52479187593604,3.69716666666667
50,90000,75,4.3,4.17833333333333,121.655699,8.21991906848523,180.392209888086,182.725355365377,182.730377,0.239309875617471,50.8318062321667,50.4486540378863,50.71,6,121.605179,1982590,1.50272353482021,3.57683333333333
50,90000,75,4.3,4.39166666666667,121.109132,8.25701566418625,192.842077069872,191.620346348387,191.625163,0.227642326158254,53.1870938033333,54.0504648074369,53.05,6,121.059965,1980860,1.54252658478791,3.74066666666667
50,90000,75,4.3,4.18666666666667,121.329374,8.24202719450279,184.570776689799,184.547434520303,184.554454,0.238815680315287,50.7965645813333,50.6865671641791,50.67,6,121.27432,1992340,1.50653139040156,3.752
50,90000,75,4.3,4.55333333333333,121.394834,8.23758282827752,202.258750279631,200.048909088214,200.054083,0.219545928142387,55.2751144146667,54.8764867337603,55.13,8,121.341175,1998760,1.58758323698843,3.962
50,90000,75,4.3,4.22333333333333,121.777663,8.21168657178123,186.565101675801,184.040315463299,184.045056,0.236542447984609,51.4307663403333,53.4030380745709,51.3,6,121.722756,1975390,1.50960520133647,3.58683333333333
50,90000,75,4.3,4.28,121.467059,8.23268471495634,191.664286403024,189.918596349299,189.92339,0.233157554986371,51.987901252,52.2483940042827,51.86,7,121.413486,1999000,1.5304443626514,3.47016666666667
50,90000,75,4.3,4.21,121.414308,8.23626157800117,182.342701802697,183.416881655186,183.421809,0.237439938857878,51.115423668,50.4452800316644,50.99,5,121.358513,1990330,1.5111822106569,3.323
60,90000,75,5.16,5.10666666666667,121.652748,8.22011846374403,219.114111868969,219.656320821475,219.660348,0.195805075394582,62.124003312,60.9234785446239,61.94,9,121.600363,2018760,1.718025254093,3.99566666666667
60,90000,75,5.16,5.27333333333333,121.259777,8.24675770267993,213.183989018503,220.089869383692,220.093819,0.189546351067004,63.9443224046667,62.7429293727287,63.75,8,121.20704,2024800,1.75351370185602,3.989
60,90000,75,5.16,5.07833333333333,121.48776,8.23128190033301,219.336492839956,219.375857114867,219.380048,0.196748316034132,61.69553412,61.2797374897457,61.52,8,121.433886,2017670,1.70999122474777,4.22733333333333
60,90000,75,5.16,5.29666666666667,121.550868,8.2270083007552,215.497591244193,221.923854415356,221.928144,0.188796486954059,64.381443084,64.4801006764197,64.08,8,121.49562,2020440,1.75684113241941,4.33516666666667
60,90000,75,5.16,5.08666666666667,121.336205,8.24156318388234,219.101503505173,218.997772218873,219.001824,0.19652318081979,61.7196829433333,62.6044226044226,61.54,7,121.280591,2005530,1.70358255462676,3.85
60,90000,75,5.16,5.11666666666667,121.180181,8.2521745036839,217.97211777305,220.087209227687,220.091614,0.195432151142345,62.0038592783333,62.5468164794008,61.82,7,121.126467,2006290,1.70892668363983,3.887
60,90000,75,5.16,5.175,121.560576,8.22635128020453,210.846114537322,217.175875957166,217.179959,0.193200777930757,62.90759808,62.5342134921913,62.72,8,121.504325,2018140,1.73146663638517,4.33766666666667
60,90000,75,5.16,5.05,121.146326,8.25448061875191,218.047213069764,217.176623949835,217.180873,0.198000835435314,61.17889463,61.3595116317439,61.01,8,121.09303,2013990,1.69894477637352,4.19633333333333
70,90000,75,6.02,6.035,121.145318,8.25454930086526,284.776284870539,285.702745175642,285.706138,0.165644166826291,73.111199413,72.5528096092779,72.87,11,121.091688,2036580,1.92300059702682,4.75916666666667
70,90000,75,6.02,5.92833333333333,121.346483,8.24086512668027,308.202269988745,299.516368201574,299.519889,0.168652064523475,71.9382400051667,72.43851018974,71.59,15,121.294112,2024590,1.89243177507337,4.67516666666667
70,90000,75,6.02,6.10333333333333,121.041377,8.26163767122378,292.236659875523,293.45308604888,293.456816,0.163744552589296,73.8755870956667,73.2150170648464,73.63,16,120.989996,2039940,1.93878610163883,4.83083333333333
70,90000,75,6.02,5.98,121.405524,8.23685749257999,275.219567524091,276.764110402453,276.767538,0.167125609043757,72.600503352,72.5372718406019,72.25,12,121.353911,2028670,1.90679198126686,4.877
70,90000,75,6.02,6.08166666666667,121.127418,8.25576914386138,293.308742256295,292.592618524801,292.597247,0.16437746566621,73.665658047,73.7361282367448,73.42,13,121.074646,2039200,1.93454440553902,4.81033333333333
70,90000,75,6.02,6.00166666666667,121.254482,8.24711782612704,274.855392683855,276.844923044154,276.849607,0.166599277779228,72.7728982803333,72.2476745800361,72.53,10,121.203173,2031110,1.91336167851583,4.90983333333333
70,90000,75,6.02,6.11833333333333,121.298852,8.24410110657931,286.042299878621,288.8111904462,288.814633,0.163407855459548,74.2146809486667,73.2806754732398,73.85,14,121.245233,2036590,1.94049006135361,4.61533333333333
70,90000,75,6.02,5.83,121.222704,8.24927977188168,267.034315858475,267.522889819611,267.526417,0.171515583021155,70.672836432,70.7874803487209,70.45,10,121.168313,2040990,1.88262936859138,4.82083333333333
80,90000,75,6.88,6.93,121.020155,8.26308642556275,487.570356513485,479.541592472102,479.544588,0.144263140964166,83.866967415,84.4895996152459,83.57,17,120.967925,2057910,2.12988164170683,5.3635
80,90000,75,6.88,6.99666666666667,121.086876,8.25853331949864,427.277760841899,432.016934835874,432.020022,0.142810274479276,84.720450908,84.3753721567226,84.42,19,121.035395,2053000,2.14148512632216,5.19866666666667
80,90000,75,6.88,6.88666666666667,121.252082,8.2472810652439,387.836600882317,393.835066894966,393.838201,0.145143825299855,83.5022671373333,83.3998790078645,83.21,14,121.20057,2053100,2.11979984671226,4.92983333333333
80,90000,75,6.88,6.94166666666667,121.258324,8.24685652095934,482.042294771708,474.992060271309,474.995156,0.143958555371669,84.1734865766667,83.7954627295643,83.87,24,121.205105,2051850,2.13072872606457,5.11233333333333
80,90000,75,6.88,7.075,120.835805,8.27569278824269,432.218191533501,439.221554517315,439.224768,0.141316142840989,85.4913320375,85.4434106701213,85.18,19,120.78255,2059010,2.15974472615763,5.153
80,90000,75,6.88,6.75,121.314641,8.24302814365168,375.591490762457,380.047831220494,380.050874,0.148071507398519,81.887382675,80.2616960869028,81.6,20,121.261627,2052760,2.09059596850795,5.32033333333333
80,90000,75,6.88,6.70833333333333,121.243417,8.24787048025874,337.8894331247,347.79696474236,347.800205,0.149036885234783,81.3341255708333,79.9528008942989,80.92,16,121.191999,2052580,2.07823783904461,5.1785
80,90000,75,6.88,6.87,121.062404,8.26020272982519,399.200962517092,402.821883197962,402.824887,0.145516949451237,83.169871548,82.9714978775015,82.74,13,121.008366,2056280,2.11370905893127,5.37033333333333
80,90000,75,6.88,7.16166666666667,120.889406,8.27202343934091,432.575834189282,444.190004436584,444.193845,0.139618484501978,86.5769629303333,85.8522396742292,86.26,15,120.836591,2062810,2.1821631926578,5.43466666666667
80,90000,75,6.88,6.905,120.914952,8.27027578855591,398.537373954145,403.884540943761,403.887457,0.144811139020275,83.491774356,82.7440569566791,83.19,15,120.862991,2054420,2.12042575039657,5.10283333333333
90,90000,75,7.74,7.84833333333333,120.941043,8.26849161537329,1241.74396528337,1241.23520720323,1241.238749,0.127401847543003,94.9185619145,95.0737870262236,94.08,58,120.889775,2075910,2.33449655134981,5.67416666666667
90,90000,75,7.74,7.76333333333333,120.89139,8.27188768364728,842.142644923961,853.964835580292,853.967441,0.128675365464362,93.85201577,94.708597187936,93.49,26,120.839816,2074620,2.32268833999322,6.08216666666667
90,90000,75,7.74,7.82166666666667,121.045558,8.2613523083598,1175.53345908586,1176.69506742254,1176.697683,0.127831272126785,94.6778006156667,94.4604239906253,94.31,35,120.994536,2074810,2.33775042725465,6.00816666666667
90,90000,75,7.74,7.65333333333333,121.211619,8.25003418195412,1040.37411398299,1030.09982981903,1030.10296,0.130641574669207,92.767292408,92.509526401742,91.96,31,121.160644,2072650,2.29326166396521,5.81383333333333
90,90000,75,7.74,7.72833333333333,120.890925,8.27191950098819,1020.4618075517,1018.7164115702,1018.719057,0.129381494520595,93.4285365375,93.3369272237197,92.92,42,120.838621,2073580,2.31146466542725,5.62133333333333
90,90000,75,7.74,7.70833333333333,121.04445,8.2614279299877,738.972850268926,755.445801178162,755.448538,0.129676645431135,93.305096875,92.5521565236191,92.64,29,120.993339,2074150,2.30685160503691,5.4705
90,90000,75,7.74,7.70833333333333,120.889593,8.27201064362918,704.741927096267,722.377174813838,722.379793,0.129713282727135,93.1857279375,91.7630526429575,92.22,29,120.836785,2073420,2.29861794507458,6.03516666666667
90,90000,75,7.74,7.69,121.183011,8.25198178975764,749.897739936349,763.411017635674,763.413734,0.130007778005852,93.189735459,92.9136417813414,92.37,23,121.130996,2071370,2.29964679387826,5.57633333333333
90,90000,75,7.74,7.68833333333333,121.164881,8.25321654052547,828.006648129784,836.932824247345,836.935505,0.130058190088229,93.1555993421667,92.9988078465373,92.34,29,121.113712,2074040,2.30131004424328,5.37716666666667
100,90000,75,8.1,8.053333333,121.067163,8.259878032,1796.623133,1813.781415,1813.783984,0.124168925,97.49942194,96.85463011,96.45,46,121.01667,2079570,2.38075081157509,5.8256666666666
100,90000,75,8.1,7.936666667,120.716336,8.28388297,1709.160777,1699.493083,1699.495589,0.125996124,95.80853201,95.59055118,95.41,46,120.666596,2075430,2.35827165799484,5.9853333333333
100,90000,75,8.1,8.29,120.918133,8.270058222,3932.019524,4005.602092,4005.605455,0.120603313,100.2411323,98.87425872,98.67,85,120.868649,2082490,2.4237669296424,6.1128333333333
100,90000,75,8.1,8.17,120.959477,8.267231513,1725.670152,1767.495121,1767.49763,0.122355329,98.82389271,98.42937277,98.08,43,120.909582,2078350,2.40937314055922,5.8675
100,90000,75,8.1,8.118333333,120.93166,8.269133162,2433.571319,2451.34911,2451.352678,0.123176459,98.17635264,98.42964179,97.76,59,120.88115,2081220,2.40605658359411,5.6718333333333
100,90000,75,8.1,8.123333333,120.934471,8.268940954,3557.285402,3554.779234,3554.781732,0.123068462,98.23910194,97.90747769,97.35,81,120.884322,2079260,2.39687546072996,5.6141666666666
100,90000,75,8.1,7.89,120.918573,8.270028129,961.2984322,980.2060114,980.208486,0.126682289,95.4047541,95.24765023,95.01,26,120.867416,2073140,2.34905273852962,5.4988333333333
100,90000,75,8.1,7.918333333,120.807661,8.277620738,1251.649187,1261.423762,1261.426273,0.126266439,95.6595329,95.20151531,95.11,44,120.756475,2074740,2.35223044188288,5.5573333333333
100,90000,75,8.1,8.066666667,120.755875,8.281170585,2109.333183,2114.754632,2114.757163,0.123964243,97.40973917,97.14905485,97,60,120.704816,2077520,2.38899107258816,5.7213333333333
10,90000,80,0.86,0.86,121.409025,8.2366199712089,150.836353812558,129.657275213178,129.681184,1.15801168453295,10.44117615,12.0038722168441,10.49,2,121.36475,1635970,0.766164115439008,1.49983333333333
10,90000,80,0.86,0.823333333333333,121.934028,8.20115612025874,147.370058497726,129.958247684211,129.982464,1.21178864896154,10.039234972,11.7290192113246,10.09,2,121.884737,1581390,0.754628289426839,1.5405
10,90000,80,0.86,0.85,121.713144,8.21603951007954,152.100017284093,130.951174313726,130.975542,1.17519806103529,10.34561724,12.1449559255632,10.4,2,121.670248,1610960,0.762147074776968,1.57816666666667
10,90000,80,0.86,0.923333333333333,121.804677,8.20986537323193,150.394051947798,131.629250043321,131.651584,1.08163794013177,11.246631843,12.9846708746619,11.29,2,121.754138,1607250,0.774272683958349,1.63133333333333
10,90000,80,0.86,0.826666666666667,122.215948,8.18223821329766,136.438943572751,130.452706909274,130.478161,1.20416787057661,10.1031850346667,10.0704934541793,10.16,3,122.165322,1604050,0.758021352576183,1.609
10,90000,80,0.86,0.878333333333333,121.83901,8.20755191625408,107.916580483286,128.309195612903,128.335688,1.13754743432827,10.7015263783333,9.09952606635072,10.75,2,121.791132,1654770,0.771997776043239,1.60883333333333
10,90000,80,0.86,0.83,121.771541,8.21209940999269,140.179574869186,129.574944560241,129.598507,1.20379143007631,10.107037903,10.6318956870612,10.16,2,121.725958,1587620,0.756264227109472,1.512
10,90000,80,0.86,0.83,122.25821,8.17940979178413,132.928907203538,129.559385606426,129.592709,1.2032215353755,10.14743143,10.4312938816449,10.2,2,122.209376,1578310,0.755821572336218,1.49583333333333
10,90000,80,0.86,0.906666666666667,121.695403,8.21723726080269,149.894668611246,131.5430076875,131.571391,1.10240633982721,11.0337165386667,11.7539026629936,11.09,3,121.644497,1647380,0.776075578764985,1.7325
20,90000,80,1.72,1.715,121.709706,8.21627159299851,128.851929309849,136.314356548105,136.326409,0.583059361366375,20.873214579,20.1554152501214,20.89,3,121.658495,1829310,0.954049646867624,2.32366666666667
20,90000,80,1.72,1.71333333333333,122.189587,8.18400343721597,131.372612073417,137.746581667315,137.758139,0.583622195502918,20.9351492393333,20.1750121536218,20.94,3,122.132786,1834570,0.955910077409746,2.24883333333333
20,90000,80,1.72,1.795,121.72357,8.21533578090094,144.252208700373,139.573289114206,139.585874,0.556222828531105,21.849380815,22.5522041763341,21.85,3,121.666086,1815410,0.966522787768536,2.061
20,90000,80,1.72,1.67333333333333,121.493928,8.23086401486665,145.163497329745,138.71303673506,138.730356,0.596539608070717,20.329983952,20.7068193130911,20.34,3,121.448182,1828550,0.945087392401595,2.123
20,90000,80,1.72,1.78166666666667,121.750269,8.2135342140394,155.340417241212,141.285746464921,141.297423,0.561263720913938,21.6918395935,23.7961664329126,21.7,4,121.701478,1807810,0.962556408356086,2.1035
20,90000,80,1.72,1.775,121.482197,8.23165883310458,164.440420089755,143.208532497653,143.219815,0.562973899886385,21.5630899675,24.3078366963867,21.56,4,121.429597,1825040,0.963902672462552,2.412
20,90000,80,1.72,1.70666666666667,122.124811,8.18834429966897,123.535871156662,136.622164150391,136.634262,0.585444679124023,20.8426344106667,19.3265007320644,20.85,2,122.075235,1834780,0.954505893036157,2.16816666666667
20,90000,80,1.72,1.63666666666667,121.915063,8.2024318848935,113.182319926618,134.566918108961,134.579098,0.610101516165988,19.9534319776667,16.9974554707379,19.97,2,121.86477,1821490,0.937799255857767,1.99583333333333
30,90000,80,2.58,2.59666666666667,121.607662,8.22316606991425,151.103126957515,150.861781318999,150.870537,0.385096898499358,31.5774562326667,32.5633622072506,31.54,4,121.551557,1917270,1.15058546617639,2.662
30,90000,80,2.58,2.63833333333333,121.667114,8.2191478627495,153.430004342396,151.24064780796,151.249722,0.378605549758054,32.0998402436667,31.7650773602779,32.06,4,121.618282,1920170,1.16018507232008,2.56383333333333
30,90000,80,2.58,2.70333333333333,121.559338,8.22643506005273,142.037736135836,149.443068337238,149.450474,0.369525066669544,32.8615410393333,31.2480739599384,32.82,4,121.507471,1925430,1.17457480589107,2.68133333333333
30,90000,80,2.58,2.55,121.670619,8.21891109142791,144.768786312303,148.833723806536,148.841632,0.391860435903922,31.026007845,30.9049330284221,30.99,3,121.613918,1911100,1.13956284038815,2.66016666666667
30,90000,80,2.58,2.64166666666667,121.645006,8.220641626669,143.492832819509,149.429367245426,149.438074,0.377992451846057,32.1345557516667,31.0942920214443,32.1,3,121.592017,1921390,1.16122280902434,2.65616666666667
30,90000,80,2.58,2.43,121.656164,8.21988764991801,146.438290650381,146.652987647462,146.661582,0.411351202173525,29.562447852,29.1395269112101,29.54,4,121.598861,1916760,1.11685534312988,2.483
40,90000,80,3.44,3.47,121.909152,8.20282959559919,154.228838509467,163.133764264169,163.14057,0.288114637844861,42.302475744,40.0240096038415,42.21,5,121.857387,1973800,1.35169896980687,3.26666666666667
40,90000,80,3.44,3.47166666666667,121.233053,8.24857557616734,159.679976442019,162.722229226116,162.728177,0.287921217609698,42.0880748998333,42.1406287497,42,6,121.179709,1973410,1.34791765471288,3.18316666666667
40,90000,80,3.44,3.44333333333333,121.532756,8.22823436999981,156.767162701736,162.879677612294,162.885538,0.29041283007696,41.8477789826667,41.1081538833777,41.76,4,121.475714,1952790,1.33585604181553,2.983
40,90000,80,3.44,3.44333333333333,121.488548,8.23122851052595,176.723179827371,169.155459894482,169.16125,0.29033406282333,41.8325566946667,43.3341398499879,41.75,7,121.4344,1964360,1.34012395064504,2.97466666666667
40,90000,80,3.44,3.42333333333333,121.644909,8.22064818183226,167.13495893191,165.22865669036,165.23456,0.292104953398734,41.643107181,42.5164273545875,41.56,4,121.591887,1951160,1.33181225779647,2.92516666666667
40,90000,80,3.44,3.42833333333333,121.821478,8.20873311026484,162.323949693752,164.332534832766,164.338916,0.291623551805056,41.7644633743333,42.138517618469,41.68,4,121.771817,1957820,1.33641432429243,3.11783333333333
40,90000,80,3.44,3.52833333333333,121.659171,8.21968448231494,171.791964637758,168.957944939537,168.965445,0.283414920564006,42.9254108345,43.1877213695396,42.84,5,121.60819,1976360,1.36359808535989,3.205
50,90000,80,4.3,4.265,121.391949,8.23777860259909,183.579231637554,183.860462428292,183.86537,0.234431332382962,51.7736662485,52.5688611056847,51.64,5,121.339754,1983440,1.51927429500083,3.44283333333333
50,90000,80,4.3,4.29333333333333,121.347287,8.24081052590817,192.329017770508,190.821844141304,190.827356,0.232885165946817,52.0984352186667,51.2128856976519,51.96,6,121.297271,1996610,1.53106470291139,3.597
50,90000,80,4.3,4.26666666666667,121.615252,8.22265286265246,180.781341534857,185.501407595313,185.506726,0.234303366951953,51.8891741866667,51.1228275727397,51.76,7,121.562423,1982810,1.52106224235883,3.43566666666667
50,90000,80,4.3,4.32333333333333,121.450769,8.23378895196621,192.254744445615,190.769525496145,190.77421,0.231271055274094,52.5072157976667,52.8618230873001,52.37,8,121.396484,1993440,1.5367242901005,3.55616666666667
50,90000,80,4.3,4.31833333333333,121.852975,8.20661128708593,187.15997948642,189.082565721729,189.087983,0.231381101595137,52.6201763708333,51.6496237700174,52.49,7,121.800816,1991680,1.53797887462196,3.63866666666667
50,90000,80,4.3,4.26666666666667,121.729077,8.21496412069238,192.863942589338,190.475079763672,190.479695,0.234337317317578,51.93773952,52.4116383518844,51.81,6,121.676733,1991550,1.5260540571813,3.66083333333333
50,90000,80,4.3,4.32833333333333,121.476928,8.23201587712195,205.286102310247,197.120097476319,197.125141,0.230990127210243,52.5792636693333,53.8017324350337,52.44,8,121.427266,1984370,1.53361748425591,3.80916666666667
50,90000,80,4.3,4.20333333333333,121.387783,8.2380613212122,191.173962489851,187.574078614988,187.580954,0.237679720260508,51.0233314543333,51.3776015857284,50.9,7,121.335724,1981630,1.50557794415807,3.39766666666667
60,90000,80,5.16,4.99166666666667,121.511899,8.22964671138915,211.636319253505,213.845683,213.849802,0.200280928263439,60.6546895841667,60.2904356534802,60.48,6,121.457125,2015040,1.69016977529445,4.28916666666667
60,90000,80,5.16,5.26,121.067875,8.25982945517132,217.247408479937,221.219115820976,221.223136,0.190029332890051,63.68170225,63.2662759385395,63.49,7,121.0133,2013000,1.74212790978934,4.33066666666667
60,90000,80,5.16,5.22333333333333,121.350254,8.24060903902187,237.592969446908,233.757285822591,233.761232,0.191395356145501,63.3852826726667,64.2526718774924,63.2,9,121.295151,2016290,1.73889473883318,4.167
60,90000,80,5.16,5.125,121.218879,8.2495400737042,231.760847928752,227.43455367252,227.438643,0.19511934331252,62.1246754875,62.8190538123882,61.94,7,121.165346,2016780,1.71691542886745,4.14566666666667
60,90000,80,5.16,5.2,121.209747,8.25016159797776,222.412581810114,223.196260158333,223.200747,0.192299092288782,63.02906844,63.8839929498478,62.84,8,121.159285,2014590,1.73157018107659,4.24366666666667
60,90000,80,5.16,5.165,121.524886,8.22876723373351,213.318608206957,218.64663131494,218.651942,0.193571097760245,62.767603619,61.6712372963381,62.59,8,121.470872,2014150,1.7269093018471,4.24516666666667
70,90000,80,6.02,6.07833333333333,121.066952,8.25989242712578,300.892336796296,297.971424373732,297.974702,0.164507038819578,73.5885289906667,74.1466758053461,73.34,10,121.0122,2034050,1.92971445866983,5.05833333333333
70,90000,80,6.02,6.00333333333333,121.348673,8.24071640239527,287.973255662962,287.011603984453,287.014998,0.166553844614381,72.8496533576667,72.35253296322,72.49,11,121.293577,2033850,1.91443904303906,4.649
70,90000,80,6.02,6.10333333333333,121.460276,8.2331444726834,322.232018535536,315.702649667668,315.706015,0.163762134026215,74.1312551186667,73.3242320819113,73.89,16,121.407588,2034420,1.93976017623676,4.8735
70,90000,80,6.02,6.04333333333333,121.210597,8.25010374299204,305.140296473932,300.46811879647,300.471736,0.165380400083287,73.2516041203333,72.6733765338481,73.01,17,121.156619,2035430,1.92474203271897,4.85333333333333
70,90000,80,6.02,5.81666666666667,128.300982,7.79417261202256,344.873867628426,337.213064887106,337.216705,0.171876627484527,74.62840453,75.1611516974646,74.38,11,128.244058,2041560,1.95327245094865,4.49633333333333
70,90000,80,6.02,6.03333333333333,121.189534,8.25153762865364,337.099741267689,322.088385372376,322.09228,0.165679608998619,73.1176855133333,75.2106062698522,72.88,18,121.134691,2040240,1.92558122575262,4.8615
70,90000,80,6.02,6.13666666666667,121.139096,8.25497327468912,309.913035397613,307.100800507061,307.104634,0.162917155741716,74.3390252453333,75.1255940257977,74.09,11,121.084673,2041290,1.94790623837279,4.55866666666667
70,90000,80,6.02,6.01666666666667,121.135301,8.25523189148636,269.988157808424,274.411958334903,274.415424,0.166089039107202,72.8830727683333,73.0092784932835,72.64,11,121.080974,2030180,1.91471031651816,4.55016666666667
70,90000,80,6.02,5.95333333333333,121.256392,8.24698791961417,285.401501609987,284.413494879619,284.416933,0.167932020852744,72.1879720373333,73.5059482155353,71.96,13,121.204918,2031500,1.90347324612919,4.61783333333333
70,90000,80,6.02,5.975,121.117907,8.25641744288068,287.58324002593,286.227474015621,286.231216,0.167322861511576,72.3679494325,72.6397991911867,72.13,11,121.063745,2032100,1.90688828152793,4.7945
80,90000,80,6.88,6.89,121.084662,8.25868432452659,438.590563562897,436.823520491776,436.826559,0.145105027980648,83.427332118,83.2627887289878,83.13,14,121.032809,2057790,2.12186046763064,5.437
80,90000,80,6.88,6.88333333333333,121.076026,8.25927339240553,453.896235791562,447.650255799274,447.653251,0.145264582508232,83.3406645633333,83.4281563975306,83.04,16,121.023596,2058920,2.12108042175743,5.10116666666667
80,90000,80,6.88,6.99333333333333,120.982395,8.26566543008179,466.069993186251,465.038339092946,465.041393,0.142957204612011,84.60702157,84.177290599309,84.3,17,120.931137,2061670,2.14588494754614,5.01183333333333
80,90000,80,6.88,6.88666666666667,120.985642,8.2654435970179,397.692833412101,402.257623583495,402.260595,0.145176991706438,83.3187787906667,82.7102238354507,83.02,18,120.93393,2058077,2.12009153752567,5.28066666666667
80,90000,80,6.88,6.86833333333333,121.171104,8.25279267902024,439.489619526137,437.121949853191,437.124905,0.14548294778282,83.224353264,83.1978648550285,82.92,19,121.114008,2051520,2.11340841039201,5.44766666666667
80,90000,80,6.88,6.99,121.072989,8.25948056837021,517.265695198989,506.915569430615,506.918534,0.143053767338102,84.630019311,84.4319942782215,84.19,20,121.020076,2056000,2.13961519107863,4.74533333333333
80,90000,80,6.88,6.755,121.027379,8.26259321041729,473.624560913036,458.711569161609,458.71468,0.147977604827535,81.7539945145,81.7071666461083,81.33,20,120.973528,2057090,2.08890349310175,4.70933333333333
80,90000,80,6.88,6.965,121.056022,8.26063820269924,496.526692045499,488.462056017708,488.465024,0.143572594172051,84.315519323,84.0411532479962,84.01,25,121.00382,2055230,2.13579298329032,4.794
80,90000,80,6.88,6.82333333333333,121.083344,8.25877422083751,409.655069477011,410.168970070103,410.171923,0.146531307063508,82.6192017226667,82.3788008303822,82.17,14,121.004521,2058390,2.10499871921093,4.66416666666667
90,90000,80,7.74,7.845,120.727555,8.28311316335364,897.893229380858,915.052495735076,915.05508,0.127458612669216,94.7107668975,93.9670738183749,94.19,29,120.676122,2075130,2.3358392534626,5.4115
90,90000,80,7.74,7.94666666666667,120.861988,8.27389997920603,1184.39275362013,1200.52045539681,1200.523028,0.125817544253565,96.0449931306667,95.5122155814197,95.52,36,120.811554,2076320,2.36103210071731,5.23833333333333
90,90000,80,7.74,7.50833333333333,121.009641,8.26380436910808,766.876247319376,762.381331640178,762.384753,0.133177772954273,90.8580721175,90.7002552435912,90.34,30,120.934962,2069860,2.26159172664948,5.307
90,90000,80,7.74,7.65166666666667,121.141895,8.25478254240616,756.63284791324,764.925611797648,764.928229,0.130659431516663,92.6937399908333,91.9634106501143,92.19,23,121.090185,2072820,2.29757777848035,5.12616666666667
90,90000,80,7.74,7.695,120.75504,8.28122784771551,789.971479662681,798.93387597141,798.936543,0.129942761963396,92.92100328,93.2755820249053,92.41,24,120.704454,2071480,2.3004635845254,5.17883333333333
90,90000,80,7.74,7.75166666666667,121.125954,8.25586892797559,754.835190595747,772.466734474952,772.469411,0.128977862463126,93.892802009,94.4104052456197,93.54,27,121.074181,2074580,2.32356348830283,5.00216666666667
90,90000,80,7.74,7.74833333333333,120.9324,8.26908256182793,893.010905517888,901.667856446333,901.670574,0.128989526740589,93.7024546,93.99935476933,93.34,30,120.881093,2073830,2.31930231708857,4.97016666666667
90,90000,80,7.74,7.695,120.813033,8.27725267024792,830.583145384768,837.073746593676,837.076394,0.129939352252328,92.9656288935,92.7233351380617,92.31,31,120.76278,2072170,2.29921936988316,5.08266666666667
90,90000,80,7.74,7.75,120.898645,8.27139129640369,998.852013831326,999.941269694194,999.945023,0.128989597184731,93.696449875,92.9684980109666,93.04,44,120.847374,2073280,2.31339442865465,5.38033333333333
100,90000,80,8.1,8.1,120.704652,8.284684836,1771.740193,1795.683268,1795.68576,0.123453587,97.77076812,96.79045366,96.56,55,120.653729,2079480,2.382676851955,5.6078333333333
100,90000,80,8.1,8.075,120.946294,8.268132631,1625.164966,1650.095701,1650.09813,0.12379874,97.66413241,97.64730162,97.25,40,120.896571,2079580,2.39533245605568,6.0655
100,90000,80,8.1,7.975,120.919081,8.269993385,1495.085893,1505.199111,1505.201899,0.125358526,96.4329671,96.34311984,95.88,43,120.868219,2074490,2.36600987031461,5.6626666666666
100,90000,80,8.1,8.003333333,120.69245,8.285522417,1481.579448,1495.588107,1495.590758,0.124919508,96.59419082,96.51223321,96.19,36,120.641506,2076620,2.37347602936221,5.8205
100,90000,80,8.1,7.98,120.877039,8.272869755,1279.577245,1298.16251,1298.16507,0.125310534,96.45987712,96.59601128,96.06,47,120.82579,2075660,2.37028626565565,5.869
100,90000,80,8.1,7.918333333,120.834302,8.275795726,841.5249032,867.0604637,867.064068,0.126274987,95.68062813,94.9279175,95.29,28,120.782182,2076650,2.35713030100376,5.8358333333333
100,90000,80,8.1,8.096666667,120.981272,8.265742156,1505.783708,1537.106867,1537.109486,0.123488165,97.95450323,97.5095194,97.23,37,120.930531,2077800,2.39342016475261,5.4725
100,90000,80,8.1,7.913333333,121.010018,8.263778624,1274.481304,1283.471808,1283.474298,0.126357147,95.75926091,95.43013583,95.22,43,120.959612,2072750,2.35253401443199,5.5541666666666
10,90000,85,0.86,0.806666666666667,122.019892,8.1953850606588,135.608832484712,129.782431952479,129.807168,1.23728067754546,9.84293795466667,10.3199174406605,9.9,2,121.976794,1620610,0.756101452001684,1.36583333333333
10,90000,85,0.86,0.861666666666667,122.174296,8.18502772465331,105.401844532279,128.472332617021,128.503576,1.15953808156286,10.5273518386667,8.50241545893719,10.58,2,122.118933,1617910,0.765455963018008,1.39283333333333
10,90000,85,0.86,0.873333333333333,122.084535,8.19104565537314,128.803149491701,129.744773009542,129.767803,1.140979172,10.66204939,10.6768350810296,10.72,2,122.037237,1639040,0.769803498147977,1.29383333333333
10,90000,85,0.86,0.848333333333333,121.428142,8.23532324162549,131.875504896167,129.733552385069,129.758162,1.17704893328291,10.3011540463333,10.5986261040236,10.35,2,121.371219,1589310,0.759090090214745,1.3845
10,90000,85,0.86,0.896666666666667,122.091903,8.19055134229499,111.834815834982,128.958116068773,128.980936,1.11222885985874,10.947573969,9.4707520891365,11,3,122.036705,1620220,0.771672342381693,1.30983333333333
10,90000,85,0.86,0.831666666666667,122.243978,8.18036206249767,142.025793328399,129.32591788978,129.349676,1.19769121127054,10.1666241703333,11.4114114114114,10.22,2,122.193495,1640070,0.762735533940866,1.21066666666667
10,90000,85,0.86,0.891666666666667,121.794832,8.21052899847179,138.223513704547,129.472954218692,129.495167,1.12017280519252,10.8600391866667,12.3249299719888,10.91,1,121.741328,1629190,0.771413257795351,1.3235
20,90000,85,1.72,1.77166666666667,122.008419,8.19615570954985,147.014530289903,140.932888849483,140.944362,0.563640736178739,21.6158248995,22.6610249177245,21.62,3,121.957638,1816950,0.963184560293797,1.96183333333333
20,90000,85,1.72,1.70666666666667,122.075802,8.191631622457,128.683199121523,136.829547416016,136.841484,0.585475541700195,20.834270208,19.5217179111762,20.84,3,122.026976,1823490,0.952081544656396,1.971
20,90000,85,1.72,1.74666666666667,121.541204,8.22766244770786,144.972643580251,139.781500145992,139.794392,0.572469405599237,21.2291969653333,22.1745350500715,21.23,5,121.48925,1852410,0.964208242184711,1.87433333333333
20,90000,85,1.72,1.705,121.963913,8.19914657870972,135.811365462941,137.44734501955,137.461818,0.585510280542522,20.7948471665,20.2247191011236,20.8,4,121.906648,1823730,0.951490659156477,1.752
20,90000,85,1.72,1.72333333333333,122.10276,8.1898230637866,153.130910100564,141.643219227273,141.655306,0.579249985168279,21.04237564,22.1362977283712,21.05,4,122.049543,1830000,0.956753101379163,1.73733333333333
20,90000,85,1.72,1.63833333333333,122.032339,8.19454915143436,148.947977333014,139.942697671414,139.960932,0.610172475817904,19.9929648728333,19.9288256227758,20.01,3,121.983847,1833520,0.940762010635869,1.7665
20,90000,85,1.72,1.72666666666667,121.858656,8.20622869827155,138.012728461354,138.846725320463,138.85854,0.578334109907336,21.040927936,21.3217559093102,21.05,3,121.812304,1845940,0.959978370862186,1.91183333333333
20,90000,85,1.72,1.82,121.76606,8.21246905746971,143.083461161264,139.233791849817,139.247011,0.549052269438645,22.16142292,23.3867276887872,22.15,3,121.676772,1835840,0.975624084442615,1.85566666666667
20,90000,85,1.72,1.66166666666667,121.98399,8.19779710435771,130.315759307999,136.420769495487,136.433544,0.601570220192578,20.269673005,19.4486215538847,20.28,3,121.930523,1844000,0.947148266716547,1.7405
30,90000,85,2.58,2.53833333333333,121.644758,8.22065838628246,162.134870612107,152.994008826001,153.002366,0.393648892665791,30.8774944056667,32.4909747292419,30.84,5,121.595199,1924520,1.14091800049575,2.22866666666667
30,90000,85,2.58,2.54333333333333,121.636917,8.22118830913809,149.392192712494,149.463916418742,149.472187,0.393081767513761,30.936322557,30.3963314772355,30.9,3,121.585026,1920770,1.14084715568056,2.39583333333333
30,90000,85,2.58,2.57166666666667,121.936246,8.20100694259523,162.49440244573,154.048330978613,154.056811,0.388547491044718,31.3579379296667,32.9122125040492,31.32,6,121.880624,1900600,1.14201804972244,2.49866666666667
30,90000,85,2.58,2.53,121.86451,8.2058344960317,143.161873129948,147.522681041502,147.530809,0.395130338694335,30.83172103,30.1942706618373,30.8,4,121.809427,1915940,1.13777483558275,2.403
30,90000,85,2.58,2.56833333333333,121.5446,8.22743256384899,150.287219082351,149.912661837119,149.921215,0.389026404,31.2167047666667,31.268245215699,31.18,4,121.493871,1913790,1.1435265125,2.24533333333333
30,90000,85,2.58,2.49333333333333,121.826308,8.20840766183278,139.764620120745,146.717654858289,146.726179,0.400812497038102,30.3753594613333,28.9675910457735,30.35,4,121.77443,1903430,1.12667218577429,2.37816666666667
30,90000,85,2.58,2.60833333333333,121.874491,8.20516247325291,148.162811746495,150.430458753994,150.438115,0.382990669676038,31.7889297358333,31.2360268284893,31.75,3,121.818815,1924320,1.15619957486871,2.46083333333333
30,90000,85,2.58,2.57166666666667,121.551312,8.22697824931746,159.219321466203,150.827955519119,150.836984,0.388769893660402,31.258945736,33.6572724327826,31.22,3,121.497007,1940520,1.15198681406944,2.48283333333333
40,90000,85,3.44,3.325,121.463956,8.23289503266302,151.091836330993,159.657600307769,159.664185,0.300405811789474,40.38676537,39.3134552743673,40.31,4,121.409498,1952570,1.31097123053075,3.16933333333333
40,90000,85,3.44,3.30666666666667,121.776739,8.21174887923383,150.257235510692,159.572181476815,159.578652,0.302397099200605,40.2675083626667,38.0952380952381,40.19,5,121.723784,1952670,1.30895578442388,3.18466666666667
40,90000,85,3.44,3.45666666666667,121.788156,8.21097907090407,156.466697485865,163.56732277001,163.574089,0.289230034362584,42.098105924,40.7809110629067,42.01,5,121.736706,1978100,1.34990057192649,3.34083333333333
40,90000,85,3.44,3.5,121.746154,8.21381183014619,166.21892746625,166.648553470952,166.655595,0.28526662577381,42.6111539,42.608902642228,42.52,5,121.69097,1959480,1.35146814935858,3.06983333333333
40,90000,85,3.44,3.395,121.652991,8.22010204418237,166.321819348193,164.664032480609,164.671243,0.294523697133039,41.3011904445,41.840490797546,41.22,5,121.598618,1957390,1.3283624828775,2.87216666666667
40,90000,85,3.44,3.545,121.738923,8.21429971086569,151.949336961908,162.997463786554,163.00335,0.281988919845792,43.1564482035,41.0810810810811,43.07,5,121.681855,1967030,1.36389242683635,3.14566666666667
40,90000,85,3.44,3.40333333333333,121.240531,8.24806681191457,175.003027008105,167.078419538198,167.084163,0.293730886870225,41.2621940503333,42.1297429620563,41.19,5,121.186222,1954370,1.32670426084522,3.04883333333333
40,90000,85,3.44,3.55,121.712183,8.21610438126806,170.230488776357,169.126162246009,169.132634,0.281582093753521,43.207824965,43.1823515606665,43.12,5,121.657273,1984690,1.37174134173437,2.96016666666667
40,90000,85,3.44,3.445,121.64702,8.22050552491956,166.583889519711,166.574264082729,166.580388,0.290251982062409,41.90739839,41.9588875453446,41.83,6,121.594788,1967900,1.34286115281925,2.93116666666667
40,90000,85,3.44,3.465,121.563887,8.22612722148314,168.691344454749,167.047500107744,167.054694,0.288409827314093,42.1218868455,42.798749699447,42.04,5,121.509883,1960610,1.34366572062404,2.964
50,90000,85,4.3,4.22,121.171716,8.25275099677552,184.801373612235,184.158378186019,184.163379,0.236941142545419,51.134464152,50.7601184600197,51.01,5,121.117129,1998110,1.51514685327447,3.644
50,90000,85,4.3,4.36666666666667,121.576546,8.22527068666682,187.365909716548,188.847980559924,188.852743,0.228949561828626,53.0884250866667,53.0242320167907,52.95,6,121.52466,1989340,1.54487683411084,3.5535
50,90000,85,4.3,4.39333333333333,121.459787,8.23317761951945,198.393798740513,194.237649272003,194.242336,0.227534538293247,53.3613330886667,54.3902901574057,53.22,6,121.409446,1986530,1.54822138447056,3.5715
50,90000,85,4.3,4.30833333333333,121.689791,8.2176162172881,194.403620548611,192.871484192263,192.876305,0.232055702996518,52.4280182891667,51.8274995165345,52.3,7,121.636451,1984530,1.53126013853835,3.6265
50,90000,85,4.3,4.27166666666667,121.419359,8.2359189525947,204.969353908196,195.46272786149,195.467573,0.233982555686695,51.8663028528333,52.564852740394,51.74,8,121.364388,1988490,1.52339111564336,3.64183333333333
50,90000,85,4.3,4.33166666666667,121.50027,8.23043438504293,194.579698747821,191.779225040785,191.784671,0.230843111394383,52.629866955,53.1448355452972,52.5,6,121.447677,1987220,1.53602222810787,3.55933333333333
50,90000,85,4.3,4.41166666666667,121.799169,8.21023663962765,201.114950807531,196.168547273895,196.173038,0.226452330361541,53.7337333905,54.2398489140699,53.59,7,121.744683,1997790,1.56014766976675,3.46216666666667
50,90000,85,4.3,4.40333333333333,121.563969,8.22612167261502,188.555873141602,190.740823824376,190.745508,0.226910117580999,53.528667683,52.6773888363292,53.39,6,121.512063,1993490,1.55455952493287,3.756
60,90000,85,5.16,5.17666666666667,121.434696,8.2348787697381,232.53695360112,228.121314613007,228.125407,0.193119178646169,62.862694296,63.8660872364397,62.68,9,121.384886,2011060,1.72674515393014,4.27783333333333
60,90000,85,5.16,5.19,121.248563,8.24752042628332,233.818385072495,229.116165026975,229.120503,0.192677478464997,62.928004197,64.1836570878151,62.64,7,121.196139,2012180,1.72667515884403,4.15766666666667
60,90000,85,5.16,5.14666666666667,121.307247,8.24353057818549,229.908124825422,227.041842992552,227.046037,0.194074259528821,62.432796456,62.4575036425449,62.25,9,121.254832,2014680,1.7212091511362,3.80233333333333
60,90000,85,5.16,5.13,121.418159,8.23600034983235,225.832116790632,224.308621464263,224.31365,0.194889891237817,62.287515567,62.4979697904824,62.11,8,121.364756,2013390,1.71801347398826,3.97516666666667
60,90000,85,5.16,5.13833333333333,121.398605,8.23732694457239,201.968551708236,210.890308305547,210.895388,0.194459020578982,62.3786498691667,61.1966920706989,62.19,6,121.344892,2018510,1.72230545520315,4.08816666666667
60,90000,85,5.16,5.175,121.492553,8.23095716821425,221.050854919237,222.379637710467,222.385181,0.193223983800322,62.8723961775,62.8401223635486,62.59,7,121.441669,2011250,1.72526728842489,4.27233333333333
70,90000,85,6.02,6.13833333333333,121.212274,8.24998960088811,257.07025197418,268.228363049959,268.232063,0.162846747499864,74.4041341903333,73.6527758924936,74.16,9,121.158678,2036950,1.94626068859931,4.52933333333333
70,90000,85,6.02,6.06166666666667,121.395781,8.23751856746982,270.25785951376,276.649014854001,276.652379,0.164964720335441,73.5860759161667,72.1786941580756,73.22,11,121.342332,2038380,1.93043124660259,4.6535
70,90000,85,6.02,6.03666666666667,121.29373,8.2444492390497,279.588847999287,280.145043535064,280.148419,0.16563129506709,73.2209816766667,74.3685300207039,72.98,10,121.24177,2042840,1.92907717412592,4.51533333333333
70,90000,85,6.02,5.935,121.091275,8.25823330376198,284.423384456134,281.377881324909,281.381534,0.168426995435833,71.8676717125,72.4835041415134,71.64,14,121.03802,2032050,1.8981338283503,4.37616666666667
70,90000,85,6.02,5.99166666666667,121.147417,8.25440628255409,290.00088775782,288.263401805285,288.266899,0.166892517741586,72.5874940191667,73.5085523571131,72.35,10,121.094222,2035080,1.9127464431437,4.41166666666667
70,90000,85,6.02,6.06166666666667,121.229816,8.24879582428798,276.06302917608,279.995792538081,279.999133,0.164948188352488,73.4854734653333,71.9450171821306,73.25,15,121.176577,2035250,1.92890239502413,4.91383333333333
70,90000,85,6.02,6.01666666666667,121.164192,8.25326347242921,291.900240181281,288.999706440166,289.003413,0.166167131988089,72.90045552,73.9509763190694,72.66,12,121.110339,2034290,1.91775565614725,4.80266666666667
80,90000,85,6.88,6.74166666666667,121.11745,8.25644859597028,410.6563489259,407.562111394314,407.565201,0.148308918203461,81.6533475416667,81.4979606970708,81.37,20,121.06222,2051170,2.08529842124912,5.3095
80,90000,85,6.88,6.80333333333333,121.005023,8.26411974650011,417.143596084313,414.369710688388,414.373507,0.146980580297403,82.3237506476667,81.7268830373546,82.03,19,120.951303,2051550,2.0974367813945,4.90916666666667
80,90000,85,6.88,6.81333333333333,121.245311,8.24774163843746,385.208906562654,389.518170705969,389.51999,0.14675260776272,82.6084718946667,82.1328115445762,82.32,12,121.193507,2054260,2.10465108941693,4.9165
80,90000,85,6.88,6.96833333333333,121.050928,8.26098582243004,416.894234902127,421.678745190863,421.682899,0.143504246286534,84.3523216613333,84.9575511180199,84.05,18,120.998649,2060290,2.14032931555749,5.253
80,90000,85,6.88,6.79833333333333,120.987886,8.26529029526146,440.238973135098,432.959447629076,432.962458,0.147067540988968,82.2515978323333,82.32626547371,81.96,18,120.935338,2053110,2.09732680995104,4.84916666666667
80,90000,85,6.88,6.74666666666667,120.978009,8.26596509783857,383.449733249176,384.290602397974,384.293671,0.148212380551136,81.619830072,81.3017166851921,81.34,15,120.926542,2053950,2.08679006066012,5.16216666666667
80,90000,85,6.88,6.965,121.262309,8.24658550745558,458.996914056036,459.093289031108,459.096187,0.143568488909787,84.4591982185,83.4669218806077,84.15,23,121.209187,2057560,2.14007270886862,4.89166666666667
80,90000,85,6.88,6.82833333333333,121.303895,8.24375837230948,364.825942225021,374.186400748597,374.189537,0.146444263036856,82.8303429691667,82.2818791946309,82.41,14,121.250892,2051630,2.1043248483902,4.813
80,90000,85,6.88,6.805,121.208479,8.25024790551163,439.502821654538,433.466692959589,433.469923,0.146933369938771,82.4823699595,83.1761968899229,82.19,20,121.156145,2054810,2.10271765205798,5.67783333333333
90,90000,85,7.74,7.69,121.02688,8.26262727751058,789.167295209692,799.754648137625,799.757804,0.130036165634374,93.06967072,93.3253873659118,92.71,24,120.975882,2071680,2.30607318993871,5.50866666666667
90,90000,85,7.74,7.65333333333333,121.067946,8.2598246112146,718.648227776313,732.007289967117,732.01016,0.130660052142639,92.657334672,92.7490473598258,92.15,27,121.016045,2073830,2.29768489274358,5.34516666666667
90,90000,85,7.74,7.72166666666667,120.901135,8.27122094428642,872.497097930124,879.622434169005,879.625024,0.129501167150658,93.3558264091667,93.1369375202331,92.85,28,120.850345,2070990,2.30804019873672,5.78433333333333
90,90000,85,7.74,7.81666666666667,120.788618,8.27892575110016,925.947265818107,939.582952772708,939.586576,0.127922214901493,94.4164364033333,94.1370855985503,93.9,33,120.737573,2077500,2.3325597634253,5.74416666666667
90,90000,85,7.74,7.76666666666667,120.93616,8.26882546957006,948.930215724979,956.395455177682,956.398359,0.128744314125966,93.9270842666667,93.9062332367772,93.41,28,120.885508,2068470,2.3160919941082,5.63716666666667
90,90000,85,7.74,7.88166666666667,121.048739,8.2611352109996,1040.75393126351,1056.07030162127,1056.072892,0.126817258255022,95.4065811218333,95.3272016069352,94.73,30,120.996688,2076170,2.34653664478761,5.9135
90,90000,85,7.74,7.925,120.691497,8.28558784054191,884.32885448594,908.193334101788,908.196025,0.126159626312093,95.6480113725,95.7102302596993,95.12,25,120.641074,2076470,2.35388468919372,5.93066666666667
90,90000,85,7.74,7.67333333333333,120.784827,8.27918559671407,725.280174392161,737.401159967637,737.403823,0.130288357588836,92.682223918,92.7136496905201,92.33,20,120.73353,2071170,2.29875567535674,5.33883333333333
100,90000,85,8.1,8.065,120.921054,8.269858448,1567.899314,1592.559157,1592.561788,0.123989619,97.52283005,96.67321004,96.79,40,120.870659,2078640,2.38613912947611,6.0666666666666
100,90000,85,8.1,7.971666667,121.005055,8.264117561,1372.649174,1387.203834,1387.207494,0.125397034,96.46119634,96.24751751,96.06,37,120.954346,2077620,2.37197067993212,5.6688333333333
100,90000,85,8.1,8.068333333,120.917469,8.270103636,1974.99742,1988.589432,1988.593115,0.123939616,97.56024457,97.58339358,96.83,57,120.867806,2077320,2.38572414623398,5.8418333333333
100,90000,85,8.1,8.081666667,120.923825,8.269668942,1548.298995,1576.603815,1576.606329,0.123668188,97.72660457,97.13372513,97.16,46,120.872673,2079650,2.39375382385554,5.8781666666666
100,90000,85,8.1,8.041666667,120.825157,8.276422103,1958.85524,1966.031944,1966.035686,0.124333385,97.16356375,97.40959486,96.6,53,120.774774,2075860,2.38027733444511,5.7773333333333
100,90000,85,8.1,7.986666667,121.029046,8.262479405,1384.231936,1400.997608,1401.001135,0.125205171,96.66186474,96.64058425,96.1,36,120.979008,2077750,2.37281041090351,5.8761666666666
10,90000,90,0.86,0.82,122.157054,8.18618300994718,106.475176426891,128.359800932927,128.394224,1.21588814897561,10.016878428,8.52791878172589,10.06,2,122.101818,1574670,0.753499927760083,1.3755
10,90000,90,0.86,0.873333333333333,121.936146,8.20101366825223,141.901774863738,131.374772637405,131.398621,1.14300057117939,10.649090084,11.2488083889418,10.7,2,121.881708,1641660,0.76980894376197,1.363
10,90000,90,0.86,0.901666666666667,121.725359,8.21521503994907,138.248140050486,130.392687532348,130.415144,1.10886026026802,10.9755698698333,11.5420129270545,11.02,2,121.668151,1577630,0.76708051352396,1.17583333333333
10,90000,90,0.86,0.823333333333333,122.196186,8.18356147384175,137.545387931211,130.570297356275,130.594087,1.21418008941903,10.060819314,10.51567239636,10.11,2,122.152466,1586940,0.755496456443263,1.16666666666667
10,90000,90,0.86,0.861666666666667,122.142481,8.18715971554565,114.372214279707,129.943732154739,129.966716,1.15875487217988,10.5246104461667,9.27536231884058,10.58,2,122.0957,1575490,0.760763242382415,1.30316666666667
10,90000,90,0.86,0.925,122.342736,8.17375867742569,147.906682560148,130.954061486487,130.97516,1.07961357084505,11.31670308,13.1413141314131,11.36,2,122.291668,1605760,0.775083191721493,1.28666666666667
10,90000,90,0.86,0.856666666666667,122.055324,8.1930059847287,131.592381254892,128.816879441634,128.851035,1.16275711721984,10.456072756,10.8843537414966,10.51,2,122.005073,1645040,0.767448533029161,1.3775
10,90000,90,0.86,0.815,122.167425,8.18548807098128,104.025016136411,128.055893709611,128.080203,1.22677410231697,9.9566451375,8.47803881511746,10.01,1,122.114077,1573020,0.752635961323192,1.1865
10,90000,90,0.86,0.861666666666667,122.444379,8.16697351211198,132.312953774563,129.73798140619,129.772229,1.15969673627853,10.5506239905,11.0144927536232,10.61,2,122.392913,1545300,0.757829553726179,1.25383333333333
10,90000,90,0.86,0.87,121.61868,8.22242109518044,118.792278501897,129.004409009579,129.030167,1.14706516278353,10.58082516,9.37799043062201,10.63,2,121.562384,1612780,0.765594820450855,1.3955
20,90000,90,1.72,1.68166666666667,121.962275,8.19925669638419,131.358634105826,137.416626077304,137.428713,0.594201220469772,20.5099892458333,19.5146111936602,20.52,3,121.905368,1843960,0.95101700353267,1.92083333333333
20,90000,90,1.72,1.75166666666667,121.62944,8.22169369521063,136.816916434453,138.127748446242,138.14091,0.570270955579448,21.3054235733333,21.7784117926771,21.31,3,121.579322,1810880,0.957008664470524,1.73833333333333
20,90000,90,1.72,1.74166666666667,122.002084,8.19658129774242,140.039677908741,139.345579320574,139.357093,0.573526660343541,21.2486962966667,21.3295074127212,21.26,3,121.949084,1848540,0.963904865401475,1.79966666666667
20,90000,90,1.72,1.715,121.870488,8.20543198284395,126.303209828995,136.402567255588,136.414498,0.58280309711759,20.900788692,19.8154443904808,20.91,3,121.820921,1809740,0.950434369722708,1.71516666666667
20,90000,90,1.72,1.74,122.045934,8.19363634023236,142.508927441497,139.07688376341,139.088414,0.574079770529694,21.235992516,21.8286261369076,21.24,3,121.994008,1831840,0.960174175681192,1.91416666666667
20,90000,90,1.72,1.72666666666667,121.686555,8.21783474764324,132.425168604619,136.616990690154,136.629003,0.579132499300193,21.01121183,20.598166907863,21.02,3,121.627931,1844610,0.959224520294914,1.66116666666667
20,90000,90,1.72,1.68,121.919668,8.20212207270774,144.013976438369,138.740316384921,138.753033,0.594650122638889,20.482504224,21.5171046108081,20.49,4,121.860976,1822460,0.946287629563392,1.81033333333333
20,90000,90,1.72,1.73333333333333,122.170098,8.18530897797921,147.488263778509,140.893245641346,140.905265,0.576722770948077,21.17615032,22.5852955309947,21.18,3,122.118206,1811000,0.954970947810365,1.73583333333333
20,90000,90,1.72,1.725,122.22724,8.18148229478143,147.796695568199,140.032070024155,140.048103,0.57947937365314,21.0841989,22.2114920328344,21.09,3,122.178354,1823370,0.956050478730821,1.68633333333333
30,90000,90,2.58,2.59333333333333,122.162133,8.18584266206288,172.673348434338,156.609395281491,156.620179,0.385427292627892,31.680713158,33.9865081914552,31.64,6,122.111257,1924150,1.15429521930004,2.36616666666667
30,90000,90,2.58,2.59333333333333,121.462762,8.23297596344796,162.020616751875,152.770011363753,152.781111,0.384949795556555,31.4993429453333,33.6010279473177,31.46,4,121.410802,1927890,1.15235914639912,2.4415
30,90000,90,2.58,2.63166666666667,121.661283,8.21954179128622,145.908400077706,149.677396625079,149.687328,0.379957015917036,32.0171943095,32.0671098448876,31.98,3,121.607911,1924570,1.16015103393852,2.413
30,90000,90,2.58,2.55,121.513864,8.22951362981923,153.096194374516,150.001333803922,150.011099,0.392096425352941,30.98603532,31.5256452139824,30.95,5,121.458227,1915670,1.1402142175517,2.3805
30,90000,90,2.58,2.61833333333333,121.678314,8.21839132320653,143.874022739144,149.233884307448,149.242014,0.38134267870592,31.859438549,30.3531657651925,31.82,4,121.631679,1920110,1.15613049461548,2.35283333333333
30,90000,90,2.58,2.52833333333333,121.815219,8.20915488400509,151.560730176072,149.771284980224,149.779403,0.395482438015162,30.7989478705,31.004942339374,30.77,3,121.764414,1929810,1.14125871618524,2.31466666666667
30,90000,90,2.58,2.61166666666667,121.571645,8.22560227757056,154.746674076268,152.717426753031,152.721864,0.382850733620294,31.7504612858333,30.207336523126,31.72,5,121.517477,1902460,1.14922763474292,2.29283333333333
30,90000,90,2.58,2.56833333333333,121.728643,8.21499340956261,176.80849303806,158.294860698897,158.303213,0.389309778791045,31.2639731438333,33.4090171910477,31.23,6,121.672994,1918010,1.14559488874913,2.43916666666667
30,90000,90,2.58,2.61666666666667,121.608482,8.22311062151076,170.581400300525,155.049906236306,155.058214,0.381829248624204,31.8208861233333,33.8745622413244,31.78,5,121.558661,1911770,1.15298633959409,2.30283333333333
30,90000,90,2.58,2.60666666666667,121.686169,8.21786081538979,132.658841184563,146.043566832481,146.051824,0.383038507954604,31.7195280526667,29.0188558644935,31.68,4,121.627792,1915330,1.15236351837419,2.38416666666667
40,90000,90,3.44,3.48333333333333,121.536852,8.22795706441368,167.469836775845,166.216962312919,166.223141,0.286971723210048,42.33533678,42.4778761061947,42.25,4,121.482406,1981120,1.35523102039828,2.89766666666667
40,90000,90,3.44,3.36833333333333,121.548876,8.22714312882663,163.311203180358,164.044055981197,164.051428,0.296784559675408,40.941713066,41.0091516200841,40.86,4,121.493897,1952460,1.32033692845038,2.80683333333333
40,90000,90,3.44,3.51333333333333,121.504068,8.23017711637441,174.814240183517,171.03308804649,171.040229,0.284208337693074,42.688429224,43.9174768792981,42.6,6,121.450238,1971300,1.35746417711598,2.7095
40,90000,90,3.44,3.53666666666667,121.523679,8.22884896366576,173.381335695707,168.670927307257,168.676737,0.282718095427898,42.978874473,44.263839811543,42.89,6,121.462443,1942040,1.3509537056798,2.75633333333333
40,90000,90,3.44,3.34833333333333,121.801938,8.2100499911586,159.397169071599,163.573232485316,163.579524,0.298472823670981,40.783348907,40.258770838517,40.7,5,121.739497,1953700,1.31806482370602,2.67483333333333
40,90000,90,3.44,3.4,121.731377,8.2148089066634,175.706646294882,168.796178253431,168.802371,0.293955339804902,41.38866818,42.1955403087479,41.31,6,121.678031,1956060,1.32940047324262,2.697
40,90000,90,3.44,3.38166666666667,121.935557,8.20105328259582,164.35739427962,164.616460871365,164.622713,0.295363138187777,41.2345408588333,40.3547671840355,41.16,4,121.876633,1948520,1.32397648948087,2.74683333333333
40,90000,90,3.44,3.46666666666667,121.697645,8.2170858770521,158.893017580833,164.646789724039,164.652547,0.288093254857212,42.1885169333333,40.9036289353521,42.09,5,121.613575,1959640,1.34414938700924,2.8425
40,90000,90,3.44,3.50833333333333,121.977641,8.19822380398388,170.845387969863,168.266003654157,168.272058,0.284618163653682,42.7938223841667,43.4576110187604,42.67,6,121.850492,1965390,1.35635785387267,2.705
50,90000,90,4.3,4.18666666666667,121.461455,8.23306455533568,189.942009696739,186.596251615844,186.601464,0.238820665048567,50.8518624933333,52.5174129353234,50.69,5,121.360423,1986800,1.50432110503113,3.0515
50,90000,90,4.3,4.43333333333333,121.503271,8.23023110217337,183.596559525105,188.198678945865,188.203522,0.225487019325188,53.8664501433333,54.3506859612855,53.72,6,121.418796,1995350,1.56123067277974,2.99583333333333
50,90000,90,4.3,4.17666666666667,121.706263,8.21650402658407,177.766060437595,181.234492421389,181.239427,0.238999732518356,50.8326491796667,50.5884699780571,50.68,5,121.596373,1977870,1.50002243825673,3.0395
50,90000,90,4.3,4.27833333333333,121.692778,8.21741451247008,189.037021077575,188.138756015193,188.143669,0.233670215727308,52.0642268543333,51.6066212268744,51.9,6,121.562348,1983510,1.52382464708212,3.109
50,90000,90,4.3,4.33,121.971535,8.19863421412217,176.331966256959,183.501455940724,183.507487,0.230784962409546,52.813674655,51.5682124302482,52.63,6,121.831659,1992800,1.54095779887549,2.9615
50,90000,90,4.3,4.30666666666667,121.52269,8.22891593331254,204.706313597315,195.741456523994,195.746241,0.232126902434211,52.3357718266667,52.6794350938286,52.17,8,121.411964,1985510,1.52946569911993,2.93483333333333
50,90000,90,4.3,4.22833333333333,121.711954,8.21611983979815,187.102799746025,186.338870427671,186.345743,0.236472438751675,51.4638712163333,51.6847290640394,51.25,6,121.533881,1985540,1.51347883018582,3.00083333333333
60,90000,90,5.16,4.94666666666667,121.304215,8.24373662531018,208.421580231242,209.816447593666,209.821232,0.202058202184973,60.0051516866667,60.451406434226,59.69,8,121.193303,2003060,1.66974665504456,3.62266666666667
60,90000,90,5.16,5.27,121.40536,8.23686861930973,240.42420742363,235.477276045857,235.481306,0.189639911597091,63.98062472,64.4743083003953,63.72,8,121.268327,2020350,1.7504179203646,3.67433333333333
60,90000,90,5.16,5.17,121.547188,8.22725738418564,229.302817812428,228.663913854288,228.668138,0.193320438349452,62.839896196,62.6591458501209,62.58,10,121.406702,2005830,1.72202271945379,3.52266666666667
60,90000,90,5.16,5.155,121.38858,8.23800723264083,234.652396055244,227.861225873586,227.865667,0.193981753973165,62.57581299,63.8920316793276,62.32,9,121.246326,2018710,1.72471679638027,3.7945
60,90000,90,5.16,5.105,121.233808,8.24852420704297,218.745658936129,219.36891822984,219.373741,0.195863735838394,61.889858984,62.5265219520157,61.67,7,121.122912,2017100,1.71232417233436,3.92966666666667
60,90000,90,5.16,4.93,121.405934,8.23682967588718,217.374834637777,214.723235396552,214.727457,0.202803061986815,59.853125462,60.1149231029238,59.66,8,121.312473,2013800,1.67502573866085,3.31883333333333
60,90000,90,5.16,5.21333333333333,121.331066,8.24191225683289,235.102414196356,231.932963776215,231.936869,0.191606709452046,63.2539290746667,63.5128655905386,63.04,9,121.22354,2002230,1.72805248270999,3.70483333333333
60,90000,90,5.16,5.15166666666667,121.238231,8.24822328527707,212.760246327202,216.398190557748,216.402604,0.194001220864769,62.4578953368333,62.3968947113052,62.23,6,121.12205,2015710,1.72143614549051,3.71316666666667
60,90000,90,5.16,4.98166666666667,121.568076,8.22584376510162,233.033751284397,224.83670182101,224.842484,0.200714961604216,60.561163194,62.9034955678207,60.35,8,121.458307,2002490,1.68101544984347,3.53233333333333
60,90000,90,5.16,5.26333333333333,121.591694,8.22424597522262,233.484381189193,231.573185618429,231.577109,0.189938311256808,63.9977616086667,65.933196137407,63.77,9,121.475444,2007970,1.74416513006969,3.84533333333333
70,90000,90,6.02,6.18,121.293114,8.24449110936339,293.888831439015,297.45447099164,297.457972,0.161776233719256,74.959144452,73.7090467844142,74.65,12,121.159711,2038740,1.95620630008045,4.81566666666667
70,90000,90,6.02,6.11666666666667,121.215681,8.24975771905287,281.075976923308,284.684513035695,284.687876,0.163399126711717,74.143591545,74.5811197384553,73.83,12,121.084793,2034450,1.93871087507708,4.5085
70,90000,90,6.02,5.90833333333333,121.479321,8.23185371607403,285.779128830741,282.589625379408,282.593149,0.169248223168124,71.7740321575,71.9926667606826,71.5,10,121.360768,2030990,1.89495892350654,4.3515
70,90000,90,6.02,6.00666666666667,121.386596,8.23814187853163,336.565973997542,321.351850089345,321.355802,0.166470616181465,72.9128819973333,74.5873214038008,72.62,17,121.264093,2034430,1.9171344440354,4.16883333333333
70,90000,90,6.02,5.89,121.334853,8.24165501729334,298.416698269615,290.350886699491,290.354523,0.169754592146859,71.466228417,72.1318432593012,71.16,14,121.185773,2024670,1.88485720793661,4.29483333333333
70,90000,90,6.02,5.865,121.37064,8.23922490645184,264.196056873246,265.897574674339,265.901127,0.170484465010514,71.18388036,71.3879812473363,70.9,9,121.220502,2037350,1.88834860205296,4.44033333333333
70,90000,90,6.02,5.90833333333333,121.492566,8.23095628748182,274.298316923317,275.112182712553,275.115697,0.169242837474471,71.781857745,71.5272881116909,71.48,9,121.34386,2029800,1.89383665036314,4.19
70,90000,90,6.02,5.83166666666667,121.727652,8.21506028884875,270.728260245074,269.516196832809,269.519677,0.171427616962275,70.987509058,72.1674524932133,70.71,9,121.597049,2031790,1.88141418790697,4.07383333333333
70,90000,90,6.02,6.11166666666667,121.149189,8.25428554870475,294.184075848096,293.614066230979,293.617429,0.163568448558495,74.0423460105,74.1649625085208,73.75,10,121.028249,2034060,1.937026251329,4.891
70,90000,90,6.02,6.07,121.338855,8.24138319089957,305.111154580681,302.578410552169,302.581777,0.16473942344536,73.652684985,73.6993822923816,73.35,12,121.213456,2038330,1.93271942215617,4.33633333333333
80,90000,90,6.88,6.82166666666667,120.972036,8.26637323025629,398.467402764795,400.754793127535,400.757837,0.146512894963841,82.523090558,82.0569195065348,82.15,16,120.830755,2050740,2.09899585529632,5.18283333333333
80,90000,90,6.88,6.82,121.060664,8.26032145338307,373.671887455953,380.503334174976,380.506499,0.146615994347263,82.563372848,82.4434941967013,82.25,12,120.985422,2055390,2.10422589633111,4.76383333333333
80,90000,90,6.88,6.885,120.897486,8.27147059120816,401.207542420557,404.834010846284,404.83763,0.145229263735657,83.237919111,82.6092218322643,82.94,13,120.844295,2055990,2.11709559725959,5.41833333333333
80,90000,90,6.88,6.955,121.166249,8.25312335945961,429.742382808513,432.808176307692,432.81168,0.143733073715313,84.2711261795,83.2993890020367,83.83,19,121.112569,2056130,2.13322948661123,5.39316666666667
80,90000,90,6.88,6.72,121.236251,8.24835799318803,423.751955835031,417.753320944196,417.756952,0.148743770013145,81.470760672,81.6862988220707,81.05,19,121.183952,2051030,2.07944694199588,5.335
80,90000,90,6.88,6.97333333333333,121.14989,8.25423778758693,433.740150473374,436.21058273088,436.213562,0.143338568737094,84.4818566266667,85.0161309594934,84.04,17,121.095719,2052700,2.13442518749521,4.872
80,90000,90,6.88,6.74166666666667,121.163171,8.25333301981672,409.263050599187,407.120822191347,407.123935,0.148310557223486,81.6841711158333,81.4608824619948,81.4,23,121.110731,2046580,2.0824822479637,4.95066666666667
80,90000,90,6.88,6.74833333333333,121.195527,8.25112959820704,428.196987203095,421.512706675722,421.515748,0.148164790032107,81.7867814705,82.2323743672058,81.36,19,121.142187,2051490,2.0853525484403,5.2385
80,90000,90,6.88,6.91333333333333,121.168827,8.25294776518716,388.006074856674,396.245783155256,396.248837,0.144599199290743,83.768049066,82.8853802579246,83.47,13,121.116827,2052280,2.12386149733359,5.3135
80,90000,90,6.88,6.83,120.799506,8.27817954818458,391.351262139079,393.760289531235,393.764506,0.14639568836774,82.506062598,82.4325972916921,82.22,14,120.746801,2048430,2.09854815545717,5.113
90,90000,90,7.74,7.66666666666667,121.130343,8.25556978733231,984.633050282814,978.703138343261,978.705816,0.130419068970217,92.8665963,93.1311813933268,92.52,31,121.079776,2072150,2.30301458815827,5.69033333333333
90,90000,90,7.74,7.65,121.130771,8.25554061733827,925.696931642715,920.898537285403,920.901249,0.130701179103268,92.665039815,93.0290817993683,92.01,42,121.079992,2071500,2.29322193579057,5.586
90,90000,90,7.74,7.695,120.974531,8.2662027431212,875.036455161646,879.087291186052,879.089948,0.12987712656292,93.0899016045,92.7666486193828,92.58,33,120.923781,2070800,2.30298462861646,5.15216666666667
90,90000,90,7.74,7.77,120.882366,8.27250518905297,858.764547772591,869.947274076791,869.950307,0.128660761975762,93.925598382,93.7801608579089,93.42,26,120.831162,2072650,2.3197687910456,5.64216666666667
90,90000,90,7.74,7.765,120.762382,8.28072437325723,757.386107231507,774.894719203262,774.897399,0.128717353615797,93.771989623,93.8727331258719,93.26,24,120.711197,2075520,2.31925997209455,5.554
90,90000,90,7.74,7.66,120.751746,8.2814537522298,733.984508021911,742.585741123151,742.588675,0.130538197737163,92.495837436,92.6248232350702,92,31,120.700929,2070950,2.2925873737564,5.83533333333333
90,90000,90,7.74,7.76,120.812656,8.27727849969626,894.479062080387,902.291114683849,902.293787,0.128836436617483,93.750621056,93.7291957478793,93.25,32,120.761479,2073050,2.31701625697693,5.70383333333333
90,90000,90,7.74,7.515,121.170721,8.25281876469151,629.89665419134,639.706835922377,639.709681,0.133028742995564,91.0597968315,90.5976272314004,90.57,23,121.119228,2065460,2.2621921444243,5.49733333333333
100,90000,90,8.1,8.13,120.792155,8.27868333,3119.884535,3127.906318,3127.909832,0.122922601,98.20402202,97.6529671,97.46,79,120.742194,2080220,2.39971573427081,5.8345
100,90000,90,8.1,8.023333333,120.82896,8.276161609,1831.751068,1838.698153,1838.701995,0.124623493,96.94510224,97.36213522,96.54,43,120.779431,2077840,2.38089624065089,5.656
100,90000,90,8.1,8.06,120.890062,8.271978552,2772.0223,2764.869983,2764.872513,0.124066291,97.43738997,96.89858369,96.87,85,120.840408,2079400,2.38825430502557,5.9551666666666
100,90000,90,8.1,8.066666667,121.051008,8.260980363,1518.015607,1543.017922,1543.020666,0.123964263,97.64781312,97.60355335,97.08,39,121.000411,2078720,2.39148892643065,5.9126666666666
100,90000,90,8.1,8.115,120.970024,8.266510718,2972.353535,2976.604231,2976.606858,0.123225797,98.16717448,97.86425711,97.6,84,120.919772,2079850,2.4019438296151,5.573
100,90000,90,8.1,7.998333333,120.786847,8.279047138,1585.716856,1596.328299,1596.330904,0.124944058,96.60934646,96.9267632,96.21,39,120.736432,2076150,2.37343530298411,5.9178333333333
100,90000,90,8.1,7.946666667,121.005595,8.264080682,1229.109973,1245.959329,1245.962092,0.125817211,96.15911283,95.93163469,95.29,43,120.954581,2074990,2.35571490174834,5.7121666666666
100,90000,90,8.1,8.083333333,120.891843,8.271856688,1637.935084,1664.622197,1664.625762,0.1236862,97.72090643,97.31986393,97.15,43,120.841662,2078710,2.39275484860552,5.8198333333333
100,90000,90,8.1,7.895,120.729877,8.282953854,1187.338434,1195.007425,1195.01002,0.126592959,95.31623789,95.25065963,94.77,32,120.678584,2072620,2.34425336295671,5.4251666666666
100,90000,90,8.1,8.14,120.947392,8.26805757,4298.899165,4298.186914,4298.190422,0.122846616,98.45117709,98.01412632,97.55,76,120.896896,2080610,2.40169595742824,5.1908333333333
10,90000,95,0.86,0.816666666666667,122.088582,8.19077413807624,131.061598951507,129.690222691837,129.715894,1.22428011595918,9.97056753,9.88786952089704,10.02,2,122.034831,1561190,0.751523085963396,1.44916666666667
10,90000,95,0.86,0.898333333333333,121.813463,8.20927322294417,129.990491436275,129.048861304267,129.080713,1.11277280541744,10.9429094261667,11.306765523633,10.99,2,121.754758,1685610,0.778999042787138,1.51633333333333
10,90000,95,0.86,0.871666666666667,121.858057,8.20626903644131,113.955743533833,129.849109523901,129.881179,1.14293856011664,10.6219606351667,9.74212034383955,10.67,2,121.805804,1615700,0.766485239764783,1.44166666666667
10,90000,95,0.86,0.773333333333333,122.496895,8.16347222515314,147.544634571842,130.612613767241,130.640081,1.28718874843535,9.47309321333333,10.5489773950484,9.53,3,122.447405,1587420,0.747482593311271,1.43916666666667
10,90000,95,0.86,0.838333333333333,122.084827,8.19102606419715,132.669721492297,129.264658552684,129.289017,1.19186385706561,10.2347779968333,10.7249255213505,10.29,2,122.029901,1640150,0.763749824713972,1.45616666666667
10,90000,95,0.86,0.861666666666667,122.548006,8.16006749224463,134.55554621142,130.693320617021,130.718309,1.15315349730948,10.5595531836667,11.207729468599,10.61,2,122.499057,1597110,0.763574659945096,1.454
10,90000,95,0.86,0.831666666666667,121.755311,8.21319408399359,98.6958902790566,126.99831997996,127.02326,1.20086290800802,10.1259833648333,8.00800800800801,10.18,2,121.704794,1576810,0.755384383298617,1.5635
20,90000,95,1.72,1.67,122.056823,8.19290536506919,124.837606582347,134.591687949102,134.603924,0.598010694325349,20.383489441,19.8503740648379,20.39,2,122.0057,1837820,0.947710341271919,2.02583333333333
20,90000,95,1.72,1.775,121.969783,8.19875198105419,137.7386798501,138.526680123944,138.538917,0.563321998180282,21.6496364825,21.0699202252464,21.65,3,121.927234,1841940,0.968849803158212,1.95133333333333
20,90000,95,1.72,1.67833333333333,121.861755,8.20602001013361,127.149654650696,136.462573219464,136.476056,0.595793957435948,20.4524645475,19.6029776674938,20.46,2,121.807524,1824330,0.946177417241477,2.03216666666667
20,90000,95,1.72,1.7,122.127247,8.18818097160579,147.563189901144,139.936641402941,139.948987,0.587900120706863,20.76163199,21.5580597746203,20.77,3,122.077755,1808650,0.947997133073729,1.87583333333333
20,90000,95,1.72,1.695,121.908004,8.20290684112915,151.333956643691,140.000559708948,140.016925,0.589582938462144,20.663406678,22.1130221130221,20.67,3,121.8593,1797160,0.944126210865252,2.1035
20,90000,95,1.72,1.83666666666667,122.427,8.16813284651262,119.510599157994,137.804125980944,137.810813,0.544239140568058,22.485759,19.4104308390023,22.49,3,122.36782,1856280,0.985485312350464,2.1445
20,90000,95,1.72,1.615,122.250504,8.17992537683117,128.373599107133,137.826047106295,137.838802,0.618835905149639,19.743456396,18.2568334192883,19.76,3,122.198353,1826280,0.935363672423718,1.912
20,90000,95,1.72,1.71833333333333,121.852221,8.20666206814564,119.60772052791,136.5713907129,136.586898,0.581673563236663,20.9382733085,18.0319922443044,20.95,3,121.79315,1836770,0.956513994973475,1.892
20,90000,95,1.72,1.75833333333333,121.891945,8.20398755635575,132.548757243148,138.787316860664,138.798973,0.567938736169668,21.4326669958333,20.1800094741829,21.44,3,121.842658,1831340,0.963280532377751,1.84333333333333
20,90000,95,1.72,1.63,122.45677,8.16614712277647,125.395387330677,136.617920075665,136.630506,0.611855781803681,19.96045351,18.4977005620848,19.98,3,122.399728,1808230,0.935400090417534,1.79966666666667
30,90000,95,2.58,2.535,121.724125,8.21529832315492,138.708751161038,146.578142209073,146.586466,0.394471263053912,30.8570656875,30.1347354584292,30.82,3,121.672035,1922410,1.13997333057446,2.29633333333333
30,90000,95,2.58,2.53666666666667,121.719777,8.2155917850556,152.379226193173,151.319347858739,151.327526,0.394155631318003,30.876250099,30.9688013136289,30.84,4,121.668564,1908390,1.13627103609022,2.52933333333333
30,90000,95,2.58,2.57333333333333,121.674156,8.21867217225653,142.155769175933,147.441774549223,147.446481,0.388213648522021,31.310816144,31.1427646487536,31.27,3,121.623598,1912100,1.14454202879414,2.44
30,90000,95,2.58,2.575,121.805029,8.20984164783541,144.484613959098,149.482806864725,149.49178,0.388197942742395,31.3647949675,29.9579424134584,31.33,4,121.74976,1898760,1.1416465429698,2.607
30,90000,95,2.58,2.52666666666667,121.29459,8.24439078445296,148.49844324567,148.129242746702,148.137487,0.395290000627309,30.64709974,31.1242993735575,30.61,5,121.242627,1900990,1.13030920086533,2.39133333333333
30,90000,95,2.58,2.475,121.638999,8.22104759346137,139.394619367692,146.309008659933,146.317568,0.403968360173737,30.1056522525,29.1820935711882,30.07,3,121.58777,1908970,1.12356234750548,2.3545
30,90000,95,2.58,2.60833333333333,121.91082,8.20271736339728,153.183204541211,152.449912927157,152.457905,0.382959121789776,31.79840555,31.3318428617055,31.76,4,121.839028,1884510,1.14457827331372,2.2485
30,90000,95,2.58,2.52666666666667,121.655259,8.21994879810334,151.369239160788,149.589043366755,149.597708,0.394903492796834,30.738228774,31.7837124958787,30.71,4,121.602128,1895240,1.13032439475023,2.35366666666667
40,90000,95,3.44,3.44,121.772907,8.21200728993026,168.124496612165,166.639799837694,166.64599,0.290410116651647,41.889880008,42.092516347784,41.81,4,121.719997,1950490,1.33582769330051,2.8545
40,90000,95,3.44,3.48333333333333,121.788803,8.21093545028109,164.929293946527,167.538950155502,167.544882,0.286947255628708,42.4230997116667,41.521167184884,42.34,5,121.734953,1956720,1.34730541525408,2.792
40,90000,95,3.44,3.30833333333333,121.442252,8.23436640486542,156.728219135331,160.8276577466,160.834129,0.30226522691335,40.1771450366667,39.3603626290607,40.1,4,121.390106,1941850,1.30342153722223,2.96166666666667
40,90000,95,3.44,3.48,121.613036,8.22280269361913,152.243126700954,162.425505921456,162.431517,0.28721473610249,42.321336528,40.0047881254489,42.24,5,121.565629,1943210,1.34035015208473,2.581
40,90000,95,3.44,3.495,121.491783,8.23100933500992,172.424082760832,167.554016534573,167.559822,0.285515111221269,42.4613781585,44.0047675804529,42.38,5,121.43885,1958650,1.34874213570229,2.732
40,90000,95,3.44,3.40666666666667,121.960942,8.19934631203488,164.107894838857,164.864273884051,164.870426,0.293329534070939,41.5480275746667,42.7488383467841,41.47,4,121.907731,1948220,1.32915328071217,2.64466666666667
40,90000,95,3.44,3.305,121.584197,8.22475309023919,167.036141968517,164.003558129602,164.012301,0.302312107526475,40.1835771085,41.9460549533653,40.11,4,121.527919,1959050,1.30994352511389,2.79233333333333
40,90000,95,3.44,3.36666666666667,121.684129,8.21799858550165,161.194293148691,164.027682905446,164.033788,0.296897121460891,40.9669900966667,41.4006434050978,40.89,4,121.630787,1950810,1.32022939913081,2.64383333333333
40,90000,95,3.44,3.375,121.520178,8.22908603705304,163.25187196577,163.619331363951,163.625312,0.296190250265185,41.013060075,40.9775364107628,40.94,4,121.465379,1937910,1.31622610775568,2.58783333333333
50,90000,95,4.3,4.24833333333333,121.32891,8.24205871461303,194.116478042333,188.965770967046,188.971915,0.235374900201255,51.544565265,52.1670915865856,51.41,8,121.275646,1982240,1.51471631146974,2.99183333333333
50,90000,95,4.3,4.29833333333333,121.84825,8.20692952094101,176.594455297875,182.166683357115,182.171708,0.232454308369911,52.3744394583333,51.948051948052,52.25,6,121.792754,1997760,1.53668363715125,3.56583333333333
50,90000,95,4.3,4.16666666666667,121.623345,8.22210571498424,179.244151169766,182.8828610916,182.887839,0.239808642992,50.67639375,50.1499700059988,50.55,7,121.558195,1979920,1.49871467443688,2.88316666666667
50,90000,95,4.3,4.21833333333333,121.247186,8.24761409308089,174.459260961041,179.923435774793,179.926349,0.237002222497432,51.1461046276667,50.2468891961288,51.02,6,121.184112,1986700,1.51001779207271,2.8465
50,90000,95,4.3,4.34166666666667,121.590812,8.22430563256704,186.391477352463,188.867746446065,188.872437,0.230319597766219,52.7906775433333,52.8305507580119,52.66,6,121.535851,1991270,1.54074826222835,3.275
50,90000,95,4.3,4.29833333333333,121.879261,8.20484134704427,186.60568335613,188.565652418767,188.570758,0.23263671812214,52.3877690198333,52.3938747819345,52.25,5,121.808092,1985510,1.53085707957793,3.40316666666667
50,90000,95,4.3,4.285,121.935253,8.20107372885838,180.145391397627,186.574276054065,186.57915,0.233266993388176,52.2492559105,50.5152634649038,52.12,6,121.882465,1995120,1.53315601793812,3.1
50,90000,95,4.3,4.20833333333333,121.40141,8.23713661974766,188.320712886969,187.00312001703,187.008185,0.237602783305347,51.0897600416667,50.6236388833894,50.96,6,121.348549,1986180,1.5087321758046,3.13833333333333
60,90000,95,5.16,5.185,121.380689,8.23854278830136,227.29628833591,225.554625573449,225.558768,0.192783125836709,62.9358872465,64.2776795757673,62.75,7,121.325482,2016100,1.73083904817932,3.82783333333333
60,90000,95,5.16,5.05333333333333,121.409371,8.23659649797543,211.919247727456,214.313900276055,214.318008,0.197853622169525,61.3522021453333,61.0882110469909,61.18,8,121.355832,2005610,1.69730251928091,3.67
60,90000,95,5.16,5.28333333333333,121.313264,8.24312170843907,232.346996189736,231.675265659622,231.679261,0.189063351052366,64.0938411466667,63.4600220785365,63.9,9,121.258339,2013570,1.74968674446776,3.88483333333333
60,90000,95,5.16,5.21833333333333,121.407402,8.23673008009841,252.245689872124,241.784996179176,241.78998,0.191539738106356,63.354429277,64.7932300814306,63.17,15,121.35363,2020500,1.74077002224438,3.60983333333333
60,90000,95,5.16,5.125,121.125923,8.25587104091665,210.57055961553,213.779321082602,213.78343,0.195089324379837,62.0770355375,62.396358315721,61.9,6,121.075883,2015960,1.71574944486813,3.85683333333333
60,90000,95,5.16,5.19666666666667,121.471318,8.23239606241862,215.509195624654,219.612082036883,219.616083,0.192399409160039,63.1245949206667,62.5460958794292,62.94,8,121.417997,2021440,1.73723442960522,3.819
60,90000,95,5.16,5.07333333333333,121.598074,8.22381446600873,217.600122924755,218.251205887648,218.25536,0.197108450954336,61.6907562093333,60.8638528494006,61.52,6,121.54622,2007770,1.7044785209998,3.6545
60,90000,95,5.16,5.195,121.426044,8.23546553159551,224.878495685121,224.95327008983,224.95735,0.192458903106513,63.080829858,62.7586206896552,62.89,8,121.372891,2014150,1.73220224097132,3.84583333333333
60,90000,95,5.16,5.05666666666667,121.084194,8.25871624499561,219.199704388328,217.838578905735,217.842891,0.197673634651615,61.228240766,61.2127203822706,61.05,8,121.028874,2007030,1.69580350211666,3.7585
70,90000,95,6.02,6.165,121.336864,8.24151842262876,308.276901582566,306.475166944039,306.478815,0.162202520336307,74.804176656,74.5641302878767,74.44,13,121.284868,2029440,1.94622489112229,4.31383333333333
70,90000,95,6.02,6.075,121.41704,8.23607625420616,279.548662791321,282.541091511934,282.544631,0.164570142618656,73.7608518,73.5564394458922,73.4,10,121.367893,2040070,1.93476213972867,4.031
70,90000,95,6.02,6.10833333333333,121.352638,8.24044715039487,287.582511836056,288.40990397899,288.414753,0.163695966900682,74.1262363783334,74.7919792661301,73.88,11,121.299979,2044120,1.94603351025514,4.54683333333333
70,90000,95,6.02,6.02666666666667,121.236829,8.24831866890877,282.008530224671,283.25146847594,283.253522,0.165926834347069,73.0653956106667,72.5010369141435,72.83,11,121.183128,2042250,1.92600602091823,4.0925
70,90000,95,6.02,6.00333333333333,121.350864,8.24056761557132,264.900253964853,271.424033979734,271.42759,0.16654589132121,72.850968688,72.4774462179042,72.46,9,121.249917,2034220,1.91414605962325,4.2625
70,90000,95,6.02,6.065,121.433937,8.23493024030012,303.235985755361,299.924174056609,299.927653,0.164876180482275,73.6496827905,73.9249896963869,73.35,12,121.300778,2036110,1.93125319046637,3.62766666666667
70,90000,95,6.02,5.97333333333333,121.320526,8.24262829193471,265.115614351474,269.725742426897,269.729358,0.167409455053292,72.4687941973333,71.5720463105036,72.18,10,121.187531,2037280,1.91114641868002,3.80666666666667
70,90000,95,6.02,6.05166666666667,121.410765,8.23650192797978,269.058571430034,276.131591706142,276.1352,0.165211450723768,73.4737479525,72.0501170315297,73.19,11,121.289077,2037060,1.92902562193186,4.232
70,90000,95,6.02,6.095,121.100855,8.25758001460848,279.399370975728,282.336110780148,282.339658,0.164018832360952,73.8109711225,74.4360902255639,73.51,9,120.953227,2039950,1.9366484354692,3.872
80,90000,95,6.88,6.74833333333333,121.046703,8.26127416291545,396.086329913797,395.099779708323,395.103122,0.14816622863102,81.6863500745,81.7508334362267,81.21,20,120.927726,2054810,2.08507834257756,4.2255
80,90000,95,6.88,6.75833333333333,121.184292,8.25189456072409,368.226249201698,373.399031908508,373.402508,0.147948449954131,81.90038401,81.1613857724078,81.57,15,121.063537,2044430,2.08395506522324,4.28383333333333
80,90000,95,6.88,6.99833333333333,120.983445,8.26559369341814,434.849168499828,437.990069786378,437.993198,0.14287093631317,84.6682475925,85.0339326110251,84.32,16,120.868274,2056810,2.14256926611383,4.71783333333333
80,90000,95,6.88,6.845,121.606657,8.2232340290384,422.004146239642,421.846192594595,421.850643,0.146046687258096,83.2397567165,83.2988435788192,82.76,17,121.188061,2039920,2.10191558144099,4.67483333333333
80,90000,95,6.88,6.84833333333333,121.892842,8.20392718384563,458.902617506741,455.346500178389,455.349695,0.145988067243125,83.4762812963333,83.5989779778562,83,18,121.479676,2051270,2.11465979980388,5.31333333333333
80,90000,95,6.88,6.745,121.343087,8.24109576180471,386.386456968788,387.804402368421,387.807499,0.148241426322955,81.8459121815,81.8900555898703,81.26,15,120.927016,2043210,2.07751317149444,5.22366666666667
80,90000,95,6.88,6.86333333333333,121.52417,8.22881571624805,392.229166739141,397.736525522584,397.739576,0.145682078558524,83.4060886766667,83.0763627534297,82.81,15,121.135297,2050280,2.11050992822872,4.80816666666667
80,90000,95,6.88,6.85166666666667,121.726513,8.21513715750652,470.152821409463,463.580012220384,463.58319,0.145934282837996,83.4029491571667,83.4610239571933,82.93,18,121.317883,2044450,2.10832533718769,5.53483333333333
80,90000,95,6.88,7.00833333333333,121.525833,8.22870311039135,416.441240881123,423.473804796671,423.476836,0.142685493486088,85.1693546275,85.1622874806801,84.66,14,121.073668,2050560,2.1439478849398,5.39783333333333
80,90000,95,6.88,6.90166666666667,121.3885,8.23801266182546,411.622155316299,415.630006104081,415.633102,0.144881995308138,83.7782964166667,84.4742243148618,83.3,17,120.978933,2052350,2.12085771820369,5.35
90,90000,95,7.74,7.635,121.389213,8.23796427446976,722.317860882521,735.722508597031,735.725386,0.130973885137525,92.6806641255,92.9280803230383,91.98,23,120.973727,2068370,2.29009952801172,6.313
90,90000,95,7.74,7.67166666666667,121.179548,8.25221761018617,673.311008085664,690.70629137997,690.709144,0.130346937940474,92.9649099073333,92.8098186162702,92.4,23,120.762925,2066420,2.2960958165736,6.15066666666667
90,90000,95,7.74,7.90333333333333,121.352001,8.24049040608733,1214.62399175417,1229.91124422396,1229.913985,0.126517132400675,95.908531457,95.3189246178176,94.85,41,120.927211,2076630,2.34910945894764,6.46666666666667
90,90000,95,7.74,7.64833333333333,121.298409,8.24413121527423,862.557054221301,865.475177013511,865.479019,0.13073845044258,92.7730664835,93.1147183789084,92.08,27,120.893477,2066270,2.29017981863656,6.12816666666667
90,90000,95,7.74,7.71166666666667,121.359556,8.23997741059633,943.430130875115,948.628287371299,948.631014,0.129659253417765,93.5884442686667,92.9227444624527,93.02,30,120.925249,2072200,2.3121318198013,6.021
90,90000,95,7.74,7.72166666666667,121.211763,8.25002438088455,1068.66325627019,1063.54887860587,1063.550543,0.129473150898122,93.5956829965,93.611740584871,92.88,34,120.791036,2071710,2.3091831379722,6.46366666666667
90,90000,95,7.74,7.71833333333333,121.344076,8.24102859376506,839.54214650164,851.46365036666,851.466485,0.129525286329734,93.6574026593333,92.78851344057,92.95,28,120.925553,2071700,2.31044512971853,5.98866666666667
90,90000,95,7.74,7.765,121.468175,8.23260907641034,874.14622875103,889.564734921657,889.567472,0.128748122963082,94.3200378875,94.6453482133276,93.75,23,121.047862,2074730,2.32750558158626,6.1665
90,90000,95,7.74,7.67833333333333,121.489042,8.23119504061938,841.457024573119,850.471376110918,850.474133,0.13019226237964,93.2833360823334,93.1416169289202,92.58,26,121.074607,2070350,2.30261161836856,6.24383333333333
100,90000,95,8.1,8.136666667,120.69746,8.285178495,2629.276737,2644.624652,2644.627066,0.122877211,98.20749995,97.95186892,97.63,58,120.647644,2079390,2.40208874078694,5.8428333333333
100,90000,95,8.1,8.043333333,120.706721,8.28454283,3265.191924,3234.626174,3234.628727,0.124291854,97.08843926,96.60209261,96.21,96,120.655894,2078000,2.37502761459281,5.8983333333333
100,90000,95,8.1,8.138333333,120.749798,8.281587353,2687.127792,2703.143936,2703.14636,0.122869016,98.27021061,98.40278489,97.7,72,120.699751,2080240,2.40410645986971,5.7838333333333
100,90000,95,8.1,8.031666667,121.110687,8.256909648,2228.754359,2231.429171,2231.432922,0.124462572,97.27206678,96.5556593,96.39,64,121.059745,2075530,2.37617420635879,5.535
100,90000,95,8.1,8.063333333,121.077119,8.259198833,2020.457127,2034.52324,2034.526703,0.123977607,97.62851695,97.35455203,97.22,52,121.027306,2080340,2.39544683062705,5.889
100,90000,95,8.1,8.098333333,121.021983,8.262961614,1501.543019,1533.033606,1533.036195,0.123472433,98.0076359,97.56147752,97.11,40,120.971538,2077610,2.39107105075026,5.9721666666666
100,90000,95,8.1,8.088333333,120.787539,8.278999707,1382.119849,1412.329552,1412.333188,0.123624876,97.69698779,97.60997219,97.13,46,120.737264,2077730,2.39153928316775,5.9471666666666
100,90000,95,8.1,8.168333333,120.936788,8.268782531,2452.838361,2484.455837,2484.458249,0.122347424,98.78519966,98.69427726,98.37,49,120.887042,2082790,2.41855829028978,5.7528333333333
100,90000,95,8.1,8.048333333,120.786578,8.279065576,2768.795723,2755.236312,2755.239847,0.124248103,97.21306419,97.05973703,96.33,65,120.736419,2076640,2.3760399124546,5.4923333333333
100,90000,95,8.1,7.941666667,120.631026,8.289741314,1168.551112,1183.836294,1183.839738,0.125916134,95.80113982,95.71923198,95.41,31,120.580174,2073080,2.35626545992856,5.677
10,100000,75,0.86,0.888333333333333,122.307789,8.17609416518845,128.712122677423,130.077611320826,130.102065,1.12541007648405,10.8650085895,11.0590440487348,10.9,2,122.014586,1496880,0.756262854208307,2.17533333333333
10,100000,75,0.86,0.87,122.148315,8.18676868362859,129.791563548369,128.875561768199,128.900461,1.14745347418774,10.626903405,11.1004784688995,10.66,2,121.744072,1487790,0.752104007626134,2.21833333333333
10,100000,75,0.86,0.833333333333333,122.110145,8.18932775814819,117.482517482518,128.772195246,128.797838,1.195575380476,10.1758454166667,9.59040959040959,10.21,2,121.790149,1454680,0.742683924229563,2.01883333333333
10,100000,75,0.86,0.845,122.69842,8.15006419805569,172.559535954762,132.758454656805,132.791975,1.18189682030967,10.36801649,12.807881773399,10.41,3,122.458038,1475200,0.747471876603703,2.107
10,100000,75,0.86,0.806666666666667,122.685543,8.15091962383865,135.608832484712,130.662743309917,130.678489,1.23875853158678,9.896633802,10.7327141382869,9.94,2,122.35927,1443300,0.737988230660838,2.03833333333333
10,100000,75,0.86,0.868333333333333,123.378586,8.10513422483218,134.706654177471,131.929841927063,131.953476,1.14527730157198,10.7133738843333,11.313518696069,10.76,2,123.081039,1474970,0.751968822239272,2.03233333333333
10,100000,75,0.86,0.868333333333333,122.253825,8.17970317084149,121.456819340342,129.215819831094,129.242707,1.14898764847985,10.6157071375,10.3547459252157,10.66,2,121.949999,1473740,0.750539877901134,2.05516666666667
10,100000,75,0.86,0.8,122.322159,8.17513366486607,122.268470343392,128.737661897917,128.764377,1.24813036744167,9.78577272,9.78147762747138,9.83,1,121.959635,1437280,0.735917091957263,2.119
20,100000,75,1.72,1.71666666666667,121.460351,8.23313938883644,130.015121323893,136.502247119418,136.514374,0.582241386573786,20.8506935883333,20.0873362445415,20.86,2,121.410161,1833840,0.954477978900745,2.03
20,100000,75,1.72,1.62,121.574284,8.22542372530033,134.564727538164,137.309027981482,137.321942,0.61707432372428,19.695034008,19.5372750642674,19.71,3,121.520907,1838840,0.936957738369146,1.70533333333333
20,100000,75,1.72,1.64166666666667,121.271052,8.24599097235505,135.981889684692,138.064582130965,138.081825,0.608570500413198,19.90866437,19.1780821917808,19.92,3,121.222667,1852340,0.942938247464713,2.00116666666667
20,100000,75,1.72,1.74666666666667,121.596718,8.22390617483607,138.147189551049,138.051018825382,138.062686,0.571215236959924,21.2388934106667,21.6499761564139,21.25,3,121.538767,1803280,0.954505826151593,1.86316666666667
20,100000,75,1.72,1.57833333333333,122.261753,8.17917276222925,121.700802144252,135.646351636748,135.659561,0.633120921232313,19.2969800151667,17.4142480211082,19.31,2,122.212178,1823810,0.927702684545807,1.82283333333333
20,100000,75,1.72,1.80166666666667,121.544523,8.22743777603208,143.956705213363,138.980385579093,138.994115,0.555029924509713,21.8982715605,22.9773462783172,21.9,3,121.495351,1822690,0.9688451260274,2.04633333333333
20,100000,75,1.72,1.68833333333333,121.824438,8.20853366054519,130.323554034357,137.640425496545,137.656765,0.592157007016782,20.568025949,19.5362604834731,20.58,4,121.773268,1823480,0.947926575483884,2.086
20,100000,75,1.72,1.68833333333333,121.510164,8.22976421955944,121.849600969342,135.838282140178,135.850781,0.592183776254689,20.514966022,18.1055747409965,20.52,3,121.452307,1826490,0.947563262670377,2.13166666666667
30,100000,75,2.58,2.50166666666667,121.810516,8.20947183246478,147.487422637323,148.528669847435,148.537059,0.399423844407728,30.4729307526667,30.1698301698302,30.44,3,121.756697,1919550,1.13276038155521,2.43466666666667
30,100000,75,2.58,2.58833333333333,121.70724,8.21643806892671,144.367940535165,148.236015477141,148.245462,0.386331403633612,31.50189062,30.672674605729,31.46,4,121.652033,1910020,1.14711384653695,2.46716666666667
30,100000,75,2.58,2.62166666666667,121.551122,8.22699110914007,141.326738085556,148.407040005722,148.415665,0.381349301276542,31.8666524843333,30.5687956784239,31.83,3,121.498503,1909100,1.15303128920584,2.43883333333333
30,100000,75,2.58,2.55,121.972189,8.19859025404553,151.302598791885,150.017118475163,150.025289,0.392077090142484,31.102908195,30.93760209082,31.06,3,121.913852,1905060,1.13898294163695,2.84166666666667
30,100000,75,2.58,2.56333333333333,121.865482,8.20576904623411,154.423967749311,151.301581974642,151.309701,0.389655035139142,31.2381852193333,32.3041923951901,31.2,4,121.815857,1898660,1.13945521121816,2.534
30,100000,75,2.58,2.595,121.133204,8.25537480210628,150.060153957017,149.416703397559,149.424974,0.38527500279833,31.434066438,32.1348314606742,31.4,4,121.08105,1909480,1.145951766951,2.619
30,100000,75,2.58,2.60666666666667,121.989599,8.19742017514133,148.72012417456,150.335279849105,150.343378,0.383468990297954,31.7986221393333,31.5436241610738,31.76,5,121.943326,1911450,1.15255664405853,2.4965
30,100000,75,2.58,2.55666666666667,121.312742,8.24315717799867,144.779587097794,147.506093173403,147.514204,0.390485202782921,31.0156243713333,31.0850439882698,30.98,3,121.261416,1905550,1.13778970512388,2.51016666666667
40,100000,75,3.44,3.43166666666667,121.460611,8.23312176488228,154.085221578864,161.727168585721,161.735408,0.291173977023312,41.6812330081667,39.8640446710367,41.6,4,121.40728,1958190,1.33518381673249,3.11333333333333
40,100000,75,3.44,3.46166666666667,121.601885,8.22355673187139,150.661621437473,160.187036424651,160.193091,0.288838574831006,42.0945191908333,40.4572803850782,42.01,4,121.550569,1945940,1.33748876918217,2.99533333333333
40,100000,75,3.44,3.39,121.596729,8.22390543087717,175.584732682756,168.050599370207,168.056789,0.294973541168633,41.221291131,42.2462521504055,41.14,7,121.543981,1959560,1.32781175869753,3.00016666666667
40,100000,75,3.44,3.34833333333333,121.677026,8.21847831816665,160.586145624114,162.588833768044,162.595013,0.298584545588353,40.7415242056667,41.1545160487684,40.66,5,121.624376,1946860,1.31482134152694,2.89416666666667
40,100000,75,3.44,3.53166666666667,121.410178,8.23654175023119,159.110424438079,164.950163363851,164.95628,0.283126485587541,42.8780278636667,41.8730832743572,42.79,5,121.358312,1954460,1.35413078158409,3.18866666666667
40,100000,75,3.44,3.54,121.593307,8.22413687621803,170.462175879203,169.212006384652,169.218371,0.281954283475047,43.044030678,43.8691456813368,42.96,5,121.539388,1971980,1.36394867592383,3.19233333333333
40,100000,75,3.44,3.43166666666667,121.42186,8.23574931235611,161.796557277715,163.949301663915,163.955466,0.291340087557067,41.6679349566667,41.5392085457635,41.59,4,121.373797,1947170,1.33079978086352,3.01833333333333
40,100000,75,3.44,3.37333333333333,121.48921,8.23118365820306,175.054202618711,167.268030606719,167.274272,0.296335960927372,40.9823601733333,42.9982711780687,40.9,5,121.434141,1945420,1.31837247790262,2.876
40,100000,75,3.44,3.49666666666667,121.555358,8.22670441232216,167.898764676662,167.925284625834,167.931334,0.285691277475215,42.5038568473333,41.8394091017393,42.42,5,121.504509,1951350,1.34658484144801,3.06683333333333
50,100000,75,4.3,4.41833333333333,121.667853,8.21909794035734,182.668500844308,186.955064723501,186.962832,0.226172472601283,53.7569130505,52.6494437111069,53.62,6,121.61424,2004250,1.5638228059049,3.86283333333333
50,100000,75,4.3,4.18,121.689103,8.21766267765159,189.26081943402,187.212525919059,187.218391,0.239207087898724,50.866045054,50.9667131752043,50.66,7,121.640046,1991500,1.50596903349766,3.58416666666667
50,100000,75,4.3,4.36333333333333,121.650913,8.22024245720211,186.995832235024,189.773816387701,189.778592,0.229137563152024,53.0803483723333,53.236585831583,52.94,6,121.598677,1976880,1.5387008249353,3.56233333333333
50,100000,75,4.3,4.27166666666667,121.555583,8.22668918465061,193.73690546502,189.992302427234,189.997589,0.234017542352712,51.9244932048333,52.837916910474,51.79,6,121.502973,1989070,1.52453556621447,3.70133333333333
50,100000,75,4.3,4.265,121.674298,8.21866258065446,184.678508473707,186.245684575225,186.253067,0.234436105861274,51.894088097,50.9279156085173,51.77,6,121.622594,1981130,1.52044392138847,3.675
50,100000,75,4.3,4.26666666666667,121.424664,8.23555912825091,186.136130638547,187.011764932031,187.016829,0.234329510657813,51.80785664,51.6891232181215,51.68,6,121.372153,1985070,1.52073641028486,3.40333333333333
60,100000,75,5.16,5.18833333333333,121.174537,8.25255886886533,221.680545086935,222.962155766142,222.966155,0.192672168815291,62.8693889468333,62.7910711418018,62.68,11,121.121696,2013750,1.72827038362912,4.27833333333333
60,100000,75,5.16,5.06333333333333,121.462903,8.23296640621211,205.883178168952,209.833057467742,209.838501,0.197464453596774,61.5007165523333,61.3625143985519,61.32,10,121.409696,2010820,1.70265408703005,4.405
60,100000,75,5.16,5.24333333333333,121.540786,8.22769074407664,225.085865696645,225.422400278767,225.426535,0.190687310777495,63.7278854593333,64.4684570157318,63.54,7,121.485547,2014970,1.74414139291234,4.22016666666667
60,100000,75,5.16,4.93333333333333,121.370737,8.23921832162888,209.857721257823,210.463981668581,210.468793,0.202383619461487,59.8762302533333,59.1116365478804,59.71,9,121.321128,2003010,1.67007052558041,4.312
60,100000,75,5.16,5.01666666666667,121.324041,8.2423894865157,201.719231857932,207.376760586711,207.382886,0.199181320207973,60.864227235,59.9568178043514,60.68,6,121.249663,2005280,1.68833702889493,4.30016666666667
60,100000,75,5.16,5.065,121.264205,8.24645656976847,222.63624371897,220.937671713064,220.943368,0.197402684294834,61.4203198325,61.6713275209739,61.24,8,121.211938,2007680,1.69950419787049,4.045
60,100000,75,5.16,5.10666666666667,121.426818,8.23541303701131,229.753511001714,225.969484090078,225.973648,0.195622023692885,62.008628392,62.1308533202806,61.83,8,121.371181,2006950,1.70947173223564,3.78883333333333
60,100000,75,5.16,5.14333333333333,121.068789,8.25976709819076,231.182582901581,227.616618327609,227.620736,0.194422342134154,62.269713809,62.7409687348129,62.09,8,121.014358,2003690,1.71221097675109,3.617
60,100000,75,5.16,5.27666666666667,121.35449,8.24032139231107,228.685108505728,229.867085370815,229.871006,0.189497299996526,64.0347192233333,64.5033949155219,63.85,7,121.303368,2007710,1.74542216512246,3.9095
60,100000,75,5.16,4.98,121.13773,8.25506636124022,216.257366759996,214.542824241968,214.547041,0.200670251156627,60.32658954,60.9837711226368,60.15,8,121.084688,2003960,1.67830816316735,3.58
70,100000,75,6.02,5.92,121.266403,8.24630709958471,249.657644977842,257.623329940315,257.626834,0.168901908345721,71.789710576,70.8937368050669,71.56,10,121.212486,2036790,1.89976611535321,4.23366666666667
70,100000,75,6.02,6.06666666666667,121.272958,8.24586137331622,318.147036317617,309.629926571978,309.633409,0.164822136289011,73.5722611866667,74.8386210685345,73.2,11,121.21966,2031620,1.92561827977994,4.13766666666667
70,100000,75,6.02,6.06,120.951951,8.26774592499132,265.551097939438,271.035245711771,271.038792,0.164939011665842,73.296882306,73.0785095558917,73.06,9,120.900273,2037600,1.92706120548747,4.00983333333333
70,100000,75,6.02,5.94166666666667,121.21899,8.24953251961595,295.562723883217,289.918692851332,289.922364,0.168251544631417,72.024283225,71.9534427149067,71.79,17,121.16697,2035060,1.9027506847012,4.119
70,100000,75,6.02,6.175,121.26189,8.24661400214033,325.591076182303,321.208935447233,321.212333,0.161930531017544,74.879217075,75.4958844960194,74.51,18,121.208249,2040620,1.95496688265369,4.06366666666667
70,100000,75,6.02,6.135,121.245811,8.24770762595666,294.607246235805,294.833337590329,294.836653,0.162998109979897,74.3843050485,73.8965095749015,74.13,10,121.191995,2040530,1.94811432712475,4.39833333333333
70,100000,75,6.02,6.01166666666667,121.149284,8.25427907605298,259.370927516201,266.295433899085,266.298782,0.166326234431106,72.8309112313333,72.1552321552322,72.59,9,121.095595,2037790,1.91879661377237,4.29683333333333
70,100000,75,6.02,6.13166666666667,121.428077,8.23532764996353,265.496914152415,275.103793670019,275.107176,0.162969518932862,74.4556492138333,73.7600217420845,74.21,11,121.375679,2042000,1.95052622081994,4.10466666666667
70,100000,75,6.02,5.90166666666667,121.223224,8.24924438571276,267.191336771248,270.187845937306,270.192222,0.1693599044061,71.5419060306667,70.9021601016518,71.31,10,121.171122,2029240,1.89045416001143,4.09166666666667
80,100000,75,6.88,6.975,121.053979,8.26077761557925,413.597207289717,418.850935606213,418.853998,0.143344984460932,84.4351503525,84.1834906223868,84.11,17,120.975156,2057060,2.13897441453539,4.69116666666667
80,100000,75,6.88,7.02,120.855553,8.27434052616515,431.357630170686,434.005901563628,434.00898,0.142394438856363,84.840598206,85.0919881305638,84.39,17,120.804034,2059230,2.14566279601208,4.414
80,100000,75,6.88,6.70333333333333,120.881372,8.27257321334837,404.611182931416,399.948767248881,399.952987,0.149100019306813,81.0308130306667,81.5537600994407,80.75,20,120.828162,2050610,2.07375246676204,4.21266666666667
80,100000,75,6.88,6.75833333333333,121.140259,8.25489402329906,357.73677219942,365.515638969667,365.51904,0.147939857963255,81.8706250408333,82.2709900135618,81.45,12,121.087113,2059080,2.09252132582442,4.75883333333333
80,100000,75,6.88,6.75666666666667,120.755681,8.28118388897993,378.48278721901,379.743462288111,379.746584,0.147982488329551,81.5905884623333,81.7240103588605,81.17,12,120.703491,2047080,2.07872347341818,4.76283333333333
80,100000,75,6.88,6.84833333333333,121.011104,8.2637044613691,384.533033422993,390.038903201266,390.041962,0.14597882602166,82.8724377226667,82.2849495072393,82.58,18,120.959994,2054680,2.10964100621175,4.64
80,100000,75,6.88,6.90833333333333,121.037442,8.26190626203088,415.35002638494,416.623092954162,416.626136,0.144711192916285,83.616699515,84.2721022795803,83.18,16,120.985458,2051370,2.11796874851287,4.563
80,100000,75,6.88,6.92,121.111822,8.25683226861206,444.279335869123,443.042131240848,443.046257,0.144487866633671,83.809380824,83.2149307645996,83.51,18,121.060231,2054150,2.12598207693773,4.9
80,100000,75,6.88,6.93166666666667,121.099371,8.25768120628802,456.415715482662,454.079959449146,454.083003,0.144260447768454,83.9420473315,83.6518812357255,83.5,20,121.046936,2052370,2.124468255054,4.39583333333333
80,100000,75,6.88,6.61666666666667,121.206349,8.25039288989721,380.640980378909,377.779899056675,377.783035,0.151118141946348,80.1982009216667,80.4306762372497,79.92,19,121.154682,2053440,2.06087557064982,4.7495
90,100000,75,7.74,7.65833333333333,121.145079,8.25456558578001,946.784176079903,943.702402576714,943.705057,0.130560432061371,92.7769396675,92.4926558589925,92.42,35,121.093264,2070280,2.29965202555022,5.10183333333333
90,100000,75,7.74,7.73333333333333,120.854422,8.2744179604781,826.75859839717,838.745013117457,838.747806,0.129309002653879,93.4607530133333,93.0179937506734,92.8,22,120.804077,2073230,2.30899422630746,5.286
90,100000,75,7.74,7.73,120.799735,8.27816385524356,929.617559095712,932.326552974127,932.329239,0.129345936214963,93.378195155,93.0365419855557,92.87,39,120.748062,2074340,2.31118838325858,5.42683333333333
90,100000,75,7.74,7.70166666666667,121.043635,8.26148355508326,841.044240056454,848.651699885956,848.654304,0.129805864069898,93.2237728891667,93.1515741642324,92.87,24,120.991947,2073840,2.31077265728687,4.94233333333333
90,100000,75,7.74,7.68166666666667,120.865863,8.27363471520491,731.47396147706,744.953270803428,744.956099,0.130168277405294,92.8451270945,92.3419025924721,92.34,25,120.814903,2070410,2.29830872626604,5.24383333333333
90,100000,75,7.74,7.69166666666667,120.930583,8.26920680602358,858.485580114018,864.005014447237,864.007864,0.13000033295753,93.0157734241667,93.2618351207887,92.65,26,120.870863,2073440,2.30644432946403,5.08683333333333
90,100000,75,7.74,7.67,120.662516,8.28757789204396,872.633842924492,873.331702007388,873.334753,0.130364562677532,92.548149772,92.0478001086366,92.05,28,120.611311,2070020,2.29272783727263,4.70516666666667
90,100000,75,7.74,7.66666666666667,120.977034,8.26603171639999,839.681887129471,843.17857839087,843.181243,0.130418838916739,92.7490594,93.0224975546136,92.39,23,120.915183,2075160,2.30314494837997,4.80783333333333
100,100000,75,8.1,7.851666667,120.896944,8.271507674,1001.510348,1013.048831,1013.051507,0.127264985,94.92425053,94.5134246,94.53,28,120.846682,2074180,2.34121583893618,5.8668333333333
100,100000,75,8.1,7.986666667,120.956975,8.267402521,1158.307665,1181.160487,1181.163043,0.125149837,96.60430403,96.22326552,95.73,38,120.905858,2077080,2.36550246402199,5.646
100,100000,75,8.1,8.401666667,120.72591,8.283226028,6662.416681,6821.376398,6821.377757,0.11902016,101.4298854,99.9404939,99.51,102,120.676606,2084080,2.44050449762208,5.9401666666666
100,100000,75,8.1,8.125,120.815156,8.27710722,2021.00613,2048.075125,2048.077633,0.12307374,98.16231425,98.0514819,97.59,53,120.765391,2080250,2.40211076214496,5.8828333333333
100,100000,75,8.1,8.016666667,121.083825,8.258741413,1734.316889,1745.592632,1745.596348,0.124678726,97.06886638,96.90260888,96.35,54,121.034685,2074620,2.37466261345256,5.8508333333333
100,100000,75,8.1,8.048333333,120.843692,8.275152666,1134.670736,1165.363807,1165.366328,0.124185354,97.25903144,97.20467957,96.85,27,120.793947,2077270,2.38604475995386,5.7536666666666
100,100000,75,8.1,8.228333333,120.73311,8.282732053,3169.413086,3214.529521,3214.531932,0.121528645,99.34322735,98.35949367,97.96,66,120.68359,2080310,2.40890551601342,5.8546666666666
100,100000,75,8.1,7.988333333,120.937037,8.268765506,1172.488015,1195.688272,1195.690961,0.125152873,96.60853639,96.16146866,96.05,35,120.886963,2079250,2.37318936004776,5.942
10,100000,80,0.86,0.858333333333333,122.42371,8.16835235592844,155.942482084507,131.529402945631,131.553401,1.16229342018447,10.5080351083333,12.4151309408342,10.55,2,122.32113,1581110,0.760969459647733,1.17
10,100000,80,0.86,0.873333333333333,122.577056,8.15813360699412,106.972107204972,129.646900589695,129.670291,1.14468541137977,10.7050628906667,8.96091515729266,10.75,2,122.5265,1632810,0.769535745526108,1.1905
10,100000,80,0.86,0.853333333333333,122.259265,8.17933920999771,91.4634146341464,128.147834425781,128.171475,1.16661695583203,10.4327906133333,7.80487804878048,10.48,1,122.200677,1558230,0.757488905808201,1.27116666666667
10,100000,80,0.86,0.865,122.429376,8.16797432668447,129.070304372257,130.129811287091,130.153232,1.15072651743353,10.590141024,10.3946102021174,10.64,2,122.379805,1615470,0.766035088948107,1.25683333333333
10,100000,80,0.86,0.816666666666667,122.293803,8.1770292154542,137.302627473008,129.858838859184,129.884146,1.22004114672245,9.987327245,10.8053007135576,10.04,2,122.244791,1566000,0.752305948694555,1.28083333333333
10,100000,80,0.86,0.843333333333333,122.169778,8.18533041780595,103.008712820293,128.395319731225,128.419488,1.18443907290514,10.3029846113333,8.68706811451135,10.35,1,122.117301,1616880,0.762084481309181,1.16666666666667
10,100000,80,0.86,0.855,122.127802,8.18814376107416,173.103970572325,132.166959723197,132.191398,1.1629382774347,10.441927071,13.4371957156767,10.49,3,122.078813,1633260,0.765866457633535,1.28316666666667
10,100000,80,0.86,0.866666666666667,121.884379,8.20449682071236,125.249390379073,129.920720286539,129.944968,1.15361176354808,10.5633128466667,9.51008645533142,10.62,3,121.829824,1615010,0.765701023050723,1.3285
20,100000,80,1.72,1.74833333333333,121.79705,8.21037947963436,131.889033363293,137.937640767398,137.949325,0.571771815811249,21.2941842416667,20.9623630300143,21.3,3,121.748797,1797490,0.954111408755021,2.08633333333333
20,100000,80,1.72,1.66333333333333,121.659616,8.21965441679513,149.322179662279,138.337422861723,138.352394,0.599938217599198,20.2360494613333,22.1331997996996,20.25,3,121.606867,1796650,0.937414789910677,1.835
20,100000,80,1.72,1.71166666666667,121.586856,8.22457322196077,138.167293299881,138.295908620253,138.311028,0.583981819280428,20.811616852,20.8272506082725,20.82,2,121.540483,1800430,0.947142626409651,1.80633333333333
20,100000,80,1.72,1.68333333333333,121.596122,8.22394648408277,156.965721312359,140.471731406931,140.4844,0.593544981314852,20.4686805366667,22.4641266699654,20.48,4,121.542727,1840060,0.949601264048141,1.68616666666667
20,100000,80,1.72,1.79,122.318268,8.17539371960368,143.759212417884,139.993693999069,140.004924,0.558582584705773,21.894969972,22.6617031177292,21.9,3,122.273666,1809260,0.96602773008979,1.71266666666667
20,100000,80,1.72,1.68666666666667,122.076636,8.19157565908025,126.189430537257,136.551406437747,136.56541,0.592810163030632,20.590259272,18.6172839506173,20.6,3,122.032928,1772390,0.938109967575905,1.818
20,100000,80,1.72,1.74166666666667,121.987506,8.19756082233536,124.662772099154,136.438750069857,136.450381,0.573453368845933,21.246157295,19.7991391678623,21.26,3,121.939636,1786670,0.951272395759138,1.709
20,100000,80,1.72,1.69,121.925728,8.20171440764332,125.692255199023,136.639691432939,136.651869,0.591568261811637,20.605448032,19.2705766387383,20.62,3,121.878939,1853430,0.954512709069645,1.876
20,100000,80,1.72,1.81166666666667,121.748092,8.21368108175363,138.819274815214,139.412645034959,139.423975,0.551926628905244,22.0566960006667,21.9310344827586,22.06,3,121.694027,1830920,0.973137744083098,1.89683333333333
30,100000,80,2.58,2.555,121.812474,8.20933987433832,150.073026606697,150.595054921722,150.603105,0.39114728345075,31.123087107,29.9315291816107,31.09,5,121.765518,1912390,1.14161135272604,2.58416666666667
30,100000,80,2.58,2.69666666666667,121.530496,8.22838738352553,156.144211723761,153.477779189122,153.485563,0.370802672650804,32.7727237546667,33.3951189372876,32.73,4,121.479277,1920110,1.17143612902047,2.4885
30,100000,80,2.58,2.595,121.556232,8.22664526159383,154.761131574797,150.855151354528,150.863786,0.385326648824663,31.543842204,32.9695024077047,31.51,4,121.503943,1903330,1.14598378087641,2.474
30,100000,80,2.58,2.51166666666667,121.394821,8.23758371042864,134.43069985177,145.304204887193,145.312684,0.397444331353683,30.4903325411667,29.2537313432836,30.46,3,121.347017,1899820,1.12747824054301,2.36133333333333
30,100000,80,2.58,2.71333333333333,121.541786,8.22762304973863,166.792521720369,154.91878681941,154.926088,0.367828092317568,32.9783379346667,35.1857537611299,32.94,4,121.491142,1907710,1.17116772685364,2.38266666666667
30,100000,80,2.58,2.575,121.858447,8.20624277281328,139.082145784976,147.072478283495,147.082282,0.388331453022006,31.3785501025,29.7961824652216,31.34,3,121.811823,1902880,1.14301786071023,2.35783333333333
30,100000,80,2.58,2.60166666666667,121.669846,8.2189633082958,152.615290698283,149.96497945868,149.97267,0.384184212429212,31.6544382676667,31.7643291706692,31.62,4,121.617785,1917370,1.1519585189735,2.3125
30,100000,80,2.58,2.655,121.282961,8.24518128313177,163.919217489601,154.540298344005,154.549175,0.376638254523541,32.2006261455,32.9149670536555,32.16,5,121.232699,1911270,1.15920011393158,2.45616666666667
40,100000,80,3.44,3.45666666666667,121.497356,8.23063178428344,158.558498254392,163.988020406461,163.993994,0.289021856919962,41.9975860573333,41.118341769101,41.91,5,121.445359,1961370,1.34172573019371,2.88366666666667
40,100000,80,3.44,3.33666666666667,121.650796,8.22025036317888,170.466237881968,165.169107064436,165.175304,0.299298978652847,40.5908155986667,41.8976279650437,40.51,6,121.600946,1948240,1.31277775055731,3.0985
40,100000,80,3.44,3.405,121.568109,8.22584153217354,158.519887024041,162.427712293196,162.434553,0.293558021249633,41.3939411145,41.6442378272572,41.32,6,121.520615,1939810,1.32339852198953,2.75033333333333
40,100000,80,3.44,3.28166666666667,121.453107,8.23363044965165,163.23076226832,162.955708,162.962269,0.304570893769934,39.8568612805,40.4417364813404,39.78,4,121.40253,1956920,1.30350012453565,2.676
40,100000,80,3.44,3.33666666666667,121.748328,8.21366516014906,175.255456154333,168.002347466534,168.008643,0.299288442016983,40.623358776,40.9488139825219,40.55,5,121.700798,1966620,1.32031888150694,2.99483333333333
40,100000,80,3.44,3.51,121.211753,8.25002506151363,165.746640942463,166.114610518993,166.120506,0.284656478047483,42.545325303,43.4844528839307,42.46,4,121.162836,1951970,1.34751028876449,2.96016666666667
40,100000,80,3.44,3.505,121.554328,8.2267741219383,167.30488246103,167.598981018069,167.604817,0.285273509293866,42.604791964,42.666983598764,42.52,5,121.506287,1954880,1.34967227931358,2.8505
40,100000,80,3.44,3.28166666666667,121.886491,8.20435465649758,170.966817352126,166.164671679025,166.17105,0.304637789110208,39.9990834631667,40.4671236354405,39.93,4,121.834412,1955270,1.30546466072352,2.85566666666667
40,100000,80,3.44,3.595,121.362339,8.23978845694462,161.999171631773,167.455064062587,167.461194,0.278117677444135,43.6297608705,43.4067207415991,43.54,4,121.311685,1948120,1.36443916046651,3.06816666666667
40,100000,80,3.44,3.43166666666667,121.759625,8.21290308671696,167.809984198836,165.803977485187,165.809654,0.290704393037397,41.7838446458333,41.9519300801165,41.7,5,121.710221,1963450,1.33891486758957,3.139
50,100000,80,4.3,4.38,121.344281,8.24101467130536,196.129014325757,193.87204935274,193.876688,0.228161454378234,53.148795078,53.4525394711813,53.01,6,121.294527,1983510,1.54311060464458,3.79733333333333
50,100000,80,4.3,4.15166666666667,121.418577,8.23597199627863,178.221368147486,181.474614729426,181.479722,0.240840101176636,50.4089458845,50.3110575958258,50.28,6,121.366263,1971130,1.49000281761715,3.4315
50,100000,80,4.3,4.24333333333333,121.385471,8.23821822959356,188.466248130415,185.770020180283,185.774824,0.235635838635507,51.5079015276667,52.6016100530139,51.37,8,121.334897,1976840,1.51149495086637,3.44183333333333
50,100000,80,4.3,4.37333333333333,121.823989,8.20856391428785,194.854188254209,192.935978764863,192.940818,0.228523967454649,53.2776911893333,53.2482377595733,53.14,6,121.771167,1984350,1.5457754044419,3.70083333333333
50,100000,80,4.3,4.39,121.632415,8.22149260129383,181.402288107126,187.358152930904,187.362863,0.227690763204252,53.396630185,53.1030556082748,53.26,6,121.581624,1982590,1.54700856300353,3.52816666666667
50,100000,80,4.3,4.32833333333333,121.175418,8.25249886903629,181.003994021383,185.664977524451,185.66996,0.230973534157489,52.448760091,50.9720885466795,52.32,6,121.124218,1995600,1.53687990526887,3.42783333333333
50,100000,80,4.3,4.44,121.381732,8.23847199675813,199.613199237894,195.704784715841,195.709332,0.225137136637763,53.893489008,55.0197035091011,53.76,6,121.331646,1987710,1.55819488726069,3.515
50,100000,80,4.3,4.28,121.432709,8.23501351682766,194.848078535965,190.880222116822,190.884978,0.233570363550234,51.973199452,52.4430601518396,51.84,7,121.381688,1980970,1.5215831662513,4.00133333333333
50,100000,80,4.3,4.27166666666667,121.534749,8.22809943845772,177.299176035982,183.37278739485,183.37766,0.233976444815841,51.9155936145,50.9264677199142,51.78,7,121.48352,1988390,1.52404069798111,3.63616666666667
50,100000,80,4.3,4.245,121.313125,8.24313115336861,180.042097670757,182.917036227719,182.921932,0.235543283797409,51.4974215625,51.207065750736,51.37,6,121.261748,1991560,1.51838286446214,4.0055
60,100000,80,5.16,5.135,121.018014,8.26323261262575,215.217838149297,217.711594575138,217.716334,0.194731090197988,62.142750189,62.3235437287036,61.86,7,120.96605,2010670,1.71208165340342,4.09616666666667
60,100000,80,5.16,5.19333333333333,121.379845,8.23860007400734,229.131581933668,226.632507499358,226.637824,0.192490144160141,63.0365995033333,64.2708166212097,62.85,10,121.326959,1999700,1.72328184943622,3.829
60,100000,80,5.16,5.12833333333333,121.546443,8.22730781187895,217.86863939287,219.426663520637,219.430572,0.194935353727332,62.3330675185,62.5182778229082,62.15,8,121.492772,2010160,1.7169025188187,4.01883333333333
60,100000,80,5.16,5.14333333333333,121.450846,8.23378373173292,222.332132520744,222.457401464031,222.461352,0.194247931962735,62.4662184593333,62.8219666288677,62.29,7,121.401541,2000920,1.71416015106556,3.98683333333333
60,100000,80,5.16,5.17,121.494265,8.23084118414972,226.279112901089,225.240823370084,225.244974,0.193347399278208,62.812535005,63.0781627719581,62.63,10,121.444338,2001860,1.72065198120768,4.10533333333333
60,100000,80,5.16,5.18666666666667,121.447979,8.2339781051441,217.827608635054,221.426160543381,221.43026,0.192746223849293,62.9910184413333,62.7951807228916,62.8,9,121.395322,2010910,1.7287738738676,4.18916666666667
60,100000,80,5.16,5.15833333333333,121.309597,8.24337088515759,218.911761275227,220.624069349596,220.628013,0.193791924042326,62.5755337858333,61.7024713293491,62.39,9,121.257017,2004170,1.71774736888964,4.1715
60,100000,80,5.16,5.11333333333333,121.196806,8.25104252334835,219.754119274395,218.991887890156,218.995773,0.195464154242177,61.9719668013333,62.7342349682255,61.79,8,121.145884,2011880,1.71152540477177,4.0185
60,100000,80,5.16,5.06166666666667,121.36017,8.23993572190942,208.783033939438,213.766929460323,213.771286,0.197459114899243,61.428472715,59.8353909465021,61.25,7,121.308669,2010280,1.70112169397842,3.88333333333333
70,100000,80,6.02,5.89333333333333,121.123481,8.25603748954342,326.555705752486,310.348260152998,310.351937,0.169675620374717,71.3821048026667,72.5717517319384,71.03,15,121.070444,2020110,1.87963257168555,4.97266666666667
70,100000,80,6.02,6.11333333333333,120.91234,8.27045444658502,267.40372254638,274.062271714286,274.065596,0.163499809741549,73.9177438533333,74.5536322747717,73.67,10,120.860556,2036860,1.93745799844317,4.36766666666667
70,100000,80,6.02,5.96333333333333,121.169396,8.25290901012662,295.410615209945,290.81117719564,290.814832,0.16768517759251,72.2573498146667,71.8876624283918,72.02,13,121.119503,2034170,1.90627328732052,4.89816666666667
70,100000,80,6.02,6.02333333333333,121.173729,8.2526138978524,290.887032438597,288.947730486718,288.951202,0.16599837984311,72.986976101,74.04896942869,72.75,10,121.125528,2034860,1.91973288463251,4.34433333333333
70,100000,80,6.02,5.96,121.211377,8.2500506532485,285.27946691537,284.163107886745,284.166533,0.167771293284116,72.241980692,71.9138822871522,72.01,10,121.160641,2031100,1.90410351084595,4.4715
70,100000,80,6.02,6.14333333333333,121.165911,8.25314638207111,287.207382687592,289.290460819045,289.293761,0.1626437040586,74.436257991,74.9220127492201,74.19,10,121.116386,2039830,1.94871930368322,4.601
70,100000,80,6.02,5.97666666666667,121.479943,8.23181156744534,311.845195650262,304.485999240937,304.489341,0.167168509749861,72.6045125996667,72.8983688833124,72.37,16,121.429938,2026660,1.90761414017311,4.33566666666667
70,100000,80,6.02,6.225,121.418596,8.23597070748537,320.25303731322,316.850577232396,316.855332,0.160557342574297,75.58307601,76.5894793200375,75.33,12,121.367102,2035300,1.96601843765536,4.45716666666667
70,100000,80,6.02,6.01,121.211314,8.25005494124088,268.71891733658,273.957602978924,273.961061,0.16638018234193,72.847999714,71.6900041591571,72.49,13,121.162102,2028410,1.91088709580533,4.69583333333333
70,100000,80,6.02,6.04,121.24713,8.24761790237839,296.409918152675,293.968907369205,293.972281,0.165458661651214,73.23326652,73.0997378948821,73,12,121.196698,2030780,1.92150683263649,4.52033333333333
80,100000,80,6.88,6.85333333333333,121.297618,8.24418497649311,403.734935484252,406.576070815662,406.579123,0.145911703576362,83.1293008693334,82.8085106382979,82.83,13,121.248057,2055210,2.11453460336593,5.778
80,100000,80,6.88,6.84833333333333,121.03572,8.26202380586491,413.385447315016,414.005455988805,414.008428,0.145830921035532,82.88929558,83.246136999635,82.6,16,120.983849,2051750,2.10782840088215,4.97583333333333
80,100000,80,6.88,6.80666666666667,120.880222,8.2726519148848,393.822996543753,395.811538742409,395.814559,0.146902171231881,82.2791377746667,81.8092789815155,81.86,17,120.829744,2055590,2.09735119147929,5.14516666666667
80,100000,80,6.88,6.90833333333333,121.012885,8.26358284078592,390.75027072389,397.859812372738,397.863033,0.144656962064174,83.5997347208333,82.4146665058497,83.16,16,120.963526,2050570,2.11701224821391,5.3455
80,100000,80,6.88,6.90666666666667,121.045436,8.26136063486111,422.17065832701,422.232212585907,422.235248,0.144745630451014,83.6020477973333,84.3527566654603,83.31,16,120.996328,2058740,2.12581536418504,5.35033333333333
80,100000,80,6.88,6.81833333333333,121.128916,8.25566704485327,444.040806588401,438.608775888536,438.611871,0.146636876203618,82.5897325593333,82.4514236832458,82.3,22,121.078397,2053000,2.10336023240217,5.13133333333333
80,100000,80,6.88,6.95833333333333,120.909073,8.27067791678462,406.941834209679,413.554423988024,413.55737,0.143601868833293,84.1325632958333,84.2653574422225,83.84,15,120.859411,2055900,2.13323655403949,5.25316666666667
80,100000,80,6.88,6.855,120.871634,8.27323969162194,364.369264284923,373.184941218818,373.187989,0.14587360016533,82.857505107,82.3872614561809,82.56,16,120.822459,2054510,2.10915504918386,4.606
90,100000,80,7.74,7.895,120.94553,8.26818485974637,1173.99710247125,1184.23934924193,1184.242057,0.126600658443741,95.486495935,95.1451187335092,94.81,38,120.897184,2079230,2.35058780019137,5.60083333333333
90,100000,80,7.74,7.835,121.123224,8.25605500725443,1059.55403579667,1069.86936212976,1069.871973,0.127605065981706,94.900046004,94.4273104328406,94.38,28,121.074178,2074540,2.33879457804935,5.17733333333333
90,100000,80,7.74,7.85333333333333,120.91046,8.27058304136797,958.44685728182,973.864594515068,973.867285,0.127313393555178,94.9550145866667,95.1193633952255,94.43,27,120.853621,2075120,2.34019335196059,5.4285
90,100000,80,7.74,7.66666666666667,120.749652,8.28159736642554,665.697962886832,680.953527208261,680.95622,0.130381889072174,92.5747332,92.5008151287904,92.07,21,120.700565,2068060,2.29147457707778,5.33583333333333
90,100000,80,7.74,7.70333333333333,121.182265,8.25203258909214,912.671286173611,916.121576497837,916.124198,0.129805345747728,93.3507381383333,93.55327203894,92.69,31,121.134309,2072050,2.3060173023752,5.10933333333333
90,100000,80,7.74,7.85833333333333,120.872837,8.27315735130797,1119.22583776141,1127.80150256988,1127.804117,0.127163143948038,94.9859044091667,94.8997985367405,94.62,38,120.825118,2073670,2.34241918769008,5.5525
90,100000,80,7.74,7.715,120.668286,8.28718160461814,777.019812290324,786.14502817844,786.147748,0.129593498301577,93.095582649,93.6494221838211,92.59,23,120.619547,2071080,2.30339814202117,5.58016666666667
90,100000,80,7.74,7.74666666666667,121.108262,8.25707497974003,817.875290402378,833.393955028184,833.396589,0.129080955850904,93.8185336293333,93.4817683123588,93.31,27,121.059845,2071020,2.31641012968483,4.72966666666667
90,100000,80,7.74,7.77,120.931743,8.26912748623825,930.215546837531,939.172663513299,939.175362,0.128653959085371,93.963964311,93.887399463807,93.45,32,120.883859,2069990,2.31808828157379,5.32666666666667
90,100000,80,7.74,7.73166666666667,121.151708,8.25411392466708,994.032307513569,995.486741501832,995.489502,0.129334618095279,93.6704622353333,93.9217588102166,93.17,29,121.103391,2074240,2.31655608633721,5.5475
100,100000,80,8.1,8.161666667,120.896459,8.271540856,1738.940083,1777.47606,1777.478537,0.122516352,98.67165995,98.42776927,98.25,45,120.846962,2080730,2.41455909184047,6.0381666666666
100,100000,80,8.1,7.938333333,121.028566,8.262512174,1359.342017,1368.242419,1368.246093,0.125945122,96.07650998,96.17927994,95.52,41,120.978394,2075840,2.3606218615846,5.8436666666666
100,100000,80,8.1,8.136666667,120.777249,8.279705063,3363.482645,3370.384769,3370.388412,0.122882836,98.2724216,98.07475678,97.86,87,120.72697,2080720,2.40744206606153,5.7275
100,100000,80,8.1,8.21,120.760525,8.28085171,2592.939598,2634.836481,2634.83907,0.121749747,99.14439103,97.32061301,97.12,87,120.710941,2078650,2.39215646830472,5.6883333333333
100,100000,80,8.1,8.026666667,120.709889,8.284325404,2002.770791,2002.879769,2002.882316,0.124577634,96.88980424,97.08294405,96.49,48,120.659657,2077700,2.37986534657948,5.4668333333333
100,100000,80,8.1,8.011666667,120.889817,8.271995316,1474.059378,1490.133827,1490.137352,0.124786023,96.85289172,96.65106604,96.13,36,120.839388,2075920,2.37178260309073,5.424
100,100000,80,8.1,8.075,120.892826,8.271789428,2059.246826,2074.490892,2074.493523,0.123838639,97.620957,97.37901145,97.05,56,120.842537,2077960,2.39028293336832,5.7211666666666
100,100000,80,8.1,8.101666667,120.997289,8.264647979,2286.279965,2305.14403,2305.147472,0.123402017,98.0279703,97.44934691,97.3,71,120.946996,2079390,2.39607792076159,5.9043333333333
10,100000,85,0.86,0.865,121.985784,8.19767654237481,106.816803618419,128.710836396917,128.734534,1.15402683820617,10.551770316,8.85466794995188,10.6,2,121.93049,1601060,0.763872421154933,1.32533333333333
10,100000,85,0.86,0.903333333333333,121.492641,8.23095120633685,118.353257265292,129.330510439114,129.354666,1.10365387044834,10.974835237,9.95391705069125,11.02,3,121.439358,1627840,0.772828524793989,1.3395
10,100000,85,0.86,0.893333333333333,122.482363,8.16444078565009,124.146277002685,130.309708177239,130.339729,1.11612225109888,10.9417577613333,10.5312208760485,10.99,2,122.433831,1607430,0.770069587112051,1.36516666666667
10,100000,85,0.86,0.793333333333333,121.457758,8.23331515801568,113.74959217685,128.176814754202,128.203318,1.2580443600021,9.63564880133333,9.02413431269676,9.7,1,121.404962,1550410,0.746037519851535,1.2365
10,100000,85,0.86,0.828333333333333,121.755721,8.21316642689833,157.730301406429,130.672787597586,130.697306,1.20138783604628,10.0854322228333,12.2613065326633,10.14,2,121.702947,1598390,0.757136012434266,1.2535
10,100000,85,0.86,0.858333333333333,122.404716,8.16961986987495,140.122230278832,129.294887514563,129.31876,1.15885140072233,10.50640479,11.2512124151309,10.56,2,122.356917,1604640,0.763706846917744,1.3825
10,100000,85,0.86,0.823333333333333,122.065462,8.19232552447964,132.633052647953,130.330687991903,130.358541,1.21241245980567,10.0500563713333,10.1112234580384,10.11,2,122.014191,1579720,0.754727467355002,1.23316666666667
10,100000,85,0.86,0.871666666666667,121.324715,8.24234369724256,138.061766204452,129.783050944551,129.806036,1.13361603859656,10.5754709908333,10.8882521489971,10.63,2,121.274641,1606320,0.764877352363987,1.309
20,100000,85,1.72,1.77666666666667,121.413256,8.23633294209654,127.189197890032,137.817342873358,137.828765,0.562250010117261,21.5710884826667,19.7843413033287,21.58,4,121.359059,1839560,0.96722776422061,1.7435
20,100000,85,1.72,1.635,121.930454,8.20139651083395,138.339089672707,137.826285554536,137.839337,0.611434717244648,19.935629229,20.4788588894549,19.95,3,121.882826,1787290,0.930889718140447,1.618
20,100000,85,1.72,1.7,121.896696,8.20366780080733,150.445283453901,140.967586444118,140.980727,0.587606534531373,20.72243832,20.9701126898579,20.73,5,121.844994,1791620,0.943965329940086,1.8665
20,100000,85,1.72,1.74833333333333,121.832725,8.20797532025981,140.881467456245,139.424178452812,139.436806,0.571904145009533,21.3004214208333,20.2477370176274,21.31,5,121.782921,1852410,0.965506350516675,1.67416666666667
20,100000,85,1.72,1.70166666666667,121.850687,8.20676538327601,120.235696482531,135.932641594515,135.945355,0.587526104427032,20.7349252378333,19.3832599118943,20.74,2,121.804476,1828850,0.951554219315166,1.809
20,100000,85,1.72,1.64166666666667,122.054262,8.19307727246755,135.672839935409,137.975777916751,137.987922,0.609058534405076,20.037241345,19.7361745306951,20.05,3,122.005968,1812550,0.937345104500823,1.71333333333333
20,100000,85,1.72,1.72833333333333,121.802496,8.21001237938507,130.496915337338,136.614618044359,136.626289,0.578253574135969,21.051531392,21.1084337349398,21.06,2,121.756258,1794950,0.949818380882952,1.72016666666667
20,100000,85,1.72,1.78666666666667,121.838057,8.20761611456099,140.903872247156,139.502947907649,139.520041,0.559284573455224,21.7683995173333,21.8181818181818,21.77,3,121.786476,1839950,0.97037075652367,1.76766666666667
20,100000,85,1.72,1.79166666666667,121.996801,8.19693624589386,119.360384029062,136.866606403721,136.878425,0.558003495352558,21.8577601791667,19.6187819618782,21.87,2,121.946202,1822660,0.968359859825079,1.67366666666667
30,100000,85,2.58,2.55666666666667,121.922307,8.20194453833621,154.847885848433,151.335171071708,151.343233,0.391123133018905,31.171469823,32.0299771912675,31.13,4,121.868845,1882900,1.13371060297857,2.14183333333333
30,100000,85,2.58,2.59666666666667,121.53126,8.22833565619249,149.496961258048,150.230313861361,150.238542,0.384629851774711,31.55761718,31.8896374719281,31.52,4,121.482547,1891110,1.14255720122217,2.19183333333333
30,100000,85,2.58,2.51333333333333,121.429608,8.23522381790115,156.408117044968,150.447038549735,150.45572,0.397691495723475,30.519308144,30.8916141862778,30.49,4,121.383307,1900100,1.12805729795608,2.03966666666667
30,100000,85,2.58,2.565,121.962093,8.19926893186394,155.616206623882,151.090528658869,151.098744,0.389787539530864,31.2832768545,32.4455992205262,31.25,3,121.910456,1891740,1.13826831877648,2.1755
30,100000,85,2.58,2.65666666666667,121.323151,8.24244995087541,158.874235580039,152.444253041405,152.451904,0.375854879774153,32.2315171156667,33.2392599560991,32.19,4,121.269484,1907890,1.15868864279258,2.51766666666667
30,100000,85,2.58,2.62333333333333,121.802535,8.21000975061808,143.084087524205,148.955777395807,148.963597,0.381173921121982,31.952865015,30.612892981899,31.91,4,121.751036,1904040,1.15286393964942,2.32616666666667
30,100000,85,2.58,2.51666666666667,121.833324,8.20793496531376,142.183523284032,147.876109415894,147.884166,0.397300585258278,30.66138654,30.0893743793446,30.63,4,121.782912,1892740,1.12828063507196,2.311
30,100000,85,2.58,2.53833333333333,121.617565,8.22249647902423,156.575221938805,151.140160576494,151.149299,0.393947446989495,30.8705919158333,31.4407614046603,30.84,3,121.567352,1898530,1.13343042424654,2.13116666666667
30,100000,85,2.58,2.64833333333333,121.783963,8.21126177344056,156.43092026794,152.491108882945,152.500117,0.377473295492133,32.2524528678333,33.0292544825417,32.22,4,121.736811,1896390,1.1557379113338,2.30316666666667
40,100000,85,3.44,3.455,121.779614,8.21155501445423,162.759541970081,164.8234243589,164.829445,0.289252789739026,42.074856637,41.7651314203038,41.99,6,121.729348,1952930,1.33984434640625,2.55283333333333
40,100000,85,3.44,3.46166666666667,121.616342,8.22257916621107,168.66870955575,167.055568099663,167.061797,0.288470247744824,42.0995237223333,40.6738868832732,42.02,5,121.565687,1947190,1.33814175898918,2.72266666666667
40,100000,85,3.44,3.43,121.944865,8.2004272996653,169.176938966711,167.406379123421,167.413307,0.29153916676725,41.827088695,42.1423366529026,41.74,5,121.893491,1955360,1.33649971428714,2.5515
40,100000,85,3.44,3.49666666666667,121.708739,8.21633687290113,160.40328411074,163.858068029075,163.86411,0.285957037693041,42.5574890703333,42.4588992137241,42.47,4,121.662076,1946950,1.34572363122401,2.66883333333333
40,100000,85,3.44,3.40833333333333,121.421921,8.23574517487662,162.369659918995,164.826775028851,164.832757,0.293009413538875,41.3846380741667,39.9902224395013,41.31,5,121.371951,1952980,1.32823066636965,2.74033333333333
40,100000,85,3.44,3.41,121.744011,8.21395641383953,169.089203869277,166.228343905181,166.234417,0.293120781812806,41.514707751,42.8536525775715,41.44,5,121.692719,1945690,1.32767751857696,2.49816666666667
40,100000,85,3.44,3.445,121.525479,8.2287270803516,167.496485627489,167.520298498791,167.527867,0.29003540709821,41.8655275155,42.0314389359129,41.78,5,121.468176,1946970,1.33396371444712,2.77333333333333
40,100000,85,3.44,3.47333333333333,121.570191,8.22570065716192,166.639887037539,166.707428842131,166.714525,0.287866077903551,42.225379674,42.1923722715279,42.14,5,121.52032,1946090,1.33976276389687,2.98716666666667
40,100000,85,3.44,3.51833333333333,121.523849,8.22883745230946,176.067693630996,169.96973290289,169.97581,0.283990036393652,42.7561408731667,44.5654747809614,42.67,4,121.473433,1940250,1.3465100012522,2.7105
50,100000,85,4.3,4.23,121.394871,8.23758031754076,183.369956103896,184.498670452719,184.505668,0.23632314991253,51.350030433,51.0537719125468,51.22,7,121.341774,1973730,1.50744633178643,3.33733333333333
50,100000,85,4.3,4.37666666666667,121.258536,8.24684210272834,185.814829780654,187.9587223869,187.963593,0.228480880913176,53.070819256,52.9792499524082,52.94,7,121.209936,1985910,1.54305040861647,3.25616666666667
50,100000,85,4.3,4.39,121.098282,8.25775546510231,189.659637255949,190.446699679954,190.451445,0.227771560309795,53.162145798,53.1599924084267,53.03,8,121.046887,1980780,1.54214095672867,3.33033333333333
50,100000,85,4.3,4.255,121.640863,8.22092161578959,178.322557665489,182.677142663141,182.682013,0.234966202717196,51.7581872065,50.3818288623458,51.63,7,121.590501,1982310,1.51856922052784,3.27733333333333
50,100000,85,4.3,4.25666666666667,121.720411,8.21554899284722,183.884811500825,186.963653561472,186.968661,0.234857881057557,51.8123216156667,51.7713838324525,51.68,7,121.670219,1982410,1.51948449621811,3.25983333333333
50,100000,85,4.3,4.30666666666667,121.604547,8.22337671304347,187.50145994189,189.190793170666,189.19579,0.232135031363777,52.371024908,51.3058618688334,52.24,7,121.551856,1977240,1.52675036053019,3.27533333333333
50,100000,85,4.3,4.28166666666667,121.589675,8.22438253906016,177.790018263016,183.53320765979,183.537956,0.23317013180109,52.0606458458333,50.9826814555361,51.93,6,121.542103,1982740,1.5239818067799,3.21166666666667
50,100000,85,4.3,4.355,121.49454,8.23082255383658,175.763176142949,183.519249070034,183.524008,0.229592022871795,52.91087217,52.0183661756266,52.78,5,121.443079,1981210,1.53800977138647,3.43966666666667
60,100000,85,5.16,5.13833333333333,121.227353,8.24896341669689,213.266167569415,217.13848867856,217.144218,0.194574769453454,62.2906548831667,62.2669044916491,62.11,7,121.177308,2007750,1.71484375495286,3.92783333333333
60,100000,85,5.16,5,121.411234,8.23647011115957,207.098816863856,210.733906214,210.738147,0.199938087159,60.705617,60.1566405599067,60.53,7,121.362449,2006040,1.68611882071187,3.78166666666667
60,100000,85,5.16,5.16166666666667,121.716917,8.21578482800382,221.725156188798,223.172692470455,223.176728,0.193637459138521,62.8262153248333,62.0338983050848,62.64,8,121.667471,2005350,1.72280494272862,4.0085
60,100000,85,5.16,5.22166666666667,121.314607,8.24303045386777,224.543407268966,225.519345556974,225.523652,0.191347959260772,63.3464439551667,62.7413435455561,63.16,8,121.263029,2006420,1.73255047546131,4.16466666666667
60,100000,85,5.16,5.16333333333333,121.270234,8.24604659375853,223.36345717169,222.877307528083,222.881306,0.193621320224984,62.6158641553333,63.0789091495885,62.43,8,121.21841,2007690,1.72043772844337,4.19566666666667
60,100000,85,5.16,5.16666666666667,121.530966,8.2283555616599,214.398302042855,218.099528849355,218.103843,0.193521667727097,62.7909991,62.5060474117078,62.61,7,121.480071,2004750,1.72193812931821,3.8755
60,100000,85,5.16,5.125,121.538757,8.22782809931156,217.676285037928,218.467528904715,218.471541,0.195118691160325,62.2886129625,61.6647699561047,62.11,7,121.486555,2006070,1.7138995833253,4.091
70,100000,85,6.02,6.04666666666667,121.304061,8.24374709103927,241.564279115218,255.37117018495,255.374622,0.165335551686053,73.348522218,72.1510265950117,73.11,9,121.25521,2029950,1.92291716009072,4.74316666666667
70,100000,85,6.02,6.02833333333333,121.326136,8.24224716099094,310.604209294243,304.754038517832,304.758532,0.165787383165607,73.1394389853333,73.1444367657222,72.9,13,121.2734,2033290,1.92137582489702,4.32083333333333
70,100000,85,6.02,5.99166666666667,121.2123,8.24998783126795,272.129684590671,275.509243245063,275.512858,0.166894753092629,72.62636975,72.1735502711723,72.39,11,121.162025,2030170,1.91025790929813,4.38933333333333
70,100000,85,6.02,6.015,121.285164,8.24503151927139,257.793895461743,266.240579438072,266.24412,0.166224181541147,72.953026146,71.3118160410029,72.72,11,121.235512,2032330,1.9175411345438,4.64683333333333
70,100000,85,6.02,6.04333333333333,121.084054,8.25872579390181,279.679618278425,281.195688805571,281.199178,0.165466137472697,73.1751299673333,73.8315179925548,72.94,9,121.033513,2031520,1.92092559072831,4.48733333333333
70,100000,85,6.02,5.98333333333333,121.329967,8.2419869116094,272.678714605511,275.14959087493,275.153153,0.16710465215766,72.5957635883333,73.2070742236457,72.36,10,121.277007,2032400,1.911177903314,4.79366666666667
70,100000,85,6.02,5.99,121.272357,8.24590223805084,263.387000776321,268.952355415136,268.955928,0.166938832137451,72.642141843,72.0267074697455,72.41,12,121.220061,2030790,1.91101796151929,4.37183333333333
80,100000,85,6.88,6.79166666666667,121.080801,8.25894767577562,392.132246184555,393.934583430675,393.938126,0.147096329443681,82.2340440125,82.1985032511348,81.94,16,121.029064,2050370,2.09495127753062,5.65066666666667
80,100000,85,6.88,6.74833333333333,121.201532,8.25072079121904,424.19001629349,418.337691271672,418.340697,0.148162691519635,81.7908338446667,81.787875046302,81.37,16,121.151137,2049770,2.08427541794506,5.3035
80,100000,85,6.88,6.87166666666667,120.966493,8.26675201702343,414.412155431115,415.040830233568,415.043834,0.145472996373029,83.1241417731667,82.3572208075664,82.83,17,120.916831,2052340,2.11240074215398,4.71533333333333
80,100000,85,6.88,6.85166666666667,120.80844,8.27756736201544,423.313254204224,420.112957449039,420.116088,0.145940053002433,82.77391614,82.974583485346,82.48,13,120.758822,2054430,2.10765608059964,4.82466666666667
80,100000,85,6.88,6.91166666666667,120.928847,8.26932551502786,371.675465520948,381.7891886313,381.792175,0.144670578915843,83.5819880848333,83.0741410488246,83.29,18,120.879429,2051930,2.12036397601027,5.336
80,100000,85,6.88,7.00833333333333,120.89726,8.27148605353008,440.259209847927,442.450283310583,442.453244,0.14258714844566,84.7288297166667,84.9601712043752,84.43,14,120.846564,2052840,2.14154375736832,5.445
80,100000,85,6.88,6.72,121.323215,8.24244560284691,406.149440557376,402.826438607391,402.829666,0.148728514861607,81.52920048,82.4674519528828,81.25,17,121.272819,2049890,2.08220836015855,4.99216666666667
80,100000,85,6.88,6.95166666666667,121.015715,8.26338959365732,409.205494247148,415.909979135699,415.912911,0.143791501057061,84.1260912108333,83.6030204962244,83.83,17,120.966444,2052260,2.13031822013297,5.13483333333333
80,100000,85,6.88,6.88666666666667,121.023475,8.26285974683837,400.205206409889,404.752287565586,404.755661,0.145185955965392,83.3448331166667,82.8917120387175,83.05,17,120.974376,2052580,2.11653473103969,5.30433333333333
90,100000,85,7.74,7.58333333333333,120.830055,8.27608660775666,806.842865957249,805.367961721538,805.370686,0.13183186860044,91.629458375,92.1107570596638,91.14,29,120.780952,2069750,2.27600683567329,5.7625
90,100000,85,7.74,7.76833333333333,120.859597,8.27406366413749,961.516002150571,968.543874029822,968.546919,0.128664493220768,93.8877636028334,93.4999463691945,93.53,35,120.812083,2074340,2.32318082759214,5.578
90,100000,85,7.74,7.62833333333333,121.039227,8.26178442134301,922.414174737101,917.765054107931,917.767832,0.13107302624208,92.3327569965,92.3102129983616,91.83,27,120.990381,2072410,2.29070407824859,5.097
90,100000,85,7.74,7.76333333333333,121.065354,8.26000145342986,1006.49823014971,1011.03924647789,1011.041868,0.128791168692572,93.987069822,94.3329397874852,93.48,32,121.018475,2069000,2.31780382221219,5.80083333333333
90,100000,85,7.74,7.71666666666667,120.774046,8.27992464539939,842.353602965407,849.778637778618,849.781309,0.129571668611447,93.1973054966667,92.398229132923,92.69,26,120.725316,2073330,2.30707954265297,5.7505
90,100000,85,7.74,7.72666666666667,121.136697,8.25513675678312,891.954682650429,898.372280870147,898.374895,0.129413042141501,93.598287882,93.0119702361695,92.63,35,121.08705,2070480,2.30362620479366,5.87133333333333
90,100000,85,7.74,7.535,121.055964,8.26064216051346,575.778880246344,590.74582089405,590.748557,0.132711997539261,91.215668874,90.7995134358067,90.72,17,121.007252,2071360,2.2697004832323,5.3055
90,100000,85,7.74,7.64166666666667,120.834524,8.27578052113649,666.764409694539,681.55734735638,681.560129,0.130842251110578,92.3377154233333,91.4076981790426,91.84,23,120.785809,2068370,2.28756299744963,5.45416666666667
100,100000,85,8.1,7.97,120.973326,8.266285082,1234.202226,1253.281164,1253.283721,0.125465157,96.41574082,96.00627287,95.85,36,120.922684,2075340,2.36619364198653,6.0831666666666
100,100000,85,8.1,7.985,120.811414,8.277363594,1933.55341,1927.657009,1927.660463,0.125222473,96.46791408,96.702494,96.07,68,120.760731,2074230,2.36923902481633,5.9328333333333
100,100000,85,8.1,8.008333333,120.93192,8.269115383,1770.56488,1779.174611,1779.17714,0.124868229,96.8463126,95.77567371,95.34,61,120.881218,2076900,2.35825310328,5.7428333333333
100,100000,85,8.1,7.996666667,121.054234,8.260760214,1604.033983,1615.16455,1615.165994,0.125021637,96.80303579,96.14462853,96.24,49,121.003609,2075330,2.37327489288834,5.7246666666666
100,100000,85,8.1,8.026666667,120.723234,8.283409638,1658.258416,1668.175462,1668.178009,0.124540068,96.90051582,96.86494342,96.5,62,120.672682,2077190,2.37960708748163,5.894
100,100000,85,8.1,7.993333333,120.857896,8.274180116,1830.163205,1828.047393,1828.049866,0.125047046,96.60574487,96.6433858,96.05,52,120.807964,2076450,2.37078329920707,5.5845
100,100000,85,8.1,8.088333333,120.940755,8.268511305,2426.144768,2437.297359,2437.300769,0.12360618,97.820914,97.87782013,97.25,49,120.890612,2078560,2.3944452407242,5.9556666666666
100,100000,85,8.1,7.941666667,121.164363,8.253251825,1928.221632,1919.545343,1919.547776,0.12589529,96.22469828,95.29954884,95.36,57,121.113367,2076330,2.35813059907972,5.8055
10,100000,90,0.86,0.871666666666667,122.108132,8.18946276239817,116.147200140253,128.975353032505,129.000179,1.1458671232065,10.6437588393333,9.74212034383955,10.69,2,122.059242,1585760,0.763427330112166,1.61266666666667
10,100000,90,0.86,0.871666666666667,122.224417,8.18167126131598,121.625841656303,128.54588490631,128.578377,1.14699685481262,10.6538950151667,10.6017191977077,10.7,1,122.174945,1612540,0.766556928662,1.489
10,100000,90,0.86,0.846666666666667,122.143075,8.18711990016626,153.299421643091,130.612218279528,130.645076,1.18067841785827,10.3414470166667,11.9960668633235,10.39,2,122.089478,1580260,0.758660862575218,1.3385
10,100000,90,0.86,0.901666666666667,122.319589,8.17530542879767,143.368441533838,131.689836883549,131.712109,1.10865808267283,11.0291496081667,12.0036934441367,11.08,2,122.26894,1599200,0.770390334723238,1.354
10,100000,90,0.86,0.861666666666667,121.765935,8.21247748805937,141.283323521991,130.434283166344,130.458043,1.15916351172534,10.4921647325,11.207729468599,10.54,2,121.71885,1578380,0.760529910650662,1.4885
10,100000,90,0.86,0.816666666666667,121.905149,8.20309895195649,107.345690569806,127.991554902041,128.015772,1.22381127611633,9.95558716833333,8.35881753312945,10.01,2,121.854568,1593040,0.754750718464884,1.41116666666667
10,100000,90,0.86,0.823333333333333,121.590157,8.22434993648376,115.439879156552,129.047242417004,129.074038,1.21418485055668,10.0109229263333,8.89787664307382,10.07,2,121.531639,1588270,0.755081608497687,1.32816666666667
10,100000,90,0.86,0.838333333333333,121.348262,8.24074431325601,108.978699797244,128.199745940358,128.224923,1.18932269080716,10.1730292976667,8.93743793445879,10.23,2,121.29441,1597500,0.758300396479853,1.34683333333333
20,100000,90,1.72,1.68333333333333,122.00667,8.19627320375189,136.977577025392,137.497791478218,137.509523,0.593369982589109,20.53778945,20.6828302820386,20.55,3,121.958186,1812110,0.945196601266352,1.88766666666667
20,100000,90,1.72,1.755,121.263388,8.24651212944834,133.052624746977,136.653490471985,136.665021,0.569534828897436,21.281724594,21.1675367821547,21.29,3,121.216396,1810580,0.95663008098016,1.998
20,100000,90,1.72,1.70166666666667,121.960697,8.19936278324156,133.467375999747,138.825469320274,138.839345,0.586185183712047,20.7536452728333,20.5580029368576,20.76,3,121.910282,1798580,0.945826738589409,1.9455
20,100000,90,1.72,1.735,121.977875,8.19820807666964,156.059551660831,141.972023372719,141.983411,0.576360874970221,21.1631613125,22.2275564090254,21.17,5,121.929448,1823540,0.957362812955202,1.97066666666667
20,100000,90,1.72,1.68333333333333,121.890518,8.20408360230285,122.86829870518,135.515659345545,135.528032,0.592580995006931,20.5182371966667,18.8025729836715,20.53,3,121.833876,1810550,0.944570592741546,1.86116666666667
20,100000,90,1.72,1.665,122.029431,8.19474443013669,141.211747014649,139.368682783784,139.381007,0.59975057023023,20.3179002615,20.5102551275638,20.33,3,121.979602,1812500,0.941780918058098,1.8675
20,100000,90,1.72,1.655,122.125258,8.18831432888355,145.963870901038,139.298658129909,139.310772,0.603242926457201,20.211730199,21.0367388022144,20.23,3,122.075206,1788060,0.935423647961385,1.93133333333333
20,100000,90,1.72,1.64166666666667,122.152458,8.18649101600559,147.725780157461,139.098140678173,139.1105,0.608402328624366,20.053361855,21.4104515474378,20.07,3,122.103128,1768730,0.929172360807496,1.83866666666667
30,100000,90,2.58,2.565,121.949353,8.20012550620092,147.132654269284,148.997534012346,149.005649,0.389858798356075,31.2800090445,31.731081519974,31.24,4,121.899916,1889720,1.1375135814331,2.53
30,100000,90,2.58,2.52833333333333,121.952717,8.19989931015641,145.435747959154,148.687841455504,148.69602,0.394976220379038,30.8337119481667,31.3014827018122,30.8,3,121.904121,1897400,1.13244005952697,2.299
30,100000,90,2.58,2.55166666666667,121.500138,8.23044332673927,139.973681365396,146.83463226388,146.842326,0.391845890980405,31.002785213,30.3950375448906,30.97,4,121.449841,1888830,1.13278680672352,2.47633333333333
30,100000,90,2.58,2.48833333333333,121.949152,8.20013902187692,136.155983811072,146.225816122572,146.23411,0.401798421689216,30.3450139893333,29.126213592233,30.31,3,121.896052,1881620,1.11982316856822,2.31866666666667
30,100000,90,2.58,2.59666666666667,121.324507,8.24235782800255,159.998813908407,152.934300193196,152.942161,0.384095630947368,31.5039303176667,32.948347770292,31.47,4,121.277702,1883860,1.13960023909439,2.42516666666667
30,100000,90,2.58,2.53833333333333,121.779411,8.2115687026931,162.134870612107,152.93691184176,152.944868,0.393932711919895,30.9116738255,31.8017722349852,30.88,3,121.727484,1893290,1.13258418687673,2.41883333333333
30,100000,90,2.58,2.54333333333333,122.315567,8.17557425049585,141.27865121173,149.098521471822,149.106666,0.393062344228703,31.1089258736667,30.1015394693744,31.08,3,122.264423,1886630,1.13396836537329,2.2725
40,100000,90,3.44,3.46333333333333,121.566336,8.22596150302663,166.76996695857,165.93890898027,165.947295,0.288642030306064,42.102474368,42.5066153476065,42.02,5,121.512822,1950900,1.33957391817963,3.18816666666667
40,100000,90,3.44,3.49333333333333,121.662122,8.21948510810949,174.158858002159,168.872786160305,168.87883,0.286236920536737,42.5006346186667,43.0956355831147,42.42,5,121.611448,1947590,1.34512020649575,2.93366666666667
40,100000,90,3.44,3.39333333333333,121.435622,8.23481597516748,150.71217471711,159.803393291257,159.811817,0.294612541218075,41.2071543986667,39.5040510680088,41.13,5,121.385738,1950010,1.32402800607021,2.9995
40,100000,90,3.44,3.33833333333333,121.864066,8.20586439320021,161.175755707592,163.036055107339,163.042158,0.299268696363455,40.6822873663333,39.680559021712,40.61,5,121.812534,1947220,1.314103179907,2.71666666666667
40,100000,90,3.44,3.49833333333333,121.47896,8.23187817873976,169.372661949844,168.394656241544,168.400576,0.285583500984278,42.4973895066667,43.1531316980233,42.41,5,121.434498,1944980,1.34393315940678,3.16966666666667
40,100000,90,3.44,3.33333333333333,121.647523,8.22047153397443,160.759810047488,163.606744338,163.612931,0.2998829251585,40.5491743333333,40.1399650087478,40.47,6,121.596368,1947360,1.31176736368133,2.977
40,100000,90,3.44,3.515,121.561265,8.22630465387145,164.803468155472,165.800413740161,165.80638,0.284277883473684,42.7287846475,43.0907798056411,42.65,5,121.511291,1956800,1.35265015967648,3.20916666666667
40,100000,90,3.44,3.42666666666667,121.711259,8.21616675578058,164.184738340329,165.839054643969,165.847073,0.291093670300097,41.7063914173333,41.6241186481887,41.63,4,121.658276,1945650,1.33090046943054,2.78533333333333
50,100000,90,4.3,4.145,121.142336,8.2547524921428,186.747973886319,184.3354945384,184.340473,0.241190245731403,50.213498272,50.6331658291457,50.09,6,121.08904,1981160,1.49130308984477,3.71066666666667
50,100000,90,4.3,4.42666666666667,121.492221,8.23097966082948,191.250603770248,192.732150739081,192.73669,0.225856708696913,53.780556496,52.4562394127612,53.64,6,121.442352,1982540,1.5535835098775,3.70683333333333
50,100000,90,4.3,4.23333333333333,121.67141,8.21885765933016,181.826071190029,185.664145158661,185.670903,0.236056008188189,51.5075635666667,50.403463885062,51.38,6,121.623998,1973740,1.51021726279021,3.342
50,100000,90,4.3,4.415,121.356753,8.24016773092141,198.75969674827,195.228984038883,195.234238,0.226468803745942,53.5790064495,54.5008492168334,53.44,7,121.307892,1980290,1.54901662408038,3.47233333333333
50,100000,90,4.3,4.38833333333333,121.472274,8.23233127256678,197.548155968437,194.283159123433,194.289338,0.227823283023547,53.306082907,53.2371368900703,53.17,5,121.419576,1985420,1.54681442218899,3.66866666666667
50,100000,90,4.3,4.345,121.915463,8.20240497302627,182.530917387769,185.948432875719,185.953199,0.230044294925969,52.9722686735,53.2310642377757,52.84,5,121.86799,1975900,1.53649796948848,3.5975
50,100000,90,4.3,4.33666666666667,121.498168,8.23057677709182,205.118208781983,196.942308300922,196.947195,0.230471556674481,52.6897055226667,53.3717579250721,52.55,7,121.445036,1988480,1.53749520402927,3.67716666666667
50,100000,90,4.3,4.37333333333333,120.97572,8.26612149942154,184.442797466649,187.330881121189,187.335496,0.228599674789253,52.90671488,52.5242903410173,52.78,5,120.92854,1970800,1.53301005725056,3.67
50,100000,90,4.3,4.20666666666667,121.534123,8.22814181989037,188.987855623448,185.443108084786,185.448217,0.237629330776545,51.1253544086667,53.5155476331947,51,5,121.481432,1982550,1.50774128384414,3.873
50,100000,90,4.3,4.36166666666667,121.326076,8.24225123707125,183.985468607835,186.247109447841,186.252265,0.229149961661062,52.9183901486667,53.1232091690544,52.78,5,121.272373,1988990,1.54174634929016,3.53683333333333
60,100000,90,5.16,5.22666666666667,121.274022,8.24578902809045,235.063537610166,230.813826047194,230.818338,0.191306935814732,63.385888832,64.1001115893512,63.09,9,121.223012,2015920,1.73674081369132,4.47033333333333
60,100000,90,5.16,5.18166666666667,121.506616,8.23000452913609,216.913782357276,219.681092510454,219.685801,0.192910237675458,62.9606781906667,61.9713780350539,62.77,7,121.45369,2016830,1.7316067378351,4.15766666666667
60,100000,90,5.16,5.21,121.624227,8.22204608955089,218.152484504175,221.716022142354,221.720387,0.19185783296801,63.366222267,62.7218934911243,63.17,8,121.574153,2011020,1.73535417325264,4.4485
60,100000,90,5.16,5.14166666666667,121.511867,8.22964887865644,224.808516438709,224.255512750081,224.259627,0.194367865218477,62.4773516158333,62.6316642359423,62.29,9,121.460816,2006810,1.71747965874973,4.14583333333333
60,100000,90,5.16,5.23666666666667,121.261333,8.2466518820142,235.10859872176,231.291871239656,231.295908,0.190927525199873,63.5005180476667,64.5186953062848,63.31,7,121.211047,2002080,1.73270205828921,4.18833333333333
60,100000,90,5.16,5.20333333333333,121.405383,8.23686705885191,209.510337289691,216.101582813901,216.105664,0.191840872250801,63.171267621,62.6741393114492,62.99,9,121.352544,2007910,1.73041153015798,3.60916666666667
60,100000,90,5.16,5.275,121.300929,8.24395994526967,229.218896560294,229.560657696051,229.565562,0.189427039151975,63.9862400475,64.3658189859422,63.8,9,121.24755,2011830,1.74691928898622,4.1115
60,100000,90,5.16,5.1,121.238952,8.24817423364069,223.531333788212,221.833301267974,221.837331,0.195967403558497,61.83186552,62.8982192452214,61.65,9,121.187257,2008260,1.70703827172831,3.9165
60,100000,90,5.16,5.18833333333333,121.256952,8.24694983261661,225.673394893723,225.588152874077,225.592188,0.192730123743334,62.912148596,63.6100851132166,62.73,7,121.206362,2008720,1.72629815248372,3.646
70,100000,90,6.02,5.91333333333333,121.31212,8.24319944289161,296.805150849741,288.889645352875,288.893149,0.169006630266911,71.7359002933333,73.1858531773989,71.5,10,121.262242,2030510,1.89464967895537,4.53733333333333
70,100000,90,6.02,6.11,121.102661,8.25745686958935,281.421808415782,286.525488723404,286.530088,0.163577294413803,73.993725871,73.3669712259648,73.75,15,121.052898,2033350,1.93655483365028,4.789
70,100000,90,6.02,5.89666666666667,121.268454,8.24616763070139,275.384722665874,274.074483034483,274.077914,0.169457007354438,71.507965042,71.6122650840752,71.27,11,121.217301,2024940,1.8869814949704,4.71083333333333
70,100000,90,6.02,5.91666666666667,121.454923,8.23350734000301,260.411646048662,264.054537048732,264.058011,0.168959686280563,71.8608294416667,71.5533023517814,71.63,9,121.403952,2033750,1.8990530060677,4.447
70,100000,90,6.02,6.16333333333333,121.292888,8.24450647098122,287.781293236197,290.66399374013,290.667396,0.162244034991347,74.7568499706667,75.0439367311072,74.51,11,121.24334,2036360,1.95211001652924,4.65833333333333
70,100000,90,6.02,6.035,121.3725,8.2390986426085,296.214920991625,293.950501062138,293.95399,0.165692785736537,73.24830375,72.4561645726909,73.01,11,121.322876,2028720,1.92033029854446,4.325
70,100000,90,6.02,5.90666666666667,121.022957,8.26289511336267,276.124870917235,276.566442417607,276.569966,0.169288936199774,71.4842266013333,70.1791507970094,71.25,11,120.971002,2026620,1.88770541894318,4.62333333333333
70,100000,90,6.02,6.01,121.093934,8.25805196815226,282.052210685412,282.911993958403,282.915507,0.166344963838602,72.777454334,72.3000138638569,72.54,12,121.042306,2037990,1.91803477730626,4.5525
80,100000,90,6.88,6.835,121.114358,8.25665937972441,447.228746847216,441.348224392343,441.352423,0.146283318614484,82.781663693,84.322808728514,82.49,16,121.064103,2052730,2.10657714370784,5.26666666666667
80,100000,90,6.88,6.78166666666667,121.071057,8.25961236961861,398.923943471613,398.895584052101,398.898612,0.147418918492013,82.1063551555,82.1476839906622,81.82,14,121.021375,2052230,2.09416249393303,5.03816666666667
80,100000,90,6.88,6.965,120.908614,8.27070931439178,399.636313263548,405.939042611869,405.942507,0.143552716003111,84.212849651,84.0411532479962,83.77,16,120.858928,2055260,2.1314948216203,5.33633333333333
80,100000,90,6.88,6.83666666666667,121.205502,8.25045054472857,401.231129060868,403.198974660653,403.202077,0.14614035148196,82.864161534,83.3394271785497,82.57,13,121.155953,2054490,2.10932019129587,5.15016666666667
80,100000,90,6.88,6.81833333333333,121.258043,8.24687563199416,407.657241003155,409.503519316304,409.50671,0.146646091433879,82.6777756521667,81.8159599169009,82.38,21,121.210059,2051350,2.10357862732037,5.10316666666667
80,100000,90,6.88,6.88166666666667,121.029014,8.26248158974508,387.92529728462,393.861731361589,393.864721,0.145304487444175,83.2881331343333,82.9519312265408,82.99,13,120.979427,2053270,2.1159699313062,5.0635
80,100000,90,6.88,6.83,121.1718,8.25274527571597,403.14002676764,405.161773020742,405.164868,0.146405507620547,82.7603394,82.6521898255459,82.46,20,121.121618,2051110,2.10483848279259,5.1615
80,100000,90,6.88,6.79,121.129321,8.25563944175003,471.592148516646,458.730615231959,458.733851,0.147163355320815,82.246808959,83.8262363480182,81.96,16,121.079108,2050400,2.09533256213083,5.36416666666667
90,100000,90,7.74,7.72166666666667,120.983628,8.26558119086989,718.185869007207,735.220519732787,735.223636,0.12947831747248,93.419524754,93.1153555627495,92.91,33,120.934517,2069690,2.30804731724589,5.49766666666667
90,100000,90,7.74,7.80333333333333,120.761889,8.28075817860054,714.303145054853,738.828696155276,738.831303,0.128146048489107,94.234527383,93.4436732514682,93.56,22,120.712138,2072480,2.32216819602426,5.7015
90,100000,90,7.74,7.855,120.761177,8.28080700140907,1301.20446457914,1299.093079993,1299.095677,0.127278570882453,94.8579045335,95.0143205685796,94.33,44,120.713112,2072690,2.33632412619246,5.82916666666667
90,100000,90,7.74,7.785,120.739811,8.28227236499484,938.100787575434,946.191035663241,946.194001,0.128427686984158,93.9959428635,93.5566734453602,93.48,31,120.690289,2073050,2.32119284315279,5.485
90,100000,90,7.74,7.62666666666667,120.926837,8.26946296461885,761.114090760109,768.492560298514,768.49528,0.131079598816215,92.2268676853333,91.368950071015,91.58,21,120.877959,2069280,2.28359863621883,5.59183333333333
90,100000,90,7.74,7.74166666666667,120.936354,8.26881220513726,819.015450557556,831.743661982131,831.746317,0.129094763680301,93.624894055,93.3484016790442,93.11,30,120.887704,2075000,2.31609941790902,5.3475
90,100000,90,7.74,7.84666666666667,120.952924,8.26767941550549,910.381981501125,929.775361746177,929.778207,0.12743525531181,94.9077276986667,94.2444515238399,94.39,27,120.905609,2074060,2.33857081134006,5.4115
90,100000,90,7.74,7.76833333333333,121.110095,8.25695000899801,1079.7500088771,1081.58830253336,1081.591264,0.12870492782021,94.0823587991667,93.049447602703,93.26,39,121.061525,2072090,2.31639637422365,5.49183333333333
100,100000,90,8.1,8.065,121.029785,8.262428955,1619.717674,1643.075762,1643.078465,0.123991027,97.6105216,97.64438475,97.2,40,120.97928,2079360,2.39423037871866,5.7558333333333
100,100000,90,8.1,8.111666667,120.99304,8.264938215,1522.609265,1558.4793,1558.481697,0.123273226,98.14552095,98.15100154,97.57,44,120.943468,2078460,2.40018432593863,6.0198333333333
100,100000,90,8.1,8.14,120.918175,8.270055349,3138.14219,3149.396212,3149.3997,0.122833534,98.42739445,97.95270754,97.53,76,120.868114,2078750,2.39970902632492,5.51
100,100000,90,8.1,8.08,120.851886,8.274591594,2465.700834,2472.358192,2472.361666,0.123743337,97.64832389,97.40125812,97.08,72,120.802217,2077380,2.39032536446926,5.9603333333333
100,100000,90,8.1,7.986666667,121.000694,8.264415409,1150.091049,1175.078089,1175.081604,0.125192644,96.63922094,96.27543036,96.08,28,120.949531,2076220,2.37113126364217,6.027
100,100000,90,8.1,8.045,120.843768,8.275147461,2313.127961,2311.910362,2311.912898,0.124279641,97.21881136,97.20352149,96.65,56,120.792801,2076620,2.38184358671445,5.8575
100,100000,90,8.1,8.013333333,121.009014,8.263847187,1318.393818,1343.500618,1343.503155,0.124762364,96.96855655,96.52698347,96.57,31,120.958409,2073590,2.3777708561845,5.7418333333333
100,100000,90,8.1,8.031666667,120.980539,8.265792236,2889.614955,2871.162665,2871.165139,0.124443226,97.16753624,97.19887955,96.61,65,120.930721,2078240,2.38251599779052,5.9545
100,100000,90,8.1,8.18,120.797807,8.278295979,2044.492451,2080.325931,2080.329399,0.122229015,98.81260613,98.4720383,98.23,51,120.748164,2080700,2.41416821286012,5.8973333333333
10,100000,95,0.86,0.873333333333333,122.373111,8.17172981734525,126.620045263028,130.172157820611,130.197532,1.14413563245229,10.687251694,11.0581506196378,10.73,1,122.321132,1641910,0.770268336654339,1.48333333333333
10,100000,95,0.86,0.831666666666667,121.472786,8.2322965738186,146.840227000548,129.772726238477,129.798557,1.19952503120842,10.1024867023333,11.4114114114114,10.16,2,121.421104,1568350,0.75420337453835,1.49183333333333
10,100000,95,0.86,0.838333333333333,121.794158,8.21057443494129,139.777028000813,130.107734984095,130.138778,1.19239590385885,10.2104102456667,11.3207547169811,10.26,2,121.746512,1589120,0.757816650495642,1.45433333333333
10,100000,95,0.86,0.861666666666667,121.656036,8.21989629844589,121.099991590278,129.65719634236,129.680784,1.15730397790522,10.482695102,9.66183574879227,10.53,2,121.602183,1586620,0.761299593645447,1.45516666666667
10,100000,95,0.86,0.9,121.859558,8.20616795606628,108.952615890636,128.659353103704,128.68187,1.1101433427037,10.96736022,9.80573543015726,11.02,1,121.811481,1618940,0.771809658028339,1.48283333333333
10,100000,95,0.86,0.876666666666667,122.221965,8.18183540086269,121.326357067802,130.239919378327,130.26426,1.13811182193726,10.714792265,9.87654320987654,10.77,2,122.165145,1576860,0.763539202171333,1.45666666666667
20,100000,95,1.72,1.745,121.764315,8.21258675006713,130.204949702867,137.410495787011,137.42234,0.572328205493792,21.2478729675,20.3341288782816,21.26,3,121.709994,1813700,0.956791316955717,2.15966666666667
20,100000,95,1.72,1.72333333333333,121.672051,8.21881436025107,138.54701390051,137.744083599613,137.751637,0.579799070970987,20.9681501223333,21.1696471725471,20.98,3,121.622404,1797070,0.948988195510517,2.011
20,100000,95,1.72,1.69,121.7578,8.2130261880553,138.815576507505,138.250198708087,138.264532,0.591104333262328,20.5770682,20.5027106949236,20.59,3,121.70382,1821600,0.947713484522122,2.09483333333333
20,100000,95,1.72,1.715,122.003575,8.19648112770466,141.029144607264,138.53963120311,138.552602,0.578573177052478,20.9236131125,21.369596891695,20.93,3,121.94958,1822900,0.953400357759934,2.18133333333333
20,100000,95,1.72,1.735,121.780571,8.21149048479991,140.010874362376,137.736016237272,137.74773,0.575935165582133,21.1289290685,21.7954872779645,21.14,3,121.72751,1801000,0.952305138293054,2.00116666666667
20,100000,95,1.72,1.74833333333333,122.227756,8.18144775561453,134.069017385827,138.620230590086,138.63229,0.571972198370829,21.3694860073333,21.1052882324917,21.38,3,122.174865,1818340,0.959650050920179,1.9425
20,100000,95,1.72,1.72833333333333,121.997385,8.19689700725962,141.092818719429,138.547718027001,138.562264,0.57700170151109,21.0852147075,21.4939759036145,21.1,3,121.939942,1817680,0.955056402534057,1.86216666666667
20,100000,95,1.72,1.71666666666667,122.139783,8.18734056535863,133.406820141038,138.766523929126,138.778553,0.580635018793204,20.967329415,19.7962154294032,20.98,4,122.085762,1796800,0.948933729776926,1.90583333333333
30,100000,95,2.58,2.51166666666667,121.862408,8.20597603815608,160.577338919206,151.931327639018,151.939398,0.398135618431321,30.6077748093333,32.5373134328358,30.58,3,121.808951,1875850,1.12262420428617,2.66066666666667
30,100000,95,2.58,2.52333333333333,122.046556,8.19359458205441,143.39587422856,147.850354972259,147.858901,0.396010790601717,30.7964142973333,30.4390888081875,30.76,3,121.997533,1895850,1.13132978130356,2.68
30,100000,95,2.58,2.46166666666667,121.926882,8.20163678096845,150.943914987507,148.946343198375,148.954553,0.406212774172647,30.014334119,30.5583756345178,29.99,4,121.877155,1878800,1.11375742781922,2.4415
30,100000,95,2.58,2.57166666666667,121.710962,8.21618680493216,130.499380568819,145.868287882696,145.876329,0.388594990576798,31.3000023943333,28.377065111759,31.27,4,121.662881,1896130,1.13988100652175,2.67016666666667
30,100000,95,2.58,2.46333333333333,121.835185,8.20780959129335,131.519757937748,145.158861700947,145.16737,0.40586214005751,30.0120672383333,27.5955360162327,29.98,4,121.783958,1871160,1.11144936460191,2.39583333333333
30,100000,95,2.58,2.495,121.927871,8.20157025459749,156.975051940275,151.263373499666,151.271503,0.400703020505678,30.4210038145,31.7529215358932,30.39,4,121.881815,1901800,1.12687594762668,2.5905
30,100000,95,2.58,2.52166666666667,121.346134,8.24088882798689,147.515716122642,148.725660583609,148.733805,0.395922364846001,30.5994501236667,30.2609844730757,30.56,3,121.296227,1903390,1.13016214648378,2.4285
30,100000,95,2.58,2.54166666666667,121.42633,8.23544613429394,149.201283105244,148.444617825574,148.455412,0.393417922605902,30.8625255416667,32.4156014421501,30.83,3,121.379347,1900890,1.13394381709291,2.4075
30,100000,95,2.58,2.60666666666667,122.065463,8.19232545736545,149.087939815553,150.764718453964,150.772455,0.383546431944373,31.8183973553333,32.1508469159476,31.78,3,122.01227,1902710,1.15030160317474,2.43133333333333
40,100000,95,3.44,3.44333333333333,121.766635,8.21243027698023,163.231787967787,166.028452820426,166.034511,0.290359001914811,41.9283113183333,40.6242438906364,41.85,6,121.713672,1937750,1.33161210400043,3.15883333333333
40,100000,95,3.44,3.47,121.648344,8.22041605432787,170.212177089856,167.835885802113,167.83922,0.288080465709414,42.211975368,42.8571428571429,42.13,4,121.599079,1946810,1.33987092737995,3.12716666666667
40,100000,95,3.44,3.39333333333333,121.263108,8.24653117088175,153.533958113158,160.408718064833,160.415057,0.294359551052063,41.148614648,40.8298551436288,41.07,4,121.209973,1947190,1.32193800020487,2.93333333333333
40,100000,95,3.44,3.455,121.680254,8.2182602939011,175.392250845118,169.680736848046,169.687338,0.289375233146647,42.040527757,42.7537979262117,41.95,6,121.631134,1943730,1.33561426688211,3.18683333333333
40,100000,95,3.44,3.415,121.274636,8.24574728057728,159.378943619788,161.875751292826,161.882105,0.292734746311371,41.415288194,42.1810197609173,41.33,4,121.223054,1939220,1.32334425166896,3.026
40,100000,95,3.44,3.39333333333333,121.622959,8.2221318098337,162.361075403358,164.464243819745,164.470321,0.294554728626719,41.2707240873333,40.8053032163025,41.19,5,121.572945,1946800,1.32383707584076,3.1125
50,100000,95,4.3,4.465,121.371804,8.23914588927095,201.856115038761,198.924510642404,198.929001,0.223956544118701,54.192510486,53.3681657025565,54.05,7,121.314901,1989000,1.56387814199585,3.73283333333333
50,100000,95,4.3,4.23666666666667,121.413426,8.23632140979203,181.586514694722,184.091522128639,184.098521,0.235966855503934,51.438821482,51.0914454277286,51.31,6,121.36432,1979080,1.51150295573769,3.64083333333333
50,100000,95,4.3,4.23666666666667,121.620806,8.22227736264139,197.786334129399,191.492226470889,191.497123,0.23600802602203,51.5266814753333,52.9596853490659,51.4,7,121.567407,1977130,1.51215021576162,3.4135
50,100000,95,4.3,4.23666666666667,121.449119,8.23390081569879,186.646057154263,186.738681515342,186.743642,0.236031033305271,51.4539434163333,50.5998033431662,51.33,7,121.39606,1968220,1.50677177154262,3.664
50,100000,95,4.3,4.31166666666667,121.465188,8.23281152785932,184.826025332908,188.849641670661,188.854511,0.231722203204484,52.371740226,49.7777777777778,52.24,7,121.413958,1977980,1.52710226735038,3.42033333333333
50,100000,95,4.3,4.21833333333333,121.334025,8.24171125947565,196.465662638897,189.410699428684,189.415476,0.23703342135322,51.1827362125,53.466324313648,51.06,7,121.282701,1982060,1.5085553088989,3.58966666666667
50,100000,95,4.3,4.38833333333333,121.57108,8.22564050594928,203.38893587552,196.610920412457,196.61584,0.227818025230156,53.3494422733333,54.31934687678,53.21,7,121.517417,1979300,1.54454771593394,3.36183333333333
50,100000,95,4.3,4.345,121.723982,8.21530797439736,198.418521415718,194.393360336018,194.398121,0.23008801653318,52.889070179,54.6116970278044,52.75,6,121.672863,1973990,1.53402340988999,3.657
50,100000,95,4.3,4.33833333333333,121.516588,8.22932915134187,192.521356154844,191.692584051863,191.697547,0.230370125636189,52.7179464273333,53.4088726714039,52.58,7,121.469426,1975660,1.53188302299,3.29166666666667
60,100000,95,5.16,5.32666666666667,121.45394,8.23357397874453,213.635181001122,220.477661069149,220.479937,0.187702426120776,64.6944653733333,63.5851712810887,64.5,7,121.401057,2007770,1.75688850878389,4.2655
60,100000,95,5.16,5.02,121.2133,8.24991976953024,205.518176257625,210.860255666003,210.864879,0.199194504271248,60.8490766,58.1078838174274,60.67,7,121.162808,2002740,1.68676591606716,4.04266666666667
60,100000,95,5.16,5.30166666666667,121.321262,8.24257828772009,212.24559245793,218.785115182333,218.788999,0.188566072524992,64.3204890703333,63.2720414898633,64.13,9,121.269029,2009690,1.7514942549082,3.95083333333333
60,100000,95,5.16,5.12833333333333,121.310256,8.24332610426607,231.459688731177,226.861263509262,226.865543,0.19488010320767,62.211942952,63.3306255077173,62.02,9,121.259886,2007390,1.7130588800592,3.97633333333333
60,100000,95,5.16,5.07,121.310116,8.24333561761659,213.153889912628,214.809801992439,214.813809,0.197237628860618,61.504228812,61.8077239112572,61.32,8,121.260637,2007410,1.70076124089132,4.2295
60,100000,95,5.16,5.155,121.498514,8.23055333829021,228.381621174024,226.397225131911,226.401189,0.193965295101843,62.632483967,62.3888799094876,62.45,7,121.446395,2002720,1.71798148295723,4.11
60,100000,95,5.16,5.10666666666667,121.300814,8.24396776100777,225.31244049285,222.205130877937,222.20937,0.195754284040796,61.9442823493333,62.5224343286017,61.77,11,121.252629,2003510,1.70649386996308,4.04216666666667
70,100000,95,6.02,5.91,121.188804,8.25158733310051,263.480379001437,266.251328434856,266.255338,0.169181501526509,71.622583164,71.5212181023544,71.39,13,121.139313,2035860,1.89613480405687,4.656
70,100000,95,6.02,6.09833333333333,121.259962,8.24674512103179,291.080495564245,292.500967653731,292.505599,0.163977154177371,73.9483668263333,72.4415903811996,73.7,13,121.207033,2033750,1.93592968015493,4.61
70,100000,95,6.02,5.80833333333333,121.391343,8.23781972656815,259.373378581938,261.25567317934,261.259236,0.171935512820373,70.5081383925,69.9756132549132,70.29,9,121.337779,2026330,1.87047938941956,4.33183333333333
70,100000,95,6.02,5.87666666666667,121.233912,8.24851713108128,260.590767303615,264.412356212989,264.416602,0.170141086355644,71.245128952,72.0402665532398,71.02,11,121.184575,2023100,1.88136938239461,4.6885
70,100000,95,6.02,6.07,121.351185,8.24054581749655,307.214277718541,301.781257353652,301.784695,0.164682758971444,73.660169295,74.6053534660261,73.42,11,121.301677,2025650,1.9255868000413,4.837
70,100000,95,6.02,5.97,120.977086,8.26602816338294,302.115368655326,294.696522922111,294.699988,0.167459011993021,72.223320342,73.119330076762,71.99,16,120.925331,2026290,1.90062814514953,4.7085
70,100000,95,6.02,5.97166666666667,120.997559,8.26462953686529,258.511105474938,264.457211856824,264.460854,0.167432722681552,72.2557089828333,71.9966513185433,72.02,12,120.947042,2027150,1.90171860974835,4.55783333333333
70,100000,95,6.02,6.03833333333333,121.226131,8.24904656901077,279.617355060377,281.567300677891,281.571284,0.165604454484129,73.2003787688333,74.3066096315717,72.84,9,121.176757,2028690,1.91728958982287,4.52783333333333
80,100000,95,6.88,6.90333333333333,121.101841,8.25751278215498,406.807576653426,411.904307761951,411.907322,0.144838238778851,83.6006375703333,83.0295715147858,83.16,16,121.052725,2053090,2.11889316692475,4.83683333333333
80,100000,95,6.88,6.825,121.197915,8.25096702364888,411.440592126711,410.445654720879,410.448623,0.146414430621245,82.7175769875,83.1034061775119,82.42,16,121.147426,2051720,2.10457115506856,5.114
80,100000,95,6.88,6.92666666666667,121.025757,8.26270394656569,435.731133918638,435.581199377286,435.584379,0.144332998537055,83.830507682,84.5422831709371,83.53,14,120.975985,2052640,2.12520999480146,5.30966666666667
80,100000,95,6.88,6.915,120.942449,8.26839549114803,427.688323180005,428.438779990841,428.441888,0.144547910789106,83.6317034835,83.6004337872033,83.33,19,120.892509,2051520,2.12077630568874,5.06133333333333
80,100000,95,6.88,6.86833333333333,121.169768,8.25288367309575,462.539774396388,454.964782656879,454.967953,0.145544286646688,83.2234356546667,83.3919689433459,82.93,23,121.11978,2051680,2.11370721621261,5.236
80,100000,95,6.88,6.93666666666667,121.129707,8.25561313377898,411.7389855016,415.775633468044,415.780281,0.144159517985344,84.023640089,83.3273273273273,83.59,13,121.07896,2055360,2.12832925521735,5.31883333333333
80,100000,95,6.88,6.89833333333333,121.021382,8.26300264857329,367.457917917647,376.713283940565,376.716306,0.144921032390674,83.4845833496667,82.9085638362121,83.05,14,120.969651,2051340,2.11561039441878,4.8825
90,100000,95,7.74,7.80166666666667,120.992521,8.26497366725667,1135.58386137803,1136.46038578552,1136.463154,0.128162534343089,94.3943318001667,94.4035031506996,93.56,34,120.943117,2073340,2.32288844263695,5.47783333333333
90,100000,95,7.74,7.75666666666667,121.01256,8.26360503405597,947.403714414194,953.508928644607,953.511578,0.128845000141599,93.86540904,93.2108711999141,93.05,31,120.964348,2068260,2.3093942355826,5.5085
90,100000,95,7.74,7.55333333333333,121.001107,8.26438720101957,751.734676838699,752.743788853486,752.746492,0.132378040880627,91.3961694873333,91.1086596800883,91.06,36,120.952213,2068940,2.2738957889413,5.30883333333333
90,100000,95,7.74,7.86,120.859248,8.27408755679168,1035.42622416189,1046.00580322562,1046.008463,0.12718455912553,94.995368928,94.6252517756811,94.63,28,120.811832,2074240,2.34308354793238,5.94533333333333
90,100000,95,7.74,7.78,121.100651,8.25759392490797,1041.91990678653,1045.80847603835,1045.811221,0.128529542697087,94.216306478,94.2165577808718,93.7,37,121.052816,2073280,2.32538074477829,5.9305
90,100000,95,7.74,7.73166666666667,120.746479,8.28181499188892,1121.11243971203,1110.28912300819,1110.291808,0.129333241746713,93.3571526801667,93.8355426231275,92.84,39,120.698171,2072070,2.30875647276913,5.41066666666667
90,100000,95,7.74,7.705,121.072753,8.25949666809014,1183.55378705702,1168.10278623318,1168.105575,0.129746187980316,93.2865561865,93.7060668324862,92.94,36,121.023005,2073130,2.31145351038386,5.36533333333333
90,100000,95,7.74,7.795,120.874359,8.27305317912792,1525.26887378985,1501.84790327774,1501.850521,0.128285890988668,94.2215628405,94.4200962052378,93.86,54,120.825442,2073680,2.32862256795945,5.87716666666667
90,100000,95,7.74,7.625,120.922772,8.26974095499564,720.602066243768,728.93329083235,728.936738,0.131134358712568,92.20361365,92.1975740356245,91.86,22,120.873403,2069080,2.28850940833554,5.53233333333333
90,100000,95,7.74,7.615,121.138421,8.25501927253947,831.830738179012,834.11268633005,834.115909,0.13125404512169,92.2469075915,92.5484188642083,91.9,28,121.088905,2068580,2.28882290255565,5.60316666666667
100,100000,95,8.1,7.995,120.953066,8.267669709,2205.977485,2197.729095,2197.731634,0.12502623,96.70197627,96.58155289,95.98,53,120.902756,2074690,2.36799877758306,5.4568333333333
100,100000,95,8.1,8.096666667,120.947147,8.268074318,1619.771184,1646.882984,1646.885559,0.123494202,97.92687335,97.72563548,97.03,51,120.89654,2076710,2.3888340269669,5.4876666666666
100,100000,95,8.1,8.241666667,120.787141,8.279026987,2613.25291,2664.409863,2664.413309,0.12131912,99.54873537,99.06986149,98.64,54,120.737975,2081600,2.4224347014585,6.1053333333333
100,100000,95,8.1,8.186666667,120.819483,8.276810786,2726.085984,2757.697881,2757.700351,0.122084684,98.91088342,98.67684478,98.5,46,120.769722,2081690,2.41996121554149,6.0621666666666
100,100000,95,8.1,7.958333333,120.902955,8.271096434,1176.897131,1193.971723,1193.974235,0.125654168,96.21860169,96.0004188,95.35,42,120.852245,2073670,2.35567927362181,5.8738333333333
100,100000,95,8.1,8.085,121.001943,8.264330103,2157.19166,2172.581473,2172.583995,0.123684586,97.83007092,97.81510873,97.26,69,120.952471,2076520,2.39285270472237,6.04
100,100000,95,8.1,8.083333333,120.967081,8.266711834,2268.032735,2280.446953,2280.450528,0.123659299,97.78172381,97.85589115,97.22,67,120.916737,2079050,2.3943251031746,5.6026666666666
100,100000,95,8.1,8.008333333,120.948797,8.267961524,1998.607432,1999.432385,1999.434999,0.124865104,96.85982826,96.23348247,95.52,50,120.897826,2075080,2.35997231629113,5.7731666666666
100,100000,95,8.1,7.893333333,121.050734,8.260999062,1036.409311,1053.708633,1053.71132,0.126672347,95.54937937,95.08075583,95,43,120.999524,2074610,2.35012080145519,5.6586666666666
